==================================================================================
It's Fri 24 Oct 2025 11:00:02 AM BST.
*** Starting onetep_launcher (node nid005557, PIDs 155433 155434 155435 155436 155437 155438)...
    - ONETEP arguments: Fe2_tert-butoxide_6_HighSpin.dat
    - Current directory: /mnt/lustre/a2fs-work3/work/e89/e89/phsmea/onetep_ali_PBE/Fe2_OtBu_6/HS/nsp
    - Launcher executable directory: /mnt/lustre/a2fs-work3/work/e89/e89/phsmea/onetep_ali
    - (-e) ONETEP executable specified through command-line: /work/e89/e89/phsmea/onetep.archer2_2024_cray_2
      ... trying /work/e89/e89/phsmea/onetep.archer2_2024_cray_2
          -> looks OK
*** Setting up environment...
    - (-s) Process stack size: unlimited
    - (-t) OMP_NUM_THREADS: 8
    - (-o) OMP_STACKSIZE: 64M
    - (-c) Maximum core file size: 2048000
    - (-d) decfort_dump_flag: n
    - (-m) I_MPI_OFA_TRANSLATION_CACHE: 0
    - (-m) I_MPI_DAPL_TRANSLATION_CACHE: 0
    - (-m) I_MPI_DAPL_UD_TRANSLATION_CACHE: 0
*** Starting ONETEP...
    - /work/e89/e89/phsmea/onetep.archer2_2024_cray_2 Fe2_tert-butoxide_6_HighSpin.dat
=================================================================================
_________________________________________________________________________________
 +---------------------------------------------------------------+
 |                                                               |
 |        ####### #     # ####### ####### ####### ######         |
 |        #     # ##    # #          #    #       #     #        |
 |        #     # # #   # #          #    #       #     #        |
 |        #     # #  #  # #####      #    #####   ######         |
 |        #     # #   # # #          #    #       #              |
 |        #     # #    ## #          #    #       #              |
 |        ####### #     # #######    #    ####### #              |
 |                                                               |
 |        Linear-Scaling Ab Initio Total Energy Program          |
 |                                                               |
 |          Release for academic collaborators of ODG            |
 |                                             Version 7.3.0     |
 | Remote: git@github.com:Miesaz/onetep_mea.git                  |
 | Local branch: master                                          |
 | Commit ID: 4af45e89288c8df5499704252eec3e032ee3d0c8           |
 | Date: Tue Aug 6 11:28:44 2024 +0100                           |
 | Locally modified files:                                       |
 |   src/hubbard_build_mod.F90                                   |
 |   src/services_mod.F90                                        |
 |                                                               |
 +---------------------------------------------------------------+
 |                                                               |
 |  Authors:                                                     |
 |  Jacek Dziedzic, Peter D. Haynes, Nicholas D. M. Hine,        |
 |  Arash A. Mostofi, Mike C. Payne and Chris-Kriton Skylaris    |
 |                                                               |
 |  Contributors:                                                |
 |  J. Aarons, L. Andrinopoulos, P. W. Avraam, R. A. Bell,       |
 |  A. Bhandari, G. A. Bramley, R. J. Charlton, S. J. Clark,     |
 |  R. J. Clements, G. C. Constantinescu, F. Corsetti,           |
 |  N. Corsini, O. Dieguez, S. M. M. Dubois, K. K. B. Duff,      |
 |  J. M. Escartin, M. Escobar Azor, A. Greco,                   |
 |  H. Helal, Q. O. Hill, L. P. Lee, J.-H. Li,                   |
 |  T. Li, E. B. Linscott, G. Moynihan, D. D. O`Regan,           |
 |  O. K. Okan, E. Parkinson, M. J. S. Phipps,                   |
 |  C. J. Pickard, J. C. A. Prentice, M. I. J. Probert,          |
 |  L. E. Ratcliff, M. Robinson, A. Ruiz Serrano,                |
 |  M. dos Santos Dias, J. S. Spencer, E. W. Tait,               |
 |  G. Teobaldi, D. Turban, V. Vitale, K. A. Wilkinson,          |
 |  C. Weber, J. C. Womack, Chengcheng Xiao, N. Yeung,           |
 |  and T. J. Zuehlsdorff.                                       |
 |                                                               |
 |                                   Copyright (c) 2004-2025     |
 |                                                               |
 |  Please cite:                                                 |
 |  "The ONETEP linear-scaling density functional theory program"|
 |   J. Chem. Phys. 152(17) 174111 (2020)                        |
 |                                                               |
 |          in all publications arising from your use of ONETEP. |
 |                                                               |
 +---------------------------------------------------------------+
 |                                                               |
 |   ONETEP is based on developments described in the following  |
 |   publications:                                               |
 |                                                               |
 |  "Nonorthogonal generalized Wannier function pseudopotential  |
 |   plane-wave method".                                         |
 |   C.-K. Skylaris, A. A. Mostofi, P. D. Haynes, O. Dieguez,    |
 |   M. C. Payne.                                                |
 |   Phys. Rev. B 66 035119 (2002).                              |
 |                                                               |
 |  "Preconditioned iterative minimization for linear-scaling    |
 |   electronic structure calculations".                         |
 |   A. A. Mostofi, P. D. Haynes, C.-K. Skylaris, M. C. Payne.   |
 |   J. Chem. Phys. 119(17), pp.8842-8848 (2003).                |
 |                                                               |
 |  "Total-energy calculations on a real space grid with         |
 |   localized functions and a plane-wave basis".                |
 |   A. A. Mostofi, C.-K. Skylaris, P. D. Haynes, M. C. Payne.   |
 |   Comput. Phys. Commun. 147, pp.788-802 (2002).               |
 |                                                               |
 |  "Accurate kinetic energy evaluation in electronic structure  |
 |   calculations with localized functions on real space grids"  |
 |   C.-K. Skylaris, A. A. Mostofi, P. D. Haynes, C. J. Pickard, |
 |   M. C. Payne.                                                |
 |   Comput. Phys. Commun. 140, pp.315-322 (2001).               |
 |                                                               |
 |  "Accurate ionic forces and geometry optimization in linear-  |
 |   scaling density-functional theory with local orbitals"      |
 |   N. D. M. Hine, M. Robinson, P. D. Haynes, C.-K. Skylaris,   |
 |   M. C. Payne, and A. A. Mostofi.                             |
 |   Phys. Rev. B 83 195102 (2011).                              |
 |                                                               |
 +---------------------------------------------------------------+

Job started: 24-10-2025 11:00 (+0100)
 
Reading parameters from file "Fe2_tert-butoxide_6_HighSpin.dat" ...... done

If your calculation crashes here, before "Checking processes and threads..."
is displayed, then your stack size is insufficient.
If so, use "ulimit -s unlimited" at runtime.
You can disable this check with "check_stack_size F".

Checking processes and threads...
   Determining the default number of threads...
      No default threads set at compilation time: defaulting to 1.
      OpenMP library call suggests 8 threads.
      Hybrid MPI-OpenMP compilation detected.
      Number of MPI processes > 1.
      OMP_NUM_THREADS environment variable present and
      its value matches the one obtained from the OpenMP library call.
      Using this value as default.
      Default threads: 8
      Default applies to threads_max and threads_num_fftboxes.
      Settings in the input file override this default.
   ... done

   Running with 6 MPI processes.
   There are 6 MPI processes running on the same node as the root process.
   Each MPI process is using: 
               1 threads for simulation cell FFTs.
               1 threads for threaded FFT box operations.
               8 threads for loops over batched FFT box operations.
               8 threads in other parallel regions.
   MPI Interface: S1 (use mpi_f08) (-DMPI -DUSE_MPI_F08).
   MPI_ASYNC_PROTECTS_NONBLOCKING: Yes. MPI_SUBARRAYS_SUPPORTED: Yes.
   FFTW Interface: OMP-capable and MODERN. (-DUSE_MODERN_FFTW specified).
   GPU Interface: None.
   GPU FFT Backend: None.
... done

Basic input checks...... done

Reading geometry and species blocks from file "Fe2_tert-butoxide_6_HighSpin.dat" ...   
  Number of PPD points along a3 set to 1.  This is 
  the default value, it may have been provided also in the input file.
... done


--------------------------------------------------------------------------------
---------------------------------- INPUT FILE ----------------------------------
--------------------------------------------------------------------------------

charge : 0                                                                      
cutoff_energy : 800 eV                                                          
do_properties : T                                                               
edft : F                                                                        
fine_grid_scale : 4                                                             
forces_output_detail : VERBOSE                                                  
output_detail : VERBOSE                                                         
paw : T                                                                         
pseudo_path : ../../..                                                          
spin : 10                                                                       
task : SINGLEPOINT                                                              
write_denskern : T                                                              
write_forces : T                                                                
write_tightbox_ngwfs : T                                                        
xc_functional : pbe                                                             
%BLOCK LATTICE_CART                                                             
ang                                                                             
30.10785296       0.00000000       0.00000000                                   
0.00000000      30.41344770       0.00000000                                    
0.00000000       0.00000000      29.20380479                                    
%ENDBLOCK LATTICE_CART                                                          
%BLOCK POSITIONS_ABS                                                            
ang                                                                             
Fe    14.939129    16.424752    13.816581                                       
O    14.982030    14.440405    13.634902                                        
O    16.215503    17.253428    12.843121                                        
O    13.298986    17.139652    13.652316                                        
C    14.240203    13.594095    12.747200                                        
C    16.294117    18.287722    11.891337                                        
C    12.093981    17.515481    14.270949                                        
C    14.953418    12.251789    12.671628                                        
H    15.972693    12.378147    12.301481                                        
H    14.424548    11.574237    11.997699                                        
H    14.993362    11.778338    13.656584                                        
C    12.827335    13.416477    13.283612                                        
H    12.854553    13.015186    14.298673                                        
H    12.258615    12.733448    12.647913                                        
H    12.310309    14.377076    13.302680                                        
C    14.216233    14.258505    11.379186                                        
H    13.700158    15.221231    11.428664                                        
H    13.686496    13.632350    10.657619                                        
H    15.232626    14.424021    11.015954                                        
C    17.721503    18.301397    11.354316                                        
H    18.429303    18.483625    12.165836                                        
H    17.851620    19.080807    10.599168                                        
H    17.960984    17.336168    10.903047                                        
C    15.969076    19.617745    12.565311                                        
H    14.955537    19.593698    12.972861                                        
H    16.035564    20.446172    11.855402                                        
H    16.670082    19.809390    13.381219                                        
C    15.307677    18.022401    10.757868                                        
H    15.530987    17.066921    10.277768                                        
H    15.362789    18.807989    10.000000                                        
H    14.286836    17.988344    11.146193                                        
C    11.877207    16.694706    15.537880                                        
H    11.833302    15.629166    15.304488                                        
H    10.944021    16.977738    16.031167                                        
H    12.698618    16.850716    16.240531                                        
C    10.960624    17.269535    13.278861                                        
H    11.134684    17.836592    12.362003                                        
H    10.000000    17.576298    13.699946                                        
H    10.899007    16.210423    13.020564                                        
C    12.166779    19.002066    14.608709                                        
H    12.988473    19.197028    15.300921                                        
H    11.238160    19.343085    15.073314                                        
H    12.333326    19.587385    13.701728                                        
Fe    15.683899    14.021476    15.428130                                       
O    15.641030    16.005824    15.609797                                        
O    14.407517    13.192794    16.401573                                        
O    17.324042    13.306584    15.592436                                        
C    16.382951    16.852114    16.497429                                        
C    14.328893    12.158459    17.353312                                        
C    18.529187    12.931059    14.973897                                        
C    15.669781    18.194440    16.573052                                        
H    14.650530    18.068112    16.943277                                        
H    16.198721    18.871980    17.246937                                        
H    15.629774    18.667888    15.588097                                        
C    17.795771    17.029673    15.960868                                        
H    17.768460    17.430975    14.945813                                        
H    18.364586    17.712672    16.596512                                        
H    18.312753    16.069051    15.941733                                        
C    16.407030    16.187710    17.865443                                        
H    16.923079    15.224972    17.815921                                        
H    16.936847    16.813855    18.586959                                        
H    15.390667    16.022217    18.228769                                        
C    12.901513    12.144792    17.890347                                        
H    12.193700    11.962614    17.078828                                        
H    12.771388    11.365352    18.645463                                        
H    12.662059    13.110007    18.341662                                        
C    14.653894    10.828455    16.679279                                        
H    15.667427    10.852492    16.271717                                        
H    14.587391    10.000000    17.389154                                        
H    13.952871    10.636862    15.863373                                        
C    15.315350    12.423712    18.486782                                        
H    15.092067    13.379181    18.966917                                        
H    15.260223    11.638098    19.244622                                        
H    16.336189    12.457754    18.098451                                        
C    18.746332    13.752605    13.707532                                        
H    18.790207    14.818002    13.941596                                        
H    19.679640    13.469848    13.214319                                        
H    17.925104    13.597055    13.004568                                        
C    19.662297    13.176353    15.966428                                        
H    19.487968    12.608753    16.882899                                        
H    20.623015    12.869794    15.545409                                        
H    19.723904    14.235307    16.225379                                        
C    18.456409    11.444682    14.635219                                        
H    17.634895    11.250181    13.942663                                        
H    19.385138    11.103900    14.170660                                        
H    18.289585    10.858821    15.541799                                        
%ENDBLOCK POSITIONS_ABS                                                         
%BLOCK SPECIES                                                                  
C C 6 -1 10.0                                                                   
Fe Fe 26 -1 10.0                                                                
H H 1 -1 10.0                                                                   
O O 8 -1 10.0                                                                   
%ENDBLOCK SPECIES                                                               
%BLOCK SPECIES_ATOMIC_SET                                                       
C  "SOLVE"                                                                      
Fe "SOLVE INIT SPIN=5"                                                          
H  "SOLVE"                                                                      
O  "SOLVE"                                                                      
%ENDBLOCK SPECIES_ATOMIC_SET                                                    
%BLOCK SPECIES_POT                                                              
C C.PBE-paw.abinit                                                              
Fe Fe.PBE-paw.abinit                                                            
H H.PBE-paw.abinit                                                              
O O.PBE-paw.abinit                                                              
%ENDBLOCK SPECIES_POT                                                           

--------------------------------------------------------------------------------
-------------------------------- END INPUT FILE --------------------------------
--------------------------------------------------------------------------------


 
 ESDF WARNING(1): "charge" (esdf_physical) has no units. Assume "e".
<<<<<<<<<<<<<<<<<<<<<<<<<<<<<<<<< Full system >>>>>>>>>>>>>>>>>>>>>>>>>>>>>>>>>>
<<<<<<<<<<<<<<<<<<<<<<<<<<< PAW Dataset information >>>>>>>>>>>>>>>>>>>>>>>>>>>
File: Fe.PBE-paw.abinit; rc = 2.12 bohr; shape type =  2; rshape = 1.81 bohr;
  Atomic number: 26;  ionic charge: 16.000000
    Partial Wave 1: l = 0
    Partial Wave 2: l = 0
    Partial Wave 3: l = 1
    Partial Wave 4: l = 1
    Partial Wave 5: l = 2
    Partial Wave 6: l = 2
  Core charge supplied for Nonlinear Core Corrections
File: O.PBE-paw.abinit; rc = 1.41 bohr; shape type =  2; rshape = 1.20 bohr;
  Atomic number:  8;  ionic charge:  6.000000
    Partial Wave 1: l = 0
    Partial Wave 2: l = 0
    Partial Wave 3: l = 1
    Partial Wave 4: l = 1
  Core charge supplied for Nonlinear Core Corrections
File: C.PBE-paw.abinit; rc = 1.51 bohr; shape type =  2; rshape = 1.30 bohr;
  Atomic number:  6;  ionic charge:  4.000000
    Partial Wave 1: l = 0
    Partial Wave 2: l = 0
    Partial Wave 3: l = 1
    Partial Wave 4: l = 1
  Core charge supplied for Nonlinear Core Corrections
File: H.PBE-paw.abinit; rc = 0.90 bohr; shape type =  2; rshape = 0.80 bohr;
  Atomic number:  1;  ionic charge:  1.000000
    Partial Wave 1: l = 0
    Partial Wave 2: l = 0
    Partial Wave 3: l = 1
<<<<<<<<<<<<<<<<<<<<<<<<<<<<<<<<<<<<<<< >>>>>>>>>>>>>>>>>>>>>>>>>>>>>>>>>>>>>>>

-------------------------- Atom counting information ---------------------------
Symbol    Natoms    Nngwfs    Nprojs
  Fe         2        26        36
  O          6        24        48
  C         24        96       192
  H         54        54       270
.......   ......    ......    ......
Totals:     86       200       546
--------------------------------------------------------------------------------

=============================== PSINC grid sizes ===============================
                      Simulation cell:  117 x 117 x 117
                              FFT-box:  117 x 117 x 117
                                  PPD:    9 x   9 x   1
Grid space d1=  0.486287150382a0 (KE cutoff=  32.12317Eh = 874.11597eV)
Grid space d2=  0.491222965483a0 (KE cutoff=  31.48087Eh = 856.63796eV)
Grid space d3=  0.471685411461a0 (KE cutoff=  34.14280Eh = 929.07282eV)
================================================================================

********************* Fourier parallelisation information **********************
       Coarse grid (whole simulation cell) dimensions:    117   117   117
          Real-space ('12') slabs/proc (min max mean):     19    20    19
         Recip-space ('23') slabs/proc (min max mean):      9    10     9
********************************************************************************

********************* Fourier parallelisation information **********************
       Double grid (whole simulation cell) dimensions:    234   234   234
          Real-space ('12') slabs/proc (min max mean):     39    39    39
         Recip-space ('23') slabs/proc (min max mean):     19    20    19
********************************************************************************

********************* Fourier parallelisation information **********************
         Fine grid (whole simulation cell) dimensions:    468   468   468
          Real-space ('12') slabs/proc (min max mean):     78    78    78
         Recip-space ('23') slabs/proc (min max mean):     39    40    39
********************************************************************************

Atom SCF Calculation for C  : Z (AE atom) =   6 : Z (PS atom) =   4
Config String: 2s2.0 2p2.0
Orbitals (num,occ):  2     2.00 2.00
Orbitals   (num,l):  2        0    1
Real-space Grid (nr,dr,rmax): 1503    0.0066577896   10.0000000000
Spherical Bessel Basis (nsws,lmax,cutoff):   37    2  176.3967570603
Confining potential (l,width,scale):  0    3.0000000000  100.0000000000
Confining potential (l,width,scale):  1    3.0000000000  100.0000000000
  1         -5.4381308884   -1.2721298092    4.5135250045   -1.9381135692
  2         -5.3849331102   -1.3649505469    4.4159511708   -1.9005879768
  3         -5.3930021612   -1.3849430624    4.3947033354   -1.8924421815
  4         -5.4001802281   -1.3891927246    4.3902388137   -1.8907518289
  5         -5.4037205329   -1.3915457087    4.3877695258   -1.8898885469
  6         -5.4055416859   -1.3928069742    4.3864477540   -1.8894519912
  7         -5.4065002767   -1.3934742451    4.3857498837   -1.8892319620
  8         -5.4070074727   -1.3938267709    4.3853820092   -1.8891207968
  9         -5.4072763209   -1.3940130896    4.3851880206   -1.8890645345
 10         -5.4074189962   -1.3941116277    4.3850856600   -1.8890360408
 11         -5.4074947717   -1.3941637823    4.3850316039   -1.8890216105
 12         -5.4075350443   -1.3941914082    4.3850030336   -1.8890143059
 13         -5.4075564617   -1.3942060527    4.3849879208   -1.8890106114
 14         -5.4075678586   -1.3942138217    4.3849799198   -1.8890087446
 15         -5.4075739267   -1.3942179465    4.3849756804   -1.8890078024
 16         -5.4075771595   -1.3942201380    4.3849734321   -1.8890073276
 17         -5.4075788827   -1.3942213034    4.3849722389   -1.8890070886
 18         -5.4075798017   -1.3942219235    4.3849716050   -1.8890069685
 19         -5.4075802921   -1.3942222537    4.3849712680   -1.8890069082
 20         -5.4075805539   -1.3942224296    4.3849710888   -1.8890068781
 21         -5.4075806938   -1.3942225235    4.3849709933   -1.8890068630
 22         -5.4075807686   -1.3942225735    4.3849709424   -1.8890068555
Atom SCF converged after  22 iterations to a total energy of     -5.40758077

Atom SCF Calculation for Fe : Z (AE atom) =  26 : Z (PS atom) =  16
Config String: 3s2.0 3p6.0 3d6.0 4s2.0 4p0.0 INIT SPIN=5
Orbitals (num,occ):  5     2.00 6.00 6.00 2.00 0.00
Orbitals   (num,l):  5        0    1    2    0    1
Real-space Grid (nr,dr,rmax): 1503    0.0066577896   10.0000000000
Spherical Bessel Basis (nsws,lmax,cutoff):   37    4  176.3967570603
Confining potential (l,width,scale):  0    3.0000000000  100.0000000000
Confining potential (l,width,scale):  1    3.0000000000  100.0000000000
Confining potential (l,width,scale):  2    3.0000000000  100.0000000000
  1       -111.4005172118  -52.5575611559   72.2164000725   -4.0901868950
  2       -116.6635475262  -20.5601904919   91.7007084249   -2.2962490369
  3       -121.6156136875  -23.2753453277   92.4544705195   -2.7706732816
  4       -123.0066153699  -21.4164712440   94.7136519632   -2.9394413820
  5       -123.8168122141  -22.6370400734   94.1384349420   -3.0798102909
  6       -123.9055073486  -21.7222843370   94.9342614757   -3.0846520419
  7       -124.0956886241  -22.4138747628   94.4617720360   -3.1224050559
  8       -124.0492758687  -21.8887017510   94.8692044073   -3.1096545890
  9       -124.1222324005  -22.2877514631   94.5777385101   -3.1254730624
 10       -124.0894611846  -22.0431086758   94.7620026738   -3.1177312036
 11       -124.1066906466  -22.1417456915   94.6895757605   -3.1215019185
 12       -124.1027421480  -22.1090398813   94.7144439268   -3.1205307857
 13       -124.1039552528  -22.1131641559   94.7116547863   -3.1207645739
 14       -124.1041718268  -22.1127261003   94.7121170471   -3.1207931979
 15       -124.1043563153  -22.1126782042   94.7122440208   -3.1208211382
 16       -124.1044853288  -22.1126702816   94.7123114748   -3.1208409484
 17       -124.1045734258  -22.1126674103   94.7123551926   -3.1208545095
 18       -124.1046334193  -22.1126657134   94.7123845864   -3.1208637603
 19       -124.1046742816  -22.1126645462   94.7124045128   -3.1208700757
 20       -124.1047021281  -22.1126636961   94.7124180731   -3.1208743926
 21       -124.1047211147  -22.1126630559   94.7124273290   -3.1208773473
 22       -124.1047340666  -22.1126625637   94.7124336643   -3.1208793718
 23       -124.1047429056  -22.1126621807   94.7124380116   -3.1208807606
 24       -124.1047489402  -22.1126618812   94.7124410017   -3.1208817142
 25       -124.1047530616  -22.1126616468   94.7124430628   -3.1208823696
 26       -124.1047558771  -22.1126614637   94.7124444863   -3.1208828204
 27       -124.1047578011  -22.1126613212   94.7124454714   -3.1208831306
 28       -124.1047591161  -22.1126612109   94.7124461541   -3.1208833444
 29       -124.1047600152  -22.1126611259   94.7124466281   -3.1208834917
 30       -124.1047606300  -22.1126610607   94.7124469575   -3.1208835933
 31       -124.1047610504  -22.1126610110   94.7124471869   -3.1208836634
 32       -124.1047613380  -22.1126609733   94.7124473467   -3.1208837118
 33       -124.1047615347  -22.1126609447   94.7124474583   -3.1208837453
 34       -124.1047616693  -22.1126609232   94.7124475361   -3.1208837684
 35       -124.1047617614  -22.1126609071   94.7124475906   -3.1208837843
Atom SCF converged after  35 iterations to a total energy of   -124.10476176
Adjusting orbital occupancies:
Orbitals (num,spin,occ):  5  1     1.00 3.00 5.00 1.00 0.50
Orbitals   (num,spin,l):  5  1        0    1    2    0    1
Orbitals (num,spin,occ):  5  2     1.00 3.00 1.50 0.00 0.00
Orbitals   (num,spin,l):  5  2        0    1    2    0    1

Atom SCF Calculation for H  : Z (AE atom) =   1 : Z (PS atom) =   1
Config String: 1s1.0
Orbitals (num,occ):  1     1.00
Orbitals   (num,l):  1        0
Real-space Grid (nr,dr,rmax): 1503    0.0066577896   10.0000000000
Spherical Bessel Basis (nsws,lmax,cutoff):   37    2  176.3967570603
Confining potential (l,width,scale):  0    3.0000000000  100.0000000000
  1         -0.3348525927   -0.2401819449    0.2820953128   -0.2388448411
  2         -0.4038948821   -0.2405504229    0.2866889240   -0.2416217444
  3         -0.4360732773   -0.2390089543    0.2890729861   -0.2443653791
  4         -0.4497314704   -0.2383264046    0.2899315599   -0.2456060208
  5         -0.4551901081   -0.2381357631    0.2901452306   -0.2460489407
  6         -0.4573594294   -0.2381000300    0.2901742710   -0.2461947705
  7         -0.4582326910   -0.2381004501    0.2901659451   -0.2462415077
  8         -0.4585900702   -0.2381055523    0.2901559649   -0.2462564278
  9         -0.4587384807   -0.2381092319    0.2901497571   -0.2462612174
 10         -0.4588008132   -0.2381112609    0.2901465144   -0.2462627659
 11         -0.4588272086   -0.2381122698    0.2901449456   -0.2462632682
 12         -0.4588384507   -0.2381127465    0.2901442163   -0.2462634302
 13         -0.4588432580   -0.2381129655    0.2901438848   -0.2462634814
 14         -0.4588453195   -0.2381130645    0.2901437362   -0.2462634968
 15         -0.4588462053   -0.2381131088    0.2901436700   -0.2462635011
 16         -0.4588465865   -0.2381131284    0.2901436407   -0.2462635020
 17         -0.4588467508   -0.2381131372    0.2901436278   -0.2462635020
 18         -0.4588468216   -0.2381131410    0.2901436222   -0.2462635019
Atom SCF converged after  18 iterations to a total energy of     -0.45884682

Atom SCF Calculation for O  : Z (AE atom) =   8 : Z (PS atom) =   6
Config String: 2s2.0 2p4.0
Orbitals (num,occ):  2     2.00 4.00
Orbitals   (num,l):  2        0    1
Real-space Grid (nr,dr,rmax): 1503    0.0066577896   10.0000000000
Spherical Bessel Basis (nsws,lmax,cutoff):   37    2  176.3967570603
Confining potential (l,width,scale):  0    3.0000000000  100.0000000000
Confining potential (l,width,scale):  1    3.0000000000  100.0000000000
  1         -8.3209332552   -7.4828484739   10.1554312602   -2.1270270195
  2        -15.1405599232   -3.0474882742   13.6590820486   -2.5134754209
  3        -15.5174094640   -3.1101891961   13.6243211040   -2.6472956001
  4        -15.7606118231   -3.0805775314   13.6668776248   -2.7100307789
  5        -15.8308896490   -3.0881936416   13.6633910567   -2.7338682066
  6        -15.8678540393   -3.0862312957   13.6673103078   -2.7443897972
  7        -15.8801393942   -3.0873360689   13.6669183555   -2.7485230919
  8        -15.8859601688   -3.0872977830   13.6672813272   -2.7502957173
  9        -15.8880580832   -3.0874730763   13.6672320183   -2.7510066526
 10        -15.8889924584   -3.0874981416   13.6672623218   -2.7513066537
 11        -15.8893459980   -3.0875277929   13.6672548500   -2.7514284384
 12        -15.8894977936   -3.0875355600   13.6672566096   -2.7514793465
 13        -15.8895569380   -3.0875407304   13.6672553199   -2.7515001537
 14        -15.8895817884   -3.0875424467   13.6672552475   -2.7515088021
 15        -15.8895916441   -3.0875433561   13.6672550136   -2.7515123499
 16        -15.8895957327   -3.0875436929   13.6672549605   -2.7515138192
 17        -15.8895973717   -3.0875438525   13.6672549179   -2.7515144231
 18        -15.8895980466   -3.0875439149   13.6672549044   -2.7515146726
 19        -15.8895983189   -3.0875439428   13.6672548968   -2.7515147752
 20        -15.8895984306   -3.0875439540   13.6672548940   -2.7515148175
 21        -15.8895984758   -3.0875439588   13.6672548927   -2.7515148349
Atom SCF converged after  21 iterations to a total energy of    -15.88959848

BC: Task: SINGLEPOINT
BC: +++++++++++++++ Summary of boundary conditions ++++++++++++++
BC: |       Component       |     Keyword     |   Periodicity   |
BC: |                       |                 |     X  Y  Z [1] |
BC: |-----------------------------------------------------------|
BC: | Ion-ion               | ion_ion_bc [2]  |     P  P  P     |
BC: | Local pseudopotential | pspot_bc [3]    |     P  P  P     |
BC: +++++++++++++++++++++++++++++++++++++++++++++++++++++++++++++
BC: P: Periodic, O: Open.
BC: [1] Not strictly along X, Y, Z but rather along lattice vectors A1, A2, A3.
BC: [2] Also affected by: pbc_correction_cutoff, cutoff_coulomb_type,
BC:     is_smeared_ion_rep, is_implicit_solvent, openbc_ion_ion.
BC: [3] Also affected by: is_smeared_ion_rep, is_implicit_solvent, openbc_pspot.

Determining parallel strategy ...
... using space-filling curve
... NGWF load balancing: max     34;  min     33;  average     33
... Projector load balancing: max     98;  min     82;  average     91
... done
Calculating Ewald energy ...
              Ewald: real-space energy =         1422.661173
        Ewald: reciprocal-space energy =          476.442789
         Ewald: (sum_charge)**2 energy =           95.262728
         Ewald: (sum_charge**2) energy =           43.349870
                          Ewald energy =         1760.491365
Basis initialisation ...
... NGWF spheres initialised
... Projector spheres initialised
... NGWF tight boxes initialised
... Projector tight boxes initialised
... Tight-boxes gathered
... NGWF basis size (local,global):        222607      1341776
... PAW projector initialisation
... done

============================= Charge Augmentation ==============================
                           Aug box size:   39 x  39 x  39
================================================================================

========================== Sparse matrix information ===========================
                        Overlap matrix filling:  99.47%
                        Density kernel filling: 100.00% (known to be dense)
              NGWF-Proj overlap matrix filling:  58.71%
                    Aug Overlap matrix filling:  99.95%
                    Hamiltonian matrix filling:  99.95%
                  NGWF diagonal matrix filling:   2.18%
                             KS matrix filling: 100.00% 
                           KSKS matrix filling: 100.00% 
================================================================================

Sparse matrix initialisation ...
 done
NGWF initialisation ... done
============ Calculation of NGWF S^-1 using Hotelling algorithm ================ 
     Iteration  |  Spin  |  Frobenius norm and Maximum abs value (of I-S*S_n^-1)
         1           1      0.13956409E+02     0.99246764E+00
         2           1      0.13786773E+02     0.98499505E+00
         3           1      0.13487359E+02     0.97022670E+00
         4           1      0.13005344E+02     0.94138071E+00
         5           1      0.12313547E+02     0.88633088E+00
         6           1      0.11414682E+02     0.78601388E+00
         7           1      0.10350622E+02     0.71132533E+00
         8           1      0.92810405E+01     0.66697525E+00
         9           1      0.83609055E+01     0.62607350E+00
        10           1      0.73945226E+01     0.56790550E+00
        11           1      0.60039110E+01     0.47662448E+00
        12           1      0.41291676E+01     0.34985038E+00
        13           1      0.21675800E+01     0.19707056E+00
        14           1      0.82971170E+00     0.12218427E+00
        15           1      0.32610504E+00     0.62528902E-01
        16           1      0.10072797E+00     0.19314021E-01
        17           1      0.10142589E-01     0.19405286E-02
        18           1      0.10287210E-03     0.19681422E-04
        19           1      0.10582669E-07     0.20246707E-08
        20           1      0.18054839E-13     0.34416914E-14
================================================================================
Calculating core density ...
================================= Core Density =================================
               Core den box size:   39 x  39 x  39
================================================================================
 ... done
Density kernel initialisation
 
======= Optimisation of K by Palser-Manolopoulos canonical purification ======== 
         Iteration  |  Band structure energy |    c_n   
               1         -47.67636308617094    0.5609752
               2         -50.12402596963625    0.5564832
               3         -53.16075614476370    0.5494090
               4         -56.82929873467838    0.5393417
               5         -61.24632997568921    0.5243397
               6         -66.38170784791760    0.5011048
               7         -71.65835668776356    0.4625159
               8         -75.29749081079538    0.3870517
               9         -76.83176524117744    0.2963601
              10         -77.24585503392379    0.3081807
              11         -77.49136190299598    0.3648095
              12         -77.72140940359148    0.4270350
              13         -77.89642397775066    0.4851742
              14         -77.98333096956169    0.5291186
              15         -78.00030394172214    0.5198689
              16         -78.00305229026961    0.5021708
              17         -78.00334148339807    0.5000234
              18         -78.00334478928718    0.4999978
              19         -78.00334478971580    0.4999978
Termination criterion satisfied: band energy change below threshold.
Final occupancy bounds: [    0.00000000000001:    1.00000000000000]
Closest occupancy to 0.5:     1.00000000000000
================================================================================
 
======= Optimisation of K by Palser-Manolopoulos canonical purification ======== 
         Iteration  |  Band structure energy |    c_n   
               1         -43.73425075381724    0.5118207
               2         -46.89493279833431    0.5074337
               3         -50.89671140768435    0.5004923
               4         -55.69249543962002    0.4926260
               5         -61.12043623127087    0.4847600
               6         -66.62961169844301    0.4819106
               7         -71.16709988937511    0.4912037
               8         -73.97212445125393    0.5022142
               9         -75.01536476934965    0.5026967
              10         -75.20952895266531    0.5008718
              11         -75.22478955899911    0.5000788
              12         -75.22498914743673    0.5000002
              13         -75.22498924342298    0.5512073
              14         -75.22498924342302    0.5512073
Termination criterion satisfied: band energy change below threshold.
Final occupancy bounds: [    0.00000000000000:    1.00000000000000]
Closest occupancy to 0.5:     1.00000000000000
================================================================================

Writing density kernel to file "Fe2_tert-butoxide_6_HighSpin.dkn" ... done

>>> Optimising kernel for current NGWFs:
   Initial electron number for spin 1:     114.00000000
   Initial electron number for spin 2:     104.00000000
     Final electron number for spin 1:     114.00000000
     Final electron number for spin 2:     104.00000000

=================== Penalty functional idempotency correction ==================
 RMS occupancy error at iteration   1:  0.000000 (step -0.5000 Ne1=    114.0000)
                                                               Ne2=    104.0000
            Final RMS occupancy error   :  0.000000 (Ne1=    114.0000)
                                                     Ne2=    104.0000
            Final occupancy bounds spin 1: [  0.000,  1.000]
            Final occupancy bounds spin 2: [  0.000,  1.000]
================================================================================

................................................................................
<<<<<<<<<<<<<< LNV (Original version) density kernel optimisation >>>>>>>>>>>>>>
~~~~~~~~~~~~~~~~~~~~~~~~~~~~~~~~~~~~~~~~~~~~~~~~~~~~~~~~~~~~~~~~~~~~~~~~~~~~~~~~
   iter  |      energy (Eh)       | rms gradient |  commutator  |   dE (Eh)
      ideal mu1:      -0.702394661399
      ideal mu2:      -0.665350301791
             Q0:        -510.611941675672
             G0:      -8.944782178139
   RMS gradient:       0.021148028487
     Trial step:       0.500000000000
             Q1:        -511.407381788299
 Quadratic coef:       3.676950976442
 Linear coef   :      -4.472391089069
           Qmin:        -511.971919153053
Quadratic minimum step length (  0.304082860890) accepted
    Initial Ne1:     114.00000000
    Initial Ne2:     104.00000000
      Final Ne1:     114.00000000
      Final Ne2:     104.00000000

=================== Penalty functional idempotency correction ==================
 RMS occupancy error at iteration   1:  0.009300 (step -0.4540 Ne1=    114.0000)
                                                               Ne2=    104.0000
 RMS occupancy error at iteration   2:  0.000347 (step -0.5008 Ne1=    114.0000)
                                                               Ne2=    104.0000
 RMS occupancy error at iteration   3:  0.000001 (step -0.5000 Ne1=    114.0000)
                                                               Ne2=    104.0000
            Final RMS occupancy error   :  0.000000 (Ne1=    114.0000)
                                                     Ne2=    104.0000
            Final occupancy bounds spin 1: [  0.000,  1.000]
            Final occupancy bounds spin 2: [  0.000,  1.000]
================================================================================

    1        -5.106119416757E+02     2.1148E-02     1.3707E-02
      ideal mu1:      -0.713476370358
      ideal mu2:      -0.705305569861
             Q0:        -512.006610674618
             G0:      -2.095233861550
   RMS gradient:       0.009980540935
     Trial step:       0.389924903597
             Q1:        -512.115876145172
 Quadratic coef:       0.707718390923
 Linear coef   :      -0.816983861477
           Qmin:        -512.242390413591
Quadratic minimum step length (  0.225062932878) accepted
    Initial Ne1:     114.00000000
    Initial Ne2:     104.00000000
      Final Ne1:     114.00000000
      Final Ne2:     104.00000000

=================== Penalty functional idempotency correction ==================
 RMS occupancy error at iteration   1:  0.004272 (step -0.4803 Ne1=    114.0000)
                                                               Ne2=    104.0000
 RMS occupancy error at iteration   2:  0.000062 (step -0.5002 Ne1=    114.0000)
                                                               Ne2=    104.0000
            Final RMS occupancy error   :  0.000000 (Ne1=    114.0000)
                                                     Ne2=    104.0000
            Final occupancy bounds spin 1: [  0.000,  1.000]
            Final occupancy bounds spin 2: [  0.000,  1.000]
================================================================================

    2        -5.120066106746E+02     9.9805E-03     6.5570E-03    -1.3947E+00
      ideal mu1:      -0.710312628496
      ideal mu2:      -0.711992372453
             Q0:        -512.252981523874
             G0:      -0.571061378756
   RMS gradient:       0.005181117381
     Trial step:       0.296239164200
             Q1:        -512.350587768679
 Quadratic coef:       0.071564500745
 Linear coef   :      -0.169170745549
           Qmin:        -512.352956863784
Quadratic minimum step length (  0.350138684313) accepted
    Initial Ne1:     113.99999656
    Initial Ne2:     103.99999725
      Final Ne1:     114.00000000
      Final Ne2:     104.00000000

=================== Penalty functional idempotency correction ==================
 RMS occupancy error at iteration   1:  0.003686 (step -0.4823 Ne1=    114.0000)
                                                               Ne2=    104.0000
 RMS occupancy error at iteration   2:  0.000044 (step -0.5001 Ne1=    114.0000)
                                                               Ne2=    104.0000
            Final RMS occupancy error   :  0.000000 (Ne1=    114.0000)
                                                     Ne2=    104.0000
            Final occupancy bounds spin 1: [  0.000,  1.000]
            Final occupancy bounds spin 2: [  0.000,  1.000]
================================================================================

    3        -5.122529815239E+02     5.1811E-03     3.4208E-03    -2.4637E-01
      ideal mu1:      -0.679611614520
      ideal mu2:      -0.692830599729
             Q0:        -512.358022895885
             G0:      -0.249160426003
   RMS gradient:       0.003444033772
     Trial step:       0.322063334136
             Q1:        -512.398982310826
 Quadratic coef:       0.039286022592
 Linear coef   :      -0.080245437533
           Qmin:        -512.399000130408
Quadratic minimum step length (  0.328922495281) accepted
    Initial Ne1:     113.99999803
    Initial Ne2:     103.99999741
      Final Ne1:     114.00000000
      Final Ne2:     104.00000000

=================== Penalty functional idempotency correction ==================
 RMS occupancy error at iteration   1:  0.002683 (step -0.4852 Ne1=    114.0000)
                                                               Ne2=    104.0000
 RMS occupancy error at iteration   2:  0.000029 (step -0.5000 Ne1=    114.0000)
                                                               Ne2=    104.0000
            Final RMS occupancy error   :  0.000000 (Ne1=    114.0000)
                                                     Ne2=    104.0000
            Final occupancy bounds spin 1: [  0.000,  1.000]
            Final occupancy bounds spin 2: [  0.000,  1.000]
================================================================================

    4        -5.123580228959E+02     3.4440E-03     2.2386E-03    -1.0504E-01
      ideal mu1:      -0.654811451371
      ideal mu2:      -0.673915295905
    5        -5.124010994115E+02     2.2168E-03     1.4374E-03    -4.3077E-02
Finished density kernel iterations (   5)

Writing density kernel to file "Fe2_tert-butoxide_6_HighSpin.dkn" ... done


>>> Density kernel optimised for the current NGWF basis:
     ~~~~~~~~~~~~~~~~~~~~~~~~~~~~~~~~~~~~~~~~~~~~~~~~~~~~~~~~~~~
     Total energy                =  -5.12401099411504E+02  Eh
     Estimated bandgap (UP spin) =   1.9035E-01  Eh
     Estimated bandgap (DN spin) =   6.6621E-02  Eh
     RMS occupancy error         =   7.8374E-09
     [H,K] commutator            =   1.4374E-03
     UP spin occupancy bounds    = [  0.000:  1.000]
     DN spin occupancy bounds    = [  0.000:  1.000]
     ~~~~~~~~~~~~~~~~~~~~~~~~~~~~~~~~~~~~~~~~~~~~~~~~~~~~~~~~~~~




################################################################################
########################### NGWF CG iteration  001 #############################
################################################################################
****** Reciprocal space K.E. preconditioning with k_zero =  3.0000 a0^-1 *******

>>> Checking for convergence of NGWFs:   NOT CONVERGED
  ========================================================================
         NGWF RMS gradient =  7.6813E-04 >  2.0000E-06  | above tolerance
  ========================================================================

>>> Improving NGWFs using line search:
============ Calculation of NGWF S^-1 using Hotelling algorithm ================ 
     Iteration  |  Spin  |  Frobenius norm and Maximum abs value (of I-S*S_n^-1)
         1           1      0.12984885E-01     0.10950106E-02
         2           1      0.11250200E-04     0.17805944E-05
         3           1      0.24697546E-10     0.43107740E-11
         4           1      0.16106892E-13     0.28865799E-14
================================================================================
============ Calculation of NGWF S^-1 using Hotelling algorithm ================ 
     Iteration  |  Spin  |  Frobenius norm and Maximum abs value (of I-S*S_n^-1)
         1           1      0.17328739E+00     0.16472544E-01
         2           1      0.22688524E-02     0.25777263E-03
         3           1      0.53114592E-06     0.61104499E-07
         4           1      0.48311187E-13     0.57731597E-14
================================================================================
------------------------------- NGWF line search -------------------------------
RMS gradient                =       0.00076812535515
Trial step length           =               0.122474
Gradient along search dir.  =         -4.38691178662
Functional at step 0        =    -512.40109941150445
Functional at step 1        =    -512.91137285241962
Functional predicted        =    -515.07289419548488
Selected quadratic step     =               1.218075
Conjugate gradients coeff.  =               0.000000
--------------------------- NGWF line search finished --------------------------
                                               
Writing NGWFs to file "Fe2_tert-butoxide_6_HighSpin.tightbox_ngwfs".... done

>>> Optimising kernel for current NGWFs:
   Initial electron number for spin 1:     114.55299137
   Initial electron number for spin 2:     104.54175124
     Final electron number for spin 1:     114.00000000
     Final electron number for spin 2:     104.00000000

=================== Penalty functional idempotency correction ==================
 RMS occupancy error at iteration   1:  0.003881 (step -0.4921 Ne1=    114.0000)
                                                               Ne2=    104.0000
 RMS occupancy error at iteration   2:  0.000046 (step -0.5002 Ne1=    114.0000)
                                                               Ne2=    104.0000
            Final RMS occupancy error   :  0.000000 (Ne1=    114.0000)
                                                     Ne2=    104.0000
            Final occupancy bounds spin 1: [  0.000,  1.000]
            Final occupancy bounds spin 2: [  0.000,  1.000]
================================================================================

................................................................................
<<<<<<<<<<<<<< LNV (Original version) density kernel optimisation >>>>>>>>>>>>>>
~~~~~~~~~~~~~~~~~~~~~~~~~~~~~~~~~~~~~~~~~~~~~~~~~~~~~~~~~~~~~~~~~~~~~~~~~~~~~~~~
   iter  |      energy (Eh)       | rms gradient |  commutator  |   dE (Eh)
      ideal mu1:      -0.600775089650
      ideal mu2:      -0.614383120000
             Q0:        -515.010448096085
             G0:      -0.221802821449
   RMS gradient:       0.003330186342
     Trial step:       0.325474846190
             Q1:        -515.046862566653
 Quadratic coef:       0.035776768627
 Linear coef   :      -0.072191239196
           Qmin:        -515.046865408328
Quadratic minimum step length (  0.328375554514) accepted
    Initial Ne1:     113.99999639
    Initial Ne2:     103.99999734
      Final Ne1:     114.00000000
      Final Ne2:     104.00000000

=================== Penalty functional idempotency correction ==================
 RMS occupancy error at iteration   1:  0.000251 (step -0.4988 Ne1=    114.0000)
                                                               Ne2=    104.0000
 RMS occupancy error at iteration   2:  0.000000 (step -0.5000 Ne1=    114.0000)
                                                               Ne2=    104.0000
            Final RMS occupancy error   :  0.000000 (Ne1=    114.0000)
                                                     Ne2=    104.0000
            Final occupancy bounds spin 1: [  0.000,  1.000]
            Final occupancy bounds spin 2: [  0.000,  1.000]
================================================================================

    1        -5.150104480961E+02     3.3302E-03     2.1672E-03
      ideal mu1:      -0.603595339517
      ideal mu2:      -0.617582773270
             Q0:        -515.046893661389
             G0:      -0.031787939849
   RMS gradient:       0.001259196817
     Trial step:       0.326921983198
             Q1:        -515.053919048702
 Quadratic coef:       0.003366789025
 Linear coef   :      -0.010392176337
           Qmin:        -515.054912973576
Quadratic minimum step length (  0.504550607868) accepted
    Initial Ne1:     113.99999921
    Initial Ne2:     103.99999941
      Final Ne1:     114.00000000
      Final Ne2:     104.00000000

=================== Penalty functional idempotency correction ==================
 RMS occupancy error at iteration   1:  0.000186 (step -0.4992 Ne1=    114.0000)
                                                               Ne2=    104.0000
            Final RMS occupancy error   :  0.000000 (Ne1=    114.0000)
                                                     Ne2=    104.0000
            Final occupancy bounds spin 1: [ -0.000,  1.000]
            Final occupancy bounds spin 2: [ -0.000,  1.000]
================================================================================

    2        -5.150468936614E+02     1.2592E-03     8.2573E-04    -3.6446E-02
      ideal mu1:      -0.603972504307
      ideal mu2:      -0.618642621821
             Q0:        -515.054923547024
             G0:      -0.031727171044
   RMS gradient:       0.001258539930
     Trial step:       0.406138751350
             Q1:        -515.058315040976
 Quadratic coef:       0.009494139680
 Linear coef   :      -0.012885633632
           Qmin:        -515.059295706053
Quadratic minimum step length (  0.275609761913) accepted
    Initial Ne1:     114.00001369
    Initial Ne2:     104.00001222
      Final Ne1:     114.00000000
      Final Ne2:     104.00000000

=================== Penalty functional idempotency correction ==================
 RMS occupancy error at iteration   1:  0.000221 (step -0.4989 Ne1=    114.0000)
                                                               Ne2=    104.0000
 RMS occupancy error at iteration   2:  0.000000 (step -0.5000 Ne1=    114.0000)
                                                               Ne2=    104.0000
            Final RMS occupancy error   :  0.000000 (Ne1=    114.0000)
                                                     Ne2=    104.0000
            Final occupancy bounds spin 1: [  0.000,  1.000]
            Final occupancy bounds spin 2: [  0.000,  1.000]
================================================================================

    3        -5.150549235470E+02     1.2585E-03     8.1408E-04    -8.0299E-03
      ideal mu1:      -0.602357993751
      ideal mu2:      -0.617640515970
             Q0:        -515.059316456213
             G0:      -0.009360093362
   RMS gradient:       0.000681396777
     Trial step:       0.334568086588
             Q1:        -515.061508221356
 Quadratic coef:       0.000939823384
 Linear coef   :      -0.003131588526
           Qmin:        -515.061925150269
Quadratic minimum step length (  0.557407699794) accepted
    Initial Ne1:     114.00000812
    Initial Ne2:     104.00000724
      Final Ne1:     114.00000000
      Final Ne2:     104.00000000

=================== Penalty functional idempotency correction ==================
 RMS occupancy error at iteration   1:  0.000236 (step -0.4986 Ne1=    114.0000)
                                                               Ne2=    104.0000
 RMS occupancy error at iteration   2:  0.000000 (step -0.5000 Ne1=    114.0000)
                                                               Ne2=    104.0000
            Final RMS occupancy error   :  0.000000 (Ne1=    114.0000)
                                                     Ne2=    104.0000
            Final occupancy bounds spin 1: [  0.000,  1.000]
            Final occupancy bounds spin 2: [  0.000,  1.000]
================================================================================

    4        -5.150593164562E+02     6.8140E-04     4.4554E-04    -4.3929E-03
      ideal mu1:      -0.599121530414
      ideal mu2:      -0.614813203663
    5        -5.150619587414E+02     4.2099E-04     2.7428E-04    -2.6423E-03
Finished density kernel iterations (   5)

Writing density kernel to file "Fe2_tert-butoxide_6_HighSpin.dkn" ... done


>>> Density kernel optimised for the current NGWF basis:
     ~~~~~~~~~~~~~~~~~~~~~~~~~~~~~~~~~~~~~~~~~~~~~~~~~~~~~~~~~~~
     Total energy                =  -5.15061958741390E+02  Eh
     Estimated bandgap (UP spin) =   2.1137E-01  Eh
     Estimated bandgap (DN spin) =   5.8910E-02  Eh
     RMS occupancy error         =   2.5471E-12
     [H,K] commutator            =   2.7428E-04
     UP spin occupancy bounds    = [  0.000:  1.000]
     DN spin occupancy bounds    = [  0.000:  1.000]
     ~~~~~~~~~~~~~~~~~~~~~~~~~~~~~~~~~~~~~~~~~~~~~~~~~~~~~~~~~~~




################################################################################
########################### NGWF CG iteration  002 #############################
################################################################################
****** Reciprocal space K.E. preconditioning with k_zero =  3.0000 a0^-1 *******

>>> Checking for convergence of NGWFs:   NOT CONVERGED
  ========================================================================
         NGWF RMS gradient =  3.0969E-04 >  2.0000E-06  | above tolerance
  ========================================================================

>>> Improving NGWFs using line search:
============ Calculation of NGWF S^-1 using Hotelling algorithm ================ 
     Iteration  |  Spin  |  Frobenius norm and Maximum abs value (of I-S*S_n^-1)
         1           1      0.27201485E-01     0.17251198E-02
         2           1      0.68349121E-04     0.72864684E-05
         3           1      0.87252084E-09     0.11989743E-09
         4           1      0.16346060E-13     0.28865799E-14
================================================================================
============ Calculation of NGWF S^-1 using Hotelling algorithm ================ 
     Iteration  |  Spin  |  Frobenius norm and Maximum abs value (of I-S*S_n^-1)
         1           1      0.67693454E-01     0.50915405E-02
         2           1      0.42906794E-03     0.33038639E-04
         3           1      0.27362789E-07     0.28207978E-08
         4           1      0.18206756E-13     0.34416914E-14
================================================================================
------------------------------- NGWF line search -------------------------------
RMS gradient                =       0.00030969061423
Trial step length           =               0.386242
Gradient along search dir.  =         -0.70305076782
Functional at step 0        =    -515.06195874139041
Functional at step 1        =    -515.28880592638939
Functional predicted        =    -515.47435795537547
Selected quadratic step     =               1.173171
Conjugate gradients coeff.  =               0.162552
--------------------------- NGWF line search finished --------------------------
                                               
Writing NGWFs to file "Fe2_tert-butoxide_6_HighSpin.tightbox_ngwfs".... done

>>> Optimising kernel for current NGWFs:
   Initial electron number for spin 1:     114.38842610
   Initial electron number for spin 2:     104.37780430
     Final electron number for spin 1:     114.00000000
     Final electron number for spin 2:     104.00000000

=================== Penalty functional idempotency correction ==================
 RMS occupancy error at iteration   1:  0.002438 (step -0.4952 Ne1=    114.0000)
                                                               Ne2=    104.0000
 RMS occupancy error at iteration   2:  0.000012 (step -0.5000 Ne1=    114.0000)
                                                               Ne2=    104.0000
            Final RMS occupancy error   :  0.000000 (Ne1=    114.0000)
                                                     Ne2=    104.0000
            Final occupancy bounds spin 1: [  0.000,  1.000]
            Final occupancy bounds spin 2: [  0.000,  1.000]
================================================================================

................................................................................
<<<<<<<<<<<<<< LNV (Original version) density kernel optimisation >>>>>>>>>>>>>>
~~~~~~~~~~~~~~~~~~~~~~~~~~~~~~~~~~~~~~~~~~~~~~~~~~~~~~~~~~~~~~~~~~~~~~~~~~~~~~~~
   iter  |      energy (Eh)       | rms gradient |  commutator  |   dE (Eh)
      ideal mu1:      -0.575615492879
      ideal mu2:      -0.592016712743
             Q0:        -515.474602388091
             G0:      -0.044606854526
   RMS gradient:       0.001493433201
     Trial step:       0.431845837735
             Q1:        -515.479559828810
 Quadratic coef:       0.014305843742
 Linear coef   :      -0.019263284462
           Qmin:        -515.481087048048
Quadratic minimum step length (  0.290747241673) accepted
    Initial Ne1:     113.99999979
    Initial Ne2:     103.99999984
      Final Ne1:     114.00000000
      Final Ne2:     104.00000000

=================== Penalty functional idempotency correction ==================
 RMS occupancy error at iteration   1:  0.000040 (step -0.4998 Ne1=    114.0000)
                                                               Ne2=    104.0000
            Final RMS occupancy error   :  0.000000 (Ne1=    114.0000)
                                                     Ne2=    104.0000
            Final occupancy bounds spin 1: [ -0.000,  1.000]
            Final occupancy bounds spin 2: [ -0.000,  1.000]
================================================================================

    1        -5.154746023881E+02     1.4934E-03     9.8498E-04
      ideal mu1:      -0.578168089224
      ideal mu2:      -0.593431859086
             Q0:        -515.481089888319
             G0:      -0.006642860036
   RMS gradient:       0.000577222411
     Trial step:       0.354341623507
             Q1:        -515.481841307617
 Quadratic coef:       0.001602422512
 Linear coef   :      -0.002353841810
           Qmin:        -515.481954293809
Quadratic minimum step length (  0.260251001931) accepted
    Initial Ne1:     114.00000069
    Initial Ne2:     104.00000036
      Final Ne1:     114.00000000
      Final Ne2:     104.00000000

=================== Penalty functional idempotency correction ==================
 RMS occupancy error at iteration   1:  0.000015 (step -0.4999 Ne1=    114.0000)
                                                               Ne2=    104.0000
            Final RMS occupancy error   :  0.000000 (Ne1=    114.0000)
                                                     Ne2=    104.0000
            Final occupancy bounds spin 1: [ -0.000,  1.000]
            Final occupancy bounds spin 2: [ -0.000,  1.000]
================================================================================

    2        -5.154810898883E+02     5.7722E-04     3.7672E-04    -6.4875E-03
      ideal mu1:      -0.578015593130
      ideal mu2:      -0.593375513351
             Q0:        -515.481956553274
             G0:      -0.002921973822
   RMS gradient:       0.000383399974
     Trial step:       0.303673776516
             Q1:        -515.482515995431
 Quadratic coef:       0.000327884668
 Linear coef   :      -0.000887326826
           Qmin:        -515.482556877848
Quadratic minimum step length (  0.410903457920) accepted
    Initial Ne1:     114.00000068
    Initial Ne2:     104.00000041
      Final Ne1:     114.00000000
      Final Ne2:     104.00000000

=================== Penalty functional idempotency correction ==================
 RMS occupancy error at iteration   1:  0.000021 (step -0.4999 Ne1=    114.0000)
                                                               Ne2=    104.0000
            Final RMS occupancy error   :  0.000000 (Ne1=    114.0000)
                                                     Ne2=    104.0000
            Final occupancy bounds spin 1: [ -0.000,  1.000]
            Final occupancy bounds spin 2: [ -0.000,  1.000]
================================================================================

    3        -5.154819565533E+02     3.8340E-04     2.4958E-04    -8.6666E-04
      ideal mu1:      -0.578481016546
      ideal mu2:      -0.593760979759
             Q0:        -515.482555473827
             G0:      -0.001119610963
   RMS gradient:       0.000237812301
     Trial step:       0.353242982733
             Q1:        -515.482754229708
 Quadratic coef:       0.000196738835
 Linear coef   :      -0.000395494716
           Qmin:        -515.482754234878
Quadratic minimum step length (  0.355053778113) accepted
    Initial Ne1:     114.00000059
    Initial Ne2:     104.00000046
      Final Ne1:     114.00000000
      Final Ne2:     104.00000000

=================== Penalty functional idempotency correction ==================
 RMS occupancy error at iteration   1:  0.000012 (step -0.4999 Ne1=    114.0000)
                                                               Ne2=    104.0000
            Final RMS occupancy error   :  0.000000 (Ne1=    114.0000)
                                                     Ne2=    104.0000
            Final occupancy bounds spin 1: [ -0.000,  1.000]
            Final occupancy bounds spin 2: [ -0.000,  1.000]
================================================================================

    4        -5.154825554738E+02     2.3781E-04     1.5648E-04    -5.9892E-04
      ideal mu1:      -0.578774066811
      ideal mu2:      -0.593901983233
    5        -5.154827543159E+02     1.5000E-04     9.8421E-05    -1.9884E-04
Finished density kernel iterations (   5)

Writing density kernel to file "Fe2_tert-butoxide_6_HighSpin.dkn" ... done


>>> Density kernel optimised for the current NGWF basis:
     ~~~~~~~~~~~~~~~~~~~~~~~~~~~~~~~~~~~~~~~~~~~~~~~~~~~~~~~~~~~
     Total energy                =  -5.15482754315879E+02  Eh
     Estimated bandgap (UP spin) =   2.0471E-01  Eh
     Estimated bandgap (DN spin) =   6.4054E-02  Eh
     RMS occupancy error         =   6.0641E-10
     [H,K] commutator            =   9.8421E-05
     UP spin occupancy bounds    = [ -0.000:  1.000]
     DN spin occupancy bounds    = [ -0.000:  1.000]
     ~~~~~~~~~~~~~~~~~~~~~~~~~~~~~~~~~~~~~~~~~~~~~~~~~~~~~~~~~~~




################################################################################
########################### NGWF CG iteration  003 #############################
################################################################################
****** Reciprocal space K.E. preconditioning with k_zero =  3.0000 a0^-1 *******

>>> Checking for convergence of NGWFs:   NOT CONVERGED
  ========================================================================
         NGWF RMS gradient =  1.4691E-04 >  2.0000E-06  | above tolerance
  ========================================================================

>>> Improving NGWFs using line search:
============ Calculation of NGWF S^-1 using Hotelling algorithm ================ 
     Iteration  |  Spin  |  Frobenius norm and Maximum abs value (of I-S*S_n^-1)
         1           1      0.39617580E-01     0.25434977E-02
         2           1      0.15292041E-03     0.18767322E-04
         3           1      0.42777475E-08     0.70537975E-09
         4           1      0.17807103E-13     0.27755576E-14
================================================================================
============ Calculation of NGWF S^-1 using Hotelling algorithm ================ 
     Iteration  |  Spin  |  Frobenius norm and Maximum abs value (of I-S*S_n^-1)
         1           1      0.23117299E-01     0.15543690E-02
         2           1      0.52907575E-04     0.53212258E-05
         3           1      0.43488836E-09     0.61554317E-10
         4           1      0.17557938E-13     0.28865799E-14
================================================================================
------------------------------- NGWF line search -------------------------------
RMS gradient                =       0.00014691091418
Trial step length           =               0.673148
Gradient along search dir.  =         -0.16375224230
Functional at step 0        =    -515.48275431587854
Functional at step 1        =    -515.55656030430339
Functional predicted        =    -515.56615198816326
Selected quadratic step     =               1.018584
Conjugate gradients coeff.  =               0.225036
--------------------------- NGWF line search finished --------------------------
                                               
Writing NGWFs to file "Fe2_tert-butoxide_6_HighSpin.tightbox_ngwfs".... done

>>> Optimising kernel for current NGWFs:
   Initial electron number for spin 1:     114.13224386
   Initial electron number for spin 2:     104.12684936
     Final electron number for spin 1:     114.00000000
     Final electron number for spin 2:     104.00000000

=================== Penalty functional idempotency correction ==================
 RMS occupancy error at iteration   1:  0.000936 (step -0.4980 Ne1=    114.0000)
                                                               Ne2=    104.0000
 RMS occupancy error at iteration   2:  0.000003 (step -0.5000 Ne1=    114.0000)
                                                               Ne2=    104.0000
            Final RMS occupancy error   :  0.000000 (Ne1=    114.0000)
                                                     Ne2=    104.0000
            Final occupancy bounds spin 1: [  0.000,  1.000]
            Final occupancy bounds spin 2: [  0.000,  1.000]
================================================================================

................................................................................
<<<<<<<<<<<<<< LNV (Original version) density kernel optimisation >>>>>>>>>>>>>>
~~~~~~~~~~~~~~~~~~~~~~~~~~~~~~~~~~~~~~~~~~~~~~~~~~~~~~~~~~~~~~~~~~~~~~~~~~~~~~~~
   iter  |      energy (Eh)       | rms gradient |  commutator  |   dE (Eh)
      ideal mu1:      -0.578400839717
      ideal mu2:      -0.591361996262
             Q0:        -515.565968758306
             G0:      -0.012006692693
   RMS gradient:       0.000774812645
     Trial step:       0.354147223074
             Q1:        -515.567517107090
 Quadratic coef:       0.002703788091
 Linear coef   :      -0.004252136875
           Qmin:        -515.567640548716
Quadratic minimum step length (  0.278476421895) accepted
    Initial Ne1:     113.99999999
    Initial Ne2:     103.99999999
      Final Ne1:     114.00000000
      Final Ne2:     104.00000000

=================== Penalty functional idempotency correction ==================
 RMS occupancy error at iteration   1:  0.000011 (step -0.5000 Ne1=    114.0000)
                                                               Ne2=    104.0000
            Final RMS occupancy error   :  0.000000 (Ne1=    114.0000)
                                                     Ne2=    104.0000
            Final occupancy bounds spin 1: [ -0.000,  1.000]
            Final occupancy bounds spin 2: [ -0.000,  1.000]
================================================================================

    1        -5.155659687583E+02     7.7481E-04     5.0794E-04
      ideal mu1:      -0.574249923112
      ideal mu2:      -0.588489461062
             Q0:        -515.567641361945
             G0:      -0.003813560216
   RMS gradient:       0.000437316709
     Trial step:       0.314040843690
             Q1:        -515.568173305509
 Quadratic coef:       0.000665670104
 Linear coef   :      -0.001197613668
           Qmin:        -515.568180021593
Quadratic minimum step length (  0.282496993938) accepted
    Initial Ne1:     114.00000002
    Initial Ne2:     104.00000002
      Final Ne1:     114.00000000
      Final Ne2:     104.00000000

=================== Penalty functional idempotency correction ==================
 RMS occupancy error at iteration   1:  0.000011 (step -0.4999 Ne1=    114.0000)
                                                               Ne2=    104.0000
            Final RMS occupancy error   :  0.000000 (Ne1=    114.0000)
                                                     Ne2=    104.0000
            Final occupancy bounds spin 1: [ -0.000,  1.000]
            Final occupancy bounds spin 2: [ -0.000,  1.000]
================================================================================

    2        -5.155676413619E+02     4.3732E-04     2.8519E-04    -1.6726E-03
      ideal mu1:      -0.572481190904
      ideal mu2:      -0.587174860565
             Q0:        -515.568180260938
             G0:      -0.001107153037
   RMS gradient:       0.000235619559
     Trial step:       0.297851631381
             Q1:        -515.568364702449
 Quadratic coef:       0.000145325827
 Linear coef   :      -0.000329767338
           Qmin:        -515.568367334528
Quadratic minimum step length (  0.337936282288) accepted
    Initial Ne1:     114.00000003
    Initial Ne2:     104.00000004
      Final Ne1:     114.00000000
      Final Ne2:     104.00000000

=================== Penalty functional idempotency correction ==================
 RMS occupancy error at iteration   1:  0.000007 (step -0.5000 Ne1=    114.0000)
                                                               Ne2=    104.0000
            Final RMS occupancy error   :  0.000000 (Ne1=    114.0000)
                                                     Ne2=    104.0000
            Final occupancy bounds spin 1: [  0.000,  1.000]
            Final occupancy bounds spin 2: [  0.000,  1.000]
================================================================================

    3        -5.155681802609E+02     2.3562E-04     1.5373E-04    -5.3890E-04
      ideal mu1:      -0.572102987741
      ideal mu2:      -0.586874674414
             Q0:        -515.568367625901
             G0:      -0.000512780688
   RMS gradient:       0.000159204952
     Trial step:       0.317261521434
             Q1:        -515.568474424135
 Quadratic coef:       0.000055887346
 Linear coef   :      -0.000162685581
           Qmin:        -515.568486018524
Quadratic minimum step length (  0.461767093829) accepted
    Initial Ne1:     114.00000000
    Initial Ne2:     103.99999999
      Final Ne1:     114.00000000
      Final Ne2:     104.00000000

=================== Penalty functional idempotency correction ==================
 RMS occupancy error at iteration   1:  0.000008 (step -0.5000 Ne1=    114.0000)
                                                               Ne2=    104.0000
            Final RMS occupancy error   :  0.000000 (Ne1=    114.0000)
                                                     Ne2=    104.0000
            Final occupancy bounds spin 1: [ -0.000,  1.000]
            Final occupancy bounds spin 2: [  0.000,  1.000]
================================================================================

    4        -5.155683676259E+02     1.5920E-04     1.0379E-04    -1.8736E-04
      ideal mu1:      -0.572312014068
      ideal mu2:      -0.587047554279
    5        -5.155684868262E+02     1.0797E-04     7.1001E-05    -1.1920E-04
Finished density kernel iterations (   5)

Writing density kernel to file "Fe2_tert-butoxide_6_HighSpin.dkn" ... done


>>> Density kernel optimised for the current NGWF basis:
     ~~~~~~~~~~~~~~~~~~~~~~~~~~~~~~~~~~~~~~~~~~~~~~~~~~~~~~~~~~~
     Total energy                =  -5.15568486826230E+02  Eh
     Estimated bandgap (UP spin) =   2.0643E-01  Eh
     Estimated bandgap (DN spin) =   6.1765E-02  Eh
     RMS occupancy error         =   3.6714E-10
     [H,K] commutator            =   7.1001E-05
     UP spin occupancy bounds    = [ -0.000:  1.000]
     DN spin occupancy bounds    = [  0.000:  1.000]
     ~~~~~~~~~~~~~~~~~~~~~~~~~~~~~~~~~~~~~~~~~~~~~~~~~~~~~~~~~~~




################################################################################
########################### NGWF CG iteration  004 #############################
################################################################################
****** Reciprocal space K.E. preconditioning with k_zero =  3.0000 a0^-1 *******

>>> Checking for convergence of NGWFs:   NOT CONVERGED
  ========================================================================
         NGWF RMS gradient =  9.4839E-05 >  2.0000E-06  | above tolerance
  ========================================================================

>>> Improving NGWFs using line search:
============ Calculation of NGWF S^-1 using Hotelling algorithm ================ 
     Iteration  |  Spin  |  Frobenius norm and Maximum abs value (of I-S*S_n^-1)
         1           1      0.53740284E-01     0.33526877E-02
         2           1      0.29316979E-03     0.36330701E-04
         3           1      0.14819957E-07     0.24681899E-08
         4           1      0.17940421E-13     0.24424907E-14
================================================================================
============ Calculation of NGWF S^-1 using Hotelling algorithm ================ 
     Iteration  |  Spin  |  Frobenius norm and Maximum abs value (of I-S*S_n^-1)
         1           1      0.29464942E-02     0.19178253E-03
         2           1      0.89307878E-06     0.93307086E-07
         3           1      0.12314396E-12     0.16875390E-13
================================================================================
------------------------------- NGWF line search -------------------------------
RMS gradient                =       0.00009483871066
Trial step length           =               0.828044
Gradient along search dir.  =         -0.06860670836
Functional at step 0        =    -515.56848682622967
Functional at step 1        =    -515.59542485895690
Functional predicted        =    -515.59549687135382
Selected quadratic step     =               0.787388
Conjugate gradients coeff.  =               0.416738
--------------------------- NGWF line search finished --------------------------
                                               
Writing NGWFs to file "Fe2_tert-butoxide_6_HighSpin.tightbox_ngwfs".... done

>>> Optimising kernel for current NGWFs:
   Initial electron number for spin 1:     114.05528683
   Initial electron number for spin 2:     104.05170565
     Final electron number for spin 1:     114.00000000
     Final electron number for spin 2:     104.00000000

=================== Penalty functional idempotency correction ==================
 RMS occupancy error at iteration   1:  0.000541 (step -0.4989 Ne1=    114.0000)
                                                               Ne2=    104.0000
 RMS occupancy error at iteration   2:  0.000002 (step -0.5000 Ne1=    114.0000)
                                                               Ne2=    104.0000
            Final RMS occupancy error   :  0.000000 (Ne1=    114.0000)
                                                     Ne2=    104.0000
            Final occupancy bounds spin 1: [  0.000,  1.000]
            Final occupancy bounds spin 2: [  0.000,  1.000]
================================================================================

................................................................................
<<<<<<<<<<<<<< LNV (Original version) density kernel optimisation >>>>>>>>>>>>>>
~~~~~~~~~~~~~~~~~~~~~~~~~~~~~~~~~~~~~~~~~~~~~~~~~~~~~~~~~~~~~~~~~~~~~~~~~~~~~~~~
   iter  |      energy (Eh)       | rms gradient |  commutator  |   dE (Eh)
      ideal mu1:      -0.565336541148
      ideal mu2:      -0.581498569719
             Q0:        -515.595462650099
             G0:      -0.008428336025
   RMS gradient:       0.000649166235
     Trial step:       0.382754400022
             Q1:        -515.596305088271
 Quadratic coef:       0.002383544526
 Linear coef   :      -0.003225982699
           Qmin:        -515.596554192994
Quadratic minimum step length (  0.259017412662) accepted
    Initial Ne1:     114.00000000
    Initial Ne2:     104.00000000
      Final Ne1:     114.00000000
      Final Ne2:     104.00000000

=================== Penalty functional idempotency correction ==================
 RMS occupancy error at iteration   1:  0.000008 (step -0.5000 Ne1=    114.0000)
                                                               Ne2=    104.0000
            Final RMS occupancy error   :  0.000000 (Ne1=    114.0000)
                                                     Ne2=    104.0000
            Final occupancy bounds spin 1: [ -0.000,  1.000]
            Final occupancy bounds spin 2: [ -0.000,  1.000]
================================================================================

    1        -5.155954626501E+02     6.4917E-04     4.3099E-04
      ideal mu1:      -0.567831513379
      ideal mu2:      -0.583008764769
             Q0:        -515.596556839479
             G0:      -0.001794959134
   RMS gradient:       0.000300310692
     Trial step:       0.314865136811
             Q1:        -515.596811451934
 Quadratic coef:       0.000310557598
 Linear coef   :      -0.000565170053
           Qmin:        -515.596813971482
Quadratic minimum step length (  0.286504576266) accepted
    Initial Ne1:     114.00000000
    Initial Ne2:     103.99999999
      Final Ne1:     114.00000000
      Final Ne2:     104.00000000

=================== Penalty functional idempotency correction ==================
 RMS occupancy error at iteration   1:  0.000006 (step -0.5000 Ne1=    114.0000)
                                                               Ne2=    104.0000
            Final RMS occupancy error   :  0.000000 (Ne1=    114.0000)
                                                     Ne2=    104.0000
            Final occupancy bounds spin 1: [  0.000,  1.000]
            Final occupancy bounds spin 2: [  0.000,  1.000]
================================================================================

    2        -5.155965568395E+02     3.0031E-04     1.9684E-04    -1.0942E-03
      ideal mu1:      -0.568620128849
      ideal mu2:      -0.583524781166
             Q0:        -515.596814355286
             G0:      -0.000567561429
   RMS gradient:       0.000169607288
     Trial step:       0.300350299822
             Q1:        -515.596907530555
 Quadratic coef:       0.000077291976
 Linear coef   :      -0.000170467245
           Qmin:        -515.596908346548
Quadratic minimum step length (  0.331210888244) accepted
    Initial Ne1:     114.00000001
    Initial Ne2:     103.99999995
      Final Ne1:     114.00000000
      Final Ne2:     104.00000000

=================== Penalty functional idempotency correction ==================
 RMS occupancy error at iteration   1:  0.000004 (step -0.5000 Ne1=    114.0000)
                                                               Ne2=    104.0000
            Final RMS occupancy error   :  0.000000 (Ne1=    114.0000)
                                                     Ne2=    104.0000
            Final occupancy bounds spin 1: [  0.000,  1.000]
            Final occupancy bounds spin 2: [  0.000,  1.000]
================================================================================

    3        -5.155968143553E+02     1.6961E-04     1.1041E-04    -2.5752E-04
      ideal mu1:      -0.569009623591
      ideal mu2:      -0.583826772547
             Q0:        -515.596908189779
             G0:      -0.000222820364
   RMS gradient:       0.000106542358
     Trial step:       0.315403375994
             Q1:        -515.596950200037
 Quadratic coef:       0.000028268037
 Linear coef   :      -0.000070278295
           Qmin:        -515.596951870198
Quadratic minimum step length (  0.392068461061) accepted
    Initial Ne1:     114.00000001
    Initial Ne2:     103.99999996
      Final Ne1:     114.00000000
      Final Ne2:     104.00000000

=================== Penalty functional idempotency correction ==================
 RMS occupancy error at iteration   1:  0.000003 (step -0.5000 Ne1=    114.0000)
                                                               Ne2=    104.0000
            Final RMS occupancy error   :  0.000000 (Ne1=    114.0000)
                                                     Ne2=    104.0000
            Final occupancy bounds spin 1: [  0.000,  1.000]
            Final occupancy bounds spin 2: [  0.000,  1.000]
================================================================================

    4        -5.155969081898E+02     1.0654E-04     6.9098E-05    -9.3834E-05
      ideal mu1:      -0.569038219475
      ideal mu2:      -0.583861766142
    5        -5.155969519623E+02     6.2487E-05     4.0933E-05    -4.3773E-05
Finished density kernel iterations (   5)

Writing density kernel to file "Fe2_tert-butoxide_6_HighSpin.dkn" ... done


>>> Density kernel optimised for the current NGWF basis:
     ~~~~~~~~~~~~~~~~~~~~~~~~~~~~~~~~~~~~~~~~~~~~~~~~~~~~~~~~~~~
     Total energy                =  -5.15596951962330E+02  Eh
     Estimated bandgap (UP spin) =   2.0025E-01  Eh
     Estimated bandgap (DN spin) =   6.4101E-02  Eh
     RMS occupancy error         =   8.9829E-11
     [H,K] commutator            =   4.0933E-05
     UP spin occupancy bounds    = [  0.000:  1.000]
     DN spin occupancy bounds    = [  0.000:  1.000]
     ~~~~~~~~~~~~~~~~~~~~~~~~~~~~~~~~~~~~~~~~~~~~~~~~~~~~~~~~~~~




################################################################################
########################### NGWF CG iteration  005 #############################
################################################################################
****** Reciprocal space K.E. preconditioning with k_zero =  3.0000 a0^-1 *******

>>> Checking for convergence of NGWFs:   NOT CONVERGED
  ========================================================================
         NGWF RMS gradient =  5.3773E-05 >  2.0000E-06  | above tolerance
  ========================================================================

>>> Improving NGWFs using line search:
============ Calculation of NGWF S^-1 using Hotelling algorithm ================ 
     Iteration  |  Spin  |  Frobenius norm and Maximum abs value (of I-S*S_n^-1)
         1           1      0.22994048E-01     0.11573350E-02
         2           1      0.54305019E-04     0.90013854E-05
         3           1      0.69810076E-09     0.13111279E-09
         4           1      0.18222291E-13     0.31086245E-14
================================================================================
============ Calculation of NGWF S^-1 using Hotelling algorithm ================ 
     Iteration  |  Spin  |  Frobenius norm and Maximum abs value (of I-S*S_n^-1)
         1           1      0.12292953E-02     0.57776044E-04
         2           1      0.15572923E-06     0.23167017E-07
         3           1      0.18659716E-13     0.24424907E-14
================================================================================
------------------------------- NGWF line search -------------------------------
RMS gradient                =       0.00005377266315
Trial step length           =               0.807460
Gradient along search dir.  =         -0.02149897682
Functional at step 0        =    -515.59695196232974
Functional at step 1        =    -515.60517453764942
Functional predicted        =    -515.60519741612109
Selected quadratic step     =               0.767055
Conjugate gradients coeff.  =               0.000000
--------------------------- NGWF line search finished --------------------------
                                               
Writing NGWFs to file "Fe2_tert-butoxide_6_HighSpin.tightbox_ngwfs".... done

>>> Optimising kernel for current NGWFs:
   Initial electron number for spin 1:     113.99941898
   Initial electron number for spin 2:     103.99876878
     Final electron number for spin 1:     114.00000000
     Final electron number for spin 2:     104.00000000

=================== Penalty functional idempotency correction ==================
 RMS occupancy error at iteration   1:  0.000239 (step -0.4998 Ne1=    114.0000)
                                                               Ne2=    104.0000
 RMS occupancy error at iteration   2:  0.000000 (step -0.5000 Ne1=    114.0000)
                                                               Ne2=    104.0000
            Final RMS occupancy error   :  0.000000 (Ne1=    114.0000)
                                                     Ne2=    104.0000
            Final occupancy bounds spin 1: [  0.000,  1.000]
            Final occupancy bounds spin 2: [  0.000,  1.000]
================================================================================

................................................................................
<<<<<<<<<<<<<< LNV (Original version) density kernel optimisation >>>>>>>>>>>>>>
~~~~~~~~~~~~~~~~~~~~~~~~~~~~~~~~~~~~~~~~~~~~~~~~~~~~~~~~~~~~~~~~~~~~~~~~~~~~~~~~
   iter  |      energy (Eh)       | rms gradient |  commutator  |   dE (Eh)
      ideal mu1:      -0.570185062363
      ideal mu2:      -0.584346811051
             Q0:        -515.605189780236
             G0:      -0.001156887851
   RMS gradient:       0.000240508612
     Trial step:       0.351652834824
             Q1:        -515.605318815594
 Quadratic coef:       0.000277787534
 Linear coef   :      -0.000406822892
           Qmin:        -515.605338729384
Quadratic minimum step length (  0.257499717769) accepted
    Initial Ne1:     114.00000000
    Initial Ne2:     104.00000000
      Final Ne1:     114.00000000
      Final Ne2:     104.00000000

=================== Penalty functional idempotency correction ==================
 RMS occupancy error at iteration   1:  0.000001 (step -0.5000 Ne1=    114.0000)
                                                               Ne2=    104.0000
            Final RMS occupancy error   :  0.000000 (Ne1=    114.0000)
                                                     Ne2=    104.0000
            Final occupancy bounds spin 1: [  0.000,  1.000]
            Final occupancy bounds spin 2: [  0.000,  1.000]
================================================================================

    1        -5.156051897802E+02     2.4051E-04     1.5834E-04
      ideal mu1:      -0.569081107713
      ideal mu2:      -0.583635923436
             Q0:        -515.605338467599
             G0:      -0.000381096308
   RMS gradient:       0.000137794121
     Trial step:       0.300916110768
             Q1:        -515.605398544206
 Quadratic coef:       0.000054601412
 Linear coef   :      -0.000114678019
           Qmin:        -515.605398681463
Quadratic minimum step length (  0.316003399449) accepted
    Initial Ne1:     114.00000000
    Initial Ne2:     104.00000000
      Final Ne1:     114.00000000
      Final Ne2:     104.00000000

=================== Penalty functional idempotency correction ==================
 RMS occupancy error at iteration   1:  0.000001 (step -0.5000 Ne1=    114.0000)
                                                               Ne2=    104.0000
            Final RMS occupancy error   :  0.000000 (Ne1=    114.0000)
                                                     Ne2=    104.0000
            Final occupancy bounds spin 1: [  0.000,  1.000]
            Final occupancy bounds spin 2: [  0.000,  1.000]
================================================================================

    2        -5.156053384676E+02     1.3779E-04     9.0112E-05    -1.4869E-04
      ideal mu1:      -0.568479995025
      ideal mu2:      -0.583225716964
             Q0:        -515.605398719459
             G0:      -0.000128581637
   RMS gradient:       0.000079680333
     Trial step:       0.308367498209
             Q1:        -515.605419039293
 Quadratic coef:       0.000019330564
 Linear coef   :      -0.000039650398
           Qmin:        -515.605419051950
Quadratic minimum step length (  0.316258081323) accepted
    Initial Ne1:     114.00000000
    Initial Ne2:     104.00000000
      Final Ne1:     114.00000000
      Final Ne2:     104.00000000

=================== Penalty functional idempotency correction ==================
 RMS occupancy error at iteration   1:  0.000001 (step -0.5000 Ne1=    114.0000)
                                                               Ne2=    104.0000
            Final RMS occupancy error   :  0.000000 (Ne1=    114.0000)
                                                     Ne2=    104.0000
            Final occupancy bounds spin 1: [  0.000,  1.000]
            Final occupancy bounds spin 2: [  0.000,  1.000]
================================================================================

    3        -5.156053987195E+02     7.9680E-05     5.2081E-05    -6.0252E-05
      ideal mu1:      -0.568405854606
      ideal mu2:      -0.583158247560
             Q0:        -515.605419064487
             G0:      -0.000053555495
   RMS gradient:       0.000051140354
     Trial step:       0.312287869322
             Q1:        -515.605431179457
 Quadratic coef:       0.000004609761
 Linear coef   :      -0.000016724731
           Qmin:        -515.605434234289
Quadratic minimum step length (  0.566507764096) accepted
    Initial Ne1:     114.00000000
    Initial Ne2:     104.00000000
      Final Ne1:     114.00000000
      Final Ne2:     104.00000000

=================== Penalty functional idempotency correction ==================
 RMS occupancy error at iteration   1:  0.000001 (step -0.5000 Ne1=    114.0000)
                                                               Ne2=    104.0000
            Final RMS occupancy error   :  0.000000 (Ne1=    114.0000)
                                                     Ne2=    104.0000
            Final occupancy bounds spin 1: [  0.000,  1.000]
            Final occupancy bounds spin 2: [  0.000,  1.000]
================================================================================

    4        -5.156054190645E+02     5.1140E-05     3.3470E-05    -2.0345E-05
      ideal mu1:      -0.568556866056
      ideal mu2:      -0.583255292221
    5        -5.156054344779E+02     4.1991E-05     2.7718E-05    -1.5413E-05
Finished density kernel iterations (   5)

Writing density kernel to file "Fe2_tert-butoxide_6_HighSpin.dkn" ... done


>>> Density kernel optimised for the current NGWF basis:
     ~~~~~~~~~~~~~~~~~~~~~~~~~~~~~~~~~~~~~~~~~~~~~~~~~~~~~~~~~~~
     Total energy                =  -5.15605434477941E+02  Eh
     Estimated bandgap (UP spin) =   1.9977E-01  Eh
     Estimated bandgap (DN spin) =   6.2865E-02  Eh
     RMS occupancy error         =   3.0550E-11
     [H,K] commutator            =   2.7718E-05
     UP spin occupancy bounds    = [  0.000:  1.000]
     DN spin occupancy bounds    = [  0.000:  1.000]
     ~~~~~~~~~~~~~~~~~~~~~~~~~~~~~~~~~~~~~~~~~~~~~~~~~~~~~~~~~~~


================================================================================
           ---------------- ENERGY COMPONENTS (Eh) ----------------
           | Kinetic                    :      181.65783298286874 |
           | Core Hartree               :    -4524.51811244387136 |
           | CoreHart (non-coul chg cor):        0.00000000000000
           | Hartree                    :     2159.24248717275032 |
           | Exchange-correlation       :      -94.75615986102871 |
           | Ewald                      :     1760.49136454342306 |
           | Dij0                       :        6.11260409682169 |
           | Dijhartree                 :       21.77306812206256 |
           | Exc [AE core]              :     -290.57108154709738 |
           | Exc DC [AE core]           :     -124.28644818537344 |
           | Exc [PS core]              :      -73.06495683900972 |
           | Exc DC [PS core]           :      -82.74894032331528 |
           | Exc [Core]                 :     -191.89760561712143 |
           | Total [Sphere]             :        2.27715312791804 |
           | Total                      :     -515.60543447793964 |
           --------------------------------------------------------
           ------ LOCAL ENERGY COMPONENTS FROM MATRIX TRACES ------
           | Core Hartree               :    -4524.51811244386954 |
           | Hartree (Valence)          :     2159.24248717274759 |
           --------------------------------------------------------
           Integrated compensation chrg.:       24.46984891368795
           Integrated density           :      217.99999853226598
           Integrated spin density      :        9.99999988984995
           Integrated |spin density|    :       10.01355317066346
           Local density approx. <S^2>  :       30.00677664039605
           Integrated density tr(KS)    :      218.00000000000000
           Integrated spin tr(KS)       :       10.00000000000000
================================================================================




################################################################################
########################### NGWF CG iteration  006 #############################
################################################################################
****** Reciprocal space K.E. preconditioning with k_zero =  3.0000 a0^-1 *******

>>> Checking for convergence of NGWFs:   NOT CONVERGED
  ========================================================================
         NGWF RMS gradient =  3.7159E-05 >  2.0000E-06  | above tolerance
  ========================================================================

>>> Improving NGWFs using line search:
============ Calculation of NGWF S^-1 using Hotelling algorithm ================ 
     Iteration  |  Spin  |  Frobenius norm and Maximum abs value (of I-S*S_n^-1)
         1           1      0.33950851E-01     0.15731401E-02
         2           1      0.12082616E-03     0.18067040E-04
         3           1      0.31039263E-08     0.54840155E-09
         4           1      0.17122656E-13     0.22204460E-14
================================================================================
============ Calculation of NGWF S^-1 using Hotelling algorithm ================ 
     Iteration  |  Spin  |  Frobenius norm and Maximum abs value (of I-S*S_n^-1)
         1           1      0.16253069E-01     0.85152667E-03
         2           1      0.28134408E-04     0.33292375E-05
         3           1      0.14263819E-09     0.20356938E-10
         4           1      0.17580232E-13     0.29026261E-14
================================================================================
------------------------------- NGWF line search -------------------------------
RMS gradient                =       0.00003715885993
Trial step length           =               0.786999
Gradient along search dir.  =         -0.01049545595
Functional at step 0        =    -515.60543447794089
Functional at step 1        =    -515.61077397743281
Functional predicted        =    -515.61127493414426
Selected quadratic step     =               1.112949
Conjugate gradients coeff.  =               0.477531
--------------------------- NGWF line search finished --------------------------
                                               
Writing NGWFs to file "Fe2_tert-butoxide_6_HighSpin.tightbox_ngwfs".... done

>>> Optimising kernel for current NGWFs:
   Initial electron number for spin 1:     114.00437238
   Initial electron number for spin 2:     104.00262189
     Final electron number for spin 1:     114.00000000
     Final electron number for spin 2:     104.00000000

=================== Penalty functional idempotency correction ==================
 RMS occupancy error at iteration   1:  0.000479 (step -0.4995 Ne1=    114.0000)
                                                               Ne2=    104.0000
 RMS occupancy error at iteration   2:  0.000002 (step -0.5000 Ne1=    114.0000)
                                                               Ne2=    104.0000
            Final RMS occupancy error   :  0.000000 (Ne1=    114.0000)
                                                     Ne2=    104.0000
            Final occupancy bounds spin 1: [  0.000,  1.000]
            Final occupancy bounds spin 2: [  0.000,  1.000]
================================================================================

................................................................................
<<<<<<<<<<<<<< LNV (Original version) density kernel optimisation >>>>>>>>>>>>>>
~~~~~~~~~~~~~~~~~~~~~~~~~~~~~~~~~~~~~~~~~~~~~~~~~~~~~~~~~~~~~~~~~~~~~~~~~~~~~~~~
   iter  |      energy (Eh)       | rms gradient |  commutator  |   dE (Eh)
      ideal mu1:      -0.566123434516
      ideal mu2:      -0.581362038637
             Q0:        -515.611214962388
             G0:      -0.001440576750
   RMS gradient:       0.000268381887
     Trial step:       0.420610868386
             Q1:        -515.611392095241
 Quadratic coef:       0.000428789385
 Linear coef   :      -0.000605922238
           Qmin:        -515.611429019552
Quadratic minimum step length (  0.297182588753) accepted
    Initial Ne1:     114.00000000
    Initial Ne2:     104.00000000
      Final Ne1:     114.00000000
      Final Ne2:     104.00000000

=================== Penalty functional idempotency correction ==================
 RMS occupancy error at iteration   1:  0.000002 (step -0.5000 Ne1=    114.0000)
                                                               Ne2=    104.0000
            Final RMS occupancy error   :  0.000000 (Ne1=    114.0000)
                                                     Ne2=    104.0000
            Final occupancy bounds spin 1: [  0.000,  1.000]
            Final occupancy bounds spin 2: [  0.000,  1.000]
================================================================================

    1        -5.156112149624E+02     2.6838E-04     1.7751E-04
      ideal mu1:      -0.567186938059
      ideal mu2:      -0.582005477255
             Q0:        -515.611429831353
             G0:      -0.000474801805
   RMS gradient:       0.000154782117
     Trial step:       0.353550882794
             Q1:        -515.611501345340
 Quadratic coef:       0.000096352611
 Linear coef   :      -0.000167866597
           Qmin:        -515.611502946119
Quadratic minimum step length (  0.307980152086) accepted
    Initial Ne1:     114.00000000
    Initial Ne2:     104.00000000
      Final Ne1:     114.00000000
      Final Ne2:     104.00000000

=================== Penalty functional idempotency correction ==================
 RMS occupancy error at iteration   1:  0.000002 (step -0.5000 Ne1=    114.0000)
                                                               Ne2=    104.0000
            Final RMS occupancy error   :  0.000000 (Ne1=    114.0000)
                                                     Ne2=    104.0000
            Final occupancy bounds spin 1: [  0.000,  1.000]
            Final occupancy bounds spin 2: [  0.000,  1.000]
================================================================================

    2        -5.156114298314E+02     1.5478E-04     1.0074E-04    -2.1487E-04
      ideal mu1:      -0.567551687374
      ideal mu2:      -0.582246580642
             Q0:        -515.611503132601
             G0:      -0.000153076704
   RMS gradient:       0.000088233469
     Trial step:       0.329979779158
             Q1:        -515.611527333365
 Quadratic coef:       0.000026311452
 Linear coef   :      -0.000050512217
           Qmin:        -515.611527375695
Quadratic minimum step length (  0.316744394950) accepted
    Initial Ne1:     114.00000000
    Initial Ne2:     104.00000000
      Final Ne1:     114.00000000
      Final Ne2:     104.00000000

=================== Penalty functional idempotency correction ==================
 RMS occupancy error at iteration   1:  0.000001 (step -0.5000 Ne1=    114.0000)
                                                               Ne2=    104.0000
            Final RMS occupancy error   :  0.000000 (Ne1=    114.0000)
                                                     Ne2=    104.0000
            Final occupancy bounds spin 1: [  0.000,  1.000]
            Final occupancy bounds spin 2: [  0.000,  1.000]
================================================================================

    3        -5.156115031326E+02     8.8233E-05     5.7207E-05    -7.3301E-05
      ideal mu1:      -0.567593146276
      ideal mu2:      -0.582298464077
             Q0:        -515.611527375608
             G0:      -0.000053125738
   RMS gradient:       0.000051516531
     Trial step:       0.323294363538
             Q1:        -515.611536870017
 Quadratic coef:       0.000007680842
 Linear coef   :      -0.000017175252
           Qmin:        -515.611536977070
Quadratic minimum step length (  0.361461781311) accepted
    Initial Ne1:     114.00000000
    Initial Ne2:     104.00000000
      Final Ne1:     114.00000000
      Final Ne2:     104.00000000

=================== Penalty functional idempotency correction ==================
 RMS occupancy error at iteration   1:  0.000001 (step -0.5000 Ne1=    114.0000)
                                                               Ne2=    104.0000
            Final RMS occupancy error   :  0.000000 (Ne1=    114.0000)
                                                     Ne2=    104.0000
            Final occupancy bounds spin 1: [  0.000,  1.000]
            Final occupancy bounds spin 2: [  0.000,  1.000]
================================================================================

    4        -5.156115273756E+02     5.1517E-05     3.3308E-05    -2.4243E-05
      ideal mu1:      -0.567544694258
      ideal mu2:      -0.582272031984
    5        -5.156115370266E+02     2.9441E-05     1.9288E-05    -9.6510E-06
Finished density kernel iterations (   5)

Writing density kernel to file "Fe2_tert-butoxide_6_HighSpin.dkn" ... done


>>> Density kernel optimised for the current NGWF basis:
     ~~~~~~~~~~~~~~~~~~~~~~~~~~~~~~~~~~~~~~~~~~~~~~~~~~~~~~~~~~~
     Total energy                =  -5.15611537026646E+02  Eh
     Estimated bandgap (UP spin) =   1.9489E-01  Eh
     Estimated bandgap (DN spin) =   6.4972E-02  Eh
     RMS occupancy error         =   3.3089E-12
     [H,K] commutator            =   1.9288E-05
     UP spin occupancy bounds    = [  0.000:  1.000]
     DN spin occupancy bounds    = [  0.000:  1.000]
     ~~~~~~~~~~~~~~~~~~~~~~~~~~~~~~~~~~~~~~~~~~~~~~~~~~~~~~~~~~~




################################################################################
########################### NGWF CG iteration  007 #############################
################################################################################
****** Reciprocal space K.E. preconditioning with k_zero =  3.0000 a0^-1 *******

>>> Checking for convergence of NGWFs:   NOT CONVERGED
  ========================================================================
         NGWF RMS gradient =  2.8282E-05 >  2.0000E-06  | above tolerance
  ========================================================================

>>> Improving NGWFs using line search:
============ Calculation of NGWF S^-1 using Hotelling algorithm ================ 
     Iteration  |  Spin  |  Frobenius norm and Maximum abs value (of I-S*S_n^-1)
         1           1      0.55054555E-01     0.28591378E-02
         2           1      0.33207859E-03     0.37327784E-04
         3           1      0.20031674E-07     0.26321829E-08
         4           1      0.18128294E-13     0.35527137E-14
================================================================================
============ Calculation of NGWF S^-1 using Hotelling algorithm ================ 
     Iteration  |  Spin  |  Frobenius norm and Maximum abs value (of I-S*S_n^-1)
         1           1      0.20629805E-01     0.11736192E-02
         2           1      0.47681681E-04     0.40388614E-05
         3           1      0.37177468E-09     0.34444003E-10
         4           1      0.18221778E-13     0.26645353E-14
================================================================================
------------------------------- NGWF line search -------------------------------
RMS gradient                =       0.00002828233733
Trial step length           =               0.935890
Gradient along search dir.  =         -0.00617127046
Functional at step 0        =    -515.61153702664581
Functional at step 1        =    -515.61511323044419
Functional predicted        =    -515.61532868664995
Selected quadratic step     =               1.228810
Conjugate gradients coeff.  =               0.579303
--------------------------- NGWF line search finished --------------------------
                                               
Writing NGWFs to file "Fe2_tert-butoxide_6_HighSpin.tightbox_ngwfs".... done

>>> Optimising kernel for current NGWFs:
   Initial electron number for spin 1:     114.01169862
   Initial electron number for spin 2:     104.00903753
     Final electron number for spin 1:     114.00000000
     Final electron number for spin 2:     104.00000000

=================== Penalty functional idempotency correction ==================
 RMS occupancy error at iteration   1:  0.000606 (step -0.4993 Ne1=    114.0000)
                                                               Ne2=    104.0000
 RMS occupancy error at iteration   2:  0.000003 (step -0.5000 Ne1=    114.0000)
                                                               Ne2=    104.0000
            Final RMS occupancy error   :  0.000000 (Ne1=    114.0000)
                                                     Ne2=    104.0000
            Final occupancy bounds spin 1: [  0.000,  1.000]
            Final occupancy bounds spin 2: [  0.000,  1.000]
================================================================================

................................................................................
<<<<<<<<<<<<<< LNV (Original version) density kernel optimisation >>>>>>>>>>>>>>
~~~~~~~~~~~~~~~~~~~~~~~~~~~~~~~~~~~~~~~~~~~~~~~~~~~~~~~~~~~~~~~~~~~~~~~~~~~~~~~~
   iter  |      energy (Eh)       | rms gradient |  commutator  |   dE (Eh)
      ideal mu1:      -0.567169971167
      ideal mu2:      -0.581814054986
             Q0:        -515.615252936781
             G0:      -0.000798205119
   RMS gradient:       0.000199775514
     Trial step:       0.341845808124
             Q1:        -515.615409953031
 Quadratic coef:       0.000115846825
 Linear coef   :      -0.000272863074
           Qmin:        -515.615413610709
Quadratic minimum step length (  0.402588065877) accepted
    Initial Ne1:     113.99999999
    Initial Ne2:     103.99999999
      Final Ne1:     114.00000000
      Final Ne2:     104.00000000

=================== Penalty functional idempotency correction ==================
 RMS occupancy error at iteration   1:  0.000002 (step -0.5000 Ne1=    114.0000)
                                                               Ne2=    104.0000
            Final RMS occupancy error   :  0.000000 (Ne1=    114.0000)
                                                     Ne2=    104.0000
            Final occupancy bounds spin 1: [  0.000,  1.000]
            Final occupancy bounds spin 2: [  0.000,  1.000]
================================================================================

    1        -5.156152529368E+02     1.9978E-04     1.3000E-04
      ideal mu1:      -0.566670804373
      ideal mu2:      -0.581335923636
             Q0:        -515.615413525239
             G0:      -0.000536249187
   RMS gradient:       0.000164039264
     Trial step:       0.370975798026
             Q1:        -515.615464753472
 Quadratic coef:       0.000147707236
 Linear coef   :      -0.000198935470
           Qmin:        -515.615480507944
Quadratic minimum step length (  0.249819327006) accepted
    Initial Ne1:     113.99999999
    Initial Ne2:     103.99999999
      Final Ne1:     114.00000000
      Final Ne2:     104.00000000

=================== Penalty functional idempotency correction ==================
 RMS occupancy error at iteration   1:  0.000002 (step -0.5000 Ne1=    114.0000)
                                                               Ne2=    104.0000
            Final RMS occupancy error   :  0.000000 (Ne1=    114.0000)
                                                     Ne2=    104.0000
            Final occupancy bounds spin 1: [  0.000,  1.000]
            Final occupancy bounds spin 2: [  0.000,  1.000]
================================================================================

    2        -5.156154135252E+02     1.6404E-04     1.0588E-04    -1.6059E-04
      ideal mu1:      -0.566522232792
      ideal mu2:      -0.581185717338
             Q0:        -515.615480438763
             G0:      -0.000108410536
   RMS gradient:       0.000073537271
     Trial step:       0.304428849156
             Q1:        -515.615501067063
 Quadratic coef:       0.000012374995
 Linear coef   :      -0.000033003295
           Qmin:        -515.615502443166
Quadratic minimum step length (  0.405945827838) accepted
    Initial Ne1:     114.00000000
    Initial Ne2:     103.99999999
      Final Ne1:     114.00000000
      Final Ne2:     104.00000000

=================== Penalty functional idempotency correction ==================
 RMS occupancy error at iteration   1:  0.000001 (step -0.5000 Ne1=    114.0000)
                                                               Ne2=    104.0000
            Final RMS occupancy error   :  0.000000 (Ne1=    114.0000)
                                                     Ne2=    104.0000
            Final occupancy bounds spin 1: [  0.000,  1.000]
            Final occupancy bounds spin 2: [  0.000,  1.000]
================================================================================

    3        -5.156154804388E+02     7.3537E-05     4.7691E-05    -6.6914E-05
      ideal mu1:      -0.566626607753
      ideal mu2:      -0.581315516605
             Q0:        -515.615502665157
             G0:      -0.000026840940
   RMS gradient:       0.000035916826
     Trial step:       0.351541777302
             Q1:        -515.615507237873
 Quadratic coef:       0.000004862996
 Linear coef   :      -0.000009435712
           Qmin:        -515.615507242204
Quadratic minimum step length (  0.341049721984) accepted
    Initial Ne1:     114.00000000
    Initial Ne2:     104.00000000
      Final Ne1:     114.00000000
      Final Ne2:     104.00000000

=================== Penalty functional idempotency correction ==================
 RMS occupancy error at iteration   1:  0.000000 (step -0.5000 Ne1=    114.0000)
                                                               Ne2=    104.0000
            Final RMS occupancy error   :  0.000000 (Ne1=    114.0000)
                                                     Ne2=    104.0000
            Final occupancy bounds spin 1: [  0.000,  1.000]
            Final occupancy bounds spin 2: [  0.000,  1.000]
================================================================================

    4        -5.156155026652E+02     3.5917E-05     2.3475E-05    -2.2226E-05
      ideal mu1:      -0.566715161856
      ideal mu2:      -0.581391815565
    5        -5.156155072452E+02     3.1134E-05     2.0338E-05    -4.5801E-06
Finished density kernel iterations (   5)

Writing density kernel to file "Fe2_tert-butoxide_6_HighSpin.dkn" ... done


>>> Density kernel optimised for the current NGWF basis:
     ~~~~~~~~~~~~~~~~~~~~~~~~~~~~~~~~~~~~~~~~~~~~~~~~~~~~~~~~~~~
     Total energy                =  -5.15615507245207E+02  Eh
     Estimated bandgap (UP spin) =   1.9044E-01  Eh
     Estimated bandgap (DN spin) =   6.4022E-02  Eh
     RMS occupancy error         =   1.1049E-12
     [H,K] commutator            =   2.0338E-05
     UP spin occupancy bounds    = [  0.000:  1.000]
     DN spin occupancy bounds    = [  0.000:  1.000]
     ~~~~~~~~~~~~~~~~~~~~~~~~~~~~~~~~~~~~~~~~~~~~~~~~~~~~~~~~~~~




################################################################################
########################### NGWF CG iteration  008 #############################
################################################################################
****** Reciprocal space K.E. preconditioning with k_zero =  3.0000 a0^-1 *******

>>> Checking for convergence of NGWFs:   NOT CONVERGED
  ========================================================================
         NGWF RMS gradient =  1.8315E-05 >  2.0000E-06  | above tolerance
  ========================================================================

>>> Improving NGWFs using line search:
============ Calculation of NGWF S^-1 using Hotelling algorithm ================ 
     Iteration  |  Spin  |  Frobenius norm and Maximum abs value (of I-S*S_n^-1)
         1           1      0.59146452E-01     0.30233023E-02
         2           1      0.40485371E-03     0.38223694E-04
         3           1      0.29223867E-07     0.29719682E-08
         4           1      0.17441842E-13     0.26645353E-14
================================================================================
============ Calculation of NGWF S^-1 using Hotelling algorithm ================ 
     Iteration  |  Spin  |  Frobenius norm and Maximum abs value (of I-S*S_n^-1)
         1           1      0.16548003E-03     0.91311903E-05
         2           1      0.32205885E-08     0.24777047E-09
         3           1      0.16673107E-13     0.26645353E-14
================================================================================
------------------------------- NGWF line search -------------------------------
RMS gradient                =       0.00001831499239
Trial step length           =               1.072395
Gradient along search dir.  =         -0.00261825658
Functional at step 0        =    -515.61550724520725
Functional at step 1        =    -515.61690768292783
Functional predicted        =    -515.61690769145798
Selected quadratic step     =               1.069755
Conjugate gradients coeff.  =               0.419356
--------------------------- NGWF line search finished --------------------------
                                               
Writing NGWFs to file "Fe2_tert-butoxide_6_HighSpin.tightbox_ngwfs".... done

>>> Optimising kernel for current NGWFs:
   Initial electron number for spin 1:     114.00908409
   Initial electron number for spin 2:     104.00715461
     Final electron number for spin 1:     114.00000000
     Final electron number for spin 2:     104.00000000

=================== Penalty functional idempotency correction ==================
 RMS occupancy error at iteration   1:  0.000441 (step -0.4995 Ne1=    114.0000)
                                                               Ne2=    104.0000
 RMS occupancy error at iteration   2:  0.000001 (step -0.5000 Ne1=    114.0000)
                                                               Ne2=    104.0000
            Final RMS occupancy error   :  0.000000 (Ne1=    114.0000)
                                                     Ne2=    104.0000
            Final occupancy bounds spin 1: [  0.000,  1.000]
            Final occupancy bounds spin 2: [  0.000,  1.000]
================================================================================

................................................................................
<<<<<<<<<<<<<< LNV (Original version) density kernel optimisation >>>>>>>>>>>>>>
~~~~~~~~~~~~~~~~~~~~~~~~~~~~~~~~~~~~~~~~~~~~~~~~~~~~~~~~~~~~~~~~~~~~~~~~~~~~~~~~
   iter  |      energy (Eh)       | rms gradient |  commutator  |   dE (Eh)
      ideal mu1:      -0.566663626322
      ideal mu2:      -0.581272745640
             Q0:        -515.616863127934
             G0:      -0.000380839613
   RMS gradient:       0.000137992683
     Trial step:       0.346256011377
             Q1:        -515.616942096531
 Quadratic coef:       0.000052899409
 Linear coef   :      -0.000131868006
           Qmin:        -515.616945308299
Quadratic minimum step length (  0.431574668914) accepted
    Initial Ne1:     114.00000000
    Initial Ne2:     104.00000000
      Final Ne1:     114.00000000
      Final Ne2:     104.00000000

=================== Penalty functional idempotency correction ==================
 RMS occupancy error at iteration   1:  0.000001 (step -0.5000 Ne1=    114.0000)
                                                               Ne2=    104.0000
            Final RMS occupancy error   :  0.000000 (Ne1=    114.0000)
                                                     Ne2=    104.0000
            Final occupancy bounds spin 1: [  0.000,  1.000]
            Final occupancy bounds spin 2: [  0.000,  1.000]
================================================================================

    1        -5.156168631279E+02     1.3799E-04     8.9671E-05
      ideal mu1:      -0.566257178435
      ideal mu2:      -0.580871964267
             Q0:        -515.616945413682
             G0:      -0.000247544744
   RMS gradient:       0.000110894572
     Trial step:       0.386568652984
             Q1:        -515.616962916123
 Quadratic coef:       0.000078190597
 Linear coef   :      -0.000095693038
           Qmin:        -515.616974692003
Quadratic minimum step length (  0.236549729152) accepted
    Initial Ne1:     114.00000000
    Initial Ne2:     104.00000000
      Final Ne1:     114.00000000
      Final Ne2:     104.00000000

=================== Penalty functional idempotency correction ==================
 RMS occupancy error at iteration   1:  0.000001 (step -0.5000 Ne1=    114.0000)
                                                               Ne2=    104.0000
            Final RMS occupancy error   :  0.000000 (Ne1=    114.0000)
                                                     Ne2=    104.0000
            Final occupancy bounds spin 1: [  0.000,  1.000]
            Final occupancy bounds spin 2: [  0.000,  1.000]
================================================================================

    2        -5.156169454137E+02     1.1089E-04     7.0772E-05    -8.2286E-05
      ideal mu1:      -0.566152686506
      ideal mu2:      -0.580770185574
             Q0:        -515.616974514341
             G0:      -0.000055575621
   RMS gradient:       0.000052460176
     Trial step:       0.302394957236
             Q1:        -515.616985205506
 Quadratic coef:       0.000006114623
 Linear coef   :      -0.000016805788
           Qmin:        -515.616986061845
Quadratic minimum step length (  0.415560018205) accepted
    Initial Ne1:     114.00000000
    Initial Ne2:     104.00000000
      Final Ne1:     114.00000000
      Final Ne2:     104.00000000

=================== Penalty functional idempotency correction ==================
 RMS occupancy error at iteration   1:  0.000001 (step -0.5000 Ne1=    114.0000)
                                                               Ne2=    104.0000
            Final RMS occupancy error   :  0.000000 (Ne1=    114.0000)
                                                     Ne2=    104.0000
            Final occupancy bounds spin 1: [  0.000,  1.000]
            Final occupancy bounds spin 2: [  0.000,  1.000]
================================================================================

    3        -5.156169745143E+02     5.2460E-05     3.3964E-05    -2.9101E-05
      ideal mu1:      -0.566236758346
      ideal mu2:      -0.580876014092
             Q0:        -515.616986127712
             G0:      -0.000012874805
   RMS gradient:       0.000025108373
     Trial step:       0.354490132351
             Q1:        -515.616988609909
 Quadratic coef:       0.000002081794
 Linear coef   :      -0.000004563991
           Qmin:        -515.616988629162
Quadratic minimum step length (  0.388580741993) accepted
    Initial Ne1:     114.00000000
    Initial Ne2:     104.00000000
      Final Ne1:     114.00000000
      Final Ne2:     104.00000000

=================== Penalty functional idempotency correction ==================
 RMS occupancy error at iteration   1:  0.000000 (step -0.5000 Ne1=    114.0000)
                                                               Ne2=    104.0000
            Final RMS occupancy error   :  0.000000 (Ne1=    114.0000)
                                                     Ne2=    104.0000
            Final occupancy bounds spin 1: [  0.000,  1.000]
            Final occupancy bounds spin 2: [  0.000,  1.000]
================================================================================

    4        -5.156169861277E+02     2.5108E-05     1.6362E-05    -1.1613E-05
      ideal mu1:      -0.566315948243
      ideal mu2:      -0.580943783256
    5        -5.156169886204E+02     2.3071E-05     1.4993E-05    -2.4927E-06
Finished density kernel iterations (   5)

Writing density kernel to file "Fe2_tert-butoxide_6_HighSpin.dkn" ... done


>>> Density kernel optimised for the current NGWF basis:
     ~~~~~~~~~~~~~~~~~~~~~~~~~~~~~~~~~~~~~~~~~~~~~~~~~~~~~~~~~~~
     Total energy                =  -5.15616988620414E+02  Eh
     Estimated bandgap (UP spin) =   1.8713E-01  Eh
     Estimated bandgap (DN spin) =   6.3908E-02  Eh
     RMS occupancy error         =   3.6940E-13
     [H,K] commutator            =   1.4993E-05
     UP spin occupancy bounds    = [  0.000:  1.000]
     DN spin occupancy bounds    = [  0.000:  1.000]
     ~~~~~~~~~~~~~~~~~~~~~~~~~~~~~~~~~~~~~~~~~~~~~~~~~~~~~~~~~~~




################################################################################
########################### NGWF CG iteration  009 #############################
################################################################################
****** Reciprocal space K.E. preconditioning with k_zero =  3.0000 a0^-1 *******

>>> Checking for convergence of NGWFs:   NOT CONVERGED
  ========================================================================
         NGWF RMS gradient =  1.3463E-05 >  2.0000E-06  | above tolerance
  ========================================================================

>>> Improving NGWFs using line search:
============ Calculation of NGWF S^-1 using Hotelling algorithm ================ 
     Iteration  |  Spin  |  Frobenius norm and Maximum abs value (of I-S*S_n^-1)
         1           1      0.22029690E-01     0.12717450E-02
         2           1      0.54151577E-04     0.84036171E-05
         3           1      0.58991634E-09     0.10149548E-09
         4           1      0.17554979E-13     0.22204460E-14
================================================================================
============ Calculation of NGWF S^-1 using Hotelling algorithm ================ 
     Iteration  |  Spin  |  Frobenius norm and Maximum abs value (of I-S*S_n^-1)
         1           1      0.81449321E-02     0.46121267E-03
         2           1      0.74641793E-05     0.10941365E-05
         3           1      0.11134159E-10     0.17713608E-11
         4           1      0.16296777E-13     0.28865799E-14
================================================================================
------------------------------- NGWF line search -------------------------------
RMS gradient                =       0.00001346277025
Trial step length           =               1.071074
Gradient along search dir.  =         -0.00134760796
Functional at step 0        =    -515.61698862041362
Functional at step 1        =    -515.61730465312678
Functional predicted        =    -515.61745062401940
Selected quadratic step     =               0.685665
Conjugate gradients coeff.  =               0.000000
--------------------------- NGWF line search finished --------------------------
                                               
Writing NGWFs to file "Fe2_tert-butoxide_6_HighSpin.tightbox_ngwfs".... done

>>> Optimising kernel for current NGWFs:
   Initial electron number for spin 1:     114.00076701
   Initial electron number for spin 2:     104.00040959
     Final electron number for spin 1:     114.00000000
     Final electron number for spin 2:     104.00000000

=================== Penalty functional idempotency correction ==================
 RMS occupancy error at iteration   1:  0.000136 (step -0.4999 Ne1=    114.0000)
                                                               Ne2=    104.0000
            Final RMS occupancy error   :  0.000000 (Ne1=    114.0000)
                                                     Ne2=    104.0000
            Final occupancy bounds spin 1: [  0.000,  1.000]
            Final occupancy bounds spin 2: [  0.000,  1.000]
================================================================================

................................................................................
<<<<<<<<<<<<<< LNV (Original version) density kernel optimisation >>>>>>>>>>>>>>
~~~~~~~~~~~~~~~~~~~~~~~~~~~~~~~~~~~~~~~~~~~~~~~~~~~~~~~~~~~~~~~~~~~~~~~~~~~~~~~~
   iter  |      energy (Eh)       | rms gradient |  commutator  |   dE (Eh)
      ideal mu1:      -0.565912980119
      ideal mu2:      -0.580650469742
             Q0:        -515.617451132090
             G0:      -0.000080186464
   RMS gradient:       0.000063319217
     Trial step:       0.371144228916
             Q1:        -515.617462232679
 Quadratic coef:       0.000018660154
 Linear coef   :      -0.000029760743
           Qmin:        -515.617462998308
Quadratic minimum step length (  0.295965621687) accepted
    Initial Ne1:     113.99997922
    Initial Ne2:     103.99997955
      Final Ne1:     114.00000000
      Final Ne2:     104.00000000

=================== Penalty functional idempotency correction ==================
 RMS occupancy error at iteration   1:  0.000000 (step -0.5000 Ne1=    114.0000)
                                                               Ne2=    104.0000
            Final RMS occupancy error   :  0.000000 (Ne1=    114.0000)
                                                     Ne2=    104.0000
            Final occupancy bounds spin 1: [  0.000,  1.000]
            Final occupancy bounds spin 2: [  0.000,  1.000]
================================================================================

    1        -5.156174511321E+02     6.3319E-05     4.1759E-05
      ideal mu1:      -0.566114821584
      ideal mu2:      -0.580761168482
             Q0:        -515.617463046868
             G0:      -0.000031771296
   RMS gradient:       0.000040181135
     Trial step:       0.331430132074
             Q1:        -515.617467948240
 Quadratic coef:       0.000005628593
 Linear coef   :      -0.000010529965
           Qmin:        -515.617467971729
Quadratic minimum step length (  0.310019559639) accepted
    Initial Ne1:     113.99999123
    Initial Ne2:     103.99999137
      Final Ne1:     114.00000000
      Final Ne2:     104.00000000

=================== Penalty functional idempotency correction ==================
 RMS occupancy error at iteration   1:  0.000000 (step -0.5000 Ne1=    114.0000)
                                                               Ne2=    104.0000
            Final RMS occupancy error   :  0.000000 (Ne1=    114.0000)
                                                     Ne2=    104.0000
            Final occupancy bounds spin 1: [  0.000,  1.000]
            Final occupancy bounds spin 2: [  0.000,  1.000]
================================================================================

    2        -5.156174630469E+02     4.0181E-05     2.6051E-05    -1.1915E-05
      ideal mu1:      -0.566184899747
      ideal mu2:      -0.580800560831
             Q0:        -515.617467982515
             G0:      -0.000012077377
   RMS gradient:       0.000024965617
     Trial step:       0.320546133336
             Q1:        -515.617470202146
 Quadratic coef:       0.000001651725
 Linear coef   :      -0.000003871357
           Qmin:        -515.617470250962
Quadratic minimum step length (  0.375652236657) accepted
    Initial Ne1:     113.99999590
    Initial Ne2:     103.99999597
      Final Ne1:     114.00000000
      Final Ne2:     104.00000000

=================== Penalty functional idempotency correction ==================
 RMS occupancy error at iteration   1:  0.000000 (step -0.5000 Ne1=    114.0000)
                                                               Ne2=    104.0000
            Final RMS occupancy error   :  0.000000 (Ne1=    114.0000)
                                                     Ne2=    104.0000
            Final occupancy bounds spin 1: [  0.000,  1.000]
            Final occupancy bounds spin 2: [  0.000,  1.000]
================================================================================

    3        -5.156174679825E+02     2.4966E-05     1.6214E-05    -4.9356E-06
      ideal mu1:      -0.566191846646
      ideal mu2:      -0.580813949447
             Q0:        -515.617470244186
             G0:      -0.000004763493
   RMS gradient:       0.000015586993
     Trial step:       0.347007020015
             Q1:        -515.617471131413
 Quadratic coef:       0.000000765739
 Linear coef   :      -0.000001652966
           Qmin:        -515.617471136231
Quadratic minimum step length (  0.374534156362) accepted
    Initial Ne1:     113.99999841
    Initial Ne2:     103.99999843
      Final Ne1:     114.00000000
      Final Ne2:     104.00000000

=================== Penalty functional idempotency correction ==================
 RMS occupancy error at iteration   1:  0.000000 (step -0.5000 Ne1=    114.0000)
                                                               Ne2=    104.0000
            Final RMS occupancy error   :  0.000000 (Ne1=    114.0000)
                                                     Ne2=    104.0000
            Final occupancy bounds spin 1: [  0.000,  1.000]
            Final occupancy bounds spin 2: [  0.000,  1.000]
================================================================================

    4        -5.156174702442E+02     1.5587E-05     1.0152E-05    -2.2617E-06
      ideal mu1:      -0.566187230648
      ideal mu2:      -0.580816131496
    5        -5.156174711396E+02     9.7125E-06     6.3751E-06    -8.9537E-07
Finished density kernel iterations (   5)

Writing density kernel to file "Fe2_tert-butoxide_6_HighSpin.dkn" ... done


>>> Density kernel optimised for the current NGWF basis:
     ~~~~~~~~~~~~~~~~~~~~~~~~~~~~~~~~~~~~~~~~~~~~~~~~~~~~~~~~~~~
     Total energy                =  -5.15617471139554E+02  Eh
     Estimated bandgap (UP spin) =   1.8583E-01  Eh
     Estimated bandgap (DN spin) =   6.4152E-02  Eh
     RMS occupancy error         =   5.0109E-14
     [H,K] commutator            =   6.3751E-06
     UP spin occupancy bounds    = [  0.000:  1.000]
     DN spin occupancy bounds    = [  0.000:  1.000]
     ~~~~~~~~~~~~~~~~~~~~~~~~~~~~~~~~~~~~~~~~~~~~~~~~~~~~~~~~~~~




################################################################################
########################### NGWF CG iteration  010 #############################
################################################################################
****** Reciprocal space K.E. preconditioning with k_zero =  3.0000 a0^-1 *******

>>> Checking for convergence of NGWFs:   NOT CONVERGED
  ========================================================================
         NGWF RMS gradient =  9.7709E-06 >  2.0000E-06  | above tolerance
  ========================================================================

>>> Improving NGWFs using line search:
============ Calculation of NGWF S^-1 using Hotelling algorithm ================ 
     Iteration  |  Spin  |  Frobenius norm and Maximum abs value (of I-S*S_n^-1)
         1           1      0.27578122E-01     0.15843688E-02
         2           1      0.86134176E-04     0.12501195E-04
         3           1      0.14770840E-08     0.23254776E-09
         4           1      0.17377502E-13     0.27755576E-14
================================================================================
============ Calculation of NGWF S^-1 using Hotelling algorithm ================ 
     Iteration  |  Spin  |  Frobenius norm and Maximum abs value (of I-S*S_n^-1)
         1           1      0.20408698E-01     0.10860661E-02
         2           1      0.49122143E-04     0.57354690E-05
         3           1      0.47334414E-09     0.55298210E-10
         4           1      0.17672623E-13     0.36637360E-14
================================================================================
------------------------------- NGWF line search -------------------------------
RMS gradient                =       0.00000977087900
Trial step length           =               0.856970
Gradient along search dir.  =         -0.00071982537
Functional at step 0        =    -515.61747113955380
Functional at step 1        =    -515.61790312119263
Functional predicted        =    -515.61798567924654
Selected quadratic step     =               1.429624
Conjugate gradients coeff.  =               0.526743
--------------------------- NGWF line search finished --------------------------
                                               
Writing NGWFs to file "Fe2_tert-butoxide_6_HighSpin.tightbox_ngwfs".... done

>>> Optimising kernel for current NGWFs:
   Initial electron number for spin 1:     114.00295496
   Initial electron number for spin 2:     104.00178715
     Final electron number for spin 1:     114.00000000
     Final electron number for spin 2:     104.00000000

=================== Penalty functional idempotency correction ==================
 RMS occupancy error at iteration   1:  0.000423 (step -0.4998 Ne1=    114.0000)
                                                               Ne2=    104.0000
 RMS occupancy error at iteration   2:  0.000001 (step -0.5000 Ne1=    114.0000)
                                                               Ne2=    104.0000
            Final RMS occupancy error   :  0.000000 (Ne1=    114.0000)
                                                     Ne2=    104.0000
            Final occupancy bounds spin 1: [  0.000,  1.000]
            Final occupancy bounds spin 2: [  0.000,  1.000]
================================================================================

................................................................................
<<<<<<<<<<<<<< LNV (Original version) density kernel optimisation >>>>>>>>>>>>>>
~~~~~~~~~~~~~~~~~~~~~~~~~~~~~~~~~~~~~~~~~~~~~~~~~~~~~~~~~~~~~~~~~~~~~~~~~~~~~~~~
   iter  |      energy (Eh)       | rms gradient |  commutator  |   dE (Eh)
      ideal mu1:      -0.566235281415
      ideal mu2:      -0.580799583616
             Q0:        -515.617935748999
             G0:      -0.000279878132
   RMS gradient:       0.000118295844
     Trial step:       0.360507949278
             Q1:        -515.617999155494
 Quadratic coef:       0.000037491796
 Linear coef   :      -0.000100898291
           Qmin:        -515.618003633618
Quadratic minimum step length (  0.485101270031) accepted
    Initial Ne1:     114.00000000
    Initial Ne2:     104.00000000
      Final Ne1:     114.00000000
      Final Ne2:     104.00000000

=================== Penalty functional idempotency correction ==================
 RMS occupancy error at iteration   1:  0.000001 (step -0.5000 Ne1=    114.0000)
                                                               Ne2=    104.0000
            Final RMS occupancy error   :  0.000000 (Ne1=    114.0000)
                                                     Ne2=    104.0000
            Final occupancy bounds spin 1: [  0.000,  1.000]
            Final occupancy bounds spin 2: [  0.000,  1.000]
================================================================================

    1        -5.156179357490E+02     1.1830E-04     7.6955E-05
      ideal mu1:      -0.565985373100
      ideal mu2:      -0.580590736038
             Q0:        -515.618003933180
             G0:      -0.000188254560
   RMS gradient:       0.000096196070
     Trial step:       0.418189985594
             Q1:        -515.618012156485
 Quadratic coef:       0.000070502866
 Linear coef   :      -0.000078726172
           Qmin:        -515.618025910336
Quadratic minimum step length (  0.233483390948) accepted
    Initial Ne1:     114.00000000
    Initial Ne2:     104.00000000
      Final Ne1:     114.00000000
      Final Ne2:     104.00000000

=================== Penalty functional idempotency correction ==================
 RMS occupancy error at iteration   1:  0.000001 (step -0.5000 Ne1=    114.0000)
                                                               Ne2=    104.0000
            Final RMS occupancy error   :  0.000000 (Ne1=    114.0000)
                                                     Ne2=    104.0000
            Final occupancy bounds spin 1: [  0.000,  1.000]
            Final occupancy bounds spin 2: [  0.000,  1.000]
================================================================================

    2        -5.156180039332E+02     9.6196E-05     6.2195E-05    -6.8184E-05
      ideal mu1:      -0.565929386911
      ideal mu2:      -0.580547522180
             Q0:        -515.618025729516
             G0:      -0.000034833317
   RMS gradient:       0.000041514997
     Trial step:       0.312474664408
             Q1:        -515.618031973598
 Quadratic coef:       0.000004640447
 Linear coef   :      -0.000010884529
           Qmin:        -515.618032112143
Quadratic minimum step length (  0.366466822708) accepted
    Initial Ne1:     114.00000000
    Initial Ne2:     104.00000000
      Final Ne1:     114.00000000
      Final Ne2:     104.00000000

=================== Penalty functional idempotency correction ==================
 RMS occupancy error at iteration   1:  0.000000 (step -0.5000 Ne1=    114.0000)
                                                               Ne2=    104.0000
            Final RMS occupancy error   :  0.000000 (Ne1=    114.0000)
                                                     Ne2=    104.0000
            Final occupancy bounds spin 1: [  0.000,  1.000]
            Final occupancy bounds spin 2: [  0.000,  1.000]
================================================================================

    3        -5.156180257295E+02     4.1515E-05     2.6901E-05    -2.1796E-05
      ideal mu1:      -0.565998036859
      ideal mu2:      -0.580610871732
             Q0:        -515.618032145427
             G0:      -0.000007936828
   RMS gradient:       0.000019574415
     Trial step:       0.338395622670
             Q1:        -515.618033543996
 Quadratic coef:       0.000001287218
 Linear coef   :      -0.000002685788
           Qmin:        -515.618033546404
Quadratic minimum step length (  0.353032107445) accepted
    Initial Ne1:     114.00000000
    Initial Ne2:     104.00000000
      Final Ne1:     114.00000000
      Final Ne2:     104.00000000

=================== Penalty functional idempotency correction ==================
 RMS occupancy error at iteration   1:  0.000000 (step -0.5000 Ne1=    114.0000)
                                                               Ne2=    104.0000
            Final RMS occupancy error   :  0.000000 (Ne1=    114.0000)
                                                     Ne2=    104.0000
            Final occupancy bounds spin 1: [  0.000,  1.000]
            Final occupancy bounds spin 2: [  0.000,  1.000]
================================================================================

    4        -5.156180321454E+02     1.9574E-05     1.2694E-05    -6.4159E-06
      ideal mu1:      -0.566041191962
      ideal mu2:      -0.580646529653
    5        -5.156180335476E+02     1.5237E-05     9.8839E-06    -1.4022E-06
Finished density kernel iterations (   5)

Writing density kernel to file "Fe2_tert-butoxide_6_HighSpin.dkn" ... done


>>> Density kernel optimised for the current NGWF basis:
     ~~~~~~~~~~~~~~~~~~~~~~~~~~~~~~~~~~~~~~~~~~~~~~~~~~~~~~~~~~~
     Total energy                =  -5.15618033547633E+02  Eh
     Estimated bandgap (UP spin) =   1.8249E-01  Eh
     Estimated bandgap (DN spin) =   6.3972E-02  Eh
     RMS occupancy error         =   7.8624E-14
     [H,K] commutator            =   9.8839E-06
     UP spin occupancy bounds    = [  0.000:  1.000]
     DN spin occupancy bounds    = [  0.000:  1.000]
     ~~~~~~~~~~~~~~~~~~~~~~~~~~~~~~~~~~~~~~~~~~~~~~~~~~~~~~~~~~~


================================================================================
           ---------------- ENERGY COMPONENTS (Eh) ----------------
           | Kinetic                    :      181.67912488702066 |
           | Core Hartree               :    -4525.07010311174236 |
           | CoreHart (non-coul chg cor):        0.00000000000000
           | Hartree                    :     2159.72694270019383 |
           | Exchange-correlation       :      -94.77500672897912 |
           | Ewald                      :     1760.49136454342306 |
           | Dij0                       :        6.11912335660112 |
           | Dijhartree                 :       21.87905161576997 |
           | Exc [AE core]              :     -290.63101382758862 |
           | Exc DC [AE core]           :     -124.36120440925336 |
           | Exc [PS core]              :      -73.06487740052292 |
           | Exc DC [PS core]           :      -82.75064661870553 |
           | Exc [Core]                 :     -191.89760561712143 |
           | Total [Sphere]             :        2.32964416242680 |
           | Total                      :     -515.61803354765721 |
           --------------------------------------------------------
           ------ LOCAL ENERGY COMPONENTS FROM MATRIX TRACES ------
           | Core Hartree               :    -4525.07010311175327 |
           | Hartree (Valence)          :     2159.72694270020156 |
           --------------------------------------------------------
           Integrated compensation chrg.:       24.50487166202713
           Integrated density           :      217.99999853283794
           Integrated spin density      :        9.99999989582174
           Integrated |spin density|    :       10.01345883415261
           Local density approx. <S^2>  :       30.00672946915557
           Integrated density tr(KS)    :      218.00000000000000
           Integrated spin tr(KS)       :        9.99999999999999
================================================================================




################################################################################
########################### NGWF CG iteration  011 #############################
################################################################################
****** Reciprocal space K.E. preconditioning with k_zero =  3.0000 a0^-1 *******

>>> Checking for convergence of NGWFs:   NOT CONVERGED
  ========================================================================
         NGWF RMS gradient =  7.7657E-06 >  2.0000E-06  | above tolerance
  ========================================================================

>>> Improving NGWFs using line search:
============ Calculation of NGWF S^-1 using Hotelling algorithm ================ 
     Iteration  |  Spin  |  Frobenius norm and Maximum abs value (of I-S*S_n^-1)
         1           1      0.51516321E-01     0.28064694E-02
         2           1      0.31914821E-03     0.35126366E-04
         3           1      0.19924492E-07     0.21391036E-08
         4           1      0.17882024E-13     0.24424907E-14
================================================================================
============ Calculation of NGWF S^-1 using Hotelling algorithm ================ 
     Iteration  |  Spin  |  Frobenius norm and Maximum abs value (of I-S*S_n^-1)
         1           1      0.78284791E-03     0.39217543E-04
         2           1      0.76074644E-07     0.67859749E-08
         3           1      0.16782613E-13     0.29976022E-14
================================================================================
------------------------------- NGWF line search -------------------------------
RMS gradient                =       0.00000776565476
Trial step length           =               1.106863
Gradient along search dir.  =         -0.00047937257
Functional at step 0        =    -515.61803354763333
Functional at step 1        =    -515.61829515610111
Functional predicted        =    -515.61829520675599
Selected quadratic step     =               1.091673
Conjugate gradients coeff.  =               0.631668
--------------------------- NGWF line search finished --------------------------
                                               
Writing NGWFs to file "Fe2_tert-butoxide_6_HighSpin.tightbox_ngwfs".... done

>>> Optimising kernel for current NGWFs:
   Initial electron number for spin 1:     114.00444219
   Initial electron number for spin 2:     104.00327959
     Final electron number for spin 1:     114.00000000
     Final electron number for spin 2:     104.00000000

=================== Penalty functional idempotency correction ==================
 RMS occupancy error at iteration   1:  0.000394 (step -0.4998 Ne1=    114.0000)
                                                               Ne2=    104.0000
 RMS occupancy error at iteration   2:  0.000001 (step -0.5000 Ne1=    114.0000)
                                                               Ne2=    104.0000
            Final RMS occupancy error   :  0.000000 (Ne1=    114.0000)
                                                     Ne2=    104.0000
            Final occupancy bounds spin 1: [  0.000,  1.000]
            Final occupancy bounds spin 2: [  0.000,  1.000]
================================================================================

................................................................................
<<<<<<<<<<<<<< LNV (Original version) density kernel optimisation >>>>>>>>>>>>>>
~~~~~~~~~~~~~~~~~~~~~~~~~~~~~~~~~~~~~~~~~~~~~~~~~~~~~~~~~~~~~~~~~~~~~~~~~~~~~~~~
   iter  |      energy (Eh)       | rms gradient |  commutator  |   dE (Eh)
      ideal mu1:      -0.566315636227
      ideal mu2:      -0.580854194598
             Q0:        -515.618260210790
             G0:      -0.000218796376
   RMS gradient:       0.000104593589
     Trial step:       0.345636398288
             Q1:        -515.618312420014
 Quadratic coef:       0.000023414767
 Linear coef   :      -0.000075623991
           Qmin:        -515.618321272555
Quadratic minimum step length (  0.558160659157) accepted
    Initial Ne1:     114.00000000
    Initial Ne2:     104.00000000
      Final Ne1:     114.00000000
      Final Ne2:     104.00000000

=================== Penalty functional idempotency correction ==================
 RMS occupancy error at iteration   1:  0.000001 (step -0.5000 Ne1=    114.0000)
                                                               Ne2=    104.0000
            Final RMS occupancy error   :  0.000000 (Ne1=    114.0000)
                                                     Ne2=    104.0000
            Final occupancy bounds spin 1: [  0.000,  1.000]
            Final occupancy bounds spin 2: [  0.000,  1.000]
================================================================================

    1        -5.156182602108E+02     1.0459E-04     6.7978E-05
      ideal mu1:      -0.566012855677
      ideal mu2:      -0.580620800871
             Q0:        -515.618321763987
             G0:      -0.000143925021
   RMS gradient:       0.000083947488
     Trial step:       0.439227321437
             Q1:        -515.618320110794
 Quadratic coef:       0.000064868994
 Linear coef   :      -0.000063215801
           Qmin:        -515.618337165172
Quadratic minimum step length (  0.214016783928) accepted
    Initial Ne1:     114.00000000
    Initial Ne2:     104.00000000
      Final Ne1:     114.00000000
      Final Ne2:     104.00000000

=================== Penalty functional idempotency correction ==================
 RMS occupancy error at iteration   1:  0.000001 (step -0.5000 Ne1=    114.0000)
                                                               Ne2=    104.0000
            Final RMS occupancy error   :  0.000000 (Ne1=    114.0000)
                                                     Ne2=    104.0000
            Final occupancy bounds spin 1: [  0.000,  1.000]
            Final occupancy bounds spin 2: [  0.000,  1.000]
================================================================================

    2        -5.156183217640E+02     8.3947E-05     5.3638E-05    -6.1553E-05
      ideal mu1:      -0.566002508961
      ideal mu2:      -0.580612977533
             Q0:        -515.618336975183
             G0:      -0.000026018665
   RMS gradient:       0.000035855143
     Trial step:       0.306597486531
             Q1:        -515.618341726651
 Quadratic coef:       0.000003225789
 Linear coef   :      -0.000007977257
           Qmin:        -515.618341907049
Quadratic minimum step length (  0.379102100716) accepted
    Initial Ne1:     114.00000000
    Initial Ne2:     104.00000000
      Final Ne1:     114.00000000
      Final Ne2:     104.00000000

=================== Penalty functional idempotency correction ==================
 RMS occupancy error at iteration   1:  0.000000 (step -0.5000 Ne1=    114.0000)
                                                               Ne2=    104.0000
            Final RMS occupancy error   :  0.000000 (Ne1=    114.0000)
                                                     Ne2=    104.0000
            Final occupancy bounds spin 1: [  0.000,  1.000]
            Final occupancy bounds spin 2: [  0.000,  1.000]
================================================================================

    3        -5.156183369752E+02     3.5855E-05     2.3172E-05    -1.5211E-05
      ideal mu1:      -0.566094832966
      ideal mu2:      -0.580689973432
             Q0:        -515.618341957227
             G0:      -0.000006944091
   RMS gradient:       0.000018151801
     Trial step:       0.340927780062
             Q1:        -515.618343193723
 Quadratic coef:       0.000001130938
 Linear coef   :      -0.000002367434
           Qmin:        -515.618343196186
Quadratic minimum step length (  0.356838176318) accepted
    Initial Ne1:     114.00000000
    Initial Ne2:     104.00000000
      Final Ne1:     114.00000000
      Final Ne2:     104.00000000

=================== Penalty functional idempotency correction ==================
 RMS occupancy error at iteration   1:  0.000000 (step -0.5000 Ne1=    114.0000)
                                                               Ne2=    104.0000
            Final RMS occupancy error   :  0.000000 (Ne1=    114.0000)
                                                     Ne2=    104.0000
            Final occupancy bounds spin 1: [  0.000,  1.000]
            Final occupancy bounds spin 2: [  0.000,  1.000]
================================================================================

    4        -5.156183419572E+02     1.8152E-05     1.1775E-05    -4.9820E-06
      ideal mu1:      -0.566126219422
      ideal mu2:      -0.580716543478
    5        -5.156183431984E+02     1.2788E-05     8.2609E-06    -1.2411E-06
Finished density kernel iterations (   5)

Writing density kernel to file "Fe2_tert-butoxide_6_HighSpin.dkn" ... done


>>> Density kernel optimised for the current NGWF basis:
     ~~~~~~~~~~~~~~~~~~~~~~~~~~~~~~~~~~~~~~~~~~~~~~~~~~~~~~~~~~~
     Total energy                =  -5.15618343198359E+02  Eh
     Estimated bandgap (UP spin) =   1.7952E-01  Eh
     Estimated bandgap (DN spin) =   6.4154E-02  Eh
     RMS occupancy error         =   6.7788E-14
     [H,K] commutator            =   8.2609E-06
     UP spin occupancy bounds    = [  0.000:  1.000]
     DN spin occupancy bounds    = [  0.000:  1.000]
     ~~~~~~~~~~~~~~~~~~~~~~~~~~~~~~~~~~~~~~~~~~~~~~~~~~~~~~~~~~~




################################################################################
########################### NGWF CG iteration  012 #############################
################################################################################
****** Reciprocal space K.E. preconditioning with k_zero =  3.0000 a0^-1 *******

>>> Checking for convergence of NGWFs:   NOT CONVERGED
  ========================================================================
         NGWF RMS gradient =  6.0178E-06 >  2.0000E-06  | above tolerance
  ========================================================================

>>> Improving NGWFs using line search:
============ Calculation of NGWF S^-1 using Hotelling algorithm ================ 
     Iteration  |  Spin  |  Frobenius norm and Maximum abs value (of I-S*S_n^-1)
         1           1      0.59637440E-01     0.32498698E-02
         2           1      0.44032126E-03     0.42909436E-04
         3           1      0.37969574E-07     0.34199329E-08
         4           1      0.18132704E-13     0.33306691E-14
================================================================================
============ Calculation of NGWF S^-1 using Hotelling algorithm ================ 
     Iteration  |  Spin  |  Frobenius norm and Maximum abs value (of I-S*S_n^-1)
         1           1      0.16153084E-01     0.82517554E-03
         2           1      0.32957744E-04     0.27462288E-05
         3           1      0.21005539E-09     0.15443757E-10
         4           1      0.17561366E-13     0.37747583E-14
================================================================================
------------------------------- NGWF line search -------------------------------
RMS gradient                =       0.00000601775457
Trial step length           =               1.099242
Gradient along search dir.  =         -0.00032420153
Functional at step 0        =    -515.61834319835884
Functional at step 1        =    -515.61846158292212
Functional predicted        =    -515.61847661053696
Selected quadratic step     =               0.823020
Conjugate gradients coeff.  =               0.600500
--------------------------- NGWF line search finished --------------------------
                                               
Writing NGWFs to file "Fe2_tert-butoxide_6_HighSpin.tightbox_ngwfs".... done

>>> Optimising kernel for current NGWFs:
   Initial electron number for spin 1:     114.00401149
   Initial electron number for spin 2:     104.00304965
     Final electron number for spin 1:     114.00000000
     Final electron number for spin 2:     104.00000000

=================== Penalty functional idempotency correction ==================
 RMS occupancy error at iteration   1:  0.000313 (step -0.4998 Ne1=    114.0000)
                                                               Ne2=    104.0000
 RMS occupancy error at iteration   2:  0.000001 (step -0.5000 Ne1=    114.0000)
                                                               Ne2=    104.0000
            Final RMS occupancy error   :  0.000000 (Ne1=    114.0000)
                                                     Ne2=    104.0000
            Final occupancy bounds spin 1: [  0.000,  1.000]
            Final occupancy bounds spin 2: [  0.000,  1.000]
================================================================================

................................................................................
<<<<<<<<<<<<<< LNV (Original version) density kernel optimisation >>>>>>>>>>>>>>
~~~~~~~~~~~~~~~~~~~~~~~~~~~~~~~~~~~~~~~~~~~~~~~~~~~~~~~~~~~~~~~~~~~~~~~~~~~~~~~~
   iter  |      energy (Eh)       | rms gradient |  commutator  |   dE (Eh)
      ideal mu1:      -0.566142634406
      ideal mu2:      -0.580780375685
             Q0:        -515.618454577265
             G0:      -0.000135454689
   RMS gradient:       0.000082296625
     Trial step:       0.348792269544
             Q1:        -515.618486364598
 Quadratic coef:       0.000015458215
 Linear coef   :      -0.000047245548
           Qmin:        -515.618490676870
Quadratic minimum step length (  0.533013729817) accepted
    Initial Ne1:     114.00000000
    Initial Ne2:     104.00000000
      Final Ne1:     114.00000000
      Final Ne2:     104.00000000

=================== Penalty functional idempotency correction ==================
 RMS occupancy error at iteration   1:  0.000000 (step -0.5000 Ne1=    114.0000)
                                                               Ne2=    104.0000
            Final RMS occupancy error   :  0.000000 (Ne1=    114.0000)
                                                     Ne2=    104.0000
            Final occupancy bounds spin 1: [  0.000,  1.000]
            Final occupancy bounds spin 2: [  0.000,  1.000]
================================================================================

    1        -5.156184545773E+02     8.2297E-05     5.3646E-05
      ideal mu1:      -0.566244805610
      ideal mu2:      -0.580812401437
             Q0:        -515.618490795238
             G0:      -0.000084307612
   RMS gradient:       0.000064619780
     Trial step:       0.431174058265
             Q1:        -515.618494514312
 Quadratic coef:       0.000032632182
 Linear coef   :      -0.000036351255
           Qmin:        -515.618500918786
Quadratic minimum step length (  0.240157376323) accepted
    Initial Ne1:     114.00000000
    Initial Ne2:     104.00000000
      Final Ne1:     114.00000000
      Final Ne2:     104.00000000

=================== Penalty functional idempotency correction ==================
 RMS occupancy error at iteration   1:  0.000000 (step -0.5000 Ne1=    114.0000)
                                                               Ne2=    104.0000
            Final RMS occupancy error   :  0.000000 (Ne1=    114.0000)
                                                     Ne2=    104.0000
            Final occupancy bounds spin 1: [  0.000,  1.000]
            Final occupancy bounds spin 2: [  0.000,  1.000]
================================================================================

    2        -5.156184907952E+02     6.4620E-05     4.1636E-05    -3.6218E-05
      ideal mu1:      -0.566205696372
      ideal mu2:      -0.580790662075
             Q0:        -515.618500835010
             G0:      -0.000018365530
   RMS gradient:       0.000030146739
     Trial step:       0.321791284176
             Q1:        -515.618503730819
 Quadratic coef:       0.000003014059
 Linear coef   :      -0.000005909868
           Qmin:        -515.618503731979
Quadratic minimum step length (  0.315478903995) accepted
    Initial Ne1:     114.00000000
    Initial Ne2:     104.00000000
      Final Ne1:     114.00000000
      Final Ne2:     104.00000000

=================== Penalty functional idempotency correction ==================
 RMS occupancy error at iteration   1:  0.000000 (step -0.5000 Ne1=    114.0000)
                                                               Ne2=    104.0000
            Final RMS occupancy error   :  0.000000 (Ne1=    114.0000)
                                                     Ne2=    104.0000
            Final occupancy bounds spin 1: [  0.000,  1.000]
            Final occupancy bounds spin 2: [  0.000,  1.000]
================================================================================

    3        -5.156185008350E+02     3.0147E-05     1.9508E-05    -1.0040E-05
      ideal mu1:      -0.566198009580
      ideal mu2:      -0.580800882665
             Q0:        -515.618503728939
             G0:      -0.000005463706
   RMS gradient:       0.000016106140
     Trial step:       0.318619462128
             Q1:        -515.618504630703
 Quadratic coef:       0.000000839079
 Linear coef   :      -0.000001740843
           Qmin:        -515.618504631874
Quadratic minimum step length (  0.330521012829) accepted
    Initial Ne1:     114.00000000
    Initial Ne2:     104.00000000
      Final Ne1:     114.00000000
      Final Ne2:     104.00000000

=================== Penalty functional idempotency correction ==================
 RMS occupancy error at iteration   1:  0.000000 (step -0.5000 Ne1=    114.0000)
                                                               Ne2=    104.0000
            Final RMS occupancy error   :  0.000000 (Ne1=    114.0000)
                                                     Ne2=    104.0000
            Final occupancy bounds spin 1: [  0.000,  1.000]
            Final occupancy bounds spin 2: [  0.000,  1.000]
================================================================================

    4        -5.156185037289E+02     1.6106E-05     1.0403E-05    -2.8939E-06
      ideal mu1:      -0.566217655351
      ideal mu2:      -0.580818498338
    5        -5.156185046356E+02     8.7787E-06     5.7192E-06    -9.0670E-07
Finished density kernel iterations (   5)

Writing density kernel to file "Fe2_tert-butoxide_6_HighSpin.dkn" ... done


>>> Density kernel optimised for the current NGWF basis:
     ~~~~~~~~~~~~~~~~~~~~~~~~~~~~~~~~~~~~~~~~~~~~~~~~~~~~~~~~~~~
     Total energy                =  -5.15618504635639E+02  Eh
     Estimated bandgap (UP spin) =   1.7710E-01  Eh
     Estimated bandgap (DN spin) =   6.4451E-02  Eh
     RMS occupancy error         =   3.2015E-14
     [H,K] commutator            =   5.7192E-06
     UP spin occupancy bounds    = [  0.000:  1.000]
     DN spin occupancy bounds    = [  0.000:  1.000]
     ~~~~~~~~~~~~~~~~~~~~~~~~~~~~~~~~~~~~~~~~~~~~~~~~~~~~~~~~~~~




################################################################################
########################### NGWF CG iteration  013 #############################
################################################################################
****** Reciprocal space K.E. preconditioning with k_zero =  3.0000 a0^-1 *******

>>> Checking for convergence of NGWFs:   NOT CONVERGED
  ========================================================================
         NGWF RMS gradient =  3.6576E-06 >  2.0000E-06  | above tolerance
  ========================================================================

>>> Improving NGWFs using line search:
============ Calculation of NGWF S^-1 using Hotelling algorithm ================ 
     Iteration  |  Spin  |  Frobenius norm and Maximum abs value (of I-S*S_n^-1)
         1           1      0.19803705E-01     0.13385806E-02
         2           1      0.47066140E-04     0.68682574E-05
         3           1      0.47482204E-09     0.76204598E-10
         4           1      0.16312299E-13     0.26645353E-14
================================================================================
============ Calculation of NGWF S^-1 using Hotelling algorithm ================ 
     Iteration  |  Spin  |  Frobenius norm and Maximum abs value (of I-S*S_n^-1)
         1           1      0.60030748E-02     0.40329610E-03
         2           1      0.43070729E-05     0.61742996E-06
         3           1      0.38612801E-11     0.61561867E-12
================================================================================
------------------------------- NGWF line search -------------------------------
RMS gradient                =       0.00000365761690
Trial step length           =               0.951156
Gradient along search dir.  =         -0.00009946977
Functional at step 0        =    -515.61850463563928
Functional at step 1        =    -515.61853165240211
Functional predicted        =    -515.61853774222413
Selected quadratic step     =               0.665661
Conjugate gradients coeff.  =               0.000000
--------------------------- NGWF line search finished --------------------------
                                               
Writing NGWFs to file "Fe2_tert-butoxide_6_HighSpin.tightbox_ngwfs".... done

>>> Optimising kernel for current NGWFs:
   Initial electron number for spin 1:     114.00116135
   Initial electron number for spin 2:     104.00082956
     Final electron number for spin 1:     114.00000000
     Final electron number for spin 2:     104.00000000

=================== Penalty functional idempotency correction ==================
 RMS occupancy error at iteration   1:  0.000105 (step -0.5000 Ne1=    114.0000)
                                                               Ne2=    104.0000
            Final RMS occupancy error   :  0.000000 (Ne1=    114.0000)
                                                     Ne2=    104.0000
            Final occupancy bounds spin 1: [  0.000,  1.000]
            Final occupancy bounds spin 2: [  0.000,  1.000]
================================================================================

................................................................................
<<<<<<<<<<<<<< LNV (Original version) density kernel optimisation >>>>>>>>>>>>>>
~~~~~~~~~~~~~~~~~~~~~~~~~~~~~~~~~~~~~~~~~~~~~~~~~~~~~~~~~~~~~~~~~~~~~~~~~~~~~~~~
   iter  |      energy (Eh)       | rms gradient |  commutator  |   dE (Eh)
      ideal mu1:      -0.566386520033
      ideal mu2:      -0.580950424581
             Q0:        -515.618534970413
             G0:      -0.000016294420
   RMS gradient:       0.000028543318
     Trial step:       0.324515681177
             Q1:        -515.618538166160
 Quadratic coef:       0.000002092047
 Linear coef   :      -0.000005287795
           Qmin:        -515.618538311730
Quadratic minimum step length (  0.410117921801) accepted
    Initial Ne1:     113.99998292
    Initial Ne2:     103.99998341
      Final Ne1:     114.00000000
      Final Ne2:     104.00000000

=================== Penalty functional idempotency correction ==================
 RMS occupancy error at iteration   1:  0.000000 (step -0.5000 Ne1=    114.0000)
                                                               Ne2=    104.0000
            Final RMS occupancy error   :  0.000000 (Ne1=    114.0000)
                                                     Ne2=    104.0000
            Final occupancy bounds spin 1: [  0.000,  1.000]
            Final occupancy bounds spin 2: [  0.000,  1.000]
================================================================================

    1        -5.156185349704E+02     2.8543E-05     1.8567E-05
      ideal mu1:      -0.566257823482
      ideal mu2:      -0.580856576580
             Q0:        -515.618538375644
             G0:      -0.000012843702
   RMS gradient:       0.000024254434
     Trial step:       0.364814606007
             Q1:        -515.618539943626
 Quadratic coef:       0.000003117589
 Linear coef   :      -0.000004685570
           Qmin:        -515.618540136185
Quadratic minimum step length (  0.274148476915) accepted
    Initial Ne1:     113.99999176
    Initial Ne2:     103.99999199
      Final Ne1:     114.00000000
      Final Ne2:     104.00000000

=================== Penalty functional idempotency correction ==================
 RMS occupancy error at iteration   1:  0.000000 (step -0.5000 Ne1=    114.0000)
                                                               Ne2=    104.0000
            Final RMS occupancy error   :  0.000000 (Ne1=    114.0000)
                                                     Ne2=    104.0000
            Final occupancy bounds spin 1: [  0.000,  1.000]
            Final occupancy bounds spin 2: [  0.000,  1.000]
================================================================================

    2        -5.156185383756E+02     2.4254E-05     1.5697E-05    -3.4052E-06
      ideal mu1:      -0.566224070818
      ideal mu2:      -0.580829426307
             Q0:        -515.618540086326
             G0:      -0.000002712010
   RMS gradient:       0.000011136093
     Trial step:       0.316248902912
             Q1:        -515.618540535266
 Quadratic coef:       0.000000408730
 Linear coef   :      -0.000000857670
           Qmin:        -515.618540536255
Quadratic minimum step length (  0.331805080432) accepted
    Initial Ne1:     113.99999790
    Initial Ne2:     103.99999796
      Final Ne1:     114.00000000
      Final Ne2:     104.00000000

=================== Penalty functional idempotency correction ==================
 RMS occupancy error at iteration   1:  0.000000 (step -0.5000 Ne1=    114.0000)
                                                               Ne2=    104.0000
            Final RMS occupancy error   :  0.000000 (Ne1=    114.0000)
                                                     Ne2=    104.0000
            Final occupancy bounds spin 1: [  0.000,  1.000]
            Final occupancy bounds spin 2: [  0.000,  1.000]
================================================================================

    3        -5.156185400863E+02     1.1136E-05     7.2226E-06    -1.7107E-06
      ideal mu1:      -0.566254799349
      ideal mu2:      -0.580853005278
             Q0:        -515.618540539066
             G0:      -0.000001010076
   RMS gradient:       0.000006638653
     Trial step:       0.323933623861
             Q1:        -515.618540728829
 Quadratic coef:       0.000000137434
 Linear coef   :      -0.000000327198
           Qmin:        -515.618540733810
Quadratic minimum step length (  0.385603309715) accepted
    Initial Ne1:     113.99999913
    Initial Ne2:     103.99999916
      Final Ne1:     114.00000000
      Final Ne2:     104.00000000

=================== Penalty functional idempotency correction ==================
 RMS occupancy error at iteration   1:  0.000000 (step -0.5000 Ne1=    114.0000)
                                                               Ne2=    104.0000
            Final RMS occupancy error   :  0.000000 (Ne1=    114.0000)
                                                     Ne2=    104.0000
            Final occupancy bounds spin 1: [  0.000,  1.000]
            Final occupancy bounds spin 2: [  0.000,  1.000]
================================================================================

    4        -5.156185405391E+02     6.6387E-06     4.3028E-06    -4.5274E-07
      ideal mu1:      -0.566278459535
      ideal mu2:      -0.580872994786
    5        -5.156185407374E+02     4.2234E-06     2.7562E-06    -1.9836E-07
Finished density kernel iterations (   5)

Writing density kernel to file "Fe2_tert-butoxide_6_HighSpin.dkn" ... done


>>> Density kernel optimised for the current NGWF basis:
     ~~~~~~~~~~~~~~~~~~~~~~~~~~~~~~~~~~~~~~~~~~~~~~~~~~~~~~~~~~~
     Total energy                =  -5.15618540737425E+02  Eh
     Estimated bandgap (UP spin) =   1.7634E-01  Eh
     Estimated bandgap (DN spin) =   6.5884E-02  Eh
     RMS occupancy error         =   1.7731E-15
     [H,K] commutator            =   2.7562E-06
     UP spin occupancy bounds    = [  0.000:  1.000]
     DN spin occupancy bounds    = [  0.000:  1.000]
     ~~~~~~~~~~~~~~~~~~~~~~~~~~~~~~~~~~~~~~~~~~~~~~~~~~~~~~~~~~~




################################################################################
########################### NGWF CG iteration  014 #############################
################################################################################
****** Reciprocal space K.E. preconditioning with k_zero =  3.0000 a0^-1 *******

>>> Checking for convergence of NGWFs:   NOT CONVERGED
  ========================================================================
         NGWF RMS gradient =  2.3810E-06 >  2.0000E-06  | above tolerance
  ========================================================================

>>> Improving NGWFs using line search:
============ Calculation of NGWF S^-1 using Hotelling algorithm ================ 
     Iteration  |  Spin  |  Frobenius norm and Maximum abs value (of I-S*S_n^-1)
         1           1      0.23838923E-01     0.16055075E-02
         2           1      0.68173685E-04     0.97314010E-05
         3           1      0.97656860E-09     0.15427293E-09
         4           1      0.18807410E-13     0.34416914E-14
================================================================================
============ Calculation of NGWF S^-1 using Hotelling algorithm ================ 
     Iteration  |  Spin  |  Frobenius norm and Maximum abs value (of I-S*S_n^-1)
         1           1      0.90937350E-02     0.60780455E-03
         2           1      0.98949062E-05     0.13815628E-05
         3           1      0.20054407E-10     0.31115110E-11
         4           1      0.15742184E-13     0.27755576E-14
================================================================================
------------------------------- NGWF line search -------------------------------
RMS gradient                =       0.00000238095290
Trial step length           =               0.795706
Gradient along search dir.  =         -0.00004728281
Functional at step 0        =    -515.61854073742529
Functional at step 1        =    -515.61854815552692
Functional predicted        =    -515.61855245320669
Selected quadratic step     =               0.495562
Conjugate gradients coeff.  =               0.423746
--------------------------- NGWF line search finished --------------------------
                                               
Writing NGWFs to file "Fe2_tert-butoxide_6_HighSpin.tightbox_ngwfs".... done

>>> Optimising kernel for current NGWFs:
   Initial electron number for spin 1:     114.00135482
   Initial electron number for spin 2:     104.00099796
     Final electron number for spin 1:     114.00000000
     Final electron number for spin 2:     104.00000000

=================== Penalty functional idempotency correction ==================
 RMS occupancy error at iteration   1:  0.000110 (step -0.5000 Ne1=    114.0000)
                                                               Ne2=    104.0000
            Final RMS occupancy error   :  0.000000 (Ne1=    114.0000)
                                                     Ne2=    104.0000
            Final occupancy bounds spin 1: [  0.000,  1.000]
            Final occupancy bounds spin 2: [  0.000,  1.000]
================================================================================

................................................................................
<<<<<<<<<<<<<< LNV (Original version) density kernel optimisation >>>>>>>>>>>>>>
~~~~~~~~~~~~~~~~~~~~~~~~~~~~~~~~~~~~~~~~~~~~~~~~~~~~~~~~~~~~~~~~~~~~~~~~~~~~~~~~
   iter  |      energy (Eh)       | rms gradient |  commutator  |   dE (Eh)
      ideal mu1:      -0.566340463292
      ideal mu2:      -0.580935176863
             Q0:        -515.618549824958
             G0:      -0.000014365990
   RMS gradient:       0.000026801110
     Trial step:       0.353425915134
             Q1:        -515.618553195784
 Quadratic coef:       0.000001706487
 Linear coef   :      -0.000005077313
           Qmin:        -515.618553601593
Quadratic minimum step length (  0.525774471606) accepted
    Initial Ne1:     113.99997600
    Initial Ne2:     103.99997670
      Final Ne1:     114.00000000
      Final Ne2:     104.00000000

=================== Penalty functional idempotency correction ==================
 RMS occupancy error at iteration   1:  0.000000 (step -0.5000 Ne1=    114.0000)
                                                               Ne2=    104.0000
            Final RMS occupancy error   :  0.000000 (Ne1=    114.0000)
                                                     Ne2=    104.0000
            Final occupancy bounds spin 1: [  0.000,  1.000]
            Final occupancy bounds spin 2: [  0.000,  1.000]
================================================================================

    1        -5.156185498250E+02     2.6801E-05     1.7427E-05
      ideal mu1:      -0.566299810545
      ideal mu2:      -0.580893608127
             Q0:        -515.618553691162
             G0:      -0.000009603726
   RMS gradient:       0.000021161443
     Trial step:       0.431071135408
             Q1:        -515.618553942640
 Quadratic coef:       0.000003888411
 Linear coef   :      -0.000004139889
           Qmin:        -515.618554793070
Quadratic minimum step length (  0.229475081643) accepted
    Initial Ne1:     113.99999347
    Initial Ne2:     103.99999366
      Final Ne1:     114.00000000
      Final Ne2:     104.00000000

=================== Penalty functional idempotency correction ==================
 RMS occupancy error at iteration   1:  0.000000 (step -0.5000 Ne1=    114.0000)
                                                               Ne2=    104.0000
            Final RMS occupancy error   :  0.000000 (Ne1=    114.0000)
                                                     Ne2=    104.0000
            Final occupancy bounds spin 1: [  0.000,  1.000]
            Final occupancy bounds spin 2: [  0.000,  1.000]
================================================================================

    2        -5.156185536912E+02     2.1161E-05     1.3573E-05    -3.8662E-06
      ideal mu1:      -0.566289694349
      ideal mu2:      -0.580886261154
             Q0:        -515.618554746057
             G0:      -0.000001901724
   RMS gradient:       0.000009507082
     Trial step:       0.314515633938
             Q1:        -515.618555060677
 Quadratic coef:       0.000000283502
 Linear coef   :      -0.000000598122
           Qmin:        -515.618555061531
Quadratic minimum step length (  0.331777010939) accepted
    Initial Ne1:     113.99999809
    Initial Ne2:     103.99999815
      Final Ne1:     114.00000000
      Final Ne2:     104.00000000

=================== Penalty functional idempotency correction ==================
 RMS occupancy error at iteration   1:  0.000000 (step -0.5000 Ne1=    114.0000)
                                                               Ne2=    104.0000
            Final RMS occupancy error   :  0.000000 (Ne1=    114.0000)
                                                     Ne2=    104.0000
            Final occupancy bounds spin 1: [  0.000,  1.000]
            Final occupancy bounds spin 2: [  0.000,  1.000]
================================================================================

    3        -5.156185547461E+02     9.5071E-06     6.1402E-06    -1.0549E-06
      ideal mu1:      -0.566298808567
      ideal mu2:      -0.580897530074
             Q0:        -515.618555064110
             G0:      -0.000000602746
   RMS gradient:       0.000005081479
     Trial step:       0.323031046374
             Q1:        -515.618555156141
 Quadratic coef:       0.000000102674
 Linear coef   :      -0.000000194706
           Qmin:        -515.618555156417
Quadratic minimum step length (  0.306288493616) accepted
    Initial Ne1:     113.99999950
    Initial Ne2:     103.99999951
      Final Ne1:     114.00000000
      Final Ne2:     104.00000000

=================== Penalty functional idempotency correction ==================
 RMS occupancy error at iteration   1:  0.000000 (step -0.5000 Ne1=    114.0000)
                                                               Ne2=    104.0000
            Final RMS occupancy error   :  0.000000 (Ne1=    114.0000)
                                                     Ne2=    104.0000
            Final occupancy bounds spin 1: [  0.000,  1.000]
            Final occupancy bounds spin 2: [  0.000,  1.000]
================================================================================

    4        -5.156185550641E+02     5.0815E-06     3.2859E-06    -3.1805E-07
      ideal mu1:      -0.566309623789
      ideal mu2:      -0.580906767615
    5        -5.156185551550E+02     3.1506E-06     2.0633E-06    -9.0913E-08
Finished density kernel iterations (   5)

Writing density kernel to file "Fe2_tert-butoxide_6_HighSpin.dkn" ... done


>>> Density kernel optimised for the current NGWF basis:
     ~~~~~~~~~~~~~~~~~~~~~~~~~~~~~~~~~~~~~~~~~~~~~~~~~~~~~~~~~~~
     Total energy                =  -5.15618555155023E+02  Eh
     Estimated bandgap (UP spin) =   1.7559E-01  Eh
     Estimated bandgap (DN spin) =   6.3996E-02  Eh
     RMS occupancy error         =   4.6067E-16
     [H,K] commutator            =   2.0633E-06
     UP spin occupancy bounds    = [  0.000:  1.000]
     DN spin occupancy bounds    = [  0.000:  1.000]
     ~~~~~~~~~~~~~~~~~~~~~~~~~~~~~~~~~~~~~~~~~~~~~~~~~~~~~~~~~~~




################################################################################
########################### NGWF CG iteration  015 #############################
################################################################################
****** Reciprocal space K.E. preconditioning with k_zero =  3.0000 a0^-1 *******

>>> Checking for convergence of NGWFs: 
           ........................................................
           |         *** NGWF optimisation converged ***          |
           | RMS NGWF gradient =    0.00000161935504              |
           | Criteria satisfied:                                  |
           | -> RMS NGWF gradient lower than set threshold.       |
           ========================================================

================================================================================
           ---------------- ENERGY COMPONENTS (Eh) ----------------
           | Kinetic                    :      181.64912624579179 |
           | Core Hartree               :    -4524.98778432600011 |
           | CoreHart (non-coul chg cor):        0.00000000000000
           | Hartree                    :     2159.67236634284791 |
           | Exchange-correlation       :      -94.76896117896064 |
           | Ewald                      :     1760.49136454342306 |
           | Dij0                       :        6.11510273682214 |
           | Dijhartree                 :       21.87397996628559 |
           | Exc [AE core]              :     -290.62017184354818 |
           | Exc DC [AE core]           :     -124.34563791947211 |
           | Exc [PS core]              :      -73.05881674119111 |
           | Exc DC [PS core]           :      -82.74077007679323 |
           | Exc [Core]                 :     -191.89760561712143 |
           | Total [Sphere]             :        2.32533321787213 |
           | Total                      :     -515.61855515502543 |
           --------------------------------------------------------
           ------ LOCAL ENERGY COMPONENTS FROM MATRIX TRACES ------
           | Core Hartree               :    -4524.98778432598738 |
           | Hartree (Valence)          :     2159.67236634285473 |
           --------------------------------------------------------
           Integrated compensation chrg.:       24.50092077600805
           Integrated density           :      217.99999853339563
           Integrated spin density      :        9.99999989597250
           Integrated |spin density|    :       10.01306477697088
           Local density approx. <S^2>  :       30.00653244049153
           Integrated density tr(KS)    :      218.00000000000000
           Integrated spin tr(KS)       :       10.00000000000000
================================================================================

Calculating NGWF non self-consistent forces...done.

                        <<<<< CALCULATION SUMMARY >>>>>                         
|ITER|    RMS GRADIENT   |     TOTAL ENERGY    |   step   |     Epredicted              
   0     0.00076812535515   -512.40109941150445   1.218075   -515.07289419548488        
   1     0.00030969061423   -515.06195874139041   1.173171   -515.47435795537547        
   2     0.00014691091418   -515.48275431587854   1.018584   -515.56615198816326        
   3     0.00009483871066   -515.56848682622967   0.787388   -515.59549687135382        
   4     0.00005377266315   -515.59695196232974   0.767055   -515.60519741612109        
   5     0.00003715885993   -515.60543447794089   1.112949   -515.61127493414426        
   6     0.00002828233733   -515.61153702664581   1.228810   -515.61532868664995        
   7     0.00001831499239   -515.61550724520725   1.069755   -515.61690769145798        
   8     0.00001346277025   -515.61698862041362   0.685665   -515.61745062401940        
   9     0.00000977087900   -515.61747113955380   1.429624   -515.61798567924654        
  10     0.00000776565476   -515.61803354763333   1.091673   -515.61829520675599        
  11     0.00000601775457   -515.61834319835884   0.823020   -515.61847661053696        
  12     0.00000365761690   -515.61850463563928   0.665661   -515.61853774222413        
  13     0.00000238095290   -515.61854073742529   0.495562   -515.61855245320669        
  14     0.00000161935504   -515.61855515502270  <-- CG                                 

======================== Writing density and potential =========================
Writing "Fe2_tert-butoxide_6_HighSpin_ps_density.cube" ... done
Writing "Fe2_tert-butoxide_6_HighSpin_ps_spindensity.cube" ... done
Writing "Fe2_tert-butoxide_6_HighSpin_ae_density.cube" ... done
Writing "Fe2_tert-butoxide_6_HighSpin_ae_spindensity.cube" ... done
Writing "Fe2_tert-butoxide_6_HighSpin_potential.cube" ... done
Writing "Fe2_tert-butoxide_6_HighSpin_electrostatic_potential.cube" ... done
================================================================================

    Mulliken Atomic Populations
    ---------------------------
Species  Ion    Total   Charge (e)    Spin (hbar)
=================================================
  Fe     1      14.765      1.235      1.94
  O      2       6.673     -0.673      0.14
  O      3       6.625     -0.625      0.18
  O      4       6.623     -0.623      0.18
  C      5       3.734      0.266      0.00
  C      6       3.715      0.285      0.00
  C      7       3.712      0.288      0.00
  C      8       4.760     -0.760      0.00
  H      9       0.755      0.245     -0.00
  H     10       0.732      0.268      0.00
  H     11       0.776      0.224     -0.00
  C     12       4.756     -0.756      0.00
  H     13       0.746      0.254     -0.00
  H     14       0.742      0.258      0.00
  H     15       0.770      0.230     -0.00
  C     16       4.780     -0.780      0.00
  H     17       0.766      0.234     -0.00
  H     18       0.732      0.268      0.00
  H     19       0.742      0.258     -0.00
  C     20       4.782     -0.782      0.01
  H     21       0.740      0.260     -0.00
  H     22       0.748      0.252      0.00
  H     23       0.735      0.265     -0.00
  C     24       4.773     -0.773      0.01
  H     25       0.762      0.238     -0.00
  H     26       0.742      0.258      0.00
  H     27       0.750      0.250     -0.00
  C     28       4.780     -0.780      0.01
  H     29       0.749      0.251     -0.00
  H     30       0.742      0.258      0.00
  H     31       0.761      0.239     -0.00
  C     32       4.767     -0.767      0.01
  H     33       0.747      0.253     -0.00
  H     34       0.741      0.259      0.00
  H     35       0.763      0.237     -0.00
  C     36       4.771     -0.771      0.01
  H     37       0.736      0.264     -0.00
  H     38       0.744      0.256      0.00
  H     39       0.752      0.248     -0.00
  C     40       4.771     -0.771      0.01
  H     41       0.752      0.248     -0.00
  H     42       0.743      0.257      0.00
  H     43       0.743      0.257     -0.00
  Fe    44      14.766      1.234      1.94
  O     45       6.673     -0.673      0.14
  O     46       6.625     -0.625      0.18
  O     47       6.623     -0.623      0.18
  C     48       3.734      0.266      0.00
  C     49       3.715      0.285      0.00
  C     50       3.712      0.288      0.00
  C     51       4.760     -0.760      0.00
  H     52       0.755      0.245     -0.00
  H     53       0.732      0.268      0.00
  H     54       0.776      0.224     -0.00
  C     55       4.756     -0.756      0.00
  H     56       0.746      0.254     -0.00
  H     57       0.742      0.258      0.00
  H     58       0.771      0.229     -0.00
  C     59       4.780     -0.780      0.00
  H     60       0.766      0.234     -0.00
  H     61       0.732      0.268      0.00
  H     62       0.742      0.258     -0.00
  C     63       4.782     -0.782      0.01
  H     64       0.740      0.260     -0.00
  H     65       0.748      0.252      0.00
  H     66       0.735      0.265     -0.00
  C     67       4.773     -0.773      0.01
  H     68       0.762      0.238     -0.00
  H     69       0.742      0.258      0.00
  H     70       0.750      0.250     -0.00
  C     71       4.780     -0.780      0.01
  H     72       0.749      0.251     -0.00
  H     73       0.742      0.258      0.00
  H     74       0.760      0.240     -0.00
  C     75       4.766     -0.766      0.01
  H     76       0.747      0.253     -0.00
  H     77       0.741      0.259      0.00
  H     78       0.763      0.237     -0.00
  C     79       4.771     -0.771      0.01
  H     80       0.736      0.264     -0.00
  H     81       0.744      0.256      0.00
  H     82       0.752      0.248     -0.00
  C     83       4.771     -0.771      0.01
  H     84       0.753      0.247     -0.00
  H     85       0.743      0.257      0.00
  H     86       0.743      0.257     -0.00
=================================================

        Bond         Population      Spin       Length (bohr)
=============================================================
 C    12 -- H    15        0.85     -0.00      2.06182
 C    55 -- H    58        0.85     -0.00      2.06182
 C    32 -- H    33        0.84     -0.00      2.06298
 C    75 -- H    76        0.84     -0.00      2.06299
 C     8 -- H     9        0.84      0.00      2.06309
 C    51 -- H    52        0.84      0.00      2.06309
 C    12 -- H    13        0.84     -0.00      2.06329
 C    55 -- H    56        0.84     -0.00      2.06329
 C    36 -- H    39        0.83     -0.00      2.06338
 C    79 -- H    82        0.83     -0.00      2.06338
 C    40 -- H    41        0.83     -0.00      2.06348
 C    83 -- H    84        0.83     -0.00      2.06348
 C    59 -- H    62        0.83      0.00      2.06351
 C    16 -- H    19        0.83      0.00      2.06351
 C    36 -- H    37        0.81     -0.00      2.06359
 C    79 -- H    80        0.81     -0.00      2.06359
 C    20 -- H    23        0.81     -0.00      2.06375
 C    63 -- H    66        0.81     -0.00      2.06375
 C    63 -- H    64        0.82      0.00      2.06383
 C    20 -- H    21        0.82      0.00      2.06383
 C    75 -- H    78        0.84     -0.00      2.06385
 C    32 -- H    35        0.84     -0.00      2.06385
 C    83 -- H    86        0.82     -0.00      2.06400
 C    40 -- H    43        0.82     -0.00      2.06400
 C    51 -- H    53        0.82     -0.00      2.06401
 C     8 -- H    10        0.82     -0.00      2.06401
 C    28 -- H    29        0.82     -0.00      2.06431
 C    71 -- H    72        0.82     -0.00      2.06431
 C    59 -- H    61        0.82     -0.00      2.06435
 C    16 -- H    18        0.82     -0.00      2.06435
 C    24 -- H    27        0.82     -0.00      2.06477
 C    67 -- H    70        0.82     -0.00      2.06477
 C    67 -- H    68        0.84     -0.00      2.06485
 C    24 -- H    25        0.84     -0.00      2.06485
 C    71 -- H    74        0.84     -0.00      2.06497
 C    28 -- H    31        0.84     -0.00      2.06497
 C    55 -- H    57        0.81     -0.00      2.06498
 C    12 -- H    14        0.81     -0.00      2.06498
 C    79 -- H    81        0.80     -0.00      2.06510
 C    36 -- H    38        0.80     -0.00      2.06510
 C    75 -- H    77        0.81     -0.00      2.06515
 C    32 -- H    34        0.81     -0.00      2.06515
 C    83 -- H    85        0.81     -0.00      2.06533
 C    40 -- H    42        0.81     -0.00      2.06533
 C    28 -- H    30        0.81     -0.00      2.06538
 C    71 -- H    73        0.81     -0.00      2.06538
 C    20 -- H    22        0.80     -0.00      2.06548
 C    63 -- H    65        0.80     -0.00      2.06548
 C    24 -- H    26        0.81     -0.00      2.06550
 C    67 -- H    69        0.81     -0.00      2.06550
 C    16 -- H    17        0.85      0.00      2.06631
 C    59 -- H    60        0.85      0.00      2.06631
 C     8 -- H    11        0.86      0.00      2.06654
 C    51 -- H    54        0.86      0.00      2.06654
 O    47 -- C    50        0.60     -0.01      2.65638
 O     4 -- C     7        0.60     -0.01      2.65639
 O     3 -- C     6        0.60     -0.01      2.66031
 O    46 -- C    49        0.60     -0.01      2.66031
 O    45 -- C    48        0.55     -0.01      2.70867
 O     2 -- C     5        0.55     -0.01      2.70869
 C    48 -- C    59        0.73      0.00      2.87429
 C     5 -- C    16        0.73      0.00      2.87430
 C     5 -- C    12        0.73     -0.00      2.87554
 C    48 -- C    55        0.73     -0.00      2.87554
 C    48 -- C    51        0.73      0.00      2.87597
 C     5 -- C     8        0.73      0.00      2.87597
 C    50 -- C    75        0.72      0.00      2.88192
 C     7 -- C    32        0.72      0.00      2.88193
 C    49 -- C    63        0.71      0.00      2.88207
 C     6 -- C    20        0.71      0.00      2.88207
 C    49 -- C    71        0.72      0.00      2.88343
 C     6 -- C    28        0.72      0.00      2.88343
 C     6 -- C    24        0.72      0.00      2.88383
 C    49 -- C    67        0.72      0.00      2.88383
 C    50 -- C    79        0.71      0.00      2.88406
 C     7 -- C    36        0.71      0.00      2.88406
 C    50 -- C    83        0.71      0.00      2.88412
 C     7 -- C    40        0.71      0.00      2.88412
 H    53 -- H    54       -0.11     -0.00      3.33637
 H    10 -- H    11       -0.11     -0.00      3.33637
 H    33 -- H    35       -0.11     -0.00      3.33639
 H    76 -- H    78       -0.11     -0.00      3.33639
 H    60 -- H    61       -0.11     -0.00      3.33751
 H    17 -- H    18       -0.11     -0.00      3.33752
 H    21 -- H    23       -0.11      0.00      3.34360
 H    64 -- H    66       -0.11      0.00      3.34360
 H    14 -- H    15       -0.11      0.00      3.34482
 H    57 -- H    58       -0.11      0.00      3.34482
 H    37 -- H    39       -0.11      0.00      3.34523
 H    80 -- H    82       -0.11      0.00      3.34523
 H     9 -- H    10       -0.11     -0.00      3.34610
 H    52 -- H    53       -0.11     -0.00      3.34610
 H    81 -- H    82       -0.11     -0.00      3.34614
 H    38 -- H    39       -0.11     -0.00      3.34614
 H    69 -- H    70       -0.11      0.00      3.34659
 H    26 -- H    27       -0.11      0.00      3.34659
 H    84 -- H    85       -0.11     -0.00      3.34686
 H    41 -- H    42       -0.11     -0.00      3.34686
 H    29 -- H    30       -0.11      0.00      3.34688
 H    72 -- H    73       -0.11      0.00      3.34688
 H    33 -- H    34       -0.11      0.00      3.34729
 H    76 -- H    77       -0.11      0.00      3.34729
 H    77 -- H    78       -0.11      0.00      3.34784
 H    34 -- H    35       -0.11      0.00      3.34785
 H    41 -- H    43       -0.11      0.00      3.34808
 H    84 -- H    86       -0.11      0.00      3.34808
 H    42 -- H    43       -0.10     -0.00      3.34877
 H    85 -- H    86       -0.10     -0.00      3.34878
 H    25 -- H    26       -0.11      0.00      3.34961
 H    68 -- H    69       -0.11      0.00      3.34961
 H    13 -- H    15       -0.11     -0.00      3.35017
 H    56 -- H    58       -0.11     -0.00      3.35018
 H    73 -- H    74       -0.11      0.00      3.35033
 H    30 -- H    31       -0.11      0.00      3.35034
 H    64 -- H    65       -0.10     -0.00      3.35116
 H    21 -- H    22       -0.10     -0.00      3.35116
 H    37 -- H    38       -0.10     -0.00      3.35146
 H    80 -- H    81       -0.10     -0.00      3.35146
 H    61 -- H    62       -0.10     -0.00      3.35162
 H    18 -- H    19       -0.10     -0.00      3.35162
 H    22 -- H    23       -0.10     -0.00      3.35290
 H    65 -- H    66       -0.10     -0.00      3.35290
 H    29 -- H    31       -0.11     -0.00      3.35451
 H    72 -- H    74       -0.11     -0.00      3.35452
 H    68 -- H    70       -0.11     -0.00      3.35550
 H    25 -- H    27       -0.11     -0.00      3.35550
 H    60 -- H    62       -0.10      0.00      3.35624
 H    17 -- H    19       -0.10      0.00      3.35624
 H    52 -- H    54       -0.11      0.00      3.35668
 H     9 -- H    11       -0.11      0.00      3.35668
 H    56 -- H    57       -0.10      0.00      3.35900
 H    13 -- H    14       -0.10      0.00      3.35900
 Fe    1 -- O     4        0.48     -0.10      3.39527
 Fe   44 -- O    47        0.48     -0.10      3.39527
 Fe   44 -- O    46        0.44     -0.09      3.41380
 Fe    1 -- O     3        0.44     -0.09      3.41380
 O     2 -- Fe   44        0.28     -0.06      3.72415
 Fe    1 -- O    45        0.28     -0.06      3.72415
 Fe   44 -- O    45        0.26     -0.05      3.76643
 Fe    1 -- O     2        0.26     -0.05      3.76643
 C     5 -- H    15       -0.12      0.00      4.07327
 C    48 -- H    58       -0.12      0.00      4.07328
 C    49 -- H    66       -0.12     -0.00      4.07963
 C     6 -- H    23       -0.12     -0.00      4.07963
 C    48 -- H    56       -0.11      0.00      4.08033
 C     5 -- H    13       -0.11      0.00      4.08033
 C     6 -- H    25       -0.11      0.00      4.08245
 C    49 -- H    68       -0.11      0.00      4.08245
 C    50 -- H    80       -0.12     -0.00      4.08261
 C     7 -- H    37       -0.12     -0.00      4.08261
 C     5 -- H    19       -0.12      0.00      4.08412
 C    48 -- H    62       -0.12      0.00      4.08412
 C    49 -- H    64       -0.12     -0.00      4.08493
 C     6 -- H    21       -0.12     -0.00      4.08493
 C     6 -- H    31       -0.11      0.00      4.08550
 C    49 -- H    74       -0.11      0.00      4.08550
 C     7 -- H    43       -0.12     -0.00      4.08552
 C    50 -- H    86       -0.12     -0.00      4.08552
 C    48 -- H    61       -0.10     -0.00      4.08566
 C     5 -- H    18       -0.10     -0.00      4.08566
 C     5 -- H    10       -0.10     -0.00      4.08616
 C    48 -- H    53       -0.10     -0.00      4.08616
 C    49 -- H    72       -0.12      0.00      4.08649
 C     6 -- H    29       -0.12      0.00      4.08650
 C    49 -- H    70       -0.12     -0.00      4.08660
 C     6 -- H    27       -0.12     -0.00      4.08660
 C    48 -- H    57       -0.10     -0.00      4.08690
 C     5 -- H    14       -0.10     -0.00      4.08691
 C    48 -- H    60       -0.11      0.00      4.08712
 C     5 -- H    17       -0.11      0.00      4.08712
 C    48 -- H    52       -0.12      0.00      4.08754
 C     5 -- H     9       -0.12      0.00      4.08754
 C    50 -- H    78       -0.12      0.00      4.09104
 C     7 -- H    35       -0.12      0.00      4.09105
 C    50 -- H    84       -0.12      0.00      4.09184
 C     7 -- H    41       -0.12      0.00      4.09184
 C    48 -- H    54       -0.11      0.00      4.09299
 C     5 -- H    11       -0.11      0.00      4.09299
 C    50 -- H    76       -0.12      0.00      4.09436
 C     7 -- H    33       -0.12      0.00      4.09436
 C     7 -- H    39       -0.12     -0.00      4.09448
 C    50 -- H    82       -0.12     -0.00      4.09448
 C     7 -- H    34       -0.10     -0.00      4.10116
 C    50 -- H    77       -0.10     -0.00      4.10116
 C    50 -- H    81       -0.10     -0.00      4.10314
 C     7 -- H    38       -0.10     -0.00      4.10314
 C    49 -- H    73       -0.10     -0.00      4.10345
 C     6 -- H    30       -0.10     -0.00      4.10345
 C    50 -- H    85       -0.10     -0.00      4.10395
 C     7 -- H    42       -0.10     -0.00      4.10395
 C    49 -- H    65       -0.10     -0.00      4.10749
 C     6 -- H    22       -0.10     -0.00      4.10749
 C     6 -- H    26       -0.10     -0.00      4.10860
 C    49 -- H    69       -0.10     -0.00      4.10860
 H    15 -- H    39       -0.03     -0.00      4.40453
 H    58 -- H    82       -0.03     -0.00      4.40530
 O    46 -- C    63       -0.16     -0.01      4.46504
 O     3 -- C    20       -0.16     -0.01      4.46504
 O    47 -- C    79       -0.16     -0.01      4.48159
 O     4 -- C    36       -0.16     -0.01      4.48159
 O     4 -- C    40       -0.15     -0.01      4.49785
 O    47 -- C    83       -0.15     -0.01      4.49787
 O    45 -- C    59       -0.14     -0.00      4.51474
 O     2 -- C    16       -0.14     -0.00      4.51474
 O    45 -- C    51       -0.14     -0.00      4.51906
 O     2 -- C     8       -0.14     -0.00      4.51908
 O     3 -- C    24       -0.14     -0.00      4.52269
 O    46 -- C    67       -0.14     -0.00      4.52270
 O    46 -- C    71       -0.14     -0.01      4.53682
 O     3 -- C    28       -0.14     -0.01      4.53682
 O    47 -- C    75       -0.14     -0.00      4.54113
 O     4 -- C    32       -0.14     -0.00      4.54116
 H    35 -- H    52       -0.03      0.00      4.54551
 H     9 -- H    78       -0.03      0.00      4.54791
 H    58 -- H    76       -0.02      0.00      4.54856
 H    15 -- H    33       -0.02      0.00      4.55204
 O    45 -- C    55       -0.14     -0.00      4.55672
 O     2 -- C    12       -0.14     -0.00      4.55677
 H    15 -- H    17       -0.01     -0.00      4.68874
 H    58 -- H    60       -0.01     -0.00      4.68875
 C    79 -- C    83       -0.19     -0.00      4.71485
 C    36 -- C    40       -0.19     -0.00      4.71485
 C     8 -- C    16       -0.19     -0.00      4.72082
 C    51 -- C    59       -0.19     -0.00      4.72083
 C    24 -- C    28       -0.19     -0.00      4.72410
 C    67 -- C    71       -0.19     -0.00      4.72410
 C     8 -- C    12       -0.19     -0.00      4.72479
 C    51 -- C    55       -0.19     -0.00      4.72480
 C    63 -- C    71       -0.19     -0.00      4.72815
 C    20 -- C    28       -0.19     -0.00      4.72815
 C    12 -- C    16       -0.19     -0.00      4.72994
 C    55 -- C    59       -0.19     -0.00      4.72995
 C    63 -- C    67       -0.19     -0.00      4.73197
 C    20 -- C    24       -0.19     -0.00      4.73197
 C    32 -- C    40       -0.19     -0.00      4.73229
 C    75 -- C    83       -0.19     -0.00      4.73231
 C    75 -- C    79       -0.19     -0.00      4.73325
 C    32 -- C    36       -0.19     -0.00      4.73327
 H    37 -- H    43       -0.01      0.00      4.74200
 H    80 -- H    86       -0.01      0.00      4.74202
 H    64 -- H    70       -0.01      0.00      4.75432
 H    21 -- H    27       -0.01      0.00      4.75433
 H    25 -- H    31       -0.01     -0.00      4.76610
 H    68 -- H    74       -0.01     -0.00      4.76611
 H    66 -- H    72       -0.01      0.00      4.76883
 H    23 -- H    29       -0.01      0.00      4.76884
 H     9 -- H    19       -0.01     -0.00      4.77539
 H    52 -- H    62       -0.01     -0.00      4.77543
 H    76 -- H    82       -0.01      0.00      4.79074
 H    33 -- H    39       -0.01      0.00      4.79077
 H    10 -- H    14       -0.02      0.00      4.80222
 H    53 -- H    57       -0.02      0.00      4.80229
 H    78 -- H    84       -0.01     -0.00      4.80751
 H    35 -- H    41       -0.01     -0.00      4.80751
 H    54 -- H    56       -0.01     -0.00      4.82397
 H    11 -- H    13       -0.01     -0.00      4.82401
 H    81 -- H    85       -0.02     -0.00      4.83292
 H    38 -- H    42       -0.02     -0.00      4.83294
 H    10 -- H    18       -0.02     -0.00      4.84609
 H    53 -- H    61       -0.02     -0.00      4.84609
 H    26 -- H    30       -0.02     -0.00      4.84699
 H    69 -- H    73       -0.02     -0.00      4.84700
 H    34 -- H    42       -0.02     -0.00      4.85438
 H    77 -- H    85       -0.02     -0.00      4.85444
 H    65 -- H    73       -0.02     -0.00      4.86496
 H    22 -- H    30       -0.02     -0.00      4.86498
 H    77 -- H    81       -0.02     -0.00      4.88559
 H    34 -- H    38       -0.02     -0.00      4.88561
 H     9 -- H    84       -0.02     -0.00      4.90190
 H    41 -- H    52       -0.02     -0.00      4.90391
 H    65 -- H    69       -0.02     -0.00      4.90615
 H    22 -- H    26       -0.02     -0.00      4.90616
 O     2 -- O    45       -0.05     -0.01      4.92237
 H    14 -- H    18       -0.02      0.00      4.93075
 H    57 -- H    61       -0.02      0.00      4.93077
 O    46 -- H    66       -0.01      0.00      4.93411
 O     3 -- H    23       -0.01      0.00      4.93412
 O     4 -- H    37       -0.01      0.00      4.94041
 O    47 -- H    80       -0.01      0.00      4.94041
 O     3 -- H    56        0.00      0.00      4.95112
 H    13 -- O    46        0.00      0.00      4.95145
 O    46 -- H    64       -0.01      0.00      4.95418
 O     3 -- H    21       -0.01      0.00      4.95419
 O     2 -- H    19       -0.02     -0.00      4.97180
 O    45 -- H    62       -0.02     -0.00      4.97180
 O     4 -- H    43       -0.01      0.00      4.97337
 O    47 -- H    86       -0.01      0.00      4.97338
 O    45 -- H    56       -0.02      0.00      4.99899
 O     2 -- H    13       -0.02      0.00      4.99903
 O    45 -- H    52       -0.01      0.00      5.00413
 O     2 -- H     9       -0.01      0.00      5.00415
 O     4 -- H    39       -0.01      0.00      5.00777
 O    47 -- H    82       -0.01      0.00      5.00777
 O     3 -- H    27       -0.01      0.00      5.01014
 O    46 -- H    70       -0.01      0.00      5.01014
 O     4 -- H    41       -0.01      0.00      5.01654
 O    47 -- H    84       -0.01      0.00      5.01656
 O     3 -- H    25       -0.02     -0.00      5.02866
 O    46 -- H    68       -0.02     -0.00      5.02868
 O    46 -- H    72       -0.01      0.00      5.02977
 O     3 -- H    29       -0.01      0.00      5.02979
 O    45 -- H    54       -0.02     -0.00      5.03078
 O     2 -- H    11       -0.02     -0.00      5.03079
 O    45 -- H    60       -0.02     -0.00      5.04255
 O     2 -- H    17       -0.02     -0.00      5.04255
 O     3 -- H    31       -0.02     -0.00      5.04929
 O    46 -- H    74       -0.02     -0.00      5.04930
 O    47 -- H    78       -0.02      0.00      5.05045
 O     4 -- H    35       -0.02      0.00      5.05048
 O    47 -- H    76       -0.01      0.00      5.05631
 O     4 -- H    33       -0.01      0.00      5.05638
 O    45 -- H    58       -0.02      0.00      5.08904
 O     2 -- H    15       -0.02      0.00      5.08911
 H    11 -- H    70       -0.02      0.00      5.09018
 H    27 -- H    54       -0.02      0.00      5.09020
 H    11 -- H    84       -0.01     -0.00      5.11920
 H    41 -- H    54       -0.01     -0.00      5.11936
 H    15 -- C    16       -0.05     -0.00      5.12197
 H    58 -- C    59       -0.05     -0.00      5.12200
 H    25 -- H    43       -0.02     -0.00      5.14314
 H    68 -- H    86       -0.02     -0.00      5.14357
 C    36 -- H    43       -0.05     -0.00      5.15295
 C    79 -- H    86       -0.05     -0.00      5.15296
 C    55 -- H    60       -0.04     -0.00      5.16133
 C    12 -- H    17       -0.04     -0.00      5.16134
 H    37 -- C    40       -0.05     -0.00      5.16530
 H    80 -- C    83       -0.05     -0.00      5.16530
 H     9 -- C    16       -0.05     -0.00      5.16539
 H    52 -- C    59       -0.05     -0.00      5.16542
 C    63 -- H    72       -0.05     -0.00      5.16875
 C    20 -- H    29       -0.05     -0.00      5.16875
 C    63 -- H    70       -0.05     -0.00      5.17103
 C    20 -- H    27       -0.05     -0.00      5.17104
 C     8 -- H    14       -0.03      0.00      5.17334
 C    51 -- H    57       -0.03      0.00      5.17337
 H    64 -- C    67       -0.04     -0.00      5.17471
 H    21 -- C    24       -0.04     -0.00      5.17472
 C    24 -- H    31       -0.04     -0.00      5.17481
 C    67 -- H    74       -0.04     -0.00      5.17481
 H    25 -- C    28       -0.04     -0.00      5.17494
 H    68 -- C    71       -0.04     -0.00      5.17495
 H    54 -- C    55       -0.04     -0.00      5.18014
 H    11 -- C    12       -0.04     -0.00      5.18015
 C    75 -- H    82       -0.04     -0.00      5.18495
 C    32 -- H    39       -0.04     -0.00      5.18498
 H    66 -- C    71       -0.04     -0.00      5.18626
 H    23 -- C    28       -0.04     -0.00      5.18627
 C     8 -- H    19       -0.04     -0.00      5.18826
 C    51 -- H    62       -0.04     -0.00      5.18827
 C    32 -- H    41       -0.04     -0.00      5.19337
 C    75 -- H    84       -0.04     -0.00      5.19338
 H    81 -- C    83       -0.03      0.00      5.19368
 H    38 -- C    40       -0.03      0.00      5.19369
 H    76 -- C    79       -0.04     -0.00      5.19434
 H    33 -- C    36       -0.04     -0.00      5.19436
 C     8 -- H    18       -0.03      0.00      5.19839
 C    51 -- H    61       -0.03      0.00      5.19839
 H    35 -- C    40       -0.04     -0.00      5.20070
 H    78 -- C    83       -0.04     -0.00      5.20070
 C    79 -- H    85       -0.03      0.00      5.20847
 C    36 -- H    42       -0.03      0.00      5.20848
 H    10 -- C    12       -0.03      0.00      5.20910
 H    53 -- C    55       -0.03      0.00      5.20915
 C    24 -- H    30       -0.03      0.00      5.21102
 C    67 -- H    73       -0.03      0.00      5.21103
 H    26 -- C    28       -0.03      0.00      5.21272
 H    69 -- C    71       -0.03      0.00      5.21273
 H    34 -- C    40       -0.03      0.00      5.21524
 H    77 -- C    83       -0.03      0.00      5.21528
 H    65 -- C    71       -0.03      0.00      5.21546
 H    22 -- C    28       -0.03      0.00      5.21546
 H    19 -- H    29       -0.01      0.00      5.21607
 H    62 -- H    72       -0.01      0.00      5.21635
 H    53 -- C    59       -0.03      0.00      5.22031
 H    10 -- C    16       -0.03      0.00      5.22031
 C    51 -- H    56       -0.04      0.00      5.22168
 C     8 -- H    13       -0.04      0.00      5.22169
 C    32 -- H    42       -0.03      0.00      5.22266
 C    75 -- H    85       -0.03      0.00      5.22269
 C    63 -- H    73       -0.03      0.00      5.22820
 C    20 -- H    30       -0.03      0.00      5.22821
 H    77 -- C    79       -0.03      0.00      5.23033
 H    34 -- C    36       -0.03      0.00      5.23035
 C    75 -- H    81       -0.03      0.00      5.23665
 C    32 -- H    38       -0.03      0.00      5.23666
 C    12 -- H    18       -0.03      0.00      5.23717
 C    55 -- H    61       -0.03      0.00      5.23720
 C    63 -- H    69       -0.03      0.00      5.24157
 C    20 -- H    26       -0.03      0.00      5.24158
 H    65 -- C    67       -0.03      0.00      5.24308
 H    22 -- C    24       -0.03      0.00      5.24309
 H    57 -- C    59       -0.03      0.00      5.26679
 H    14 -- C    16       -0.03      0.00      5.26679
 O    47 -- H    74       -0.00      0.00      5.33709
 O     4 -- H    31       -0.00      0.00      5.33719
 H    17 -- H    31       -0.01      0.00      5.37191
 H    60 -- H    74       -0.01      0.00      5.37220
 H    17 -- H    29       -0.01     -0.00      5.37263
 H    60 -- H    72       -0.01     -0.00      5.37305
 H    11 -- H    68       -0.01      0.00      5.39499
 H    25 -- H    54       -0.01      0.00      5.39522
 H    11 -- Fe   44       -0.04     -0.00      5.55685
 Fe    1 -- H    54       -0.04     -0.00      5.55686
 Fe   44 -- H    60       -0.04     -0.00      5.56925
 Fe    1 -- H    17       -0.04     -0.00      5.56930
 O    47 -- H    58       -0.00     -0.00      5.58374
 O     4 -- H    15       -0.00     -0.00      5.58399
 O    47 -- H    60       -0.00      0.00      5.60101
 O     4 -- H    17       -0.00      0.00      5.60134
 H    56 -- H    76       -0.01      0.00      5.63127
 H    13 -- H    33       -0.01      0.00      5.63364
 Fe    1 -- Fe   44       -0.25     -0.04      5.64630
=============================================================


============== Orbital energy and occupancy information for spin 1 =============

      Total number of orbitals:     200
   Number of occupied orbitals:     114.000000000
   Occupancy sum (eigenvalues):     114.000000000
                 HOMO-LUMO gap:       0.175517999 Eh
                 Mid-gap level:      -0.081601273 Eh

                        Orbital | Energy (Eh) | Occupancy
                            1    -3.474679693   1.0000000
                        .......   ...........   .........
                          105    -0.225209127   1.0000000
                          106    -0.222890778   1.0000000
                          107    -0.200497982   1.0000000
                          108    -0.196646675   1.0000000
                          109    -0.196350748   1.0000000
                          110    -0.192229611   1.0000000
                          111    -0.182017159   1.0000000
                          112    -0.181290737   1.0000000
                          113    -0.178525098   1.0000000
                          114    -0.169360272   1.0000000
                        .......   --- gap ---   .........
                          115     0.006157727   0.0000000
                          116     0.029058923   0.0000000
                          117     0.035778933   0.0000000
                          118     0.037521652   0.0000000
                          119     0.040689500   0.0000000
                          120     0.051632453   0.0000000
                          121     0.064790482   0.0000000
                          122     0.073155797   0.0000000
                          123     0.078535869   0.0000000
                          124     0.081458120   0.0000000
                        .......   ...........   .........
                          200     0.330679256   0.0000000

================================================================================

============== Orbital energy and occupancy information for spin 2 =============

      Total number of orbitals:     200
   Number of occupied orbitals:     104.000000000
   Occupancy sum (eigenvalues):     104.000000000
                 HOMO-LUMO gap:       0.063794712 Eh
                 Mid-gap level:      -0.176045754 Eh

                        Orbital | Energy (Eh) | Occupancy
                            1    -3.312608710   1.0000000
                        .......   ...........   .........
                           95    -0.252693289   1.0000000
                           96    -0.246383029   1.0000000
                           97    -0.235447189   0.9999999
                           98    -0.233474658   1.0000000
                           99    -0.228160851   1.0000000
                          100    -0.221096227   0.9999999
                          101    -0.219683195   1.0000000
                          102    -0.217449857   1.0000000
                          103    -0.210194371   1.0000000
                          104    -0.207943111   0.9999985
                        .......   --- gap ---   .........
                          105    -0.144148398   0.0000017
                          106    -0.124241504   0.0000000
                          107    -0.115084360   0.0000000
                          108    -0.107183385   0.0000000
                          109    -0.100678724   0.0000000
                          110    -0.096556306   0.0000000
                          111    -0.090968081   0.0000000
                          112    -0.087258838   0.0000000
                          113    -0.085180428   0.0000000
                          114    -0.078129361   0.0000000
                        .......   ...........   .........
                          200     0.351620772   0.0000000

================================================================================

===================== Writing canonical molecular orbitals =====================
    Spin 1
| Orbital  Energy (eV)  Norm     |
| HOMO-5   -5.34297572  1.000000 | Writing "Fe2_tert-butoxide_6_HighSpin_HOMO-5_UP.cube" ... done
| HOMO-4   -5.23083387  1.000000 | Writing "Fe2_tert-butoxide_6_HighSpin_HOMO-4_UP.cube" ... done
| HOMO-3   -4.95293892  1.000000 | Writing "Fe2_tert-butoxide_6_HighSpin_HOMO-3_UP.cube" ... done
| HOMO-2   -4.93317196  1.000000 | Writing "Fe2_tert-butoxide_6_HighSpin_HOMO-2_UP.cube" ... done
| HOMO-1   -4.85791512  1.000000 | Writing "Fe2_tert-butoxide_6_HighSpin_HOMO-1_UP.cube" ... done
| HOMO     -4.60852750  1.000000 | Writing "Fe2_tert-butoxide_6_HighSpin_HOMO_UP.cube" ... done
| LUMO      0.16756027  1.000000 | Writing "Fe2_tert-butoxide_6_HighSpin_LUMO_UP.cube" ... done
| LUMO+1    0.79073354  1.000000 | Writing "Fe2_tert-butoxide_6_HighSpin_LUMO+1_UP.cube" ... done
| LUMO+2    0.97359430  1.000000 | Writing "Fe2_tert-butoxide_6_HighSpin_LUMO+2_UP.cube" ... done
| LUMO+3    1.02101610  1.000000 | Writing "Fe2_tert-butoxide_6_HighSpin_LUMO+3_UP.cube" ... done
| LUMO+4    1.10721764  1.000000 | Writing "Fe2_tert-butoxide_6_HighSpin_LUMO+4_UP.cube" ... done
| LUMO+5    1.40499053  1.000000 | Writing "Fe2_tert-butoxide_6_HighSpin_LUMO+5_UP.cube" ... done
================================================================================

===================== Writing canonical molecular orbitals =====================
    Spin 2
| Orbital  Energy (eV)  Norm     |
| HOMO-5   -6.20857268  1.000000 | Writing "Fe2_tert-butoxide_6_HighSpin_HOMO-5_DN.cube" ... done
| HOMO-4   -6.01633446  1.000000 | Writing "Fe2_tert-butoxide_6_HighSpin_HOMO-4_DN.cube" ... done
| HOMO-3   -5.97788390  1.000000 | Writing "Fe2_tert-butoxide_6_HighSpin_HOMO-3_DN.cube" ... done
| HOMO-2   -5.91711168  1.000000 | Writing "Fe2_tert-butoxide_6_HighSpin_HOMO-2_DN.cube" ... done
| HOMO-1   -5.71967988  1.000000 | Writing "Fe2_tert-butoxide_6_HighSpin_HOMO-1_DN.cube" ... done
| HOMO     -5.65841996  1.000000 | Writing "Fe2_tert-butoxide_6_HighSpin_HOMO_DN.cube" ... done
| LUMO     -3.92247750  1.000000 | Writing "Fe2_tert-butoxide_6_HighSpin_LUMO_DN.cube" ... done
| LUMO+1   -3.38078334  1.000000 | Writing "Fe2_tert-butoxide_6_HighSpin_LUMO+1_DN.cube" ... done
| LUMO+2   -3.13160477  1.000000 | Writing "Fe2_tert-butoxide_6_HighSpin_LUMO+2_DN.cube" ... done
| LUMO+3   -2.91660833  1.000000 | Writing "Fe2_tert-butoxide_6_HighSpin_LUMO+3_DN.cube" ... done
| LUMO+4   -2.73960748  1.000000 | Writing "Fe2_tert-butoxide_6_HighSpin_LUMO+4_DN.cube" ... done
| LUMO+5   -2.62743079  1.000000 | Writing "Fe2_tert-butoxide_6_HighSpin_LUMO+5_DN.cube" ... done
================================================================================
 
=============== Density of States (DOS) calculation for UP spin ================
Writing "Fe2_tert-butoxide_6_HighSpin_UP_DOS.txt" ... done
================================================================================
 
============== Density of States (DOS) calculation for DOWN spin ===============
Writing "Fe2_tert-butoxide_6_HighSpin_DN_DOS.txt" ... done
================================================================================
 
Writing bands to file "Fe2_tert-butoxide_6_HighSpin.val_bands" ... done

================================= Core Density =================================
               Core den box size:   39 x  39 x  39
================================================================================
 
********************* Unconstrained **********************
********************** Ewald forces **********************
*                                                        *
* Element  Atom         Cartesian components (Eh/a)      *
* ------------------------------------------------------ *
*                       x            y            z      *
*                                                        *
*    Fe      1     -3.30563685  10.96954561  -8.13299260 *
*    O       2     -0.76165778  -4.81388044  -7.32443914 *
*    O       3      8.63138048   4.37180531  -5.77032597 *
*    O       4     -8.58717437   6.10801539  -4.91024899 *
*    C       5     -3.26698425  -4.83803194  -5.76837210 *
*    C       6      2.40126662   5.02319270  -5.04236017 *
*    C       7     -6.61063552   3.37488385   0.69710173 *
*    C       8      0.09589879  -7.29987817  -4.70436086 *
*    H       9      1.40635360  -1.29754326  -1.71197576 *
*    H      10     -0.73590673  -2.14728129  -1.70208071 *
*    H      11     -0.15202922  -2.38390048   0.09761572 *
*    C      12     -7.30382317  -4.08932983  -2.13752868 *
*    H      13     -1.72646520  -1.49249069   0.73671514 *
*    H      14     -1.97500151  -1.63629923  -1.27942560 *
*    H      15     -2.30896943   0.19894523  -0.55103996 *
*    C      16     -1.91178535  -1.64081298  -8.34497801 *
*    H      17     -1.34316994   0.71416209  -1.89537371 *
*    H      18     -1.07164988  -1.13233608  -2.36086344 *
*    H      19      1.12307442  -0.28866645  -2.30873399 *
*    C      20      5.69820633   2.82713337  -4.43279427 *
*    H      21      2.12027332   0.96053231   0.17537377 *
*    H      22      1.08645179   1.52659002  -1.73928023 *
*    H      23      1.46154974  -0.68309323  -1.64592701 *
*    C      24      0.81631754   7.78659968  -1.19133063 *
*    H      25     -1.12198857   1.89117847   0.05803900 *
*    H      26      0.21894611   2.36347161  -1.17193388 *
*    H      27      1.25784629   1.92231109   0.78099708 *
*    C      28     -1.34925748   2.61734799  -7.36154640 *
*    H      29      0.19254442  -0.69418545  -2.29051149 *
*    H      30     -0.14232975   1.49807188  -2.19272163 *
*    H      31     -1.63675427   0.80320702  -1.31026850 *
*    C      32     -6.20159797   0.44628803   4.46228937 *
*    H      33     -1.74759918  -1.21313373   0.52663495 *
*    H      34     -2.29403847   0.49381447   1.38370573 *
*    H      35     -0.52638230   0.61299491   2.01877937 *
*    C      36     -7.21858934   1.34796651  -3.00531596 *
*    H      37     -1.20727343   1.11621339  -1.84881652 *
*    H      38     -2.49004251   0.66064866   0.09095305 *
*    H      39     -1.76050393  -1.05206354  -0.96426500 *
*    C      40     -3.85596250   6.84853547   1.29334765 *
*    H      41      0.07605626   1.84101088   1.27410798 *
*    H      42     -1.90486981   1.58357920   0.83400856 *
*    H      43     -0.65767575   2.14885569  -1.04982345 *
*    Fe     44      3.30376110 -10.97058814   8.13296448 *
*    O      45      0.76101499   4.81367001   7.32462555 *
*    O      46     -8.63175094  -4.37168396   5.77020157 *
*    O      47      8.58625577  -6.10968268   4.91019049 *
*    C      48      3.26721035   4.83806943   5.76836751 *
*    C      49     -2.40136881  -5.02330090   5.04210889 *
*    C      50      6.61096161  -3.37450345  -0.69678486 *
*    C      51     -0.09553613   7.29993860   4.70445452 *
*    H      52     -1.40620343   1.29761336   1.71208823 *
*    H      53      0.73606530   2.14727897   1.70204151 *
*    H      54      0.15202897   2.38390552  -0.09760347 *
*    C      55      7.30391304   4.08945526   2.13720202 *
*    H      56      1.72639214   1.49255333  -0.73677437 *
*    H      57      1.97516620   1.63629019   1.27930171 *
*    H      58      2.30894647  -0.19887479   0.55094608 *
*    C      59      1.91221542   1.64077192   8.34500485 *
*    H      60      1.34319111  -0.71418861   1.89534768 *
*    H      61      1.07183549   1.13232625   2.36080313 *
*    H      62     -1.12293171   0.28865366   2.30885310 *
*    C      63     -5.69824619  -2.82709747   4.43265026 *
*    H      64     -2.12029875  -0.96043962  -0.17541403 *
*    H      65     -1.08646678  -1.52662514   1.73921250 *
*    H      66     -1.46151889   0.68307524   1.64594274 *
*    C      67     -0.81642076  -7.78659328   1.19097509 *
*    H      68      1.12200829  -1.89120889  -0.05816597 *
*    H      69     -0.21898065  -2.36350359   1.17182334 *
*    H      70     -1.25789467  -1.92223097  -0.78105119 *
*    C      71      1.34918140  -2.61765293   7.36137864 *
*    H      72     -0.19252324   0.69412909   2.29052336 *
*    H      73      0.14229869  -1.49815588   2.19264954 *
*    H      74      1.63669905  -0.80332740   1.31021336 *
*    C      75      6.20320120  -0.44374991  -4.46028403 *
*    H      76      1.74791458   1.21338579  -0.52527504 *
*    H      77      2.29449093  -0.49303333  -1.38327737 *
*    H      78      0.52698132  -0.61183595  -2.01888019 *
*    C      79      7.21779604  -1.34964883   3.00684412 *
*    H      80      1.20675963  -1.11725836   1.84851546 *
*    H      81      2.49005437  -0.66064545  -0.09061696 *
*    H      82      1.76025163   1.05158301   0.96553289 *
*    C      83      3.85632704  -6.84790036  -1.29599425 *
*    H      84     -0.07559693  -1.84026327  -1.27507441 *
*    H      85      1.90509158  -1.58315870  -0.83437507 *
*    H      86      0.65731294  -2.14952185   1.04877419 *
*                                                        *
**********************************************************
TOTAL:             -0.00000000  -0.00000000  -0.00000000
 
********************* Unconstrained **********************
***************** Local potential forces *****************
*                                                        *
* Element  Atom         Cartesian components (Eh/a)      *
* ------------------------------------------------------ *
*                       x            y            z      *
*                                                        *
*    Fe      1      3.29409736 -10.90405457   8.10403718 *
*    O       2      1.09695730   5.06847653   7.51594058 *
*    O       3     -8.34916183  -4.81535519   6.11207622 *
*    O       4      8.92977629  -6.15542144   4.47466615 *
*    C       5      3.18768285   4.75609341   5.68220586 *
*    C       6     -2.39204837  -4.92947594   4.95413456 *
*    C       7      6.49449879  -3.34055995  -0.63601004 *
*    C       8     -0.09691105   7.31590116   4.70942134 *
*    H       9     -1.38751888   1.29965102   1.70519908 *
*    H      10      0.72641900   2.13455332   1.68957205 *
*    H      11      0.15292341   2.37526771  -0.07985418 *
*    C      12      7.31407249   4.09434624   2.15023827 *
*    H      13      1.72676671   1.48520039  -0.71783309 *
*    H      14      1.96414877   1.62382325   1.26812046 *
*    H      15      2.29925359  -0.18131118   0.55164878 *
*    C      16      1.91767470   1.64408259   8.35859674 *
*    H      17      1.33409505  -0.69662557   1.89609253 *
*    H      18      1.06202929   1.12098455   2.34729437 *
*    H      19     -1.10441894   0.29195238   2.30185390 *
*    C      20     -5.71525702  -2.83554863   4.44521107 *
*    H      21     -2.10707179  -0.95731674  -0.16055904 *
*    H      22     -1.08382473  -1.51246850   1.72551945 *
*    H      23     -1.45686958   0.66548617   1.63765972 *
*    C      24     -0.81581470  -7.80920294   1.18814262 *
*    H      25      1.10350751  -1.89142085  -0.05048738 *
*    H      26     -0.21779635  -2.34812347   1.15916644 *
*    H      27     -1.24518688  -1.91865603  -0.76596451 *
*    C      28      1.35516660  -2.62071744   7.38088585 *
*    H      29     -0.18870457   0.67676241   2.28168560 *
*    H      30      0.14317437  -1.48383287   2.17868681 *
*    H      31      1.61801458  -0.80409606   1.31726081 *
*    C      32      6.21166240  -0.44443098  -4.47812387 *
*    H      33      1.74688238   1.19337889  -0.53056466 *
*    H      34      2.27693977  -0.48889100  -1.37443981 *
*    H      35      0.54131182  -0.61043731  -2.00585512 *
*    C      36      7.23872477  -1.34681535   3.01148658 *
*    H      37      1.21023371  -1.10592592   1.83179871 *
*    H      38      2.47234221  -0.65511971  -0.08354853 *
*    H      39      1.75922500   1.03260191   0.95936612 *
*    C      40      3.86246041  -6.86734694  -1.30107386 *
*    H      41     -0.06106362  -1.83715408  -1.26152786 *
*    H      42      1.88800737  -1.57710437  -0.82553646 *
*    H      43      0.66086626  -2.13797305   1.03335662 *
*    Fe     44     -3.29222523  10.90510002  -8.10401685 *
*    O      45     -1.09635734  -5.06823957  -7.51608258 *
*    O      46      8.34952871   4.81525220  -6.11192040 *
*    O      47     -8.92894962   6.15689671  -4.47464617 *
*    C      48     -3.18789429  -4.75615638  -5.68218754 *
*    C      49      2.39214704   4.92956814  -4.95388876 *
*    C      50     -6.49480736   3.34019893   0.63569453 *
*    C      51      0.09655398  -7.31596335  -4.70951730 *
*    H      52      1.38737088  -1.29969684  -1.70531477 *
*    H      53     -0.72657328  -2.13452951  -1.68955337 *
*    H      54     -0.15292414  -2.37527520   0.07985917 *
*    C      55     -7.31416292  -4.09448678  -2.14991861 *
*    H      56     -1.72669473  -1.48529008   0.71788530 *
*    H      57     -1.96430819  -1.62383318  -1.26797994 *
*    H      58     -2.29923464   0.18124284  -0.55155618 *
*    C      59     -1.91810347  -1.64405530  -8.35860731 *
*    H      60     -1.33411659   0.69667534  -1.89606005 *
*    H      61     -1.06221449  -1.12095870  -2.34722386 *
*    H      62      1.10427772  -0.29191964  -2.30198969 *
*    C      63      5.71530099   2.83553056  -4.44507935 *
*    H      64      2.10709921   0.95720266   0.16060981 *
*    H      65      1.08383937   1.51251257  -1.72543889 *
*    H      66      1.45683650  -0.66545347  -1.63765738 *
*    C      67      0.81591726   7.80920925  -1.18777291 *
*    H      68     -1.10352493   1.89146040   0.05059955 *
*    H      69      0.21783573   2.34817067  -1.15904079 *
*    H      70      1.24523322   1.91855952   0.76603799 *
*    C      71     -1.35509232   2.62100336  -7.38069353 *
*    H      72      0.18868310  -0.67668415  -2.28171150 *
*    H      73     -0.14314468   1.48392384  -2.17863409 *
*    H      74     -1.61796118   0.80420093  -1.31718881 *
*    C      75     -6.21326897   0.44188922   4.47611162 *
*    H      76     -1.74719814  -1.19365758   0.52920718 *
*    H      77     -2.27739210   0.48811490   1.37400105 *
*    H      78     -0.54190996   0.60928480   2.00592795 *
*    C      79     -7.23793027   1.34851649  -3.01302492 *
*    H      80     -1.20972264   1.10698172  -1.83148685 *
*    H      81     -2.47235157   0.65514485   0.08320767 *
*    H      82     -1.75897322  -1.03211733  -0.96063921 *
*    C      83     -3.86282525   6.86670390   1.30372479 *
*    H      84      0.06061030   1.83641119   1.26248298 *
*    H      85     -1.88823045   1.57670230   0.82591112 *
*    H      86     -0.66050725   2.13863618  -1.03232600 *
*                                                        *
**********************************************************
TOTAL:             -0.00009877  -0.00004772   0.00004915
 
********************* Unconstrained **********************
************** Compensation density forces ***************
*                                                        *
* Element  Atom         Cartesian components (Eh/a)      *
* ------------------------------------------------------ *
*                       x            y            z      *
*                                                        *
*    Fe      1      0.00303183  -0.02583046   0.00891452 *
*    O       2     -0.05303332  -0.04020901  -0.03041638 *
*    O       3     -0.04340179   0.06968561  -0.05393256 *
*    O       4     -0.05487430   0.00775279   0.06814313 *
*    C       5      0.00214049   0.00221401   0.00231924 *
*    C       6     -0.00024861  -0.00260981   0.00245235 *
*    C       7      0.00322884  -0.00095179  -0.00169744 *
*    C       8      0.00008579  -0.00060552  -0.00016879 *
*    H       9      0.00700893   0.00083637  -0.00248322 *
*    H      10     -0.00357457  -0.00470121  -0.00460354 *
*    H      11      0.00022725  -0.00333103   0.00672409 *
*    C      12     -0.00042484  -0.00016126  -0.00032542 *
*    H      13      0.00018914  -0.00265445   0.00706882 *
*    H      14     -0.00392062  -0.00464282  -0.00423507 *
*    H      15     -0.00349688   0.00658458   0.00013511 *
*    C      16     -0.00018479  -0.00004729  -0.00052693 *
*    H      17     -0.00357095   0.00663022   0.00029203 *
*    H      18     -0.00364870  -0.00422594  -0.00497183 *
*    H      19      0.00696832   0.00115470  -0.00246731 *
*    C      20      0.00065141   0.00025047  -0.00042069 *
*    H      21      0.00489753   0.00116031   0.00556790 *
*    H      22      0.00093242   0.00525455  -0.00513300 *
*    H      23      0.00169817  -0.00661369  -0.00296376 *
*    C      24     -0.00005079   0.00080728   0.00016664 *
*    H      25     -0.00699806  -0.00019846   0.00273717 *
*    H      26      0.00038144   0.00572269  -0.00475496 *
*    H      27      0.00479594   0.00127834   0.00558884 *
*    C      28     -0.00028015   0.00007522  -0.00068572 *
*    H      29      0.00144197  -0.00651950  -0.00327600 *
*    H      30      0.00035561   0.00527177  -0.00518974 *
*    H      31     -0.00705048  -0.00029454   0.00261039 *
*    C      32     -0.00031480  -0.00014489   0.00060293 *
*    H      33     -0.00023569  -0.00744810  -0.00147823 *
*    H      34     -0.00635294   0.00180159   0.00337595 *
*    H      35      0.00561883   0.00101760   0.00479425 *
*    C      36     -0.00071722  -0.00005271  -0.00028955 *
*    H      37      0.00115205   0.00385494  -0.00629651 *
*    H      38     -0.00655463   0.00207674   0.00278218 *
*    H      39     -0.00045772  -0.00729450  -0.00177333 *
*    C      40     -0.00018307   0.00071644   0.00026520 *
*    H      41      0.00564950   0.00142350   0.00466500 *
*    H      42     -0.00627436   0.00236193   0.00313526 *
*    H      43      0.00118608   0.00397482  -0.00616647 *
*    Fe     44     -0.00302550   0.02582788  -0.00891214 *
*    O      45      0.05303834   0.04020867   0.03041052 *
*    O      46      0.04340186  -0.06968508   0.05392603 *
*    O      47      0.05488993  -0.00772298  -0.06813865 *
*    C      48     -0.00214104  -0.00221304  -0.00231949 *
*    C      49      0.00024865   0.00261042  -0.00245213 *
*    C      50     -0.00322922   0.00094918   0.00169722 *
*    C      51     -0.00008577   0.00060574   0.00016907 *
*    H      52     -0.00701045  -0.00080164   0.00247524 *
*    H      53      0.00357558   0.00473487   0.00456997 *
*    H      54     -0.00022745   0.00332966  -0.00670380 *
*    C      55      0.00042496   0.00016152   0.00032588 *
*    H      56     -0.00018992   0.00262277  -0.00708560 *
*    H      57      0.00392087   0.00461074   0.00426053 *
*    H      58      0.00349527  -0.00658694  -0.00014385 *
*    C      59      0.00018500   0.00004782   0.00052617 *
*    H      60      0.00356781  -0.00659967  -0.00028147 *
*    H      61      0.00364860   0.00425181   0.00499322 *
*    H      62     -0.00697040  -0.00112308   0.00243471 *
*    C      63     -0.00065188  -0.00025145   0.00042092 *
*    H      64     -0.00489629  -0.00119500  -0.00555158 *
*    H      65     -0.00093194  -0.00523928   0.00515423 *
*    H      66     -0.00169955   0.00663304   0.00299016 *
*    C      67      0.00005086  -0.00080798  -0.00016697 *
*    H      68      0.00699859   0.00021110  -0.00276384 *
*    H      69     -0.00038021  -0.00569958   0.00477846 *
*    H      70     -0.00479542  -0.00130135  -0.00555908 *
*    C      71      0.00028032  -0.00007440   0.00068521 *
*    H      72     -0.00144344   0.00654772   0.00324650 *
*    H      73     -0.00035696  -0.00526489   0.00516036 *
*    H      74      0.00705313   0.00027135  -0.00258191 *
*    C      75      0.00031492   0.00014520  -0.00060283 *
*    H      76      0.00023247   0.00742786   0.00147273 *
*    H      77      0.00635497  -0.00180003  -0.00339852 *
*    H      78     -0.00561711  -0.00101662  -0.00482647 *
*    C      79      0.00071714   0.00005182   0.00029002 *
*    H      80     -0.00115555  -0.00382578   0.00632354 *
*    H      81      0.00655487  -0.00203906  -0.00279126 *
*    H      82      0.00045865   0.00731573   0.00174741 *
*    C      83      0.00018317  -0.00071555  -0.00026565 *
*    H      84     -0.00564667  -0.00142758  -0.00467403 *
*    H      85      0.00627712  -0.00233989  -0.00312401 *
*    H      86     -0.00118822  -0.00397157   0.00615241 *
*                                                        *
**********************************************************
TOTAL:              0.00002235   0.00023194  -0.00004821
 
********************* Unconstrained **********************
*************** Non-local potential forces ***************
*                                                        *
* Element  Atom         Cartesian components (Eh/a)      *
* ------------------------------------------------------ *
*                       x            y            z      *
*                                                        *
*    Fe      1      0.00877086  -0.04129049   0.02351963 *
*    O       2     -0.27908107  -0.21435585  -0.16274943 *
*    O       3     -0.23080763   0.37148893  -0.28813784 *
*    O       4     -0.28953748   0.04048052   0.36104485 *
*    C       5      0.08020542   0.08368321   0.08860051 *
*    C       6     -0.00966830  -0.09373677   0.08874641 *
*    C       7      0.11682277  -0.03463408  -0.06106770 *
*    C       8      0.00090362  -0.01685881  -0.00508244 *
*    H       9     -0.02175943  -0.00257947   0.00781355 *
*    H      10      0.01104230   0.01457201   0.01425267 *
*    H      11     -0.00082593   0.01028787  -0.02081077 *
*    C      12     -0.01072931  -0.00564545  -0.01346695 *
*    H      13     -0.00055377   0.00836549  -0.02201636 *
*    H      14      0.01221639   0.01436818   0.01318324 *
*    H      15      0.01103135  -0.02048855  -0.00051104 *
*    C      16     -0.00630228  -0.00298533  -0.01427877 *
*    H      17      0.01102268  -0.02050406  -0.00083186 *
*    H      18      0.01122317   0.01304712   0.01548178 *
*    H      19     -0.02165176  -0.00367110   0.00776201 *
*    C      20      0.01797835   0.00851665  -0.01284608 *
*    H      21     -0.01513190  -0.00367145  -0.01722915 *
*    H      22     -0.00296511  -0.01631267   0.01595421 *
*    H      23     -0.00523104   0.02052801   0.00937814 *
*    C      24     -0.00058373   0.02343276   0.00355797 *
*    H      25      0.02161089   0.00052179  -0.00866169 *
*    H      26     -0.00128410  -0.01764801   0.01478061 *
*    H      27     -0.01478796  -0.00407362  -0.01732966 *
*    C      28     -0.00637724   0.00318116  -0.01989353 *
*    H      29     -0.00456367   0.02024501   0.01019238 *
*    H      30     -0.00100571  -0.01638410   0.01611731 *
*    H      31      0.02184105   0.00083686  -0.00821772 *
*    C      32     -0.01021793  -0.00209735   0.01637064 *
*    H      33      0.00078760   0.02294914   0.00469034 *
*    H      34      0.01963665  -0.00570836  -0.01057061 *
*    H      35     -0.01742747  -0.00304943  -0.01497506 *
*    C      36     -0.02078280  -0.00122111  -0.00675646 *
*    H      37     -0.00366339  -0.01192979   0.01959085 *
*    H      38      0.02039038  -0.00640636  -0.00865743 *
*    H      39      0.00139124   0.02252895   0.00561983 *
*    C      40     -0.00634441   0.01992948   0.00811916 *
*    H      41     -0.01748822  -0.00432629  -0.01460670 *
*    H      42      0.01946723  -0.00740480  -0.00979482 *
*    H      43     -0.00364168  -0.01244830   0.01919706 *
*    Fe     44     -0.00877243   0.04132811  -0.02352784 *
*    O      45      0.27910947   0.21432822   0.16267393 *
*    O      46      0.23080477  -0.37150413   0.28809032 *
*    O      47      0.28961098  -0.04030802  -0.36103785 *
*    C      48     -0.08021516  -0.08365329  -0.08859031 *
*    C      49      0.00966531   0.09375541  -0.08875142 *
*    C      50     -0.11683164   0.03462356   0.06106284 *
*    C      51     -0.00090576   0.01687199   0.00507566 *
*    H      52      0.02175924   0.00254739  -0.00780756 *
*    H      53     -0.01104390  -0.01460264  -0.01422110 *
*    H      54      0.00082698  -0.01028612   0.02078928 *
*    C      55      0.01073330   0.00565276   0.01346296 *
*    H      56      0.00055598  -0.00833673   0.02203085 *
*    H      57     -0.01221851  -0.01433834  -0.01320644 *
*    H      58     -0.01102850   0.02049184   0.00052005 *
*    C      59      0.00630375   0.00301461   0.01427708 *
*    H      60     -0.01101922   0.02047702   0.00082258 *
*    H      61     -0.01122530  -0.01307241  -0.01550075 *
*    H      62      0.02165220   0.00364135  -0.00773284 *
*    C      63     -0.01797929  -0.00854293   0.01283429 *
*    H      64      0.01513109   0.00370257   0.01721309 *
*    H      65      0.00296460   0.01629904  -0.01597331 *
*    H      66      0.00523250  -0.02054800  -0.00940333 *
*    C      67      0.00059068  -0.02344756  -0.00355530 *
*    H      68     -0.02161085  -0.00053331   0.00868618 *
*    H      69      0.00128345   0.01762557  -0.01480264 *
*    H      70      0.01478687   0.00409404   0.01730104 *
*    C      71      0.00637805  -0.00316179   0.01989920 *
*    H      72      0.00456457  -0.02027147  -0.01016565 *
*    H      73      0.00100719   0.01637840  -0.01608776 *
*    H      74     -0.02184251  -0.00081532   0.00819091 *
*    C      75      0.01022654   0.00211928  -0.01636822 *
*    H      76     -0.00078418  -0.02292806  -0.00469505 *
*    H      77     -0.01963942   0.00570264   0.01059078 *
*    H      78      0.01742481   0.00304151   0.01501070 *
*    C      79      0.02078218   0.00120202   0.00676370 *
*    H      80      0.00367069   0.01191116  -0.01961088 *
*    H      81     -0.02039256   0.00636918   0.00866432 *
*    H      82     -0.00139185  -0.02254353  -0.00560587 *
*    C      83      0.00634624  -0.01991828  -0.00812854 *
*    H      84      0.01748330   0.00432294   0.01462177 *
*    H      85     -0.01946968   0.00738095   0.00978350 *
*    H      86      0.00364754   0.01245406  -0.01917651 *
*                                                        *
**********************************************************
TOTAL:              0.00010015   0.00005523  -0.00010305
 
********************* Unconstrained **********************
************ NGWF non self-consistent forces *************
*                                                        *
* Element  Atom         Cartesian components (Eh/a)      *
* ------------------------------------------------------ *
*                       x            y            z      *
*                                                        *
*    Fe      1      0.00024309  -0.00049308   0.00022103 *
*    O       2      0.00029533   0.00114570   0.00184905 *
*    O       3     -0.00303962  -0.00121002   0.00156588 *
*    O       4      0.00295044  -0.00140308   0.00112953 *
*    C       5      0.00001628  -0.00006860  -0.00012609 *
*    C       6      0.00007533   0.00001089  -0.00001320 *
*    C       7      0.00003086   0.00001317   0.00006543 *
*    C       8     -0.00003884  -0.00012175  -0.00026372 *
*    H       9     -0.00003467  -0.00003692  -0.00009024 *
*    H      10      0.00000788   0.00004926   0.00001677 *
*    H      11     -0.00002374   0.00000703  -0.00008209 *
*    C      12     -0.00025269  -0.00006021  -0.00005691 *
*    H      13     -0.00003564  -0.00003500  -0.00005497 *
*    H      14      0.00002868   0.00002738   0.00002514 *
*    H      15     -0.00002766  -0.00002721  -0.00003089 *
*    C      16     -0.00007092  -0.00024395  -0.00029933 *
*    H      17     -0.00003561  -0.00007226  -0.00005246 *
*    H      18      0.00003092  -0.00000578   0.00004428 *
*    H      19     -0.00002658  -0.00006663  -0.00006458 *
*    C      20      0.00003192   0.00002770  -0.00006887 *
*    H      21      0.00000455   0.00002198  -0.00003491 *
*    H      22     -0.00001248   0.00000363   0.00001728 *
*    H      23      0.00001146   0.00002115  -0.00002366 *
*    C      24      0.00005849   0.00026534  -0.00007581 *
*    H      25      0.00005119   0.00011393  -0.00005686 *
*    H      26      0.00002158  -0.00003055   0.00004142 *
*    H      27      0.00001131   0.00004712  -0.00002427 *
*    C      28     -0.00003468   0.00017137  -0.00027409 *
*    H      29      0.00000385   0.00000811  -0.00004797 *
*    H      30      0.00000588  -0.00004550   0.00004320 *
*    H      31      0.00001245   0.00007467  -0.00010318 *
*    C      32     -0.00031231   0.00013174   0.00020030 *
*    H      33     -0.00007366   0.00004533   0.00003137 *
*    H      34      0.00003434   0.00000917  -0.00002877 *
*    H      35     -0.00007784   0.00001857   0.00002782 *
*    C      36     -0.00003096  -0.00006647  -0.00000525 *
*    H      37     -0.00002331  -0.00000792   0.00001780 *
*    H      38      0.00000547   0.00000019   0.00001011 *
*    H      39     -0.00006458   0.00002776  -0.00001452 *
*    C      40     -0.00010359   0.00009023   0.00000422 *
*    H      41     -0.00000920   0.00001781   0.00001293 *
*    H      42      0.00002110   0.00000065  -0.00002546 *
*    H      43     -0.00005971   0.00002747  -0.00001076 *
*    Fe     44     -0.00024284   0.00046119  -0.00021462 *
*    O      45     -0.00028840  -0.00116866  -0.00184003 *
*    O      46      0.00304534   0.00121080  -0.00156875 *
*    O      47     -0.00295190   0.00140931  -0.00113082 *
*    C      48     -0.00001674   0.00006631   0.00012287 *
*    C      49     -0.00007711  -0.00001195   0.00001326 *
*    C      50     -0.00003198  -0.00001101  -0.00006161 *
*    C      51      0.00003443   0.00011008   0.00026701 *
*    H      52      0.00003578   0.00003164   0.00009333 *
*    H      53     -0.00000986  -0.00005510  -0.00000847 *
*    H      54      0.00002384  -0.00000427   0.00008056 *
*    C      55      0.00024149   0.00007919   0.00004891 *
*    H      56      0.00003364   0.00004274   0.00005769 *
*    H      57     -0.00002926  -0.00002301  -0.00003281 *
*    H      58      0.00002703   0.00002399   0.00002969 *
*    C      59      0.00007150   0.00022708   0.00029297 *
*    H      60      0.00003874   0.00006646   0.00005210 *
*    H      61     -0.00003215   0.00000253  -0.00004990 *
*    H      62      0.00002873   0.00006117   0.00007038 *
*    C      63     -0.00003193  -0.00003089   0.00005844 *
*    H      64     -0.00000497  -0.00001586   0.00003521 *
*    H      65      0.00001236  -0.00000646  -0.00002118 *
*    H      66     -0.00001009  -0.00002553   0.00001814 *
*    C      67     -0.00006841  -0.00026950   0.00007073 *
*    H      68     -0.00005177  -0.00011740   0.00006268 *
*    H      69     -0.00002407   0.00002964  -0.00004371 *
*    H      70     -0.00001059  -0.00004204   0.00001872 *
*    C      71      0.00004112  -0.00017405   0.00027842 *
*    H      72     -0.00000409  -0.00001194   0.00005414 *
*    H      73     -0.00000559   0.00004206  -0.00003725 *
*    H      74     -0.00001157  -0.00006899   0.00009776 *
*    C      75      0.00031071  -0.00012871  -0.00018904 *
*    H      76      0.00007440  -0.00004070  -0.00003127 *
*    H      77     -0.00003414  -0.00001064   0.00003257 *
*    H      78      0.00007780  -0.00001698  -0.00001876 *
*    C      79      0.00003226   0.00004681   0.00000581 *
*    H      80      0.00002518   0.00000203  -0.00002331 *
*    H      81     -0.00000498  -0.00000833  -0.00000770 *
*    H      82      0.00006368  -0.00003014   0.00001864 *
*    C      83      0.00010347  -0.00009497  -0.00000094 *
*    H      84      0.00001185  -0.00001744  -0.00001188 *
*    H      85     -0.00002102  -0.00000576   0.00002264 *
*    H      86      0.00006052  -0.00003029   0.00001042 *
*                                                        *
**********************************************************
TOTAL:             -0.00000549  -0.00012516   0.00001575
 
********************* Unconstrained **********************
********************** NLCC forces ***********************
*                                                        *
* Element  Atom         Cartesian components (Eh/a)      *
* ------------------------------------------------------ *
*                       x            y            z      *
*                                                        *
*    Fe      1     -0.00000000   0.00000000  -0.00000000 *
*    O       2      0.00000312   0.00000211   0.00000174 *
*    O       3      0.00000155  -0.00000381   0.00000306 *
*    O       4      0.00000373  -0.00000072  -0.00000318 *
*    C       5     -0.00509741  -0.00550893  -0.00592892 *
*    C       6      0.00066916   0.00566677  -0.00528252 *
*    C       7     -0.00716484   0.00204620   0.00372249 *
*    C       8      0.00028132   0.00036854   0.00025834 *
*    H       9      0.00000000   0.00000000   0.00000000 *
*    H      10      0.00000000   0.00000000   0.00000000 *
*    H      11      0.00000000   0.00000000   0.00000000 *
*    C      12      0.00005679   0.00042938   0.00111800 *
*    H      13      0.00000000   0.00000000   0.00000000 *
*    H      14      0.00000000   0.00000000   0.00000000 *
*    H      15      0.00000000   0.00000000   0.00000000 *
*    C      16      0.00034428   0.00049064   0.00016661 *
*    H      17      0.00000000   0.00000000   0.00000000 *
*    H      18      0.00000000   0.00000000   0.00000000 *
*    H      19      0.00000000   0.00000000   0.00000000 *
*    C      20     -0.00037407  -0.00049395   0.00041591 *
*    H      21      0.00000000   0.00000000   0.00000000 *
*    H      22      0.00000000   0.00000000   0.00000000 *
*    H      23      0.00000000   0.00000000   0.00000000 *
*    C      24     -0.00022234  -0.00072139  -0.00000069 *
*    H      25      0.00000000   0.00000000   0.00000000 *
*    H      26      0.00000000   0.00000000   0.00000000 *
*    H      27      0.00000000   0.00000000   0.00000000 *
*    C      28     -0.00021046  -0.00034557   0.00051158 *
*    H      29      0.00000000   0.00000000   0.00000000 *
*    H      30      0.00000000   0.00000000   0.00000000 *
*    H      31      0.00000000   0.00000000   0.00000000 *
*    C      32      0.00052467  -0.00024370  -0.00024281 *
*    H      33      0.00000000   0.00000000   0.00000000 *
*    H      34      0.00000000   0.00000000   0.00000000 *
*    H      35      0.00000000   0.00000000   0.00000000 *
*    C      36      0.00065574  -0.00001702  -0.00014388 *
*    H      37      0.00000000   0.00000000   0.00000000 *
*    H      38      0.00000000   0.00000000   0.00000000 *
*    H      39      0.00000000   0.00000000   0.00000000 *
*    C      40      0.00024806  -0.00035293  -0.00028104 *
*    H      41      0.00000000   0.00000000   0.00000000 *
*    H      42      0.00000000   0.00000000   0.00000000 *
*    H      43      0.00000000   0.00000000   0.00000000 *
*    Fe     44      0.00000000  -0.00000000   0.00000000 *
*    O      45     -0.00000312  -0.00000211  -0.00000175 *
*    O      46     -0.00000156   0.00000381  -0.00000306 *
*    O      47     -0.00000373   0.00000072   0.00000318 *
*    C      48      0.00507613   0.00557481   0.00577754 *
*    C      49     -0.00066434  -0.00580296   0.00538610 *
*    C      50      0.00716222  -0.00223005  -0.00372961 *
*    C      51     -0.00032993  -0.00030461  -0.00022984 *
*    H      52      0.00000000   0.00000000   0.00000000 *
*    H      53      0.00000000   0.00000000   0.00000000 *
*    H      54      0.00000000   0.00000000   0.00000000 *
*    C      55     -0.00008952  -0.00026960  -0.00088324 *
*    H      56      0.00000000   0.00000000   0.00000000 *
*    H      57      0.00000000   0.00000000   0.00000000 *
*    H      58      0.00000000   0.00000000   0.00000000 *
*    C      59     -0.00033382  -0.00042174  -0.00027635 *
*    H      60      0.00000000   0.00000000   0.00000000 *
*    H      61      0.00000000   0.00000000   0.00000000 *
*    H      62      0.00000000   0.00000000   0.00000000 *
*    C      63      0.00036636   0.00050618  -0.00038873 *
*    H      64      0.00000000   0.00000000   0.00000000 *
*    H      65      0.00000000   0.00000000   0.00000000 *
*    H      66      0.00000000   0.00000000   0.00000000 *
*    C      67      0.00022372   0.00063820  -0.00027762 *
*    H      68      0.00000000   0.00000000   0.00000000 *
*    H      69      0.00000000   0.00000000   0.00000000 *
*    H      70      0.00000000   0.00000000   0.00000000 *
*    C      71      0.00021557   0.00036886  -0.00058357 *
*    H      72      0.00000000   0.00000000   0.00000000 *
*    H      73      0.00000000   0.00000000   0.00000000 *
*    H      74      0.00000000   0.00000000   0.00000000 *
*    C      75     -0.00051716   0.00040874   0.00023947 *
*    H      76      0.00000000   0.00000000   0.00000000 *
*    H      77      0.00000000   0.00000000   0.00000000 *
*    H      78      0.00000000   0.00000000   0.00000000 *
*    C      79     -0.00065984   0.00010680   0.00016650 *
*    H      80      0.00000000   0.00000000   0.00000000 *
*    H      81      0.00000000   0.00000000   0.00000000 *
*    H      82      0.00000000   0.00000000   0.00000000 *
*    C      83     -0.00023401   0.00037314   0.00039165 *
*    H      84      0.00000000   0.00000000   0.00000000 *
*    H      85      0.00000000   0.00000000   0.00000000 *
*    H      86      0.00000000   0.00000000   0.00000000 *
*                                                        *
**********************************************************
TOTAL:             -0.00007371   0.00026581  -0.00009468
 
********************* Unconstrained **********************
****** Correction to ensure the total force is zero ******
*                                                        *
* Element  Atom         Cartesian components (Eh/a)      *
* ------------------------------------------------------ *
*                       x            y            z      *
*                                                        *
*    Fe      1      0.00000065  -0.00000442   0.00000211 *
*    O       2      0.00000065  -0.00000442   0.00000211 *
*    O       3      0.00000065  -0.00000442   0.00000211 *
*    O       4      0.00000065  -0.00000442   0.00000211 *
*    C       5      0.00000065  -0.00000442   0.00000211 *
*    C       6      0.00000065  -0.00000442   0.00000211 *
*    C       7      0.00000065  -0.00000442   0.00000211 *
*    C       8      0.00000065  -0.00000442   0.00000211 *
*    H       9      0.00000065  -0.00000442   0.00000211 *
*    H      10      0.00000065  -0.00000442   0.00000211 *
*    H      11      0.00000065  -0.00000442   0.00000211 *
*    C      12      0.00000065  -0.00000442   0.00000211 *
*    H      13      0.00000065  -0.00000442   0.00000211 *
*    H      14      0.00000065  -0.00000442   0.00000211 *
*    H      15      0.00000065  -0.00000442   0.00000211 *
*    C      16      0.00000065  -0.00000442   0.00000211 *
*    H      17      0.00000065  -0.00000442   0.00000211 *
*    H      18      0.00000065  -0.00000442   0.00000211 *
*    H      19      0.00000065  -0.00000442   0.00000211 *
*    C      20      0.00000065  -0.00000442   0.00000211 *
*    H      21      0.00000065  -0.00000442   0.00000211 *
*    H      22      0.00000065  -0.00000442   0.00000211 *
*    H      23      0.00000065  -0.00000442   0.00000211 *
*    C      24      0.00000065  -0.00000442   0.00000211 *
*    H      25      0.00000065  -0.00000442   0.00000211 *
*    H      26      0.00000065  -0.00000442   0.00000211 *
*    H      27      0.00000065  -0.00000442   0.00000211 *
*    C      28      0.00000065  -0.00000442   0.00000211 *
*    H      29      0.00000065  -0.00000442   0.00000211 *
*    H      30      0.00000065  -0.00000442   0.00000211 *
*    H      31      0.00000065  -0.00000442   0.00000211 *
*    C      32      0.00000065  -0.00000442   0.00000211 *
*    H      33      0.00000065  -0.00000442   0.00000211 *
*    H      34      0.00000065  -0.00000442   0.00000211 *
*    H      35      0.00000065  -0.00000442   0.00000211 *
*    C      36      0.00000065  -0.00000442   0.00000211 *
*    H      37      0.00000065  -0.00000442   0.00000211 *
*    H      38      0.00000065  -0.00000442   0.00000211 *
*    H      39      0.00000065  -0.00000442   0.00000211 *
*    C      40      0.00000065  -0.00000442   0.00000211 *
*    H      41      0.00000065  -0.00000442   0.00000211 *
*    H      42      0.00000065  -0.00000442   0.00000211 *
*    H      43      0.00000065  -0.00000442   0.00000211 *
*    Fe     44      0.00000065  -0.00000442   0.00000211 *
*    O      45      0.00000065  -0.00000442   0.00000211 *
*    O      46      0.00000065  -0.00000442   0.00000211 *
*    O      47      0.00000065  -0.00000442   0.00000211 *
*    C      48      0.00000065  -0.00000442   0.00000211 *
*    C      49      0.00000065  -0.00000442   0.00000211 *
*    C      50      0.00000065  -0.00000442   0.00000211 *
*    C      51      0.00000065  -0.00000442   0.00000211 *
*    H      52      0.00000065  -0.00000442   0.00000211 *
*    H      53      0.00000065  -0.00000442   0.00000211 *
*    H      54      0.00000065  -0.00000442   0.00000211 *
*    C      55      0.00000065  -0.00000442   0.00000211 *
*    H      56      0.00000065  -0.00000442   0.00000211 *
*    H      57      0.00000065  -0.00000442   0.00000211 *
*    H      58      0.00000065  -0.00000442   0.00000211 *
*    C      59      0.00000065  -0.00000442   0.00000211 *
*    H      60      0.00000065  -0.00000442   0.00000211 *
*    H      61      0.00000065  -0.00000442   0.00000211 *
*    H      62      0.00000065  -0.00000442   0.00000211 *
*    C      63      0.00000065  -0.00000442   0.00000211 *
*    H      64      0.00000065  -0.00000442   0.00000211 *
*    H      65      0.00000065  -0.00000442   0.00000211 *
*    H      66      0.00000065  -0.00000442   0.00000211 *
*    C      67      0.00000065  -0.00000442   0.00000211 *
*    H      68      0.00000065  -0.00000442   0.00000211 *
*    H      69      0.00000065  -0.00000442   0.00000211 *
*    H      70      0.00000065  -0.00000442   0.00000211 *
*    C      71      0.00000065  -0.00000442   0.00000211 *
*    H      72      0.00000065  -0.00000442   0.00000211 *
*    H      73      0.00000065  -0.00000442   0.00000211 *
*    H      74      0.00000065  -0.00000442   0.00000211 *
*    C      75      0.00000065  -0.00000442   0.00000211 *
*    H      76      0.00000065  -0.00000442   0.00000211 *
*    H      77      0.00000065  -0.00000442   0.00000211 *
*    H      78      0.00000065  -0.00000442   0.00000211 *
*    C      79      0.00000065  -0.00000442   0.00000211 *
*    H      80      0.00000065  -0.00000442   0.00000211 *
*    H      81      0.00000065  -0.00000442   0.00000211 *
*    H      82      0.00000065  -0.00000442   0.00000211 *
*    C      83      0.00000065  -0.00000442   0.00000211 *
*    H      84      0.00000065  -0.00000442   0.00000211 *
*    H      85      0.00000065  -0.00000442   0.00000211 *
*    H      86      0.00000065  -0.00000442   0.00000211 *
*                                                        *
**********************************************************
TOTAL:              0.00005547  -0.00038010   0.00018104

********************* Unconstrained **********************
************************* Forces *************************
*                                                        *
* Element  Atom         Cartesian components (Eh/a)      *
* ------------------------------------------------------ *
*                       x            y            z      *
*                                                        *
*    Fe      1      0.00050694  -0.00212741   0.00370187 *
*    O       2      0.00348422   0.00117463   0.00018853 *
*    O       3      0.00497182  -0.00359358   0.00125091 *
*    O       4      0.00114494  -0.00058095  -0.00526641 *
*    C       5     -0.00203597  -0.00162325  -0.00129940 *
*    C       6      0.00004648   0.00304341  -0.00232047 *
*    C       7     -0.00321845   0.00079299   0.00211658 *
*    C       8      0.00022027  -0.00119898  -0.00019402 *
*    H       9      0.00405019   0.00032332  -0.00153449 *
*    H      10     -0.00201148  -0.00281232  -0.00284066 *
*    H      11      0.00027241  -0.00167331   0.00359487 *
*    C      12     -0.00110009  -0.00042555  -0.00001960 *
*    H      13     -0.00009812  -0.00161869   0.00388165 *
*    H      14     -0.00252764  -0.00272766  -0.00232971 *
*    H      15     -0.00220838   0.00369845   0.00020410 *
*    C      16     -0.00032372   0.00047926  -0.00131759 *
*    H      17     -0.00165813   0.00358600   0.00012864 *
*    H      18     -0.00201456  -0.00254055  -0.00301273 *
*    H      19      0.00394610   0.00069848  -0.00164786 *
*    C      20      0.00123757  -0.00011881  -0.00050083 *
*    H      21      0.00297235   0.00072201   0.00312067 *
*    H      22      0.00058253   0.00306261  -0.00292018 *
*    H      23      0.00115940  -0.00367600  -0.00187448 *
*    C      24     -0.00029489   0.00117631   0.00046220 *
*    H      25     -0.00381639   0.00019047   0.00157235 *
*    H      26      0.00026932   0.00338784  -0.00269826 *
*    H      27      0.00267934   0.00090249   0.00326959 *
*    C      28     -0.00099277  -0.00029169  -0.00100020 *
*    H      29      0.00072263  -0.00369384  -0.00195537 *
*    H      30      0.00020104   0.00307676  -0.00306196 *
*    H      31     -0.00393603  -0.00027647   0.00128390 *
*    C      32     -0.00025529  -0.00050156   0.00109866 *
*    H      33     -0.00023791  -0.00421289  -0.00068414 *
*    H      34     -0.00378001   0.00102144   0.00204461 *
*    H      35      0.00304368   0.00053993   0.00277337 *
*    C      36     -0.00073916  -0.00021057  -0.00102241 *
*    H      37      0.00042627   0.00220027  -0.00370357 *
*    H      38     -0.00385844   0.00119510   0.00154148 *
*    H      39     -0.00040934  -0.00420384  -0.00106480 *
*    C      40      0.00011554   0.00156733   0.00038343 *
*    H      41      0.00314538   0.00096740   0.00265346 *
*    H      42     -0.00364782   0.00142819   0.00178920 *
*    H      43      0.00067585   0.00243220  -0.00344490 *
*    Fe     44     -0.00050426   0.00212464  -0.00370486 *
*    O      45     -0.00348540  -0.00120787  -0.00021226 *
*    O      46     -0.00497117   0.00358920  -0.00127218 *
*    O      47     -0.00114792   0.00058863   0.00524228 *
*    C      48      0.00201989   0.00168342   0.00117269 *
*    C      49     -0.00004861  -0.00318624   0.00241803 *
*    C      50      0.00322429  -0.00097726  -0.00211939 *
*    C      51     -0.00026851   0.00125402   0.00022122 *
*    H      52     -0.00404734  -0.00031050   0.00153656 *
*    H      53      0.00201449   0.00282216   0.00283065 *
*    H      54     -0.00027116   0.00166518  -0.00357616 *
*    C      55      0.00106100   0.00058794   0.00024003 *
*    H      56      0.00009775   0.00158760  -0.00388402 *
*    H      57      0.00253175   0.00270198   0.00234516 *
*    H      58      0.00220627  -0.00370748  -0.00020211 *
*    C      59      0.00033903  -0.00042002   0.00121951 *
*    H      60      0.00166249  -0.00357388  -0.00011705 *
*    H      61      0.00201279   0.00254505   0.00302395 *
*    H      62     -0.00394283  -0.00069095   0.00163777 *
*    C      63     -0.00124129   0.00010959   0.00049794 *
*    H      64     -0.00296905  -0.00074966  -0.00310539 *
*    H      65     -0.00058175  -0.00306369   0.00293546 *
*    H      66     -0.00115888   0.00367686   0.00189243 *
*    C      67      0.00029400  -0.00127530  -0.00072487 *
*    H      68      0.00381997  -0.00019253  -0.00157930 *
*    H      69     -0.00026510  -0.00338171   0.00271676 *
*    H      70     -0.00267993  -0.00092523  -0.00325041 *
*    C      71      0.00100478   0.00030462   0.00096648 *
*    H      72     -0.00072247   0.00370483   0.00194895 *
*    H      73     -0.00020071  -0.00308088   0.00305291 *
*    H      74      0.00393756   0.00025614  -0.00126660 *
*    C      75      0.00026788   0.00067941  -0.00109092 *
*    H      76      0.00023978   0.00418289   0.00068065 *
*    H      77      0.00378088  -0.00103088  -0.00204939 *
*    H      78     -0.00304249  -0.00054766  -0.00278467 *
*    C      79      0.00073816   0.00027069   0.00104734 *
*    H      80     -0.00042204  -0.00219365   0.00372006 *
*    H      81      0.00386078  -0.00118322  -0.00154182 *
*    H      82      0.00040953   0.00420332   0.00105596 *
*    C      83     -0.00009870  -0.00155654  -0.00027084 *
*    H      84     -0.00313751  -0.00097858  -0.00265346 *
*    H      85      0.00364818  -0.00142553  -0.00177972 *
*    H      86     -0.00067383  -0.00243789   0.00343661 *
*                                                        *
**********************************************************
* TOTAL:           -0.00000000   0.00000000  -0.00000000 *
**********************************************************
 
 
***********************************************************
********** Summary of Forces (values in Eh/a) *************
*                                                         *
* ---------------------- Minimum ------------------------ *
* Atom:        12, |F|min =    0.00117969                 *
* Components:     Fx|min       Fy|min       Fz|min        *
*              -0.00110009  -0.00042555  -0.00001960      *
*                                                         *
* ---------------------- Maximum ------------------------ *
* Atom:        46, |F|max =    0.00626206                 *
* Components:     Fx|max       Fy|max       Fz|max        *
*              -0.00497117   0.00358920  -0.00127218      *
*                                                         *
* ---------------- Root Mean Square Force --------------- *
*                  |F|rms =    0.00389127                 *
* Components:     Fx|rms       Fy|rms       Fz|rms        *
*               0.00227504   0.00217751   0.00228574      *
***********************************************************
 

------------------------------ TIMING INFORMATION ------------------------------
AVERAGE TIME:    8479.321s on      6 proc(s)                                    
TOTAL TIME:      8479.321s on      6 proc(s)                                    
==================== AVERAGE TIMINGS FROM ALL PROCS (CUMULATIVE) =====================
|| TAG                                         #calls     cpu time   %total  Gflops ||
|| onetep.F90 main loop imbalance             :     1        0.00s   0.000%  ------ ||
|| hash_table_free                            :    29        0.00s   0.000%  ------ ||
|| sparse_spam3toblacs_real_fast_imbal        :     6        0.00s   0.000%  ------ ||
|| sparse_blacstospam3_real_fast_imbal        :    24        0.00s   0.000%  ------ ||
|| density_fftbox_interp_mult_imbal           : 10676        0.00s   0.000%  ------ ||
|| onetep.F90 final imbalance                 :     1        0.00s   0.000%  ------ ||
|| sparse_spam3toblacs_real_fast_B2           :    36        0.00s   0.000%  ------ ||
|| sw_bessel_init_cpu                         :     1        0.01s   0.000%  ------ || (1 procs only)
|| ewald_calculate_energy                     :     1        0.02s   0.000%  ------ ||
|| sparse_set_to_garbage                      :   255        0.02s   0.000%  ------ ||
|| sparse_spam3toblacs_real_fast_B1           :    36        0.02s   0.000%  ------ ||
|| paw_dij_hartree                            :   170        0.02s   0.000%  ------ ||
|| ewald_calculate_forces_realspace           :     1        0.02s   0.000%  ------ ||
|| ewald_calculate_forces_recipspace          :     1        0.02s   0.000%  ------ ||
|| paw_tcore_density                          :     1        0.04s   0.000%  ------ ||
|| sparse_init                                :     1        0.04s   0.001%  ------ ||
|| sparse_blacstospam3_real_fast              :    24        0.05s   0.001%  ------ ||
|| linalg_dgemv                               :    80        0.05s   0.001%  ------ ||
|| sw_init                                    :   319        0.07s   0.001%  ------ ||
|| sparse_spam3toblacs_real_fast              :     6        0.07s   0.001%  ------ ||
|| palser_mano_kernel_optimise_spam3_embed    :     2        0.11s   0.001%  ------ ||
|| basis_extract_function_from_box            :  2000        0.12s   0.001%  ------ ||
|| sparse_embed_array_hotelling_invert        :    29        0.14s   0.002%  ------ ||
|| ewald_calculate_forces                     :     1        0.15s   0.002%  ------ ||
|| dense_eigensolve                           :     2        0.17s   0.002%  ------ ||
|| augmentation_density_forces                :     1        0.18s   0.002%  ------ ||
|| restart_kernel_write                       :    16        0.23s   0.003%  ------ ||
|| ngwfs_initialise_from_radial               :     1        0.44s   0.005%  ------ ||
|| paw_tcore_hartree_on_grid                  :     1        0.60s   0.007%  ------ ||
|| pseudo_make_structure_factor               :     1        0.60s   0.007%  ------ ||
|| kernel_purify                              :   240        0.79s   0.009%  ------ ||
|| sparse_trace                               :  6018        0.92s   0.011%  ------ ||
|| lnv_gradient_norm                          :    75        0.95s   0.011%  ------ ||
|| paw_sphere_density_on_grid                 :     1        1.07s   0.013%  ------ ||
|| kernel_fix                                 :    75        1.19s   0.014%  ------ ||
|| integrals_grad_spam3                       :     1        1.41s   0.017%  ------ ||
|| nonsc_forces_ngwfs_calc                    :     1        1.45s   0.017%  ------ ||
|| function_ops_brappd_ketppd_spam3           :    29        1.61s   0.019%  ------ ||
|| paw_dataset_init                           :     4        1.79s   0.021%  ------ ||
|| paw_tcore_hartree_calc_forces              :     1        1.83s   0.022%  ------ ||
|| ngwf_gradient_coeffs                       :    15        3.86s   0.045%  ------ ||
|| paw_species_calc_proj_prec_mat             :     1        4.17s   0.049%  ------ ||
|| restart_ngwfs_tightbox_output              :    14        4.77s   0.056%  ------ ||
|| paw_nlcc_calculate_forces                  :     1        5.91s   0.070%  ------ ||
|| sparse_product                             :  8684        6.45s   0.076%  ------ ||
|| energy_and_force_init_cell                 :     1        7.29s   0.086%  ------ ||
|| projectors_func_grad_ovlp_box_spam3        :     3        8.21s   0.097%  ------ ||
|| aug_nl_calculate_forces                    :     1        8.56s   0.101%  ------ ||
|| eigenstates_calculate                      :     1       10.52s   0.124%  ------ ||
|| integrals_kinetic_spam3                    :    29       22.42s   0.264%  ------ ||
|| basis_copy_function_to_box                 : 18266       23.52s   0.277%  ------ ||
|| augmentation_screen_dij_spam3              :   161       24.92s   0.294%  ------ ||
|| fourier_apply_box_pair                     :  2510       29.40s   0.347%  84.538 ||
|| aug_nonlocal_mat_spam3_embed_array         :   154       33.40s   0.394%  ------ ||
|| basis_dot_function_with_box                : 1.540M      33.48s   0.395%  ------ ||
|| paw_dij_xc                                 :   170       35.85s   0.423%  ------ ||
|| cell_grid_extract_box_real                 : 11894       41.58s   0.490%  ------ ||
|| integrals_locpot_mat_els_batch             :   498       52.69s   0.621%  ------ ||
|| forces_calculate                           :     1       53.63s   0.632%  ------ ||
|| aug_density_on_grid_spam3                  :   157       66.16s   0.780%  ------ ||
|| fourier_filter_cell                        :   196       67.59s   0.797%  22.038 ||
|| density_batch_row_sums                     :   942       68.56s   0.809%  ------ ||
|| projectors_func_ovlp_box_spam3             :    29       68.75s   0.811%  ------ ||
|| density_init_guess_real                    :     2       72.79s   0.858%  ------ ||
|| projectors_init_fftbox_recip               :   213       83.09s   0.980%  ------ ||
|| cell_grid_deposit_box_real                 : 16628       92.14s   1.087%  ------ ||
|| hartree_on_grid_single                     :   156       97.06s   1.145%  ------ ||
|| basis_add_function_to_box                  : 2.878M     103.84s   1.225%  ------ ||
|| fourier_interpolate_cell                   :   314      115.32s   1.360%  20.692 ||
|| hamiltonian_energy_components              :     3      161.07s   1.900%  ------ ||
|| density_fftbox_deposit_to_cell             : 10676      181.54s   2.141%  ------ ||
|| properties_calculate                       :     1      227.26s   2.680%  ------ ||
|| fourier_filter                             :  3822      282.16s   3.328%  ------ ||
|| fourier_apply_cell_forward                 :  1405      371.61s   4.383%  25.856 ||
|| fourier_apply_cell_backward                :  1405      443.37s   5.229%  21.671 ||
|| fourier_interpolate                        :  3822      617.89s   7.287%  ------ ||
|| projectors_gradient_batch                  :    90      862.57s  10.173%  ------ ||
|| xc_energy_potential                        :   156      871.65s  10.280%  ------ ||
|| potential_apply_to_ngwf_batch              :   498     1132.93s  13.361%  ------ ||
|| integrals_locpot_dbl_grid                  :   166     1185.86s  13.985%  ------ ||
|| fourier_interpolate_product                : 10466     1374.68s  16.212%  ------ ||
|| density_fftbox_interpolate_multiply        : 10676     1485.07s  17.514%  ------ ||
|| fourier_apply_box                          : 67358     1507.02s  17.773% 126.964 ||
|| projectors_grad_precond_batch              :    90     1889.86s  22.288%  ------ ||
|| density_batch_interp_deposit               :   942     1998.43s  23.568%  ------ ||
|| density_on_dbl_grid                        :   314     2128.26s  25.099%  ------ ||
|| ngwf_gradient_build_batch                  :    90     3072.13s  36.231%  ------ ||
|| ngwf_gradient_batch                        :    90     3258.86s  38.433%  ------ ||
|| hamiltonian_lhxc_calculate                 :   151     3327.30s  39.240%  ------ ||
|| ngwf_gradient_lnv                          :    15     3342.19s  39.416%  ------ ||
|| lnv_denskernel_optimise_cg                 :    15     4148.69s  48.927%  ------ ||
|| ngwf_cg_optimise                           :     1     8081.78s  95.312%  ------ ||
|| energy_and_forces                          :     1     8471.39s  99.906%  ------ ||
|| total_time                                 :     1     8479.32s 100.000%  ------ ||
======================================================================================
Overhead of generating timer report: 
- 0 ms averaging over threads,
- 1 ms ensuring consistency across MPI ranks,
- 31 ms printing in order.

Job completed: 24-10-2025 13:21 (+0100)

onetep_launcher: ONETEP seems to have finished correctly (zero exit code).
                 Brought to you by PID 155433 on nid005557.
