==================================================================================
It's Fri 24 Oct 2025 11:00:03 AM BST.
*** Starting onetep_launcher (node nid002077, PIDs 153001 153002 153003 153004 153005 153006)...
    - ONETEP arguments: Fe3_O_piv_6_H2O_3_HighSpin_NGWFSP.dat
    - Current directory: /mnt/lustre/a2fs-work3/work/e89/e89/phsmea/onetep_ali_PBE/Fe3_O_Piv_6_H2O_3/HS/sp
    - Launcher executable directory: /mnt/lustre/a2fs-work3/work/e89/e89/phsmea/onetep_ali
    - (-e) ONETEP executable specified through command-line: /work/e89/e89/phsmea/onetep.archer2_2024_cray_2
      ... trying /work/e89/e89/phsmea/onetep.archer2_2024_cray_2
          -> looks OK
*** Setting up environment...
    - (-s) Process stack size: unlimited
    - (-t) OMP_NUM_THREADS: 8
    - (-o) OMP_STACKSIZE: 64M
    - (-c) Maximum core file size: 2048000
    - (-d) decfort_dump_flag: n
    - (-m) I_MPI_OFA_TRANSLATION_CACHE: 0
    - (-m) I_MPI_DAPL_TRANSLATION_CACHE: 0
    - (-m) I_MPI_DAPL_UD_TRANSLATION_CACHE: 0
*** Starting ONETEP...
    - /work/e89/e89/phsmea/onetep.archer2_2024_cray_2 Fe3_O_piv_6_H2O_3_HighSpin_NGWFSP.dat
=================================================================================
_________________________________________________________________________________
 +---------------------------------------------------------------+
 |                                                               |
 |        ####### #     # ####### ####### ####### ######         |
 |        #     # ##    # #          #    #       #     #        |
 |        #     # # #   # #          #    #       #     #        |
 |        #     # #  #  # #####      #    #####   ######         |
 |        #     # #   # # #          #    #       #              |
 |        #     # #    ## #          #    #       #              |
 |        ####### #     # #######    #    ####### #              |
 |                                                               |
 |        Linear-Scaling Ab Initio Total Energy Program          |
 |                                                               |
 |          Release for academic collaborators of ODG            |
 |                                             Version 7.3.0     |
 | Remote: git@github.com:Miesaz/onetep_mea.git                  |
 | Local branch: master                                          |
 | Commit ID: 4af45e89288c8df5499704252eec3e032ee3d0c8           |
 | Date: Tue Aug 6 11:28:44 2024 +0100                           |
 | Locally modified files:                                       |
 |   src/hubbard_build_mod.F90                                   |
 |   src/services_mod.F90                                        |
 |                                                               |
 +---------------------------------------------------------------+
 |                                                               |
 |  Authors:                                                     |
 |  Jacek Dziedzic, Peter D. Haynes, Nicholas D. M. Hine,        |
 |  Arash A. Mostofi, Mike C. Payne and Chris-Kriton Skylaris    |
 |                                                               |
 |  Contributors:                                                |
 |  J. Aarons, L. Andrinopoulos, P. W. Avraam, R. A. Bell,       |
 |  A. Bhandari, G. A. Bramley, R. J. Charlton, S. J. Clark,     |
 |  R. J. Clements, G. C. Constantinescu, F. Corsetti,           |
 |  N. Corsini, O. Dieguez, S. M. M. Dubois, K. K. B. Duff,      |
 |  J. M. Escartin, M. Escobar Azor, A. Greco,                   |
 |  H. Helal, Q. O. Hill, L. P. Lee, J.-H. Li,                   |
 |  T. Li, E. B. Linscott, G. Moynihan, D. D. O`Regan,           |
 |  O. K. Okan, E. Parkinson, M. J. S. Phipps,                   |
 |  C. J. Pickard, J. C. A. Prentice, M. I. J. Probert,          |
 |  L. E. Ratcliff, M. Robinson, A. Ruiz Serrano,                |
 |  M. dos Santos Dias, J. S. Spencer, E. W. Tait,               |
 |  G. Teobaldi, D. Turban, V. Vitale, K. A. Wilkinson,          |
 |  C. Weber, J. C. Womack, Chengcheng Xiao, N. Yeung,           |
 |  and T. J. Zuehlsdorff.                                       |
 |                                                               |
 |                                   Copyright (c) 2004-2025     |
 |                                                               |
 |  Please cite:                                                 |
 |  "The ONETEP linear-scaling density functional theory program"|
 |   J. Chem. Phys. 152(17) 174111 (2020)                        |
 |                                                               |
 |          in all publications arising from your use of ONETEP. |
 |                                                               |
 +---------------------------------------------------------------+
 |                                                               |
 |   ONETEP is based on developments described in the following  |
 |   publications:                                               |
 |                                                               |
 |  "Nonorthogonal generalized Wannier function pseudopotential  |
 |   plane-wave method".                                         |
 |   C.-K. Skylaris, A. A. Mostofi, P. D. Haynes, O. Dieguez,    |
 |   M. C. Payne.                                                |
 |   Phys. Rev. B 66 035119 (2002).                              |
 |                                                               |
 |  "Preconditioned iterative minimization for linear-scaling    |
 |   electronic structure calculations".                         |
 |   A. A. Mostofi, P. D. Haynes, C.-K. Skylaris, M. C. Payne.   |
 |   J. Chem. Phys. 119(17), pp.8842-8848 (2003).                |
 |                                                               |
 |  "Total-energy calculations on a real space grid with         |
 |   localized functions and a plane-wave basis".                |
 |   A. A. Mostofi, C.-K. Skylaris, P. D. Haynes, M. C. Payne.   |
 |   Comput. Phys. Commun. 147, pp.788-802 (2002).               |
 |                                                               |
 |  "Accurate kinetic energy evaluation in electronic structure  |
 |   calculations with localized functions on real space grids"  |
 |   C.-K. Skylaris, A. A. Mostofi, P. D. Haynes, C. J. Pickard, |
 |   M. C. Payne.                                                |
 |   Comput. Phys. Commun. 140, pp.315-322 (2001).               |
 |                                                               |
 |  "Accurate ionic forces and geometry optimization in linear-  |
 |   scaling density-functional theory with local orbitals"      |
 |   N. D. M. Hine, M. Robinson, P. D. Haynes, C.-K. Skylaris,   |
 |   M. C. Payne, and A. A. Mostofi.                             |
 |   Phys. Rev. B 83 195102 (2011).                              |
 |                                                               |
 +---------------------------------------------------------------+

Job started: 24-10-2025 11:00 (+0100)
 
Reading parameters from file "Fe3_O_piv_6_H2O_3_HighSpin_NGWFSP.dat" ...... done

If your calculation crashes here, before "Checking processes and threads..."
is displayed, then your stack size is insufficient.
If so, use "ulimit -s unlimited" at runtime.
You can disable this check with "check_stack_size F".

Checking processes and threads...
   Determining the default number of threads...
      No default threads set at compilation time: defaulting to 1.
      OpenMP library call suggests 8 threads.
      Hybrid MPI-OpenMP compilation detected.
      Number of MPI processes > 1.
      OMP_NUM_THREADS environment variable present and
      its value matches the one obtained from the OpenMP library call.
      Using this value as default.
      Default threads: 8
      Default applies to threads_max and threads_num_fftboxes.
      Settings in the input file override this default.
   ... done

   Running with 6 MPI processes.
   There are 6 MPI processes running on the same node as the root process.
   Each MPI process is using: 
               1 threads for simulation cell FFTs.
               1 threads for threaded FFT box operations.
               8 threads for loops over batched FFT box operations.
               8 threads in other parallel regions.
   MPI Interface: S1 (use mpi_f08) (-DMPI -DUSE_MPI_F08).
   MPI_ASYNC_PROTECTS_NONBLOCKING: Yes. MPI_SUBARRAYS_SUPPORTED: Yes.
   FFTW Interface: OMP-capable and MODERN. (-DUSE_MODERN_FFTW specified).
   GPU Interface: None.
   GPU FFT Backend: None.
... done

Basic input checks...... done

Reading geometry and species blocks from file "Fe3_O_piv_6_H2O_3_HighSpin_NGWFSP.dat" ...   
  Number of PPD points along a3 set to 1.  This is 
  the default value, it may have been provided also in the input file.
... done


--------------------------------------------------------------------------------
---------------------------------- INPUT FILE ----------------------------------
--------------------------------------------------------------------------------

charge : 1                                                                      
cutoff_energy : 800 eV                                                          
do_properties : T                                                               
edft : F                                                                        
fine_grid_scale : 4                                                             
forces_output_detail : VERBOSE                                                  
output_detail : VERBOSE                                                         
paw : T                                                                         
pseudo_path : ../../..                                                          
spin : 15                                                                       
task : SINGLEPOINT                                                              
write_denskern : T                                                              
write_forces : T                                                                
write_tightbox_ngwfs : T                                                        
xc_functional : pbe                                                             
ngwfs_spin_polarized : T                                                        
%BLOCK LATTICE_CART                                                             
ang                                                                             
32.50833397       0.00000000       0.00000000                                   
0.00000000      31.98669797       0.00000000                                    
0.00000000       0.00000000      30.19651969                                    
%ENDBLOCK LATTICE_CART                                                          
%BLOCK POSITIONS_ABS                                                            
ang                                                                             
Fe    17.359051    14.728666    15.390070                                       
Fe    16.445998    16.166781    12.566758                                       
Fe    15.006795    17.034042    15.407719                                       
O    16.261370    15.969840    14.450271                                        
O    18.679788    13.306069    16.346460                                        
H    18.864125    12.607263    15.707430                                        
H    19.521598    13.722892    16.562878                                        
O    16.571234    16.527857    10.433985                                        
H    16.562755    17.488045    10.333527                                        
H    15.777844    16.194233    10.000000                                        
O    13.591243    18.174076    16.592086                                        
H    13.222494    17.567365    17.245664                                        
H    14.054598    18.864349    17.079474                                        
O    19.072659    15.411941    14.531216                                        
O    18.426335    16.359677    12.623950                                        
O    17.274902    13.253516    14.014396                                        
O    16.577272    14.216448    12.134273                                        
O    16.302639    18.207917    12.552697                                        
O    15.421128    18.767801    14.517443                                        
O    14.457052    16.054950    12.205048                                        
O    13.514753    16.656399    14.130483                                        
O    16.313026    17.565855    16.878604                                        
O    17.787052    15.900408    16.955004                                        
O    14.334150    15.544356    16.602961                                        
O    15.825122    13.906780    16.378393                                        
C    19.297999    16.081171    13.491134                                        
C    20.705550    16.616684    13.248282                                        
C    21.170229    16.160075    11.863320                                        
H    20.485195    16.497496    11.085394                                        
H    21.245394    15.071152    11.807484                                        
H    22.159888    16.573720    11.657677                                        
C    20.615132    18.147108    13.280787                                        
H    19.920313    18.514102    12.524358                                        
H    21.600872    18.572445    13.080025                                        
H    20.287862    18.507026    14.259935                                        
C    21.675129    16.129226    14.316056                                        
H    21.755889    15.040436    14.315333                                        
H    21.367074    16.447648    15.313390                                        
H    22.668653    16.538240    14.120337                                        
C    16.935263    13.212402    12.800150                                        
C    16.912590    11.848598    12.119375                                        
C    15.558466    11.220941    12.481349                                        
H    14.729685    11.826211    12.107276                                        
H    15.451375    11.109344    13.562304                                        
H    15.485477    10.230414    12.026875                                        
C    18.043550    10.972123    12.651697                                        
H    19.021484    11.417858    12.453064                                        
H    18.015382    10.000000    12.155319                                        
H    17.947309    10.804149    13.724898                                        
C    17.029237    11.998937    10.606784                                        
H    17.967286    12.481891    10.324631                                        
H    16.209712    12.591448    10.200464                                        
H    17.003572    11.012307    10.139343                                        
C    15.912013    19.057972    13.393229                                        
C    16.018183    20.540411    13.050046                                        
C    16.702609    20.750745    11.706241                                        
H    16.790770    21.820565    11.505940                                        
H    16.128621    20.307187    10.889998                                        
H    17.705640    20.320762    11.694748                                        
C    14.593844    21.105573    13.008262                                        
H    14.632597    22.172223    12.777137                                        
H    14.089196    20.978361    13.966572                                        
H    13.994500    20.617591    12.235214                                        
C    16.817038    21.231384    14.158801                                        
H    16.867996    22.303316    13.956366                                        
H    17.840547    20.850946    14.206951                                        
H    16.348627    21.084549    15.132100                                        
C    13.453052    16.240006    12.946254                                        
C    12.082793    15.911869    12.361373                                        
C    12.029622    14.389225    12.180908                                        
H    11.071265    14.109381    11.737984                                        
H    12.118319    13.872725    13.139969                                        
H    12.828231    14.041669    11.523459                                        
C    11.943985    16.596639    11.000798                                        
H    10.972970    16.348722    10.567177                                        
H    12.719302    16.267012    10.308433                                        
H    12.000096    17.684076    11.094169                                        
C    10.966474    16.365059    13.292649                                        
H    10.000000    16.114584    12.849797                                        
H    10.996033    17.443337    13.458629                                        
H    11.033279    15.875529    14.264981                                        
C    17.315911    16.991011    17.374687                                        
C    17.971220    17.631145    18.594770                                        
C    17.954097    19.152205    18.463913                                        
H    18.525180    19.484518    17.593705                                        
H    18.404380    19.600136    19.352197                                        
H    16.937666    19.533406    18.366667                                        
C    17.125206    17.204026    19.802924                                        
H    17.113027    16.117352    19.915066                                        
H    16.095955    17.557444    19.711806                                        
H    17.550248    17.631690    20.713652                                        
C    19.401219    17.132868    18.769815                                        
H    19.847669    17.607725    19.646050                                        
H    20.018613    17.378360    17.902819                                        
H    19.432604    16.052948    18.915927                                        
C    14.738641    14.366389    16.810659                                        
C    13.825602    13.430275    17.594164                                        
C    12.824010    12.870095    16.573101                                        
H    12.129316    12.197336    17.080734                                        
H    13.333651    12.302513    15.791026                                        
H    12.245711    13.670580    16.106880                                        
C    13.077271    14.202575    18.678231                                        
H    12.436463    13.516679    19.236125                                        
H    12.444863    14.981422    18.251032                                        
H    13.767310    14.665305    19.388415                                        
C    14.623350    12.289111    18.214296                                        
H    13.944560    11.617526    18.744269                                        
H    15.359394    12.659043    18.931469                                        
H    15.153904    11.713816    17.455991                                        
%ENDBLOCK POSITIONS_ABS                                                         
%BLOCK SPECIES                                                                  
C C 6 -1 10.0                                                                   
Fe Fe 26 -1 10.0                                                                
H H 1 -1 10.0                                                                   
O O 8 -1 10.0                                                                   
%ENDBLOCK SPECIES                                                               
%BLOCK SPECIES_ATOMIC_SET                                                       
C  "SOLVE"                                                                      
Fe "SOLVE INIT SPIN=5"                                                          
H  "SOLVE"                                                                      
O  "SOLVE"                                                                      
%ENDBLOCK SPECIES_ATOMIC_SET                                                    
%BLOCK SPECIES_POT                                                              
C C.PBE-paw.abinit                                                              
Fe Fe.PBE-paw.abinit                                                            
H H.PBE-paw.abinit                                                              
O O.PBE-paw.abinit                                                              
%ENDBLOCK SPECIES_POT                                                           

--------------------------------------------------------------------------------
-------------------------------- END INPUT FILE --------------------------------
--------------------------------------------------------------------------------


 
 ESDF WARNING(1): "charge" (esdf_physical) has no units. Assume "e".
<<<<<<<<<<<<<<<<<<<<<<<<<<<<<<<<< Full system >>>>>>>>>>>>>>>>>>>>>>>>>>>>>>>>>>
<<<<<<<<<<<<<<<<<<<<<<<<<<< PAW Dataset information >>>>>>>>>>>>>>>>>>>>>>>>>>>
File: Fe.PBE-paw.abinit; rc = 2.12 bohr; shape type =  2; rshape = 1.81 bohr;
  Atomic number: 26;  ionic charge: 16.000000
    Partial Wave 1: l = 0
    Partial Wave 2: l = 0
    Partial Wave 3: l = 1
    Partial Wave 4: l = 1
    Partial Wave 5: l = 2
    Partial Wave 6: l = 2
  Core charge supplied for Nonlinear Core Corrections
File: O.PBE-paw.abinit; rc = 1.41 bohr; shape type =  2; rshape = 1.20 bohr;
  Atomic number:  8;  ionic charge:  6.000000
    Partial Wave 1: l = 0
    Partial Wave 2: l = 0
    Partial Wave 3: l = 1
    Partial Wave 4: l = 1
  Core charge supplied for Nonlinear Core Corrections
File: H.PBE-paw.abinit; rc = 0.90 bohr; shape type =  2; rshape = 0.80 bohr;
  Atomic number:  1;  ionic charge:  1.000000
    Partial Wave 1: l = 0
    Partial Wave 2: l = 0
    Partial Wave 3: l = 1
File: C.PBE-paw.abinit; rc = 1.51 bohr; shape type =  2; rshape = 1.30 bohr;
  Atomic number:  6;  ionic charge:  4.000000
    Partial Wave 1: l = 0
    Partial Wave 2: l = 0
    Partial Wave 3: l = 1
    Partial Wave 4: l = 1
  Core charge supplied for Nonlinear Core Corrections
<<<<<<<<<<<<<<<<<<<<<<<<<<<<<<<<<<<<<<< >>>>>>>>>>>>>>>>>>>>>>>>>>>>>>>>>>>>>>>

-------------------------- Atom counting information ---------------------------
Symbol    Natoms    Nngwfs    Nprojs
  Fe         3        39        54
  O         16        64       128
  H         60        60       300
  C         30       120       240
.......   ......    ......    ......
Totals:    109       283       722
--------------------------------------------------------------------------------

=============================== PSINC grid sizes ===============================
                      Simulation cell:  125 x 125 x 117
                              FFT-box:  125 x 125 x 117
                                  PPD:    5 x   5 x   1
Grid space d1=  0.491454786359a0 (KE cutoff=  31.45117Eh = 855.83000eV)
Grid space d2=  0.483568792904a0 (KE cutoff=  32.48534Eh = 883.97119eV)
Grid space d3=  0.487719251553a0 (KE cutoff=  31.93480Eh = 868.99013eV)
================================================================================

********************* Fourier parallelisation information **********************
       Coarse grid (whole simulation cell) dimensions:    125   125   117
          Real-space ('12') slabs/proc (min max mean):     19    20    19
         Recip-space ('23') slabs/proc (min max mean):     10    11    10
********************************************************************************

********************* Fourier parallelisation information **********************
       Double grid (whole simulation cell) dimensions:    250   250   234
          Real-space ('12') slabs/proc (min max mean):     39    39    39
         Recip-space ('23') slabs/proc (min max mean):     21    21    21
********************************************************************************

********************* Fourier parallelisation information **********************
         Fine grid (whole simulation cell) dimensions:    500   500   468
          Real-space ('12') slabs/proc (min max mean):     78    78    78
         Recip-space ('23') slabs/proc (min max mean):     41    42    41
********************************************************************************

Atom SCF Calculation for C  : Z (AE atom) =   6 : Z (PS atom) =   4
Config String: 2s2.0 2p2.0
Orbitals (num,occ):  2     2.00 2.00
Orbitals   (num,l):  2        0    1
Real-space Grid (nr,dr,rmax): 1503    0.0066577896   10.0000000000
Spherical Bessel Basis (nsws,lmax,cutoff):   37    2  176.3967570603
Confining potential (l,width,scale):  0    3.0000000000  100.0000000000
Confining potential (l,width,scale):  1    3.0000000000  100.0000000000
  1         -5.4381308884   -1.2721298092    4.5135250045   -1.9381135692
  2         -5.3849331102   -1.3649505469    4.4159511708   -1.9005879768
  3         -5.3930021612   -1.3849430624    4.3947033354   -1.8924421815
  4         -5.4001802281   -1.3891927246    4.3902388137   -1.8907518289
  5         -5.4037205329   -1.3915457087    4.3877695258   -1.8898885469
  6         -5.4055416859   -1.3928069742    4.3864477540   -1.8894519912
  7         -5.4065002767   -1.3934742451    4.3857498837   -1.8892319620
  8         -5.4070074727   -1.3938267709    4.3853820092   -1.8891207968
  9         -5.4072763209   -1.3940130896    4.3851880206   -1.8890645345
 10         -5.4074189962   -1.3941116277    4.3850856600   -1.8890360408
 11         -5.4074947717   -1.3941637823    4.3850316039   -1.8890216105
 12         -5.4075350443   -1.3941914082    4.3850030336   -1.8890143059
 13         -5.4075564617   -1.3942060527    4.3849879208   -1.8890106114
 14         -5.4075678586   -1.3942138217    4.3849799198   -1.8890087446
 15         -5.4075739267   -1.3942179465    4.3849756804   -1.8890078024
 16         -5.4075771595   -1.3942201380    4.3849734321   -1.8890073276
 17         -5.4075788827   -1.3942213034    4.3849722389   -1.8890070886
 18         -5.4075798017   -1.3942219235    4.3849716050   -1.8890069685
 19         -5.4075802921   -1.3942222537    4.3849712680   -1.8890069082
 20         -5.4075805539   -1.3942224296    4.3849710888   -1.8890068781
 21         -5.4075806938   -1.3942225235    4.3849709933   -1.8890068630
 22         -5.4075807686   -1.3942225735    4.3849709424   -1.8890068555
Atom SCF converged after  22 iterations to a total energy of     -5.40758077

Atom SCF Calculation for Fe : Z (AE atom) =  26 : Z (PS atom) =  16
Config String: 3s2.0 3p6.0 3d6.0 4s2.0 4p0.0 INIT SPIN=5
Orbitals (num,occ):  5     2.00 6.00 6.00 2.00 0.00
Orbitals   (num,l):  5        0    1    2    0    1
Real-space Grid (nr,dr,rmax): 1503    0.0066577896   10.0000000000
Spherical Bessel Basis (nsws,lmax,cutoff):   37    4  176.3967570603
Confining potential (l,width,scale):  0    3.0000000000  100.0000000000
Confining potential (l,width,scale):  1    3.0000000000  100.0000000000
Confining potential (l,width,scale):  2    3.0000000000  100.0000000000
  1       -111.4005172118  -52.5575611559   72.2164000725   -4.0901868950
  2       -116.6635475262  -20.5601904919   91.7007084249   -2.2962490369
  3       -121.6156136875  -23.2753453277   92.4544705195   -2.7706732816
  4       -123.0066153699  -21.4164712440   94.7136519632   -2.9394413820
  5       -123.8168122141  -22.6370400734   94.1384349420   -3.0798102909
  6       -123.9055073486  -21.7222843370   94.9342614757   -3.0846520419
  7       -124.0956886241  -22.4138747628   94.4617720360   -3.1224050559
  8       -124.0492758687  -21.8887017510   94.8692044073   -3.1096545890
  9       -124.1222324005  -22.2877514631   94.5777385101   -3.1254730624
 10       -124.0894611846  -22.0431086758   94.7620026738   -3.1177312036
 11       -124.1066906466  -22.1417456915   94.6895757605   -3.1215019185
 12       -124.1027421480  -22.1090398813   94.7144439268   -3.1205307857
 13       -124.1039552528  -22.1131641559   94.7116547863   -3.1207645739
 14       -124.1041718268  -22.1127261003   94.7121170471   -3.1207931979
 15       -124.1043563153  -22.1126782042   94.7122440208   -3.1208211382
 16       -124.1044853288  -22.1126702816   94.7123114748   -3.1208409484
 17       -124.1045734258  -22.1126674103   94.7123551926   -3.1208545095
 18       -124.1046334193  -22.1126657134   94.7123845864   -3.1208637603
 19       -124.1046742816  -22.1126645462   94.7124045128   -3.1208700757
 20       -124.1047021281  -22.1126636961   94.7124180731   -3.1208743926
 21       -124.1047211147  -22.1126630559   94.7124273290   -3.1208773473
 22       -124.1047340666  -22.1126625637   94.7124336643   -3.1208793718
 23       -124.1047429056  -22.1126621807   94.7124380116   -3.1208807606
 24       -124.1047489402  -22.1126618812   94.7124410017   -3.1208817142
 25       -124.1047530616  -22.1126616468   94.7124430628   -3.1208823696
 26       -124.1047558771  -22.1126614637   94.7124444863   -3.1208828204
 27       -124.1047578011  -22.1126613212   94.7124454714   -3.1208831306
 28       -124.1047591161  -22.1126612109   94.7124461541   -3.1208833444
 29       -124.1047600152  -22.1126611259   94.7124466281   -3.1208834917
 30       -124.1047606300  -22.1126610607   94.7124469575   -3.1208835933
 31       -124.1047610504  -22.1126610110   94.7124471869   -3.1208836634
 32       -124.1047613380  -22.1126609733   94.7124473467   -3.1208837118
 33       -124.1047615347  -22.1126609447   94.7124474583   -3.1208837453
 34       -124.1047616693  -22.1126609232   94.7124475361   -3.1208837684
 35       -124.1047617614  -22.1126609071   94.7124475906   -3.1208837843
Atom SCF converged after  35 iterations to a total energy of   -124.10476176
Adjusting orbital occupancies:
Orbitals (num,spin,occ):  5  1     1.00 3.00 5.00 1.00 0.50
Orbitals   (num,spin,l):  5  1        0    1    2    0    1
Orbitals (num,spin,occ):  5  2     1.00 3.00 1.50 0.00 0.00
Orbitals   (num,spin,l):  5  2        0    1    2    0    1

Atom SCF Calculation for H  : Z (AE atom) =   1 : Z (PS atom) =   1
Config String: 1s1.0
Orbitals (num,occ):  1     1.00
Orbitals   (num,l):  1        0
Real-space Grid (nr,dr,rmax): 1503    0.0066577896   10.0000000000
Spherical Bessel Basis (nsws,lmax,cutoff):   37    2  176.3967570603
Confining potential (l,width,scale):  0    3.0000000000  100.0000000000
  1         -0.3348525927   -0.2401819449    0.2820953128   -0.2388448411
  2         -0.4038948821   -0.2405504229    0.2866889240   -0.2416217444
  3         -0.4360732773   -0.2390089543    0.2890729861   -0.2443653791
  4         -0.4497314704   -0.2383264046    0.2899315599   -0.2456060208
  5         -0.4551901081   -0.2381357631    0.2901452306   -0.2460489407
  6         -0.4573594294   -0.2381000300    0.2901742710   -0.2461947705
  7         -0.4582326910   -0.2381004501    0.2901659451   -0.2462415077
  8         -0.4585900702   -0.2381055523    0.2901559649   -0.2462564278
  9         -0.4587384807   -0.2381092319    0.2901497571   -0.2462612174
 10         -0.4588008132   -0.2381112609    0.2901465144   -0.2462627659
 11         -0.4588272086   -0.2381122698    0.2901449456   -0.2462632682
 12         -0.4588384507   -0.2381127465    0.2901442163   -0.2462634302
 13         -0.4588432580   -0.2381129655    0.2901438848   -0.2462634814
 14         -0.4588453195   -0.2381130645    0.2901437362   -0.2462634968
 15         -0.4588462053   -0.2381131088    0.2901436700   -0.2462635011
 16         -0.4588465865   -0.2381131284    0.2901436407   -0.2462635020
 17         -0.4588467508   -0.2381131372    0.2901436278   -0.2462635020
 18         -0.4588468216   -0.2381131410    0.2901436222   -0.2462635019
Atom SCF converged after  18 iterations to a total energy of     -0.45884682

Atom SCF Calculation for O  : Z (AE atom) =   8 : Z (PS atom) =   6
Config String: 2s2.0 2p4.0
Orbitals (num,occ):  2     2.00 4.00
Orbitals   (num,l):  2        0    1
Real-space Grid (nr,dr,rmax): 1503    0.0066577896   10.0000000000
Spherical Bessel Basis (nsws,lmax,cutoff):   37    2  176.3967570603
Confining potential (l,width,scale):  0    3.0000000000  100.0000000000
Confining potential (l,width,scale):  1    3.0000000000  100.0000000000
  1         -8.3209332552   -7.4828484739   10.1554312602   -2.1270270195
  2        -15.1405599232   -3.0474882742   13.6590820486   -2.5134754209
  3        -15.5174094640   -3.1101891961   13.6243211040   -2.6472956001
  4        -15.7606118231   -3.0805775314   13.6668776248   -2.7100307789
  5        -15.8308896490   -3.0881936416   13.6633910567   -2.7338682066
  6        -15.8678540393   -3.0862312957   13.6673103078   -2.7443897972
  7        -15.8801393942   -3.0873360689   13.6669183555   -2.7485230919
  8        -15.8859601688   -3.0872977830   13.6672813272   -2.7502957173
  9        -15.8880580832   -3.0874730763   13.6672320183   -2.7510066526
 10        -15.8889924584   -3.0874981416   13.6672623218   -2.7513066537
 11        -15.8893459980   -3.0875277929   13.6672548500   -2.7514284384
 12        -15.8894977936   -3.0875355600   13.6672566096   -2.7514793465
 13        -15.8895569380   -3.0875407304   13.6672553199   -2.7515001537
 14        -15.8895817884   -3.0875424467   13.6672552475   -2.7515088021
 15        -15.8895916441   -3.0875433561   13.6672550136   -2.7515123499
 16        -15.8895957327   -3.0875436929   13.6672549605   -2.7515138192
 17        -15.8895973717   -3.0875438525   13.6672549179   -2.7515144231
 18        -15.8895980466   -3.0875439149   13.6672549044   -2.7515146726
 19        -15.8895983189   -3.0875439428   13.6672548968   -2.7515147752
 20        -15.8895984306   -3.0875439540   13.6672548940   -2.7515148175
 21        -15.8895984758   -3.0875439588   13.6672548927   -2.7515148349
Atom SCF converged after  21 iterations to a total energy of    -15.88959848

BC: Task: SINGLEPOINT
BC: +++++++++++++++ Summary of boundary conditions ++++++++++++++
BC: |       Component       |     Keyword     |   Periodicity   |
BC: |                       |                 |     X  Y  Z [1] |
BC: |-----------------------------------------------------------|
BC: | Ion-ion               | ion_ion_bc [2]  |     P  P  P     |
BC: | Local pseudopotential | pspot_bc [3]    |     P  P  P     |
BC: +++++++++++++++++++++++++++++++++++++++++++++++++++++++++++++
BC: P: Periodic, O: Open.
BC: [1] Not strictly along X, Y, Z but rather along lattice vectors A1, A2, A3.
BC: [2] Also affected by: pbc_correction_cutoff, cutoff_coulomb_type,
BC:     is_smeared_ion_rep, is_implicit_solvent, openbc_ion_ion.
BC: [3] Also affected by: is_smeared_ion_rep, is_implicit_solvent, openbc_pspot.

Determining parallel strategy ...
... using space-filling curve
... NGWF load balancing: max     48;  min     47;  average     47
... Projector load balancing: max    127;  min    116;  average    120
... done
Calculating Ewald energy ...
              Ewald: real-space energy =         2644.470738
        Ewald: reciprocal-space energy =         1045.188383
         Ewald: (sum_charge)**2 energy =          184.308480
         Ewald: (sum_charge**2) energy =           69.068407
                          Ewald energy =         3436.282233
Basis initialisation ...
... NGWF spheres initialised
... Projector spheres initialised
... NGWF tight boxes initialised
... Projector tight boxes initialised
... Tight-boxes gathered
... NGWF basis size (local,global):        744797      4471649
... PAW projector initialisation
... done

============================= Charge Augmentation ==============================
                           Aug box size:   39 x  39 x  39
================================================================================

========================== Sparse matrix information ===========================
                        Overlap matrix filling:  98.10%
                        Density kernel filling: 100.00% (known to be dense)
              NGWF-Proj overlap matrix filling:  48.73%
                    Aug Overlap matrix filling:  99.77%
                    Hamiltonian matrix filling:  99.77%
                  NGWF diagonal matrix filling:   1.63%
                             KS matrix filling: 100.00% 
                           KSKS matrix filling: 100.00% 
================================================================================

Sparse matrix initialisation ...
 done
NGWF initialisation ... done
============ Calculation of NGWF S^-1 using Hotelling algorithm ================ 
     Iteration  |  Spin  |  Frobenius norm and Maximum abs value (of I-S*S_n^-1)
         1           1      0.16597920E+02     0.99193650E+00
         1           2      0.16597920E+02     0.99193650E+00
         2           1      0.16391455E+02     0.98394116E+00
         2           2      0.16391455E+02     0.98394116E+00
         3           1      0.16024193E+02     0.96815216E+00
         3           2      0.16024193E+02     0.96815216E+00
         4           1      0.15425840E+02     0.93736220E+00
         4           2      0.15425840E+02     0.93736220E+00
         5           1      0.14554060E+02     0.87879449E+00
         5           2      0.14554060E+02     0.87879449E+00
         6           1      0.13402698E+02     0.77271256E+00
         6           2      0.13402698E+02     0.77271256E+00
         7           1      0.12019370E+02     0.70439682E+00
         7           2      0.12019370E+02     0.70439682E+00
         8           1      0.10616022E+02     0.66413595E+00
         8           2      0.10616022E+02     0.66413595E+00
         9           1      0.94166021E+01     0.62461007E+00
         9           2      0.94166021E+01     0.62461007E+00
        10           1      0.82129610E+01     0.56627787E+00
        10           2      0.82129610E+01     0.56627787E+00
        11           1      0.65660490E+01     0.47184836E+00
        11           2      0.65660490E+01     0.47184836E+00
        12           1      0.44103788E+01     0.38152643E+00
        12           2      0.44103788E+01     0.38152643E+00
        13           1      0.22386648E+01     0.28004415E+00
        13           2      0.22386648E+01     0.28004415E+00
        14           1      0.84982872E+00     0.17337454E+00
        14           2      0.84982872E+00     0.17337454E+00
        15           1      0.30836448E+00     0.76484093E-01
        15           2      0.30836448E+00     0.76484093E-01
        16           1      0.64927828E-01     0.16236616E-01
        16           2      0.64927828E-01     0.16236616E-01
        17           1      0.29805456E-02     0.74581684E-03
        17           2      0.29805456E-02     0.74581684E-03
        18           1      0.62940025E-05     0.15766462E-05
        18           2      0.62940025E-05     0.15766462E-05
        19           1      0.28228554E-10     0.70636830E-11
        19           2      0.28228554E-10     0.70636830E-11
        20           1      0.16998222E-13     0.33306691E-14
        20           2      0.16998222E-13     0.33306691E-14
================================================================================
Calculating core density ...
================================= Core Density =================================
               Core den box size:   39 x  39 x  39
================================================================================
 ... done
Density kernel initialisation
 
======= Optimisation of K by Palser-Manolopoulos canonical purification ======== 
         Iteration  |  Band structure energy |    c_n   
               1         -87.45762269243276    0.5873496
               2         -90.81138576512242    0.5826859
               3         -94.94749774604753    0.5754263
               4         -99.93027219234745    0.5650568
               5        -105.86852504617173    0.5507211
               6        -112.72855911143134    0.5322188
               7        -119.94819709964381    0.5111395
               8        -126.24027294037677    0.4843289
               9        -129.87685031447734    0.4479848
              10        -131.02564776259203    0.4807281
              11        -131.39616767153549    0.5996574
              12        -131.48830357295554    0.6314065
              13        -131.51298416337738    0.5992555
              14        -131.53098641367296    0.5530998
              15        -131.54407180292344    0.5122590
              16        -131.55148430851480    0.4890574
              17        -131.55629178540465    0.4710788
              18        -131.56047382904947    0.4440547
              19        -131.56358460318586    0.3971179
              20        -131.56550275551862    0.3158819
              21        -131.56631210880047    0.2472840
              22        -131.56653771220209    0.2411252
              23        -131.56664449685039    0.2625669
              24        -131.56674919157595    0.2913724
              25        -131.56685513950688    0.3273566
              26        -131.56695821717824    0.3710242
              27        -131.56705278948533    0.4204323
              28        -131.56713211076473    0.4666924
              29        -131.56719088042900    0.4938147
              30        -131.56722843407459    0.4997851
              31        -131.56724472280649    0.4999997
              32        -131.56724714790403    0.5000000
              33        -131.56724719235532    0.5000033
              34        -131.56724719236979    0.5000033
Termination criterion satisfied: band energy change below threshold.
Final occupancy bounds: [    0.00000000000000:    1.00000000000000]
Closest occupancy to 0.5:     1.00000000000000
================================================================================
 
======= Optimisation of K by Palser-Manolopoulos canonical purification ======== 
         Iteration  |  Band structure energy |    c_n   
               1         -80.11078491776928    0.5349133
               2         -84.54957927655903    0.5300292
               3         -90.13279897714847    0.5222870
               4         -96.79969416599447    0.5128441
               5        -104.44846724614322    0.5041742
               6        -112.42878605917956    0.5045961
               7        -119.17943949729451    0.5270142
               8        -123.22210614965044    0.5663683
               9        -124.84411336969487    0.5845129
              10        -125.43258454895731    0.5685332
              11        -125.65707672094368    0.5308423
              12        -125.72822732011836    0.5055808
              13        -125.73834207105241    0.5002636
              14        -125.73858694625920    0.5000006
              15        -125.73858721327274    0.5122850
              16        -125.73858721327336    0.5122850
Termination criterion satisfied: band energy change below threshold.
Final occupancy bounds: [    0.00000000000000:    1.00000000000000]
Closest occupancy to 0.5:     1.00000000000000
================================================================================

Writing density kernel to file "Fe3_O_piv_6_H2O_3_HighSpin_NGWFSP.dkn" ... done

>>> Optimising kernel for current NGWFs:
   Initial electron number for spin 1:     169.00000000
   Initial electron number for spin 2:     154.00000000
     Final electron number for spin 1:     169.00000000
     Final electron number for spin 2:     154.00000000

=================== Penalty functional idempotency correction ==================
 RMS occupancy error at iteration   1:  0.000000 (step -0.5000 Ne1=    169.0000)
                                                               Ne2=    154.0000
            Final RMS occupancy error   :  0.000000 (Ne1=    169.0000)
                                                     Ne2=    154.0000
            Final occupancy bounds spin 1: [  0.000,  1.000]
            Final occupancy bounds spin 2: [ -0.000,  1.000]
================================================================================

................................................................................
<<<<<<<<<<<<<< LNV (Original version) density kernel optimisation >>>>>>>>>>>>>>
~~~~~~~~~~~~~~~~~~~~~~~~~~~~~~~~~~~~~~~~~~~~~~~~~~~~~~~~~~~~~~~~~~~~~~~~~~~~~~~~
   iter  |      energy (Eh)       | rms gradient |  commutator  |   dE (Eh)
      ideal mu1:      -0.821272574953
      ideal mu2:      -0.771721830673
             Q0:        -830.143412393806
             G0:     -19.562450398918
   RMS gradient:       0.022102438416
     Trial step:       0.500000000000
             Q1:        -831.338057085534
 Quadratic coef:       8.586580507732
 Linear coef   :      -9.781225199459
           Qmin:        -832.928932378053
Quadratic minimum step length (  0.284782317904) accepted
    Initial Ne1:     169.00000000
    Initial Ne2:     154.00000000
      Final Ne1:     169.00000000
      Final Ne2:     154.00000000

=================== Penalty functional idempotency correction ==================
 RMS occupancy error at iteration   1:  0.014109 (step -0.4185 Ne1=    169.0000)
                                                               Ne2=    154.0000
 RMS occupancy error at iteration   2:  0.001070 (step -0.5025 Ne1=    169.0000)
                                                               Ne2=    154.0000
 RMS occupancy error at iteration   3:  0.000016 (step -0.5002 Ne1=    169.0000)
                                                               Ne2=    154.0000
            Final RMS occupancy error   :  0.000000 (Ne1=    169.0000)
                                                     Ne2=    154.0000
            Final occupancy bounds spin 1: [ -0.000,  1.000]
            Final occupancy bounds spin 2: [ -0.000,  1.000]
================================================================================

    1        -8.301434123938E+02     2.2102E-02     1.3639E-02
      ideal mu1:      -0.822439420652
      ideal mu2:      -0.804247558558
             Q0:        -833.070531624691
             G0:      -6.911280459122
   RMS gradient:       0.012617164695
     Trial step:       0.377347530736
             Q1:        -833.440940443326
 Quadratic coef:       2.237545796835
 Linear coef   :      -2.607954615471
           Qmin:        -833.830452079277
Quadratic minimum step length (  0.219907283196) accepted
    Initial Ne1:     169.00000021
    Initial Ne2:     154.00000029
      Final Ne1:     169.00000000
      Final Ne2:     154.00000000

=================== Penalty functional idempotency correction ==================
 RMS occupancy error at iteration   1:  0.010775 (step -0.4379 Ne1=    169.0000)
                                                               Ne2=    154.0000
 RMS occupancy error at iteration   2:  0.000577 (step -0.5012 Ne1=    169.0000)
                                                               Ne2=    154.0000
 RMS occupancy error at iteration   3:  0.000004 (step -0.5000 Ne1=    169.0000)
                                                               Ne2=    154.0000
            Final RMS occupancy error   :  0.000000 (Ne1=    169.0000)
                                                     Ne2=    154.0000
            Final occupancy bounds spin 1: [  0.000,  1.000]
            Final occupancy bounds spin 2: [  0.000,  1.000]
================================================================================

    2        -8.330705316247E+02     1.2617E-02     7.8516E-03    -2.9271E+00
      ideal mu1:      -0.808141424021
      ideal mu2:      -0.806553726364
             Q0:        -833.885882871401
             G0:      -1.864356906314
   RMS gradient:       0.006439154664
     Trial step:       0.288065045267
             Q1:        -834.168390094592
 Quadratic coef:       0.254548833421
 Linear coef   :      -0.537056056612
           Qmin:        -834.169157797539
Quadratic minimum step length (  0.303884867944) accepted
    Initial Ne1:     169.00000006
    Initial Ne2:     154.00000010
      Final Ne1:     169.00000000
      Final Ne2:     154.00000000

=================== Penalty functional idempotency correction ==================
 RMS occupancy error at iteration   1:  0.007893 (step -0.4477 Ne1=    169.0000)
                                                               Ne2=    154.0000
 RMS occupancy error at iteration   2:  0.000407 (step -0.5029 Ne1=    169.0000)
                                                               Ne2=    154.0000
 RMS occupancy error at iteration   3:  0.000003 (step -0.5000 Ne1=    169.0000)
                                                               Ne2=    154.0000
            Final RMS occupancy error   :  0.000000 (Ne1=    169.0000)
                                                     Ne2=    154.0000
            Final occupancy bounds spin 1: [  0.000,  1.000]
            Final occupancy bounds spin 2: [  0.000,  1.000]
================================================================================

    3        -8.338858828714E+02     6.4392E-03     4.0122E-03    -8.1535E-01
      ideal mu1:      -0.766564635054
      ideal mu2:      -0.778251473784
             Q0:        -834.192223735716
             G0:      -0.647251598550
   RMS gradient:       0.003801413217
     Trial step:       0.295869241795
             Q1:        -834.297704241263
 Quadratic coef:       0.086021334166
 Linear coef   :      -0.191501839714
           Qmin:        -834.298804722192
Quadratic minimum step length (  0.329334023170) accepted
    Initial Ne1:     169.00000001
    Initial Ne2:     154.00000003
      Final Ne1:     169.00000000
      Final Ne2:     154.00000000

=================== Penalty functional idempotency correction ==================
 RMS occupancy error at iteration   1:  0.004933 (step -0.4610 Ne1=    169.0000)
                                                               Ne2=    154.0000
 RMS occupancy error at iteration   2:  0.000219 (step -0.5017 Ne1=    169.0000)
                                                               Ne2=    154.0000
 RMS occupancy error at iteration   3:  0.000001 (step -0.5000 Ne1=    169.0000)
                                                               Ne2=    154.0000
            Final RMS occupancy error   :  0.000000 (Ne1=    169.0000)
                                                     Ne2=    154.0000
            Final occupancy bounds spin 1: [  0.000,  1.000]
            Final occupancy bounds spin 2: [  0.000,  1.000]
================================================================================

    4        -8.341922237357E+02     3.8014E-03     2.3486E-03    -3.0634E-01
      ideal mu1:      -0.735702722436
      ideal mu2:      -0.753378746914
    5        -8.343059981001E+02     2.6703E-03     1.6586E-03    -1.1377E-01
Finished density kernel iterations (   5)

Writing density kernel to file "Fe3_O_piv_6_H2O_3_HighSpin_NGWFSP.dkn" ... done


>>> Density kernel optimised for the current NGWF basis:
     ~~~~~~~~~~~~~~~~~~~~~~~~~~~~~~~~~~~~~~~~~~~~~~~~~~~~~~~~~~~
     Total energy                =  -8.34305998100092E+02  Eh
     Estimated bandgap (UP spin) =  -1.4333E-01  Eh
     Estimated bandgap (DN spin) =   1.7653E-02  Eh
     RMS occupancy error         =   3.1084E-11
     [H,K] commutator            =   1.6586E-03
     UP spin occupancy bounds    = [ -0.000:  1.000]
     DN spin occupancy bounds    = [  0.000:  1.000]
     ~~~~~~~~~~~~~~~~~~~~~~~~~~~~~~~~~~~~~~~~~~~~~~~~~~~~~~~~~~~




################################################################################
########################### NGWF CG iteration  001 #############################
################################################################################
****** Reciprocal space K.E. preconditioning with k_zero =  3.0000 a0^-1 *******

>>> Checking for convergence of NGWFs:   NOT CONVERGED
  ========================================================================
         NGWF RMS gradient =  8.3852E-04 >  2.0000E-06  | above tolerance
  ========================================================================

>>> Improving NGWFs using line search:
============ Calculation of NGWF S^-1 using Hotelling algorithm ================ 
     Iteration  |  Spin  |  Frobenius norm and Maximum abs value (of I-S*S_n^-1)
         1           1      0.19459792E-01     0.18766586E-02
         1           2      0.18789003E-01     0.19233025E-02
         2           1      0.28048502E-04     0.45551579E-05
         2           2      0.25576039E-04     0.46957930E-05
         3           1      0.17377809E-09     0.24691138E-10
         3           2      0.11863523E-09     0.25751845E-10
         4           1      0.21010569E-13     0.28865799E-14
         4           2      0.20498678E-13     0.23314684E-14
================================================================================
============ Calculation of NGWF S^-1 using Hotelling algorithm ================ 
     Iteration  |  Spin  |  Frobenius norm and Maximum abs value (of I-S*S_n^-1)
         1           1      0.20796603E+00     0.16398418E-01
         1           2      0.20336098E+00     0.17155210E-01
         2           1      0.30393394E-02     0.27803218E-03
         2           2      0.29181638E-02     0.29844146E-03
         3           1      0.12329517E-05     0.10020799E-06
         3           2      0.97207848E-06     0.10132396E-06
         4           1      0.52292501E-12     0.41966430E-13
         4           2      0.18209989E-12     0.15432100E-13
================================================================================
------------------------------- NGWF line search -------------------------------
RMS gradient                =       0.00083852251503
Trial step length           =               0.122474
Gradient along search dir.  =         -7.19105793165
Functional at step 0        =    -834.30599810009176
Functional at step 1        =    -835.13838463004561
Functional predicted        =    -838.31797749546081
Selected quadratic step     =               1.115825
Conjugate gradients coeff.  =               0.000000
--------------------------- NGWF line search finished --------------------------
                                               
Writing NGWFs to file "Fe3_O_piv_6_H2O_3_HighSpin_NGWFSP.tightbox_ngwfs".... done

>>> Optimising kernel for current NGWFs:
   Initial electron number for spin 1:     169.84386360
   Initial electron number for spin 2:     154.82030553
     Final electron number for spin 1:     169.00000000
     Final electron number for spin 2:     154.00000000

=================== Penalty functional idempotency correction ==================
 RMS occupancy error at iteration   1:  0.004101 (step -0.4899 Ne1=    169.0000)
                                                               Ne2=    154.0000
 RMS occupancy error at iteration   2:  0.000042 (step -0.5001 Ne1=    169.0000)
                                                               Ne2=    154.0000
            Final RMS occupancy error   :  0.000000 (Ne1=    169.0000)
                                                     Ne2=    154.0000
            Final occupancy bounds spin 1: [  0.000,  1.000]
            Final occupancy bounds spin 2: [  0.000,  1.000]
================================================================================

................................................................................
<<<<<<<<<<<<<< LNV (Original version) density kernel optimisation >>>>>>>>>>>>>>
~~~~~~~~~~~~~~~~~~~~~~~~~~~~~~~~~~~~~~~~~~~~~~~~~~~~~~~~~~~~~~~~~~~~~~~~~~~~~~~~
   iter  |      energy (Eh)       | rms gradient |  commutator  |   dE (Eh)
      ideal mu1:      -0.674738062848
      ideal mu2:      -0.690418957982
             Q0:        -838.239488063045
             G0:      -0.677918785990
   RMS gradient:       0.004114503127
     Trial step:       0.312153500273
             Q1:        -838.350700130433
 Quadratic coef:       0.100402654560
 Linear coef   :      -0.211614721947
           Qmin:        -838.350991067476
Quadratic minimum step length (  0.328956821186) accepted
    Initial Ne1:     168.99999650
    Initial Ne2:     153.99999649
      Final Ne1:     169.00000000
      Final Ne2:     154.00000000

=================== Penalty functional idempotency correction ==================
 RMS occupancy error at iteration   1:  0.000615 (step -0.4958 Ne1=    169.0000)
                                                               Ne2=    154.0000
 RMS occupancy error at iteration   2:  0.000004 (step -0.5000 Ne1=    169.0000)
                                                               Ne2=    154.0000
            Final RMS occupancy error   :  0.000000 (Ne1=    169.0000)
                                                     Ne2=    154.0000
            Final occupancy bounds spin 1: [  0.000,  1.000]
            Final occupancy bounds spin 2: [  0.000,  1.000]
================================================================================

    1        -8.382394880630E+02     4.1145E-03     2.5554E-03
      ideal mu1:      -0.681044634424
      ideal mu2:      -0.695040321308
             Q0:        -838.351170789648
             G0:      -0.154084120958
   RMS gradient:       0.001956086333
     Trial step:       0.320445039237
             Q1:        -838.389381058824
 Quadratic coef:       0.011165223009
 Linear coef   :      -0.049375492186
           Qmin:        -838.405758575905
Quadratic minimum step length (  0.708545253313) accepted
    Initial Ne1:     168.99999821
    Initial Ne2:     153.99999827
      Final Ne1:     169.00000000
      Final Ne2:     154.00000000

=================== Penalty functional idempotency correction ==================
 RMS occupancy error at iteration   1:  0.002371 (step -0.4613 Ne1=    169.0000)
                                                               Ne2=    154.0000
 RMS occupancy error at iteration   2:  0.000073 (step -0.4999 Ne1=    169.0000)
                                                               Ne2=    154.0000
            Final RMS occupancy error   :  0.000000 (Ne1=    169.0000)
                                                     Ne2=    154.0000
            Final occupancy bounds spin 1: [  0.000,  1.000]
            Final occupancy bounds spin 2: [  0.000,  1.000]
================================================================================

    2        -8.383511707896E+02     1.9561E-03     1.1996E-03    -1.1168E-01
      ideal mu1:      -0.684042268253
      ideal mu2:      -0.698538310034
             Q0:        -838.404971105653
             G0:      -0.213083855811
   RMS gradient:       0.002320446163
     Trial step:       0.476497441231
             Q1:        -838.438850974303
 Quadratic coef:       0.067654043411
 Linear coef   :      -0.101533912061
           Qmin:        -838.443066150600
Quadratic minimum step length (  0.357559185349) accepted
    Initial Ne1:     168.99999008
    Initial Ne2:     153.99999621
      Final Ne1:     169.00000000
      Final Ne2:     154.00000000

=================== Penalty functional idempotency correction ==================
 RMS occupancy error at iteration   1:  0.004919 (step -0.4217 Ne1=    169.0000)
                                                               Ne2=    154.0000
 RMS occupancy error at iteration   2:  0.000233 (step -0.4988 Ne1=    169.0000)
                                                               Ne2=    154.0000
 RMS occupancy error at iteration   3:  0.000001 (step -0.5000 Ne1=    169.0000)
                                                               Ne2=    154.0000
            Final RMS occupancy error   :  0.000000 (Ne1=    169.0000)
                                                     Ne2=    154.0000
            Final occupancy bounds spin 1: [  0.000,  1.000]
            Final occupancy bounds spin 2: [  0.000,  1.000]
================================================================================

    3        -8.384049711057E+02     2.3204E-03     1.4159E-03    -5.3800E-02
      ideal mu1:      -0.683355853043
      ideal mu2:      -0.697958158180
             Q0:        -838.446432355498
             G0:      -0.239671296493
   RMS gradient:       0.002309767029
     Trial step:       0.412766322399
             Q1:        -838.486930822738
 Quadratic coef:       0.058429772399
 Linear coef   :      -0.098928239638
           Qmin:        -838.488306541363
Quadratic minimum step length (  0.349430127661) accepted
    Initial Ne1:     168.99999039
    Initial Ne2:     153.99999633
      Final Ne1:     169.00000000
      Final Ne2:     154.00000000

=================== Penalty functional idempotency correction ==================
 RMS occupancy error at iteration   1:  0.009147 (step -0.3746 Ne1=    169.0000)
                                                               Ne2=    154.0000
 RMS occupancy error at iteration   2:  0.000574 (step -0.4968 Ne1=    169.0000)
                                                               Ne2=    154.0000
 RMS occupancy error at iteration   3:  0.000007 (step -0.5001 Ne1=    169.0000)
                                                               Ne2=    154.0000
            Final RMS occupancy error   :  0.000000 (Ne1=    169.0000)
                                                     Ne2=    154.0000
            Final occupancy bounds spin 1: [  0.000,  1.000]
            Final occupancy bounds spin 2: [  0.000,  1.000]
================================================================================

    4        -8.384464323555E+02     2.3098E-03     1.4089E-03    -4.1461E-02
      ideal mu1:      -0.676715006891
      ideal mu2:      -0.692008451292
    5        -8.384978874480E+02     1.5284E-03     9.3500E-04    -5.1455E-02
Finished density kernel iterations (   5)

Writing density kernel to file "Fe3_O_piv_6_H2O_3_HighSpin_NGWFSP.dkn" ... done


>>> Density kernel optimised for the current NGWF basis:
     ~~~~~~~~~~~~~~~~~~~~~~~~~~~~~~~~~~~~~~~~~~~~~~~~~~~~~~~~~~~
     Total energy                =  -8.38497887447995E+02  Eh
     Estimated bandgap (UP spin) =  -5.5794E-02  Eh
     Estimated bandgap (DN spin) =   5.0639E-02  Eh
     RMS occupancy error         =   2.9978E-10
     [H,K] commutator            =   9.3500E-04
     UP spin occupancy bounds    = [  0.000:  1.000]
     DN spin occupancy bounds    = [  0.000:  1.000]
     ~~~~~~~~~~~~~~~~~~~~~~~~~~~~~~~~~~~~~~~~~~~~~~~~~~~~~~~~~~~




################################################################################
########################### NGWF CG iteration  002 #############################
################################################################################
****** Reciprocal space K.E. preconditioning with k_zero =  3.0000 a0^-1 *******

>>> Checking for convergence of NGWFs:   NOT CONVERGED
  ========================================================================
         NGWF RMS gradient =  3.2335E-04 >  2.0000E-06  | above tolerance
  ========================================================================

>>> Improving NGWFs using line search:
============ Calculation of NGWF S^-1 using Hotelling algorithm ================ 
     Iteration  |  Spin  |  Frobenius norm and Maximum abs value (of I-S*S_n^-1)
         1           1      0.41901495E-01     0.38296401E-02
         1           2      0.38845054E-01     0.35694900E-02
         2           1      0.17163920E-03     0.27874349E-04
         2           2      0.99899759E-04     0.88634087E-05
         3           1      0.12544574E-07     0.26581009E-08
         3           2      0.15962321E-08     0.11879220E-09
         4           1      0.23456727E-13     0.53290705E-14
         4           2      0.23779061E-13     0.32196468E-14
================================================================================
============ Calculation of NGWF S^-1 using Hotelling algorithm ================ 
     Iteration  |  Spin  |  Frobenius norm and Maximum abs value (of I-S*S_n^-1)
         1           1      0.10258637E+00     0.82572332E-02
         1           2      0.96622780E-01     0.77643567E-02
         2           1      0.95082820E-03     0.14289241E-03
         2           2      0.64896822E-03     0.54377588E-04
         3           1      0.32405298E-06     0.69171352E-07
         3           2      0.58770253E-07     0.44867703E-08
         4           1      0.90900873E-13     0.18651747E-13
         4           2      0.22581355E-13     0.39968029E-14
================================================================================
------------------------------- NGWF line search -------------------------------
RMS gradient                =       0.00032335075895
Trial step length           =               0.369676
Gradient along search dir.  =         -1.07201297512
Functional at step 0        =    -838.49788744799457
Functional at step 1        =    -838.83183253067978
Functional predicted        =    -839.12758450768729
Selected quadratic step     =               1.174794
Conjugate gradients coeff.  =               0.148703
--------------------------- NGWF line search finished --------------------------
                                               
Writing NGWFs to file "Fe3_O_piv_6_H2O_3_HighSpin_NGWFSP.tightbox_ngwfs".... done

>>> Optimising kernel for current NGWFs:
   Initial electron number for spin 1:     169.60220652
   Initial electron number for spin 2:     154.57345119
     Final electron number for spin 1:     169.00000000
     Final electron number for spin 2:     154.00000000

=================== Penalty functional idempotency correction ==================
 RMS occupancy error at iteration   1:  0.002581 (step -0.4945 Ne1=    169.0000)
                                                               Ne2=    154.0000
 RMS occupancy error at iteration   2:  0.000016 (step -0.5001 Ne1=    169.0000)
                                                               Ne2=    154.0000
            Final RMS occupancy error   :  0.000000 (Ne1=    169.0000)
                                                     Ne2=    154.0000
            Final occupancy bounds spin 1: [  0.000,  1.000]
            Final occupancy bounds spin 2: [  0.000,  1.000]
================================================================================

................................................................................
<<<<<<<<<<<<<< LNV (Original version) density kernel optimisation >>>>>>>>>>>>>>
~~~~~~~~~~~~~~~~~~~~~~~~~~~~~~~~~~~~~~~~~~~~~~~~~~~~~~~~~~~~~~~~~~~~~~~~~~~~~~~~
   iter  |      energy (Eh)       | rms gradient |  commutator  |   dE (Eh)
      ideal mu1:      -0.662759823791
      ideal mu2:      -0.676925638937
             Q0:        -839.126460781598
             G0:      -0.143668521885
   RMS gradient:       0.001894128218
     Trial step:       0.379780184752
             Q1:        -839.153894392628
 Quadratic coef:       0.027128846755
 Linear coef   :      -0.054562457784
           Qmin:        -839.153895248555
Quadratic minimum step length (  0.381913401726) accepted
    Initial Ne1:     168.99999917
    Initial Ne2:     153.99999936
      Final Ne1:     169.00000000
      Final Ne2:     154.00000000

=================== Penalty functional idempotency correction ==================
 RMS occupancy error at iteration   1:  0.000306 (step -0.4945 Ne1=    169.0000)
                                                               Ne2=    154.0000
 RMS occupancy error at iteration   2:  0.000001 (step -0.5000 Ne1=    169.0000)
                                                               Ne2=    154.0000
            Final RMS occupancy error   :  0.000000 (Ne1=    169.0000)
                                                     Ne2=    154.0000
            Final occupancy bounds spin 1: [  0.000,  1.000]
            Final occupancy bounds spin 2: [  0.000,  1.000]
================================================================================

    1        -8.391264607816E+02     1.8941E-03     1.1627E-03
      ideal mu1:      -0.657009697501
      ideal mu2:      -0.671722518069
             Q0:        -839.153906965511
             G0:      -0.074084681893
   RMS gradient:       0.001358354495
     Trial step:       0.380845299652
             Q1:        -839.176857278467
 Quadratic coef:       0.005264489919
 Linear coef   :      -0.028214802875
           Qmin:        -839.191710965209
Quadratic minimum step length (  1.020561841719) accepted
    Initial Ne1:     168.99999885
    Initial Ne2:     153.99999911
      Final Ne1:     169.00000000
      Final Ne2:     154.00000000

=================== Penalty functional idempotency correction ==================
 RMS occupancy error at iteration   1:  0.004815 (step -0.4126 Ne1=    169.0000)
                                                               Ne2=    154.0000
 RMS occupancy error at iteration   2:  0.000187 (step -0.4972 Ne1=    169.0000)
                                                               Ne2=    154.0000
 RMS occupancy error at iteration   3:  0.000001 (step -0.5000 Ne1=    169.0000)
                                                               Ne2=    154.0000
            Final RMS occupancy error   :  0.000000 (Ne1=    169.0000)
                                                     Ne2=    154.0000
            Final occupancy bounds spin 1: [  0.000,  1.000]
            Final occupancy bounds spin 2: [  0.000,  1.000]
================================================================================

    2        -8.391539069655E+02     1.3584E-03     8.3015E-04    -2.7446E-02
      ideal mu1:      -0.651913986154
      ideal mu2:      -0.666447360291
             Q0:        -839.189474197145
             G0:      -0.223513141431
   RMS gradient:       0.002412331218
========================= Kernel Line Step Protection ==========================
|  Iter |  Trial Step |   RMS Occupancy Error |   Occupancy Bounds | Accepted? |
    0        0.000000                0.000000    [ 1.0000:  0.0000]
    1        0.623439                0.035046    [ 1.4032: -0.4035]        No
    2        0.311719                0.012511    [ 1.1718: -0.1719]       Yes
================================================================================
     Trial step:       0.311719497474
             Q1:        -839.205534302808
 Quadratic coef:       0.053613298463
 Linear coef   :      -0.069673404126
           Qmin:        -839.212110293886
Quadratic minimum step length (  0.202548240309) accepted
    Initial Ne1:     168.99999928
    Initial Ne2:     153.99999944
      Final Ne1:     169.00000000
      Final Ne2:     154.00000000

=================== Penalty functional idempotency correction ==================
 RMS occupancy error at iteration   1:  0.006990 (step -0.3827 Ne1=    169.0000)
                                                               Ne2=    154.0000
 RMS occupancy error at iteration   2:  0.000347 (step -0.4940 Ne1=    169.0000)
                                                               Ne2=    154.0000
 RMS occupancy error at iteration   3:  0.000002 (step -0.5000 Ne1=    169.0000)
                                                               Ne2=    154.0000
            Final RMS occupancy error   :  0.000000 (Ne1=    169.0000)
                                                     Ne2=    154.0000
            Final occupancy bounds spin 1: [  0.000,  1.000]
            Final occupancy bounds spin 2: [  0.000,  1.000]
================================================================================

    3        -8.391894741971E+02     2.4123E-03     1.4900E-03    -3.5567E-02
      ideal mu1:      -0.651039567961
      ideal mu2:      -0.665332093639
             Q0:        -839.218027478057
             G0:      -0.129729680333
   RMS gradient:       0.001564463249
     Trial step:       0.251273229142
             Q1:        -839.233094204376
 Quadratic coef:       0.017530869374
 Linear coef   :      -0.032597595693
           Qmin:        -839.233180794505
Quadratic minimum step length (  0.233613717531) accepted
    Initial Ne1:     168.99999964
    Initial Ne2:     153.99999973
      Final Ne1:     169.00000000
      Final Ne2:     154.00000000

=================== Penalty functional idempotency correction ==================
 RMS occupancy error at iteration   1:  0.004492 (step -0.4171 Ne1=    169.0000)
                                                               Ne2=    154.0000
 RMS occupancy error at iteration   2:  0.000160 (step -0.4973 Ne1=    169.0000)
                                                               Ne2=    154.0000
 RMS occupancy error at iteration   3:  0.000001 (step -0.5000 Ne1=    169.0000)
                                                               Ne2=    154.0000
            Final RMS occupancy error   :  0.000000 (Ne1=    169.0000)
                                                     Ne2=    154.0000
            Final occupancy bounds spin 1: [  0.000,  1.000]
            Final occupancy bounds spin 2: [  0.000,  1.000]
================================================================================

    4        -8.392180274781E+02     1.5645E-03     9.6656E-04    -2.8553E-02
      ideal mu1:      -0.652998274026
      ideal mu2:      -0.667021430063
    5        -8.392353637566E+02     1.4354E-03     8.8436E-04    -1.7336E-02
Finished density kernel iterations (   5)

Writing density kernel to file "Fe3_O_piv_6_H2O_3_HighSpin_NGWFSP.dkn" ... done


>>> Density kernel optimised for the current NGWF basis:
     ~~~~~~~~~~~~~~~~~~~~~~~~~~~~~~~~~~~~~~~~~~~~~~~~~~~~~~~~~~~
     Total energy                =  -8.39235363756571E+02  Eh
     Estimated bandgap (UP spin) =   1.1243E-01  Eh
     Estimated bandgap (DN spin) =   5.7275E-02  Eh
     RMS occupancy error         =   6.4282E-12
     [H,K] commutator            =   8.8436E-04
     UP spin occupancy bounds    = [  0.000:  1.000]
     DN spin occupancy bounds    = [  0.000:  1.000]
     ~~~~~~~~~~~~~~~~~~~~~~~~~~~~~~~~~~~~~~~~~~~~~~~~~~~~~~~~~~~




################################################################################
########################### NGWF CG iteration  003 #############################
################################################################################
****** Reciprocal space K.E. preconditioning with k_zero =  3.0000 a0^-1 *******

>>> Checking for convergence of NGWFs:   NOT CONVERGED
  ========================================================================
         NGWF RMS gradient =  1.5789E-04 >  2.0000E-06  | above tolerance
  ========================================================================

>>> Improving NGWFs using line search:
============ Calculation of NGWF S^-1 using Hotelling algorithm ================ 
     Iteration  |  Spin  |  Frobenius norm and Maximum abs value (of I-S*S_n^-1)
         1           1      0.66569932E-01     0.74293522E-02
         1           2      0.62502064E-01     0.90244829E-02
         2           1      0.47860034E-03     0.10473902E-03
         2           2      0.36323070E-03     0.10213925E-03
         3           1      0.79058271E-07     0.15268109E-07
         3           2      0.37400449E-07     0.12132216E-07
         4           1      0.23182867E-13     0.51070259E-14
         4           2      0.23040089E-13     0.35527137E-14
================================================================================
============ Calculation of NGWF S^-1 using Hotelling algorithm ================ 
     Iteration  |  Spin  |  Frobenius norm and Maximum abs value (of I-S*S_n^-1)
         1           1      0.45655472E-01     0.47806525E-02
         1           2      0.43172511E-01     0.57834745E-02
         2           1      0.21402135E-03     0.42775614E-04
         2           2      0.16653794E-03     0.41891052E-04
         3           1      0.14652040E-07     0.28198550E-08
         3           2      0.69232985E-08     0.20888261E-08
         4           1      0.23795609E-13     0.34416914E-14
         4           2      0.23244663E-13     0.35527137E-14
================================================================================
------------------------------- NGWF line search -------------------------------
RMS gradient                =       0.00015789472057
Trial step length           =               0.659009
Gradient along search dir.  =         -0.25971392871
Functional at step 0        =    -839.23536375657079
Functional at step 1        =    -839.35440209577189
Functional predicted        =    -839.37588651346266
Selected quadratic step     =               1.082135
Conjugate gradients coeff.  =               0.238445
--------------------------- NGWF line search finished --------------------------
                                               
Writing NGWFs to file "Fe3_O_piv_6_H2O_3_HighSpin_NGWFSP.tightbox_ngwfs".... done

>>> Optimising kernel for current NGWFs:
   Initial electron number for spin 1:     169.23954753
   Initial electron number for spin 2:     154.21259226
     Final electron number for spin 1:     169.00000000
     Final electron number for spin 2:     154.00000000

=================== Penalty functional idempotency correction ==================
 RMS occupancy error at iteration   1:  0.001180 (step -0.4964 Ne1=    169.0000)
                                                               Ne2=    154.0000
 RMS occupancy error at iteration   2:  0.000009 (step -0.5002 Ne1=    169.0000)
                                                               Ne2=    154.0000
            Final RMS occupancy error   :  0.000000 (Ne1=    169.0000)
                                                     Ne2=    154.0000
            Final occupancy bounds spin 1: [  0.000,  1.000]
            Final occupancy bounds spin 2: [  0.000,  1.000]
================================================================================

................................................................................
<<<<<<<<<<<<<< LNV (Original version) density kernel optimisation >>>>>>>>>>>>>>
~~~~~~~~~~~~~~~~~~~~~~~~~~~~~~~~~~~~~~~~~~~~~~~~~~~~~~~~~~~~~~~~~~~~~~~~~~~~~~~~
   iter  |      energy (Eh)       | rms gradient |  commutator  |   dE (Eh)
      ideal mu1:      -0.647422007781
      ideal mu2:      -0.662314737006
             Q0:        -839.375568794634
             G0:      -0.045817249085
   RMS gradient:       0.001069653379
     Trial step:       0.242282630776
             Q1:        -839.382310347275
 Quadratic coef:       0.004359171002
 Linear coef   :      -0.011100723643
           Qmin:        -839.382635853103
Quadratic minimum step length (  0.308488990956) accepted
    Initial Ne1:     168.99999961
    Initial Ne2:     153.99999948
      Final Ne1:     169.00000000
      Final Ne2:     154.00000000

=================== Penalty functional idempotency correction ==================
 RMS occupancy error at iteration   1:  0.000070 (step -0.4987 Ne1=    169.0000)
                                                               Ne2=    154.0000
            Final RMS occupancy error   :  0.000000 (Ne1=    169.0000)
                                                     Ne2=    154.0000
            Final occupancy bounds spin 1: [ -0.000,  1.000]
            Final occupancy bounds spin 2: [ -0.000,  1.000]
================================================================================

    1        -8.393755687946E+02     1.0697E-03     6.5922E-04
      ideal mu1:      -0.649823295184
      ideal mu2:      -0.663691782978
             Q0:        -839.382633063610
             G0:      -0.034429483515
   RMS gradient:       0.000927956349
     Trial step:       0.273388961544
             Q1:        -839.389179218086
 Quadratic coef:       0.002866486268
 Linear coef   :      -0.009412640745
           Qmin:        -839.390360102700
Quadratic minimum step length (  0.448861748816) accepted
    Initial Ne1:     168.99999184
    Initial Ne2:     154.00000504
      Final Ne1:     169.00000000
      Final Ne2:     154.00000000

=================== Penalty functional idempotency correction ==================
 RMS occupancy error at iteration   1:  0.000512 (step -0.4883 Ne1=    169.0000)
                                                               Ne2=    154.0000
 RMS occupancy error at iteration   2:  0.000003 (step -0.5000 Ne1=    169.0000)
                                                               Ne2=    154.0000
            Final RMS occupancy error   :  0.000000 (Ne1=    169.0000)
                                                     Ne2=    154.0000
            Final occupancy bounds spin 1: [  0.000,  1.000]
            Final occupancy bounds spin 2: [  0.000,  1.000]
================================================================================

    2        -8.393826330636E+02     9.2796E-04     5.6368E-04    -7.0643E-03
      ideal mu1:      -0.652765496225
      ideal mu2:      -0.665520736298
             Q0:        -839.390371885133
             G0:      -0.027539497418
   RMS gradient:       0.000827312986
     Trial step:       0.350305363056
             Q1:        -839.395982502055
 Quadratic coef:       0.004036616719
 Linear coef   :      -0.009647233641
           Qmin:        -839.396135939749
Quadratic minimum step length (  0.418602745638) accepted
    Initial Ne1:     168.99999396
    Initial Ne2:     154.00000373
      Final Ne1:     169.00000000
      Final Ne2:     154.00000000

=================== Penalty functional idempotency correction ==================
 RMS occupancy error at iteration   1:  0.001114 (step -0.4741 Ne1=    169.0000)
                                                               Ne2=    154.0000
 RMS occupancy error at iteration   2:  0.000007 (step -0.5000 Ne1=    169.0000)
                                                               Ne2=    154.0000
            Final RMS occupancy error   :  0.000000 (Ne1=    169.0000)
                                                     Ne2=    154.0000
            Final occupancy bounds spin 1: [  0.000,  1.000]
            Final occupancy bounds spin 2: [  0.000,  1.000]
================================================================================

    3        -8.393903718851E+02     8.2731E-04     5.0736E-04    -7.7388E-03
      ideal mu1:      -0.653669640864
      ideal mu2:      -0.666380100177
             Q0:        -839.396291007694
             G0:      -0.016834307282
   RMS gradient:       0.000636774662
     Trial step:       0.382934441892
             Q1:        -839.399917295218
 Quadratic coef:       0.002820148540
 Linear coef   :      -0.006446436064
           Qmin:        -839.399974903891
Quadratic minimum step length (  0.437665314669) accepted
    Initial Ne1:     168.99999632
    Initial Ne2:     154.00000225
      Final Ne1:     169.00000000
      Final Ne2:     154.00000000

=================== Penalty functional idempotency correction ==================
 RMS occupancy error at iteration   1:  0.001309 (step -0.4695 Ne1=    169.0000)
                                                               Ne2=    154.0000
 RMS occupancy error at iteration   2:  0.000007 (step -0.5000 Ne1=    169.0000)
                                                               Ne2=    154.0000
            Final RMS occupancy error   :  0.000000 (Ne1=    169.0000)
                                                     Ne2=    154.0000
            Final occupancy bounds spin 1: [  0.000,  1.000]
            Final occupancy bounds spin 2: [  0.000,  1.000]
================================================================================

    4        -8.393962910077E+02     6.3677E-04     3.9140E-04    -5.9191E-03
      ideal mu1:      -0.652738933756
      ideal mu2:      -0.665794137332
    5        -8.394002115233E+02     5.3567E-04     3.2991E-04    -3.9205E-03
Finished density kernel iterations (   5)

Writing density kernel to file "Fe3_O_piv_6_H2O_3_HighSpin_NGWFSP.dkn" ... done


>>> Density kernel optimised for the current NGWF basis:
     ~~~~~~~~~~~~~~~~~~~~~~~~~~~~~~~~~~~~~~~~~~~~~~~~~~~~~~~~~~~
     Total energy                =  -8.39400211523325E+02  Eh
     Estimated bandgap (UP spin) =   1.6001E-01  Eh
     Estimated bandgap (DN spin) =   5.7413E-02  Eh
     RMS occupancy error         =   4.6807E-10
     [H,K] commutator            =   3.2991E-04
     UP spin occupancy bounds    = [  0.000:  1.000]
     DN spin occupancy bounds    = [  0.000:  1.000]
     ~~~~~~~~~~~~~~~~~~~~~~~~~~~~~~~~~~~~~~~~~~~~~~~~~~~~~~~~~~~




################################################################################
########################### NGWF CG iteration  004 #############################
################################################################################
****** Reciprocal space K.E. preconditioning with k_zero =  3.0000 a0^-1 *******

>>> Checking for convergence of NGWFs:   NOT CONVERGED
  ========================================================================
         NGWF RMS gradient =  9.1078E-05 >  2.0000E-06  | above tolerance
  ========================================================================

>>> Improving NGWFs using line search:
============ Calculation of NGWF S^-1 using Hotelling algorithm ================ 
     Iteration  |  Spin  |  Frobenius norm and Maximum abs value (of I-S*S_n^-1)
         1           1      0.64327442E-01     0.41477388E-02
         1           2      0.64624068E-01     0.67465297E-02
         2           1      0.36037436E-03     0.40910219E-04
         2           2      0.35356681E-03     0.52371061E-04
         3           1      0.24123098E-07     0.40040639E-08
         3           2      0.21800011E-07     0.39425835E-08
         4           1      0.23087233E-13     0.62172489E-14
         4           2      0.24049479E-13     0.42188475E-14
================================================================================
============ Calculation of NGWF S^-1 using Hotelling algorithm ================ 
     Iteration  |  Spin  |  Frobenius norm and Maximum abs value (of I-S*S_n^-1)
         1           1      0.11194265E-02     0.67728113E-04
         1           2      0.11235733E-02     0.10787919E-03
         2           1      0.10983718E-06     0.10844124E-07
         2           2      0.10805492E-06     0.13396253E-07
         3           1      0.23619290E-13     0.35527137E-14
         3           2      0.23911096E-13     0.44408921E-14
================================================================================
------------------------------- NGWF line search -------------------------------
RMS gradient                =       0.00009107762120
Trial step length           =               0.844474
Gradient along search dir.  =         -0.08601993024
Functional at step 0        =    -839.40021152332474
Functional at step 1        =    -839.43594301472785
Functional predicted        =    -839.43595242362767
Selected quadratic step     =               0.830991
Conjugate gradients coeff.  =               0.332727
--------------------------- NGWF line search finished --------------------------
                                               
Writing NGWFs to file "Fe3_O_piv_6_H2O_3_HighSpin_NGWFSP.tightbox_ngwfs".... done

>>> Optimising kernel for current NGWFs:
   Initial electron number for spin 1:     169.07464173
   Initial electron number for spin 2:     154.06253175
     Final electron number for spin 1:     169.00000000
     Final electron number for spin 2:     154.00000000

=================== Penalty functional idempotency correction ==================
 RMS occupancy error at iteration   1:  0.000553 (step -0.4979 Ne1=    169.0000)
                                                               Ne2=    154.0000
 RMS occupancy error at iteration   2:  0.000003 (step -0.5000 Ne1=    169.0000)
                                                               Ne2=    154.0000
            Final RMS occupancy error   :  0.000000 (Ne1=    169.0000)
                                                     Ne2=    154.0000
            Final occupancy bounds spin 1: [  0.000,  1.000]
            Final occupancy bounds spin 2: [  0.000,  1.000]
================================================================================

................................................................................
<<<<<<<<<<<<<< LNV (Original version) density kernel optimisation >>>>>>>>>>>>>>
~~~~~~~~~~~~~~~~~~~~~~~~~~~~~~~~~~~~~~~~~~~~~~~~~~~~~~~~~~~~~~~~~~~~~~~~~~~~~~~~
   iter  |      energy (Eh)       | rms gradient |  commutator  |   dE (Eh)
      ideal mu1:      -0.653309284701
      ideal mu2:      -0.665222957753
             Q0:        -839.435912703580
             G0:      -0.014787103828
   RMS gradient:       0.000607673256
     Trial step:       0.409386276038
             Q1:        -839.436081083880
 Quadratic coef:       0.005885257070
 Linear coef   :      -0.006053637370
           Qmin:        -839.437469412360
Quadratic minimum step length (  0.210549516349) accepted
    Initial Ne1:     168.99999997
    Initial Ne2:     154.00000000
      Final Ne1:     169.00000000
      Final Ne2:     154.00000000

=================== Penalty functional idempotency correction ==================
 RMS occupancy error at iteration   1:  0.000009 (step -0.4999 Ne1=    169.0000)
                                                               Ne2=    154.0000
            Final RMS occupancy error   :  0.000000 (Ne1=    169.0000)
                                                     Ne2=    154.0000
            Final occupancy bounds spin 1: [  0.000,  1.000]
            Final occupancy bounds spin 2: [ -0.000,  1.000]
================================================================================

    1        -8.394359127036E+02     6.0767E-04     3.7821E-04
      ideal mu1:      -0.651601219593
      ideal mu2:      -0.664056458765
             Q0:        -839.437466341051
             G0:      -0.005429427825
   RMS gradient:       0.000368155720
     Trial step:       0.293591693377
             Q1:        -839.438541175590
 Quadratic coef:       0.000519200370
 Linear coef   :      -0.001594034909
           Qmin:        -839.438689831748
Quadratic minimum step length (  0.450688631385) accepted
    Initial Ne1:     169.00000007
    Initial Ne2:     154.00000012
      Final Ne1:     169.00000000
      Final Ne2:     154.00000000

=================== Penalty functional idempotency correction ==================
 RMS occupancy error at iteration   1:  0.000030 (step -0.4996 Ne1=    169.0000)
                                                               Ne2=    154.0000
            Final RMS occupancy error   :  0.000000 (Ne1=    169.0000)
                                                     Ne2=    154.0000
            Final occupancy bounds spin 1: [ -0.000,  1.000]
            Final occupancy bounds spin 2: [ -0.000,  1.000]
================================================================================

    2        -8.394374663411E+02     3.6816E-04     2.2763E-04    -1.5536E-03
      ideal mu1:      -0.648924910505
      ideal mu2:      -0.662128551545
             Q0:        -839.438692940960
             G0:      -0.001961615651
   RMS gradient:       0.000220663824
     Trial step:       0.363756015035
             Q1:        -839.439060029023
 Quadratic coef:       0.000346461429
 Linear coef   :      -0.000713549492
           Qmin:        -839.439060336026
Quadratic minimum step length (  0.374584149911) accepted
    Initial Ne1:     169.00000005
    Initial Ne2:     154.00000111
      Final Ne1:     169.00000000
      Final Ne2:     154.00000000

=================== Penalty functional idempotency correction ==================
 RMS occupancy error at iteration   1:  0.000024 (step -0.4995 Ne1=    169.0000)
                                                               Ne2=    154.0000
            Final RMS occupancy error   :  0.000000 (Ne1=    169.0000)
                                                     Ne2=    154.0000
            Final occupancy bounds spin 1: [ -0.000,  1.000]
            Final occupancy bounds spin 2: [ -0.000,  1.000]
================================================================================

    3        -8.394386929410E+02     2.2066E-04     1.3539E-04    -1.2266E-03
      ideal mu1:      -0.648774128508
      ideal mu2:      -0.661975661129
             Q0:        -839.439060526427
             G0:      -0.001423858157
   RMS gradient:       0.000188653521
     Trial step:       0.369130380309
             Q1:        -839.439324155309
 Quadratic coef:       0.000261960421
 Linear coef   :      -0.000525589303
           Qmin:        -839.439324157966
Quadratic minimum step length (  0.370305900646) accepted
    Initial Ne1:     169.00000037
    Initial Ne2:     154.00000191
      Final Ne1:     169.00000000
      Final Ne2:     154.00000000

=================== Penalty functional idempotency correction ==================
 RMS occupancy error at iteration   1:  0.000038 (step -0.4991 Ne1=    169.0000)
                                                               Ne2=    154.0000
            Final RMS occupancy error   :  0.000000 (Ne1=    169.0000)
                                                     Ne2=    154.0000
            Final occupancy bounds spin 1: [ -0.000,  1.000]
            Final occupancy bounds spin 2: [ -0.000,  1.000]
================================================================================

    4        -8.394390605264E+02     1.8865E-04     1.1562E-04    -3.6759E-04
      ideal mu1:      -0.648967703200
      ideal mu2:      -0.662107805164
    5        -8.394393244647E+02     1.5011E-04     9.2601E-05    -2.6394E-04
Finished density kernel iterations (   5)

Writing density kernel to file "Fe3_O_piv_6_H2O_3_HighSpin_NGWFSP.dkn" ... done


>>> Density kernel optimised for the current NGWF basis:
     ~~~~~~~~~~~~~~~~~~~~~~~~~~~~~~~~~~~~~~~~~~~~~~~~~~~~~~~~~~~
     Total energy                =  -8.39439324464737E+02  Eh
     Estimated bandgap (UP spin) =   1.6114E-01  Eh
     Estimated bandgap (DN spin) =   5.7829E-02  Eh
     RMS occupancy error         =   1.6425E-08
     [H,K] commutator            =   9.2601E-05
     UP spin occupancy bounds    = [ -0.000:  1.000]
     DN spin occupancy bounds    = [ -0.000:  1.000]
     ~~~~~~~~~~~~~~~~~~~~~~~~~~~~~~~~~~~~~~~~~~~~~~~~~~~~~~~~~~~




################################################################################
########################### NGWF CG iteration  005 #############################
################################################################################
****** Reciprocal space K.E. preconditioning with k_zero =  3.0000 a0^-1 *******

>>> Checking for convergence of NGWFs:   NOT CONVERGED
  ========================================================================
         NGWF RMS gradient =  5.5281E-05 >  2.0000E-06  | above tolerance
  ========================================================================

>>> Improving NGWFs using line search:
============ Calculation of NGWF S^-1 using Hotelling algorithm ================ 
     Iteration  |  Spin  |  Frobenius norm and Maximum abs value (of I-S*S_n^-1)
         1           1      0.28416986E-01     0.15279503E-02
         1           2      0.28030575E-01     0.12160525E-02
         2           1      0.72758755E-04     0.85413215E-05
         2           2      0.70829258E-04     0.86321678E-05
         3           1      0.10639645E-08     0.10901591E-09
         3           2      0.98925254E-09     0.10458567E-09
         4           1      0.24365161E-13     0.33306691E-14
         4           2      0.23562107E-13     0.53290705E-14
================================================================================
============ Calculation of NGWF S^-1 using Hotelling algorithm ================ 
     Iteration  |  Spin  |  Frobenius norm and Maximum abs value (of I-S*S_n^-1)
         1           1      0.70846952E-02     0.35798803E-03
         1           2      0.69989300E-02     0.29746353E-03
         2           1      0.45343982E-05     0.48440536E-06
         2           2      0.44308084E-05     0.48835290E-06
         3           1      0.39788056E-11     0.37103653E-12
         3           2      0.37490731E-11     0.35549341E-12
================================================================================
------------------------------- NGWF line search -------------------------------
RMS gradient                =       0.00005528066443
Trial step length           =               0.837705
Gradient along search dir.  =         -0.03125430453
Functional at step 0        =    -839.43932446473718
Functional at step 1        =    -839.44834979316852
Functional predicted        =    -839.44931323066965
Selected quadratic step     =               0.639193
Conjugate gradients coeff.  =               0.000000
--------------------------- NGWF line search finished --------------------------
                                               
Writing NGWFs to file "Fe3_O_piv_6_H2O_3_HighSpin_NGWFSP.tightbox_ngwfs".... done

>>> Optimising kernel for current NGWFs:
   Initial electron number for spin 1:     169.00244342
   Initial electron number for spin 2:     154.00153122
     Final electron number for spin 1:     169.00000000
     Final electron number for spin 2:     154.00000000

=================== Penalty functional idempotency correction ==================
 RMS occupancy error at iteration   1:  0.000186 (step -0.5000 Ne1=    169.0000)
                                                               Ne2=    154.0000
 RMS occupancy error at iteration   2:  0.000000 (step -0.5000 Ne1=    169.0000)
                                                               Ne2=    154.0000
            Final RMS occupancy error   :  0.000000 (Ne1=    169.0000)
                                                     Ne2=    154.0000
            Final occupancy bounds spin 1: [  0.000,  1.000]
            Final occupancy bounds spin 2: [  0.000,  1.000]
================================================================================

................................................................................
<<<<<<<<<<<<<< LNV (Original version) density kernel optimisation >>>>>>>>>>>>>>
~~~~~~~~~~~~~~~~~~~~~~~~~~~~~~~~~~~~~~~~~~~~~~~~~~~~~~~~~~~~~~~~~~~~~~~~~~~~~~~~
   iter  |      energy (Eh)       | rms gradient |  commutator  |   dE (Eh)
      ideal mu1:      -0.646914233287
      ideal mu2:      -0.660750186104
             Q0:        -839.449317621098
             G0:      -0.002018369362
   RMS gradient:       0.000224506482
     Trial step:       0.369717673281
             Q1:        -839.449593601362
 Quadratic coef:       0.000470246560
 Linear coef   :      -0.000746226824
           Qmin:        -839.449613664982
Quadratic minimum step length (  0.293349562526) accepted
    Initial Ne1:     169.00000000
    Initial Ne2:     154.00000000
      Final Ne1:     169.00000000
      Final Ne2:     154.00000000

=================== Penalty functional idempotency correction ==================
 RMS occupancy error at iteration   1:  0.000002 (step -0.5000 Ne1=    169.0000)
                                                               Ne2=    154.0000
            Final RMS occupancy error   :  0.000000 (Ne1=    169.0000)
                                                     Ne2=    154.0000
            Final occupancy bounds spin 1: [  0.000,  1.000]
            Final occupancy bounds spin 2: [  0.000,  1.000]
================================================================================

    1        -8.394493176211E+02     2.2451E-04     1.4180E-04
      ideal mu1:      -0.648045662170
      ideal mu2:      -0.661447159684
             Q0:        -839.449613721179
             G0:      -0.001052059410
   RMS gradient:       0.000162110266
     Trial step:       0.329327371646
             Q1:        -839.449792121335
 Quadratic coef:       0.000168071804
 Linear coef   :      -0.000346471960
           Qmin:        -839.449792280009
Quadratic minimum step length (  0.339446287575) accepted
    Initial Ne1:     169.00000000
    Initial Ne2:     154.00000000
      Final Ne1:     169.00000000
      Final Ne2:     154.00000000

=================== Penalty functional idempotency correction ==================
 RMS occupancy error at iteration   1:  0.000005 (step -0.5000 Ne1=    169.0000)
                                                               Ne2=    154.0000
            Final RMS occupancy error   :  0.000000 (Ne1=    169.0000)
                                                     Ne2=    154.0000
            Final occupancy bounds spin 1: [  0.000,  1.000]
            Final occupancy bounds spin 2: [  0.000,  1.000]
================================================================================

    2        -8.394496137212E+02     1.6211E-04     1.0046E-04    -2.9610E-04
      ideal mu1:      -0.648881538243
      ideal mu2:      -0.662030541024
             Q0:        -839.449792247754
             G0:      -0.000419885733
   RMS gradient:       0.000102757131
     Trial step:       0.334348551219
             Q1:        -839.449869820502
 Quadratic coef:       0.000062815439
 Linear coef   :      -0.000140388187
           Qmin:        -839.449870687240
Quadratic minimum step length (  0.373623011229) accepted
    Initial Ne1:     168.99999998
    Initial Ne2:     153.99999997
      Final Ne1:     169.00000000
      Final Ne2:     154.00000000

=================== Penalty functional idempotency correction ==================
 RMS occupancy error at iteration   1:  0.000005 (step -0.5000 Ne1=    169.0000)
                                                               Ne2=    154.0000
            Final RMS occupancy error   :  0.000000 (Ne1=    169.0000)
                                                     Ne2=    154.0000
            Final occupancy bounds spin 1: [  0.000,  1.000]
            Final occupancy bounds spin 2: [  0.000,  1.000]
================================================================================

    3        -8.394497922478E+02     1.0276E-04     6.3069E-05    -1.7853E-04
      ideal mu1:      -0.649147127991
      ideal mu2:      -0.662256897576
             Q0:        -839.449870587324
             G0:      -0.000236009206
   RMS gradient:       0.000077248773
     Trial step:       0.353440677493
             Q1:        -839.449922738452
 Quadratic coef:       0.000031264126
 Linear coef   :      -0.000083415254
           Qmin:        -839.449926227010
Quadratic minimum step length (  0.471504365315) accepted
    Initial Ne1:     168.99999991
    Initial Ne2:     153.99999996
      Final Ne1:     169.00000000
      Final Ne2:     154.00000000

=================== Penalty functional idempotency correction ==================
 RMS occupancy error at iteration   1:  0.000008 (step -0.4998 Ne1=    169.0000)
                                                               Ne2=    154.0000
            Final RMS occupancy error   :  0.000000 (Ne1=    169.0000)
                                                     Ne2=    154.0000
            Final occupancy bounds spin 1: [ -0.000,  1.000]
            Final occupancy bounds spin 2: [ -0.000,  1.000]
================================================================================

    4        -8.394498705873E+02     7.7249E-05     4.7275E-05    -7.8340E-05
      ideal mu1:      -0.649156893057
      ideal mu2:      -0.662245504027
    5        -8.394499262781E+02     7.1985E-05     4.4176E-05    -5.5691E-05
Finished density kernel iterations (   5)

Writing density kernel to file "Fe3_O_piv_6_H2O_3_HighSpin_NGWFSP.dkn" ... done


>>> Density kernel optimised for the current NGWF basis:
     ~~~~~~~~~~~~~~~~~~~~~~~~~~~~~~~~~~~~~~~~~~~~~~~~~~~~~~~~~~~
     Total energy                =  -8.39449926278100E+02  Eh
     Estimated bandgap (UP spin) =   1.6161E-01  Eh
     Estimated bandgap (DN spin) =   5.7652E-02  Eh
     RMS occupancy error         =   8.8727E-10
     [H,K] commutator            =   4.4176E-05
     UP spin occupancy bounds    = [ -0.000:  1.000]
     DN spin occupancy bounds    = [ -0.000:  1.000]
     ~~~~~~~~~~~~~~~~~~~~~~~~~~~~~~~~~~~~~~~~~~~~~~~~~~~~~~~~~~~


================================================================================
           ---------------- ENERGY COMPONENTS (Eh) ----------------
           | Kinetic                    :      293.04931015336638 |
           | Core Hartree               :    -8511.93313926348856 |
           | CoreHart (non-coul chg cor):        0.00142678223254
           | Hartree                    :     4078.15184781611242 |
           | Exchange-correlation       :     -142.11623779035997 |
           | Ewald                      :     3436.28223322304621 |
           | Dij0                       :       20.13047683005717 |
           | Dijhartree                 :       33.13063373564005 |
           | Exc [AE core]              :     -458.51951710141412 |
           | Exc DC [AE core]           :     -199.75241187863293 |
           | Exc [PS core]              :     -112.55850406978627 |
           | Exc DC [PS core]           :     -131.54407386685131 |
           | Exc [Core]                 :     -299.81596204920004 |
           | Total [Sphere]             :        7.11605958326942 |
           | Total                      :     -839.44992627805414 |
           --------------------------------------------------------
           ------ LOCAL ENERGY COMPONENTS FROM MATRIX TRACES ------
           | Core Hartree               :    -8511.93313926352130 |
           | Hartree (Valence)          :     4078.15184781612516 |
           --------------------------------------------------------
           Integrated compensation chrg.:       39.93288638860312
           Integrated density           :      322.99999656789822
           Integrated spin density      :       14.99999984787607
           Integrated |spin density|    :       15.06070323525373
           Local density approx. <S^2>  :       63.78035169366719
           Integrated density tr(KS)    :      323.00000000000000
           Integrated spin tr(KS)       :       15.00000000000000
================================================================================




################################################################################
########################### NGWF CG iteration  006 #############################
################################################################################
****** Reciprocal space K.E. preconditioning with k_zero =  3.0000 a0^-1 *******

>>> Checking for convergence of NGWFs:   NOT CONVERGED
  ========================================================================
         NGWF RMS gradient =  3.4749E-05 >  2.0000E-06  | above tolerance
  ========================================================================

>>> Improving NGWFs using line search:
============ Calculation of NGWF S^-1 using Hotelling algorithm ================ 
     Iteration  |  Spin  |  Frobenius norm and Maximum abs value (of I-S*S_n^-1)
         1           1      0.34260084E-01     0.12968414E-02
         1           2      0.33642799E-01     0.12948884E-02
         2           1      0.10969935E-03     0.12124313E-04
         2           2      0.10674372E-03     0.12083626E-04
         3           1      0.24590631E-08     0.22857272E-09
         3           2      0.23110892E-08     0.21499003E-09
         4           1      0.23188552E-13     0.39968029E-14
         4           2      0.24942472E-13     0.55511151E-14
================================================================================
============ Calculation of NGWF S^-1 using Hotelling algorithm ================ 
     Iteration  |  Spin  |  Frobenius norm and Maximum abs value (of I-S*S_n^-1)
         1           1      0.22439590E-01     0.10021830E-02
         1           2      0.22151220E-01     0.10016523E-02
         2           1      0.47720132E-04     0.41101363E-05
         2           2      0.47005094E-04     0.40795578E-05
         3           1      0.42143766E-09     0.30652370E-10
         3           2      0.40919207E-09     0.30020431E-10
         4           1      0.23660759E-13     0.33306691E-14
         4           2      0.23931769E-13     0.41078252E-14
================================================================================
------------------------------- NGWF line search -------------------------------
RMS gradient                =       0.00003474868043
Trial step length           =               0.731748
Gradient along search dir.  =         -0.01270065597
Functional at step 0        =    -839.44992627809972
Functional at step 1        =    -839.45626827741000
Functional predicted        =    -839.45724181050764
Selected quadratic step     =               1.151993
Conjugate gradients coeff.  =               0.395121
--------------------------- NGWF line search finished --------------------------
                                               
Writing NGWFs to file "Fe3_O_piv_6_H2O_3_HighSpin_NGWFSP.tightbox_ngwfs".... done

>>> Optimising kernel for current NGWFs:
   Initial electron number for spin 1:     169.00639359
   Initial electron number for spin 2:     154.00333598
     Final electron number for spin 1:     169.00000000
     Final electron number for spin 2:     154.00000000

=================== Penalty functional idempotency correction ==================
 RMS occupancy error at iteration   1:  0.000426 (step -0.4998 Ne1=    169.0000)
                                                               Ne2=    154.0000
 RMS occupancy error at iteration   2:  0.000001 (step -0.5000 Ne1=    169.0000)
                                                               Ne2=    154.0000
            Final RMS occupancy error   :  0.000000 (Ne1=    169.0000)
                                                     Ne2=    154.0000
            Final occupancy bounds spin 1: [  0.000,  1.000]
            Final occupancy bounds spin 2: [  0.000,  1.000]
================================================================================

................................................................................
<<<<<<<<<<<<<< LNV (Original version) density kernel optimisation >>>>>>>>>>>>>>
~~~~~~~~~~~~~~~~~~~~~~~~~~~~~~~~~~~~~~~~~~~~~~~~~~~~~~~~~~~~~~~~~~~~~~~~~~~~~~~~
   iter  |      energy (Eh)       | rms gradient |  commutator  |   dE (Eh)
      ideal mu1:      -0.649494298851
      ideal mu2:      -0.662227185785
             Q0:        -839.457212354551
             G0:      -0.001397999718
   RMS gradient:       0.000186845268
     Trial step:       0.408226435104
             Q1:        -839.457230655139
 Quadratic coef:       0.000552399852
 Linear coef   :      -0.000570700441
           Qmin:        -839.457359756379
Quadratic minimum step length (  0.210875333919) accepted
    Initial Ne1:     169.00000000
    Initial Ne2:     154.00000000
      Final Ne1:     169.00000000
      Final Ne2:     154.00000000

=================== Penalty functional idempotency correction ==================
 RMS occupancy error at iteration   1:  0.000001 (step -0.5000 Ne1=    169.0000)
                                                               Ne2=    154.0000
            Final RMS occupancy error   :  0.000000 (Ne1=    169.0000)
                                                     Ne2=    154.0000
            Final occupancy bounds spin 1: [  0.000,  1.000]
            Final occupancy bounds spin 2: [  0.000,  1.000]
================================================================================

    1        -8.394572123546E+02     1.8685E-04     1.1518E-04
      ideal mu1:      -0.649083003924
      ideal mu2:      -0.661962014199
             Q0:        -839.457359573429
             G0:      -0.000555493147
   RMS gradient:       0.000117731597
     Trial step:       0.293402259393
             Q1:        -839.457464212144
 Quadratic coef:       0.000058344229
 Linear coef   :      -0.000162982944
           Qmin:        -839.457473395483
Quadratic minimum step length (  0.409805430747) accepted
    Initial Ne1:     169.00000000
    Initial Ne2:     154.00000000
      Final Ne1:     169.00000000
      Final Ne2:     154.00000000

=================== Penalty functional idempotency correction ==================
 RMS occupancy error at iteration   1:  0.000002 (step -0.5000 Ne1=    169.0000)
                                                               Ne2=    154.0000
            Final RMS occupancy error   :  0.000000 (Ne1=    169.0000)
                                                     Ne2=    154.0000
            Final occupancy bounds spin 1: [  0.000,  1.000]
            Final occupancy bounds spin 2: [  0.000,  1.000]
================================================================================

    2        -8.394573595734E+02     1.1773E-04     7.2345E-05    -1.4722E-04
      ideal mu1:      -0.648517686079
      ideal mu2:      -0.661583636196
             Q0:        -839.457474004498
             G0:      -0.000131014938
   RMS gradient:       0.000056671006
     Trial step:       0.346753283031
             Q1:        -839.457496216800
 Quadratic coef:       0.000023217558
 Linear coef   :      -0.000045429860
           Qmin:        -839.457496227681
Quadratic minimum step length (  0.339246558253) accepted
    Initial Ne1:     169.00000001
    Initial Ne2:     154.00000000
      Final Ne1:     169.00000000
      Final Ne2:     154.00000000

=================== Penalty functional idempotency correction ==================
 RMS occupancy error at iteration   1:  0.000001 (step -0.5000 Ne1=    169.0000)
                                                               Ne2=    154.0000
            Final RMS occupancy error   :  0.000000 (Ne1=    169.0000)
                                                     Ne2=    154.0000
            Final occupancy bounds spin 1: [  0.000,  1.000]
            Final occupancy bounds spin 2: [  0.000,  1.000]
================================================================================

    3        -8.394574740045E+02     5.6671E-05     3.4968E-05    -1.1443E-04
      ideal mu1:      -0.648492343129
      ideal mu2:      -0.661559156422
             Q0:        -839.457496223484
             G0:      -0.000073639033
   RMS gradient:       0.000042666013
     Trial step:       0.342979383974
             Q1:        -839.457508975158
 Quadratic coef:       0.000012504997
 Linear coef   :      -0.000025256670
           Qmin:        -839.457508976375
Quadratic minimum step length (  0.346362236631) accepted
    Initial Ne1:     169.00000001
    Initial Ne2:     154.00000000
      Final Ne1:     169.00000000
      Final Ne2:     154.00000000

=================== Penalty functional idempotency correction ==================
 RMS occupancy error at iteration   1:  0.000001 (step -0.5000 Ne1=    169.0000)
                                                               Ne2=    154.0000
            Final RMS occupancy error   :  0.000000 (Ne1=    169.0000)
                                                     Ne2=    154.0000
            Final occupancy bounds spin 1: [  0.000,  1.000]
            Final occupancy bounds spin 2: [  0.000,  1.000]
================================================================================

    4        -8.394574962235E+02     4.2666E-05     2.6186E-05    -2.2219E-05
      ideal mu1:      -0.648493270714
      ideal mu2:      -0.661557877776
    5        -8.394575089802E+02     3.1773E-05     1.9566E-05    -1.2757E-05
Finished density kernel iterations (   5)

Writing density kernel to file "Fe3_O_piv_6_H2O_3_HighSpin_NGWFSP.dkn" ... done


>>> Density kernel optimised for the current NGWF basis:
     ~~~~~~~~~~~~~~~~~~~~~~~~~~~~~~~~~~~~~~~~~~~~~~~~~~~~~~~~~~~
     Total energy                =  -8.39457508980163E+02  Eh
     Estimated bandgap (UP spin) =   1.6009E-01  Eh
     Estimated bandgap (DN spin) =   5.7012E-02  Eh
     RMS occupancy error         =   2.3826E-11
     [H,K] commutator            =   1.9566E-05
     UP spin occupancy bounds    = [  0.000:  1.000]
     DN spin occupancy bounds    = [  0.000:  1.000]
     ~~~~~~~~~~~~~~~~~~~~~~~~~~~~~~~~~~~~~~~~~~~~~~~~~~~~~~~~~~~




################################################################################
########################### NGWF CG iteration  007 #############################
################################################################################
****** Reciprocal space K.E. preconditioning with k_zero =  3.0000 a0^-1 *******

>>> Checking for convergence of NGWFs:   NOT CONVERGED
  ========================================================================
         NGWF RMS gradient =  2.3416E-05 >  2.0000E-06  | above tolerance
  ========================================================================

>>> Improving NGWFs using line search:
============ Calculation of NGWF S^-1 using Hotelling algorithm ================ 
     Iteration  |  Spin  |  Frobenius norm and Maximum abs value (of I-S*S_n^-1)
         1           1      0.52164181E-01     0.22054241E-02
         1           2      0.51679680E-01     0.22045301E-02
         2           1      0.26913169E-03     0.24682683E-04
         2           2      0.26765260E-03     0.24700244E-04
         3           1      0.14339919E-07     0.10931300E-08
         3           2      0.14249061E-07     0.10854642E-08
         4           1      0.21958217E-13     0.35527137E-14
         4           2      0.22284786E-13     0.26645353E-14
================================================================================
============ Calculation of NGWF S^-1 using Hotelling algorithm ================ 
     Iteration  |  Spin  |  Frobenius norm and Maximum abs value (of I-S*S_n^-1)
         1           1      0.12844882E-01     0.62454061E-03
         1           2      0.12767749E-01     0.62418318E-03
         2           1      0.16572646E-04     0.11691001E-05
         2           2      0.16579044E-04     0.11722693E-05
         3           1      0.49339886E-10     0.29118929E-11
         3           2      0.49781321E-10     0.29787284E-11
         4           1      0.21464127E-13     0.29976022E-14
         4           2      0.21841832E-13     0.26645353E-14
================================================================================
------------------------------- NGWF line search -------------------------------
RMS gradient                =       0.00002341599234
Trial step length           =               0.918133
Gradient along search dir.  =         -0.00577952126
Functional at step 0        =    -839.45750898016274
Functional at step 1        =    -839.46063131327639
Functional predicted        =    -839.46073208973871
Selected quadratic step     =               1.115355
Conjugate gradients coeff.  =               0.454097
--------------------------- NGWF line search finished --------------------------
                                               
Writing NGWFs to file "Fe3_O_piv_6_H2O_3_HighSpin_NGWFSP.tightbox_ngwfs".... done

>>> Optimising kernel for current NGWFs:
   Initial electron number for spin 1:     169.00847130
   Initial electron number for spin 2:     154.00569694
     Final electron number for spin 1:     169.00000000
     Final electron number for spin 2:     154.00000000

=================== Penalty functional idempotency correction ==================
 RMS occupancy error at iteration   1:  0.000424 (step -0.4998 Ne1=    169.0000)
                                                               Ne2=    154.0000
 RMS occupancy error at iteration   2:  0.000001 (step -0.5000 Ne1=    169.0000)
                                                               Ne2=    154.0000
            Final RMS occupancy error   :  0.000000 (Ne1=    169.0000)
                                                     Ne2=    154.0000
            Final occupancy bounds spin 1: [  0.000,  1.000]
            Final occupancy bounds spin 2: [  0.000,  1.000]
================================================================================

................................................................................
<<<<<<<<<<<<<< LNV (Original version) density kernel optimisation >>>>>>>>>>>>>>
~~~~~~~~~~~~~~~~~~~~~~~~~~~~~~~~~~~~~~~~~~~~~~~~~~~~~~~~~~~~~~~~~~~~~~~~~~~~~~~~
   iter  |      energy (Eh)       | rms gradient |  commutator  |   dE (Eh)
      ideal mu1:      -0.648166544845
      ideal mu2:      -0.661290164301
             Q0:        -839.460702113533
             G0:      -0.000873522886
   RMS gradient:       0.000147694970
     Trial step:       0.344666660052
             Q1:        -839.460763131549
 Quadratic coef:       0.000240056200
 Linear coef   :      -0.000301074216
           Qmin:        -839.460796514015
Quadratic minimum step length (  0.216137396696) accepted
    Initial Ne1:     169.00000000
    Initial Ne2:     154.00000000
      Final Ne1:     169.00000000
      Final Ne2:     154.00000000

=================== Penalty functional idempotency correction ==================
 RMS occupancy error at iteration   1:  0.000001 (step -0.5000 Ne1=    169.0000)
                                                               Ne2=    154.0000
            Final RMS occupancy error   :  0.000000 (Ne1=    169.0000)
                                                     Ne2=    154.0000
            Final occupancy bounds spin 1: [  0.000,  1.000]
            Final occupancy bounds spin 2: [  0.000,  1.000]
================================================================================

    1        -8.394607021135E+02     1.4769E-04     9.0644E-05
      ideal mu1:      -0.648144992583
      ideal mu2:      -0.661230737569
             Q0:        -839.460796293074
             G0:      -0.000347308251
   RMS gradient:       0.000092921442
     Trial step:       0.272938371490
             Q1:        -839.460856369392
 Quadratic coef:       0.000034717430
 Linear coef   :      -0.000094793749
           Qmin:        -839.460861000158
Quadratic minimum step length (  0.372620482036) accepted
    Initial Ne1:     169.00000000
    Initial Ne2:     154.00000000
      Final Ne1:     169.00000000
      Final Ne2:     154.00000000

=================== Penalty functional idempotency correction ==================
 RMS occupancy error at iteration   1:  0.000001 (step -0.5000 Ne1=    169.0000)
                                                               Ne2=    154.0000
            Final RMS occupancy error   :  0.000000 (Ne1=    169.0000)
                                                     Ne2=    154.0000
            Final occupancy bounds spin 1: [  0.000,  1.000]
            Final occupancy bounds spin 2: [  0.000,  1.000]
================================================================================

    2        -8.394607962931E+02     9.2921E-05     5.6847E-05    -9.4180E-05
      ideal mu1:      -0.648133214399
      ideal mu2:      -0.661159825205
             Q0:        -839.460861580604
             G0:      -0.000068162027
   RMS gradient:       0.000040581954
     Trial step:       0.318908180439
             Q1:        -839.460874475616
 Quadratic coef:       0.000008842416
 Linear coef   :      -0.000021737428
           Qmin:        -839.460874939955
Quadratic minimum step length (  0.391988087779) accepted
    Initial Ne1:     169.00000000
    Initial Ne2:     154.00000000
      Final Ne1:     169.00000000
      Final Ne2:     154.00000000

=================== Penalty functional idempotency correction ==================
 RMS occupancy error at iteration   1:  0.000000 (step -0.5000 Ne1=    169.0000)
                                                               Ne2=    154.0000
            Final RMS occupancy error   :  0.000000 (Ne1=    169.0000)
                                                     Ne2=    154.0000
            Final occupancy bounds spin 1: [  0.000,  1.000]
            Final occupancy bounds spin 2: [  0.000,  1.000]
================================================================================

    3        -8.394608615806E+02     4.0582E-05     2.5051E-05    -6.5288E-05
      ideal mu1:      -0.648125976467
      ideal mu2:      -0.661169952407
             Q0:        -839.460874875184
             G0:      -0.000042907604
   RMS gradient:       0.000033184395
     Trial step:       0.353564998023
             Q1:        -839.460880901451
 Quadratic coef:       0.000009144360
 Linear coef   :      -0.000015170627
           Qmin:        -839.460881167257
Quadratic minimum step length (  0.293284753175) accepted
    Initial Ne1:     169.00000000
    Initial Ne2:     154.00000000
      Final Ne1:     169.00000000
      Final Ne2:     154.00000000

=================== Penalty functional idempotency correction ==================
 RMS occupancy error at iteration   1:  0.000000 (step -0.5000 Ne1=    169.0000)
                                                               Ne2=    154.0000
            Final RMS occupancy error   :  0.000000 (Ne1=    169.0000)
                                                     Ne2=    154.0000
            Final occupancy bounds spin 1: [  0.000,  1.000]
            Final occupancy bounds spin 2: [  0.000,  1.000]
================================================================================

    4        -8.394608748752E+02     3.3184E-05     2.0377E-05    -1.3295E-05
      ideal mu1:      -0.648151384285
      ideal mu2:      -0.661197199205
    5        -8.394608812001E+02     2.1086E-05     1.2979E-05    -6.3249E-06
Finished density kernel iterations (   5)

Writing density kernel to file "Fe3_O_piv_6_H2O_3_HighSpin_NGWFSP.dkn" ... done


>>> Density kernel optimised for the current NGWF basis:
     ~~~~~~~~~~~~~~~~~~~~~~~~~~~~~~~~~~~~~~~~~~~~~~~~~~~~~~~~~~~
     Total energy                =  -8.39460881200109E+02  Eh
     Estimated bandgap (UP spin) =   1.5913E-01  Eh
     Estimated bandgap (DN spin) =   5.6866E-02  Eh
     RMS occupancy error         =   2.7019E-12
     [H,K] commutator            =   1.2979E-05
     UP spin occupancy bounds    = [  0.000:  1.000]
     DN spin occupancy bounds    = [  0.000:  1.000]
     ~~~~~~~~~~~~~~~~~~~~~~~~~~~~~~~~~~~~~~~~~~~~~~~~~~~~~~~~~~~




################################################################################
########################### NGWF CG iteration  008 #############################
################################################################################
****** Reciprocal space K.E. preconditioning with k_zero =  3.0000 a0^-1 *******

>>> Checking for convergence of NGWFs:   NOT CONVERGED
  ========================================================================
         NGWF RMS gradient =  1.5425E-05 >  2.0000E-06  | above tolerance
  ========================================================================

>>> Improving NGWFs using line search:
============ Calculation of NGWF S^-1 using Hotelling algorithm ================ 
     Iteration  |  Spin  |  Frobenius norm and Maximum abs value (of I-S*S_n^-1)
         1           1      0.58716043E-01     0.24699977E-02
         1           2      0.58439957E-01     0.24687466E-02
         2           1      0.35913570E-03     0.31254609E-04
         2           2      0.36075769E-03     0.31856053E-04
         3           1      0.25909343E-07     0.18319586E-08
         3           2      0.26537995E-07     0.19047162E-08
         4           1      0.23870782E-13     0.39968029E-14
         4           2      0.24463865E-13     0.35527137E-14
================================================================================
============ Calculation of NGWF S^-1 using Hotelling algorithm ================ 
     Iteration  |  Spin  |  Frobenius norm and Maximum abs value (of I-S*S_n^-1)
         1           1      0.10830911E-01     0.50313974E-03
         1           2      0.10796506E-01     0.50287577E-03
         2           1      0.12328706E-04     0.89352858E-06
         2           2      0.12408348E-04     0.91279119E-06
         3           1      0.28599754E-10     0.16839863E-11
         3           2      0.29415572E-10     0.17879032E-11
         4           1      0.21063323E-13     0.37747583E-14
         4           2      0.19851539E-13     0.31086245E-14
================================================================================
------------------------------- NGWF line search -------------------------------
RMS gradient                =       0.00001542514266
Trial step length           =               1.011951
Gradient along search dir.  =         -0.00256213372
Functional at step 0        =    -839.46088120010904
Functional at step 1        =    -839.46191557698387
Functional predicted        =    -839.46195962536626
Selected quadratic step     =               0.841818
Conjugate gradients coeff.  =               0.433944
--------------------------- NGWF line search finished --------------------------
                                               
Writing NGWFs to file "Fe3_O_piv_6_H2O_3_HighSpin_NGWFSP.tightbox_ngwfs".... done

>>> Optimising kernel for current NGWFs:
   Initial electron number for spin 1:     169.00724069
   Initial electron number for spin 2:     154.00536835
     Final electron number for spin 1:     169.00000000
     Final electron number for spin 2:     154.00000000

=================== Penalty functional idempotency correction ==================
 RMS occupancy error at iteration   1:  0.000300 (step -0.4999 Ne1=    169.0000)
                                                               Ne2=    154.0000
 RMS occupancy error at iteration   2:  0.000001 (step -0.5000 Ne1=    169.0000)
                                                               Ne2=    154.0000
            Final RMS occupancy error   :  0.000000 (Ne1=    169.0000)
                                                     Ne2=    154.0000
            Final occupancy bounds spin 1: [  0.000,  1.000]
            Final occupancy bounds spin 2: [  0.000,  1.000]
================================================================================

................................................................................
<<<<<<<<<<<<<< LNV (Original version) density kernel optimisation >>>>>>>>>>>>>>
~~~~~~~~~~~~~~~~~~~~~~~~~~~~~~~~~~~~~~~~~~~~~~~~~~~~~~~~~~~~~~~~~~~~~~~~~~~~~~~~
   iter  |      energy (Eh)       | rms gradient |  commutator  |   dE (Eh)
      ideal mu1:      -0.647851209293
      ideal mu2:      -0.661011430791
             Q0:        -839.461941572326
             G0:      -0.000388030197
   RMS gradient:       0.000098437670
     Trial step:       0.322017426821
             Q1:        -839.461990581052
 Quadratic coef:       0.000075943760
 Linear coef   :      -0.000124952486
           Qmin:        -839.461992969319
Quadratic minimum step length (  0.264912335936) accepted
    Initial Ne1:     169.00000000
    Initial Ne2:     154.00000000
      Final Ne1:     169.00000000
      Final Ne2:     154.00000000

=================== Penalty functional idempotency correction ==================
 RMS occupancy error at iteration   1:  0.000000 (step -0.5000 Ne1=    169.0000)
                                                               Ne2=    154.0000
            Final RMS occupancy error   :  0.000000 (Ne1=    169.0000)
                                                     Ne2=    154.0000
            Final occupancy bounds spin 1: [  0.000,  1.000]
            Final occupancy bounds spin 2: [  0.000,  1.000]
================================================================================

    1        -8.394619415723E+02     9.8438E-05     6.1098E-05
      ideal mu1:      -0.647892625760
      ideal mu2:      -0.660972790749
             Q0:        -839.461992772090
             G0:      -0.000184249321
   RMS gradient:       0.000067231472
     Trial step:       0.292072574459
             Q1:        -839.462020554704
 Quadratic coef:       0.000026031559
 Linear coef   :      -0.000053814173
           Qmin:        -839.462020584151
Quadratic minimum step length (  0.301895941336) accepted
    Initial Ne1:     169.00000000
    Initial Ne2:     154.00000000
      Final Ne1:     169.00000000
      Final Ne2:     154.00000000

=================== Penalty functional idempotency correction ==================
 RMS occupancy error at iteration   1:  0.000000 (step -0.5000 Ne1=    169.0000)
                                                               Ne2=    154.0000
            Final RMS occupancy error   :  0.000000 (Ne1=    169.0000)
                                                     Ne2=    154.0000
            Final occupancy bounds spin 1: [  0.000,  1.000]
            Final occupancy bounds spin 2: [  0.000,  1.000]
================================================================================

    2        -8.394619927721E+02     6.7231E-05     4.1330E-05    -5.1200E-05
      ideal mu1:      -0.647892523183
      ideal mu2:      -0.660918082494
             Q0:        -839.462020618999
             G0:      -0.000040199162
   RMS gradient:       0.000031086333
     Trial step:       0.296943639105
             Q1:        -839.462028289873
 Quadratic coef:       0.000004266012
 Linear coef   :      -0.000011936886
           Qmin:        -839.462028969260
Quadratic minimum step length (  0.415444514035) accepted
    Initial Ne1:     169.00000000
    Initial Ne2:     154.00000000
      Final Ne1:     169.00000000
      Final Ne2:     154.00000000

=================== Penalty functional idempotency correction ==================
 RMS occupancy error at iteration   1:  0.000000 (step -0.5000 Ne1=    169.0000)
                                                               Ne2=    154.0000
            Final RMS occupancy error   :  0.000000 (Ne1=    169.0000)
                                                     Ne2=    154.0000
            Final occupancy bounds spin 1: [  0.000,  1.000]
            Final occupancy bounds spin 2: [  0.000,  1.000]
================================================================================

    3        -8.394620206190E+02     3.1086E-05     1.9216E-05    -2.7847E-05
      ideal mu1:      -0.647891586983
      ideal mu2:      -0.660929092218
             Q0:        -839.462028866983
             G0:      -0.000019074582
   RMS gradient:       0.000022319815
     Trial step:       0.351231555877
             Q1:        -839.462032212144
 Quadratic coef:       0.000003354435
 Linear coef   :      -0.000006699595
           Qmin:        -839.462032212150
Quadratic minimum step length (  0.350746013330) accepted
    Initial Ne1:     169.00000000
    Initial Ne2:     154.00000000
      Final Ne1:     169.00000000
      Final Ne2:     154.00000000

=================== Penalty functional idempotency correction ==================
 RMS occupancy error at iteration   1:  0.000000 (step -0.5000 Ne1=    169.0000)
                                                               Ne2=    154.0000
            Final RMS occupancy error   :  0.000000 (Ne1=    169.0000)
                                                     Ne2=    154.0000
            Final occupancy bounds spin 1: [  0.000,  1.000]
            Final occupancy bounds spin 2: [  0.000,  1.000]
================================================================================

    4        -8.394620288670E+02     2.2320E-05     1.3751E-05    -8.2480E-06
      ideal mu1:      -0.647923568896
      ideal mu2:      -0.660960776428
    5        -8.394620322125E+02     1.5525E-05     9.6085E-06    -3.3455E-06
Finished density kernel iterations (   5)

Writing density kernel to file "Fe3_O_piv_6_H2O_3_HighSpin_NGWFSP.dkn" ... done


>>> Density kernel optimised for the current NGWF basis:
     ~~~~~~~~~~~~~~~~~~~~~~~~~~~~~~~~~~~~~~~~~~~~~~~~~~~~~~~~~~~
     Total energy                =  -8.39462032212494E+02  Eh
     Estimated bandgap (UP spin) =   1.5802E-01  Eh
     Estimated bandgap (DN spin) =   5.7013E-02  Eh
     RMS occupancy error         =   4.7233E-13
     [H,K] commutator            =   9.6085E-06
     UP spin occupancy bounds    = [  0.000:  1.000]
     DN spin occupancy bounds    = [  0.000:  1.000]
     ~~~~~~~~~~~~~~~~~~~~~~~~~~~~~~~~~~~~~~~~~~~~~~~~~~~~~~~~~~~




################################################################################
########################### NGWF CG iteration  009 #############################
################################################################################
****** Reciprocal space K.E. preconditioning with k_zero =  3.0000 a0^-1 *******

>>> Checking for convergence of NGWFs:   NOT CONVERGED
  ========================================================================
         NGWF RMS gradient =  1.0510E-05 >  2.0000E-06  | above tolerance
  ========================================================================

>>> Improving NGWFs using line search:
============ Calculation of NGWF S^-1 using Hotelling algorithm ================ 
     Iteration  |  Spin  |  Frobenius norm and Maximum abs value (of I-S*S_n^-1)
         1           1      0.23726154E-01     0.11772760E-02
         1           2      0.23652054E-01     0.12411886E-02
         2           1      0.61064841E-04     0.91070732E-05
         2           2      0.62294281E-04     0.94880490E-05
         3           1      0.82912490E-09     0.11102497E-09
         3           2      0.88457839E-09     0.12020118E-09
         4           1      0.23139687E-13     0.36637360E-14
         4           2      0.22803453E-13     0.37747583E-14
================================================================================
============ Calculation of NGWF S^-1 using Hotelling algorithm ================ 
     Iteration  |  Spin  |  Frobenius norm and Maximum abs value (of I-S*S_n^-1)
         1           1      0.72450878E-02     0.35458617E-03
         1           2      0.72247821E-02     0.37392301E-03
         2           1      0.56730838E-05     0.80839843E-06
         2           2      0.57777393E-05     0.84072291E-06
         3           1      0.71034240E-11     0.88440366E-12
         3           2      0.75481042E-11     0.94946273E-12
================================================================================
------------------------------- NGWF line search -------------------------------
RMS gradient                =       0.00001050962208
Trial step length           =               0.922973
Gradient along search dir.  =         -0.00112963341
Functional at step 0        =    -839.46203221249357
Functional at step 1        =    -839.46233223900276
Functional predicted        =    -839.46239817886021
Selected quadratic step     =               0.647938
Conjugate gradients coeff.  =               0.000000
--------------------------- NGWF line search finished --------------------------
                                               
Writing NGWFs to file "Fe3_O_piv_6_H2O_3_HighSpin_NGWFSP.tightbox_ngwfs".... done

>>> Optimising kernel for current NGWFs:
   Initial electron number for spin 1:     169.00116902
   Initial electron number for spin 2:     154.00091137
     Final electron number for spin 1:     169.00000000
     Final electron number for spin 2:     154.00000000

=================== Penalty functional idempotency correction ==================
 RMS occupancy error at iteration   1:  0.000125 (step -0.5000 Ne1=    169.0000)
                                                               Ne2=    154.0000
            Final RMS occupancy error   :  0.000000 (Ne1=    169.0000)
                                                     Ne2=    154.0000
            Final occupancy bounds spin 1: [  0.000,  1.000]
            Final occupancy bounds spin 2: [  0.000,  1.000]
================================================================================

................................................................................
<<<<<<<<<<<<<< LNV (Original version) density kernel optimisation >>>>>>>>>>>>>>
~~~~~~~~~~~~~~~~~~~~~~~~~~~~~~~~~~~~~~~~~~~~~~~~~~~~~~~~~~~~~~~~~~~~~~~~~~~~~~~~
   iter  |      energy (Eh)       | rms gradient |  commutator  |   dE (Eh)
      ideal mu1:      -0.648076745017
      ideal mu2:      -0.661031196222
             Q0:        -839.462396022790
             G0:      -0.000066308839
   RMS gradient:       0.000040692491
     Trial step:       0.350988700644
             Q1:        -839.462403505007
 Quadratic coef:       0.000015791436
 Linear coef   :      -0.000023273653
           Qmin:        -839.462404598054
Quadratic minimum step length (  0.258646184644) accepted
    Initial Ne1:     168.99997591
    Initial Ne2:     153.99998521
      Final Ne1:     169.00000000
      Final Ne2:     154.00000000

=================== Penalty functional idempotency correction ==================
 RMS occupancy error at iteration   1:  0.000000 (step -0.5000 Ne1=    169.0000)
                                                               Ne2=    154.0000
            Final RMS occupancy error   :  0.000000 (Ne1=    169.0000)
                                                     Ne2=    154.0000
            Final occupancy bounds spin 1: [  0.000,  1.000]
            Final occupancy bounds spin 2: [  0.000,  1.000]
================================================================================

    1        -8.394623960228E+02     4.0692E-05     2.5275E-05
      ideal mu1:      -0.647950766046
      ideal mu2:      -0.660941417899
             Q0:        -839.462404470424
             G0:      -0.000031167830
   RMS gradient:       0.000027335394
     Trial step:       0.301300329032
             Q1:        -839.462409208293
 Quadratic coef:       0.000004653008
 Linear coef   :      -0.000009390877
           Qmin:        -839.462409208680
Quadratic minimum step length (  0.304047879944) accepted
    Initial Ne1:     168.99998722
    Initial Ne2:     153.99999215
      Final Ne1:     169.00000000
      Final Ne2:     154.00000000

=================== Penalty functional idempotency correction ==================
 RMS occupancy error at iteration   1:  0.000000 (step -0.5000 Ne1=    169.0000)
                                                               Ne2=    154.0000
            Final RMS occupancy error   :  0.000000 (Ne1=    169.0000)
                                                     Ne2=    154.0000
            Final occupancy bounds spin 1: [  0.000,  1.000]
            Final occupancy bounds spin 2: [  0.000,  1.000]
================================================================================

    2        -8.394624044704E+02     2.7335E-05     1.6844E-05    -8.4476E-06
      ideal mu1:      -0.647864003129
      ideal mu2:      -0.660876198093
             Q0:        -839.462409213912
             G0:      -0.000010962990
   RMS gradient:       0.000015588059
     Trial step:       0.302670986830
             Q1:        -839.462411224950
 Quadratic coef:       0.000001307141
 Linear coef   :      -0.000003318179
           Qmin:        -839.462411319713
Quadratic minimum step length (  0.384165426271) accepted
    Initial Ne1:     168.99999475
    Initial Ne2:     153.99999678
      Final Ne1:     169.00000000
      Final Ne2:     154.00000000

=================== Penalty functional idempotency correction ==================
 RMS occupancy error at iteration   1:  0.000000 (step -0.5000 Ne1=    169.0000)
                                                               Ne2=    154.0000
            Final RMS occupancy error   :  0.000000 (Ne1=    169.0000)
                                                     Ne2=    154.0000
            Final occupancy bounds spin 1: [  0.000,  1.000]
            Final occupancy bounds spin 2: [  0.000,  1.000]
================================================================================

    3        -8.394624092139E+02     1.5588E-05     9.6700E-06    -4.7435E-06
      ideal mu1:      -0.647852046977
      ideal mu2:      -0.660868361944
             Q0:        -839.462411344428
             G0:      -0.000004310785
   RMS gradient:       0.000010066501
     Trial step:       0.340992270697
             Q1:        -839.462412232472
 Quadratic coef:       0.000000581900
 Linear coef   :      -0.000001469944
           Qmin:        -839.462412272739
Quadratic minimum step length (  0.430692064153) accepted
    Initial Ne1:     168.99999755
    Initial Ne2:     153.99999849
      Final Ne1:     169.00000000
      Final Ne2:     154.00000000

=================== Penalty functional idempotency correction ==================
 RMS occupancy error at iteration   1:  0.000000 (step -0.5000 Ne1=    169.0000)
                                                               Ne2=    154.0000
            Final RMS occupancy error   :  0.000000 (Ne1=    169.0000)
                                                     Ne2=    154.0000
            Final occupancy bounds spin 1: [  0.000,  1.000]
            Final occupancy bounds spin 2: [  0.000,  1.000]
================================================================================

    4        -8.394624113444E+02     1.0067E-05     6.2505E-06    -2.1305E-06
      ideal mu1:      -0.647847721290
      ideal mu2:      -0.660869340620
    5        -8.394624122541E+02     9.3283E-06     5.8013E-06    -9.0967E-07
Finished density kernel iterations (   5)

Writing density kernel to file "Fe3_O_piv_6_H2O_3_HighSpin_NGWFSP.dkn" ... done


>>> Density kernel optimised for the current NGWF basis:
     ~~~~~~~~~~~~~~~~~~~~~~~~~~~~~~~~~~~~~~~~~~~~~~~~~~~~~~~~~~~
     Total energy                =  -8.39462412254100E+02  Eh
     Estimated bandgap (UP spin) =   1.5775E-01  Eh
     Estimated bandgap (DN spin) =   5.6756E-02  Eh
     RMS occupancy error         =   4.4157E-14
     [H,K] commutator            =   5.8013E-06
     UP spin occupancy bounds    = [  0.000:  1.000]
     DN spin occupancy bounds    = [  0.000:  1.000]
     ~~~~~~~~~~~~~~~~~~~~~~~~~~~~~~~~~~~~~~~~~~~~~~~~~~~~~~~~~~~




################################################################################
########################### NGWF CG iteration  010 #############################
################################################################################
****** Reciprocal space K.E. preconditioning with k_zero =  3.0000 a0^-1 *******

>>> Checking for convergence of NGWFs:   NOT CONVERGED
  ========================================================================
         NGWF RMS gradient =  7.2239E-06 >  2.0000E-06  | above tolerance
  ========================================================================

>>> Improving NGWFs using line search:
============ Calculation of NGWF S^-1 using Hotelling algorithm ================ 
     Iteration  |  Spin  |  Frobenius norm and Maximum abs value (of I-S*S_n^-1)
         1           1      0.29776567E-01     0.14732885E-02
         1           2      0.29766538E-01     0.15555375E-02
         2           1      0.96491996E-04     0.13836035E-04
         2           2      0.98859889E-04     0.14518589E-04
         3           1      0.20539249E-08     0.25930258E-09
         3           2      0.22086316E-08     0.28360225E-09
         4           1      0.22128441E-13     0.26645353E-14
         4           2      0.23680688E-13     0.36637360E-14
================================================================================
============ Calculation of NGWF S^-1 using Hotelling algorithm ================ 
     Iteration  |  Spin  |  Frobenius norm and Maximum abs value (of I-S*S_n^-1)
         1           1      0.12492740E-01     0.59249841E-03
         1           2      0.12494401E-01     0.62586806E-03
         2           1      0.16978146E-04     0.21284133E-05
         2           2      0.17326035E-04     0.22258753E-05
         3           1      0.62381397E-10     0.64910299E-11
         3           2      0.66604600E-10     0.70097261E-11
         4           1      0.22082704E-13     0.34416914E-14
         4           2      0.21708470E-13     0.26645353E-14
================================================================================
------------------------------- NGWF line search -------------------------------
RMS gradient                =       0.00000722393231
Trial step length           =               0.773324
Gradient along search dir.  =         -0.00054802730
Functional at step 0        =    -839.46241225410017
Functional at step 1        =    -839.46268384832877
Functional predicted        =    -839.46270725873694
Selected quadratic step     =               1.076606
Conjugate gradients coeff.  =               0.472469
--------------------------- NGWF line search finished --------------------------
                                               
Writing NGWFs to file "Fe3_O_piv_6_H2O_3_HighSpin_NGWFSP.tightbox_ngwfs".... done

>>> Optimising kernel for current NGWFs:
   Initial electron number for spin 1:     169.00282154
   Initial electron number for spin 2:     154.00201217
     Final electron number for spin 1:     169.00000000
     Final electron number for spin 2:     154.00000000

=================== Penalty functional idempotency correction ==================
 RMS occupancy error at iteration   1:  0.000302 (step -0.4999 Ne1=    169.0000)
                                                               Ne2=    154.0000
 RMS occupancy error at iteration   2:  0.000001 (step -0.5000 Ne1=    169.0000)
                                                               Ne2=    154.0000
            Final RMS occupancy error   :  0.000000 (Ne1=    169.0000)
                                                     Ne2=    154.0000
            Final occupancy bounds spin 1: [  0.000,  1.000]
            Final occupancy bounds spin 2: [  0.000,  1.000]
================================================================================

................................................................................
<<<<<<<<<<<<<< LNV (Original version) density kernel optimisation >>>>>>>>>>>>>>
~~~~~~~~~~~~~~~~~~~~~~~~~~~~~~~~~~~~~~~~~~~~~~~~~~~~~~~~~~~~~~~~~~~~~~~~~~~~~~~~
   iter  |      energy (Eh)       | rms gradient |  commutator  |   dE (Eh)
      ideal mu1:      -0.647609129069
      ideal mu2:      -0.660667092269
             Q0:        -839.462681597846
             G0:      -0.000277872352
   RMS gradient:       0.000083301195
     Trial step:       0.383226649552
             Q1:        -839.462721728705
 Quadratic coef:       0.000066357232
 Linear coef   :      -0.000106488091
           Qmin:        -839.462724320068
Quadratic minimum step length (  0.307495304080) accepted
    Initial Ne1:     169.00000000
    Initial Ne2:     154.00000000
      Final Ne1:     169.00000000
      Final Ne2:     154.00000000

=================== Penalty functional idempotency correction ==================
 RMS occupancy error at iteration   1:  0.000000 (step -0.5000 Ne1=    169.0000)
                                                               Ne2=    154.0000
            Final RMS occupancy error   :  0.000000 (Ne1=    169.0000)
                                                     Ne2=    154.0000
            Final occupancy bounds spin 1: [  0.000,  1.000]
            Final occupancy bounds spin 2: [  0.000,  1.000]
================================================================================

    1        -8.394626815978E+02     8.3301E-05     5.1711E-05
      ideal mu1:      -0.647634106029
      ideal mu2:      -0.660656931808
             Q0:        -839.462724120863
             G0:      -0.000164183784
   RMS gradient:       0.000063431355
     Trial step:       0.343278888275
             Q1:        -839.462746842632
 Quadratic coef:       0.000033639059
 Linear coef   :      -0.000056360827
           Qmin:        -839.462747728412
Quadratic minimum step length (  0.287574664472) accepted
    Initial Ne1:     169.00000000
    Initial Ne2:     154.00000000
      Final Ne1:     169.00000000
      Final Ne2:     154.00000000

=================== Penalty functional idempotency correction ==================
 RMS occupancy error at iteration   1:  0.000000 (step -0.5000 Ne1=    169.0000)
                                                               Ne2=    154.0000
            Final RMS occupancy error   :  0.000000 (Ne1=    169.0000)
                                                     Ne2=    154.0000
            Final occupancy bounds spin 1: [  0.000,  1.000]
            Final occupancy bounds spin 2: [  0.000,  1.000]
================================================================================

    2        -8.394627241209E+02     6.3431E-05     3.9201E-05    -4.2523E-05
      ideal mu1:      -0.647646267127
      ideal mu2:      -0.660649678620
             Q0:        -839.462747619734
             G0:      -0.000030844669
   RMS gradient:       0.000027422101
     Trial step:       0.314194702559
             Q1:        -839.462753587746
 Quadratic coef:       0.000003723219
 Linear coef   :      -0.000009691232
           Qmin:        -839.462753926102
Quadratic minimum step length (  0.408911388672) accepted
    Initial Ne1:     169.00000000
    Initial Ne2:     154.00000000
      Final Ne1:     169.00000000
      Final Ne2:     154.00000000

=================== Penalty functional idempotency correction ==================
 RMS occupancy error at iteration   1:  0.000000 (step -0.5000 Ne1=    169.0000)
                                                               Ne2=    154.0000
            Final RMS occupancy error   :  0.000000 (Ne1=    169.0000)
                                                     Ne2=    154.0000
            Final occupancy bounds spin 1: [  0.000,  1.000]
            Final occupancy bounds spin 2: [  0.000,  1.000]
================================================================================

    3        -8.394627476197E+02     2.7422E-05     1.7000E-05    -2.3499E-05
      ideal mu1:      -0.647668641699
      ideal mu2:      -0.660675237483
             Q0:        -839.462753848760
             G0:      -0.000009904614
   RMS gradient:       0.000016171807
     Trial step:       0.358437989249
             Q1:        -839.462755153453
 Quadratic coef:       0.000002245497
 Linear coef   :      -0.000003550190
           Qmin:        -839.462755251996
Quadratic minimum step length (  0.283349948596) accepted
    Initial Ne1:     169.00000000
    Initial Ne2:     154.00000000
      Final Ne1:     169.00000000
      Final Ne2:     154.00000000

=================== Penalty functional idempotency correction ==================
 RMS occupancy error at iteration   1:  0.000000 (step -0.5000 Ne1=    169.0000)
                                                               Ne2=    154.0000
            Final RMS occupancy error   :  0.000000 (Ne1=    169.0000)
                                                     Ne2=    154.0000
            Final occupancy bounds spin 1: [  0.000,  1.000]
            Final occupancy bounds spin 2: [  0.000,  1.000]
================================================================================

    4        -8.394627538488E+02     1.6172E-05     1.0005E-05    -6.2290E-06
      ideal mu1:      -0.647670987474
      ideal mu2:      -0.660679435172
    5        -8.394627552572E+02     1.0394E-05     6.4360E-06    -1.4085E-06
Finished density kernel iterations (   5)

Writing density kernel to file "Fe3_O_piv_6_H2O_3_HighSpin_NGWFSP.dkn" ... done


>>> Density kernel optimised for the current NGWF basis:
     ~~~~~~~~~~~~~~~~~~~~~~~~~~~~~~~~~~~~~~~~~~~~~~~~~~~~~~~~~~~
     Total energy                =  -8.39462755257211E+02  Eh
     Estimated bandgap (UP spin) =   1.5699E-01  Eh
     Estimated bandgap (DN spin) =   5.6701E-02  Eh
     RMS occupancy error         =   4.1027E-14
     [H,K] commutator            =   6.4360E-06
     UP spin occupancy bounds    = [  0.000:  1.000]
     DN spin occupancy bounds    = [  0.000:  1.000]
     ~~~~~~~~~~~~~~~~~~~~~~~~~~~~~~~~~~~~~~~~~~~~~~~~~~~~~~~~~~~


================================================================================
           ---------------- ENERGY COMPONENTS (Eh) ----------------
           | Kinetic                    :      293.20327153440064 |
           | Core Hartree               :    -8512.58857261143748 |
           | CoreHart (non-coul chg cor):        0.00142678223254
           | Hartree                    :     4078.77696563256450 |
           | Exchange-correlation       :     -142.18111827870311 |
           | Ewald                      :     3436.28223322304621 |
           | Dij0                       :       20.10017798334736 |
           | Dijhartree                 :       33.02031744057665 |
           | Exc [AE core]              :     -458.52168582550610 |
           | Exc DC [AE core]           :     -199.76414450547250 |
           | Exc [PS core]              :     -112.62969359530510 |
           | Exc DC [PS core]           :     -131.63521007305289 |
           | Exc [Core]                 :     -299.81596204920004 |
           | Total [Sphere]             :        7.04446524292302 |
           | Total                      :     -839.46275525720580 |
           --------------------------------------------------------
           ------ LOCAL ENERGY COMPONENTS FROM MATRIX TRACES ------
           | Core Hartree               :    -8512.58857261143385 |
           | Hartree (Valence)          :     4078.77696563257723 |
           --------------------------------------------------------
           Integrated compensation chrg.:       39.89227690949599
           Integrated density           :      322.99999657103888
           Integrated spin density      :       14.99999984896962
           Integrated |spin density|    :       15.05403202471453
           Local density approx. <S^2>  :       63.77701608785772
           Integrated density tr(KS)    :      323.00000000000000
           Integrated spin tr(KS)       :       15.00000000000000
================================================================================




################################################################################
########################### NGWF CG iteration  011 #############################
################################################################################
****** Reciprocal space K.E. preconditioning with k_zero =  3.0000 a0^-1 *******

>>> Checking for convergence of NGWFs:   NOT CONVERGED
  ========================================================================
         NGWF RMS gradient =  5.1737E-06 >  2.0000E-06  | above tolerance
  ========================================================================

>>> Improving NGWFs using line search:
============ Calculation of NGWF S^-1 using Hotelling algorithm ================ 
     Iteration  |  Spin  |  Frobenius norm and Maximum abs value (of I-S*S_n^-1)
         1           1      0.44223001E-01     0.21459178E-02
         1           2      0.44382446E-01     0.22739436E-02
         2           1      0.21516277E-03     0.27854998E-04
         2           2      0.22103450E-03     0.29439085E-04
         3           1      0.99521827E-08     0.10919918E-08
         3           2      0.10756142E-07     0.11988019E-08
         4           1      0.23421452E-13     0.38857806E-14
         4           2      0.23839991E-13     0.35527137E-14
================================================================================
============ Calculation of NGWF S^-1 using Hotelling algorithm ================ 
     Iteration  |  Spin  |  Frobenius norm and Maximum abs value (of I-S*S_n^-1)
         1           1      0.55408202E-02     0.25801777E-03
         1           2      0.55606626E-02     0.27346666E-03
         2           1      0.33865613E-05     0.38799427E-06
         2           2      0.34675196E-05     0.40944422E-06
         3           1      0.24006231E-11     0.22293278E-12
         3           2      0.25800763E-11     0.24602542E-12
================================================================================
------------------------------- NGWF line search -------------------------------
RMS gradient                =       0.00000517370095
Trial step length           =               0.912450
Gradient along search dir.  =         -0.00030944086
Functional at step 0        =    -839.46275525721092
Functional at step 1        =    -839.46287755487310
Functional predicted        =    -839.46287978127646
Selected quadratic step     =               0.804833
Conjugate gradients coeff.  =               0.512927
--------------------------- NGWF line search finished --------------------------
                                               
Writing NGWFs to file "Fe3_O_piv_6_H2O_3_HighSpin_NGWFSP.tightbox_ngwfs".... done

>>> Optimising kernel for current NGWFs:
   Initial electron number for spin 1:     169.00227436
   Initial electron number for spin 2:     154.00156102
     Final electron number for spin 1:     169.00000000
     Final electron number for spin 2:     154.00000000

=================== Penalty functional idempotency correction ==================
 RMS occupancy error at iteration   1:  0.000261 (step -0.5000 Ne1=    169.0000)
                                                               Ne2=    154.0000
 RMS occupancy error at iteration   2:  0.000000 (step -0.5000 Ne1=    169.0000)
                                                               Ne2=    154.0000
            Final RMS occupancy error   :  0.000000 (Ne1=    169.0000)
                                                     Ne2=    154.0000
            Final occupancy bounds spin 1: [  0.000,  1.000]
            Final occupancy bounds spin 2: [  0.000,  1.000]
================================================================================

................................................................................
<<<<<<<<<<<<<< LNV (Original version) density kernel optimisation >>>>>>>>>>>>>>
~~~~~~~~~~~~~~~~~~~~~~~~~~~~~~~~~~~~~~~~~~~~~~~~~~~~~~~~~~~~~~~~~~~~~~~~~~~~~~~~
   iter  |      energy (Eh)       | rms gradient |  commutator  |   dE (Eh)
      ideal mu1:      -0.647482306059
      ideal mu2:      -0.660529837287
             Q0:        -839.462865306649
             G0:      -0.000193357674
   RMS gradient:       0.000069487913
     Trial step:       0.318690109399
             Q1:        -839.462896281449
 Quadratic coef:       0.000030646379
 Linear coef   :      -0.000061621178
           Qmin:        -839.462896282329
Quadratic minimum step length (  0.320397726529) accepted
    Initial Ne1:     169.00000000
    Initial Ne2:     154.00000000
      Final Ne1:     169.00000000
      Final Ne2:     154.00000000

=================== Penalty functional idempotency correction ==================
 RMS occupancy error at iteration   1:  0.000000 (step -0.5000 Ne1=    169.0000)
                                                               Ne2=    154.0000
            Final RMS occupancy error   :  0.000000 (Ne1=    169.0000)
                                                     Ne2=    154.0000
            Final occupancy bounds spin 1: [  0.000,  1.000]
            Final occupancy bounds spin 2: [  0.000,  1.000]
================================================================================

    1        -8.394628653066E+02     6.9488E-05     4.3129E-05
      ideal mu1:      -0.647523216851
      ideal mu2:      -0.660544735179
             Q0:        -839.462896286041
             G0:      -0.000127768617
   RMS gradient:       0.000055869870
     Trial step:       0.319542777291
             Q1:        -839.462914449180
 Quadratic coef:       0.000022664399
 Linear coef   :      -0.000040827539
           Qmin:        -839.462914672673
Quadratic minimum step length (  0.287811403377) accepted
    Initial Ne1:     169.00000000
    Initial Ne2:     154.00000000
      Final Ne1:     169.00000000
      Final Ne2:     154.00000000

=================== Penalty functional idempotency correction ==================
 RMS occupancy error at iteration   1:  0.000000 (step -0.5000 Ne1=    169.0000)
                                                               Ne2=    154.0000
            Final RMS occupancy error   :  0.000000 (Ne1=    169.0000)
                                                     Ne2=    154.0000
            Final occupancy bounds spin 1: [  0.000,  1.000]
            Final occupancy bounds spin 2: [  0.000,  1.000]
================================================================================

    2        -8.394628962860E+02     5.5870E-05     3.4527E-05    -3.0979E-05
      ideal mu1:      -0.647554423146
      ideal mu2:      -0.660560867125
             Q0:        -839.462914623163
             G0:      -0.000021922137
   RMS gradient:       0.000023109618
     Trial step:       0.303262353699
             Q1:        -839.462918946595
 Quadratic coef:       0.000002324727
 Linear coef   :      -0.000006648159
           Qmin:        -839.462919376197
Quadratic minimum step length (  0.433628672426) accepted
    Initial Ne1:     169.00000000
    Initial Ne2:     154.00000000
      Final Ne1:     169.00000000
      Final Ne2:     154.00000000

=================== Penalty functional idempotency correction ==================
 RMS occupancy error at iteration   1:  0.000000 (step -0.5000 Ne1=    169.0000)
                                                               Ne2=    154.0000
            Final RMS occupancy error   :  0.000000 (Ne1=    169.0000)
                                                     Ne2=    154.0000
            Final occupancy bounds spin 1: [  0.000,  1.000]
            Final occupancy bounds spin 2: [  0.000,  1.000]
================================================================================

    3        -8.394629146232E+02     2.3110E-05     1.4335E-05    -1.8337E-05
      ideal mu1:      -0.647569159410
      ideal mu2:      -0.660580233511
             Q0:        -839.462919295580
             G0:      -0.000008511341
   RMS gradient:       0.000015023978
     Trial step:       0.362633770947
             Q1:        -839.462920241281
 Quadratic coef:       0.000002140799
 Linear coef   :      -0.000003086500
           Qmin:        -839.462920408071
Quadratic minimum step length (  0.261413920831) accepted
    Initial Ne1:     169.00000000
    Initial Ne2:     154.00000000
      Final Ne1:     169.00000000
      Final Ne2:     154.00000000

=================== Penalty functional idempotency correction ==================
 RMS occupancy error at iteration   1:  0.000000 (step -0.5000 Ne1=    169.0000)
                                                               Ne2=    154.0000
            Final RMS occupancy error   :  0.000000 (Ne1=    169.0000)
                                                     Ne2=    154.0000
            Final occupancy bounds spin 1: [  0.000,  1.000]
            Final occupancy bounds spin 2: [  0.000,  1.000]
================================================================================

    4        -8.394629192956E+02     1.5024E-05     9.2907E-06    -4.6724E-06
      ideal mu1:      -0.647570508603
      ideal mu2:      -0.660581714339
    5        -8.394629204129E+02     8.9209E-06     5.5321E-06    -1.1173E-06
Finished density kernel iterations (   5)

Writing density kernel to file "Fe3_O_piv_6_H2O_3_HighSpin_NGWFSP.dkn" ... done


>>> Density kernel optimised for the current NGWF basis:
     ~~~~~~~~~~~~~~~~~~~~~~~~~~~~~~~~~~~~~~~~~~~~~~~~~~~~~~~~~~~
     Total energy                =  -8.39462920412914E+02  Eh
     Estimated bandgap (UP spin) =   1.5652E-01  Eh
     Estimated bandgap (DN spin) =   5.6763E-02  Eh
     RMS occupancy error         =   2.5914E-14
     [H,K] commutator            =   5.5321E-06
     UP spin occupancy bounds    = [  0.000:  1.000]
     DN spin occupancy bounds    = [  0.000:  1.000]
     ~~~~~~~~~~~~~~~~~~~~~~~~~~~~~~~~~~~~~~~~~~~~~~~~~~~~~~~~~~~




################################################################################
########################### NGWF CG iteration  012 #############################
################################################################################
****** Reciprocal space K.E. preconditioning with k_zero =  3.0000 a0^-1 *******

>>> Checking for convergence of NGWFs:   NOT CONVERGED
  ========================================================================
         NGWF RMS gradient =  3.5257E-06 >  2.0000E-06  | above tolerance
  ========================================================================

>>> Improving NGWFs using line search:
============ Calculation of NGWF S^-1 using Hotelling algorithm ================ 
     Iteration  |  Spin  |  Frobenius norm and Maximum abs value (of I-S*S_n^-1)
         1           1      0.43034458E-01     0.21218938E-02
         1           2      0.43334138E-01     0.22571578E-02
         2           1      0.20579260E-03     0.26975660E-04
         2           2      0.21273619E-03     0.28789032E-04
         3           1      0.89552901E-08     0.10265755E-08
         3           2      0.97902309E-08     0.11438341E-08
         4           1      0.23875934E-13     0.33306691E-14
         4           2      0.22238801E-13     0.31086245E-14
================================================================================
============ Calculation of NGWF S^-1 using Hotelling algorithm ================ 
     Iteration  |  Spin  |  Frobenius norm and Maximum abs value (of I-S*S_n^-1)
         1           1      0.14506174E-01     0.69622243E-03
         1           2      0.14602893E-01     0.74064023E-03
         2           1      0.23387695E-04     0.28332780E-05
         2           2      0.24099508E-04     0.30200426E-05
         3           1      0.11348928E-09     0.11624923E-10
         3           2      0.12335573E-09     0.12898349E-10
         4           1      0.22063853E-13     0.28865799E-14
         4           2      0.20662046E-13     0.24424907E-14
================================================================================
------------------------------- NGWF line search -------------------------------
RMS gradient                =       0.00000352568944
Trial step length           =               0.856954
Gradient along search dir.  =         -0.00016956524
Functional at step 0        =    -839.46292041291406
Functional at step 1        =    -839.46295824912454
Functional predicted        =    -839.46296952943112
Selected quadratic step     =               0.579323
Conjugate gradients coeff.  =               0.464393
--------------------------- NGWF line search finished --------------------------
                                               
Writing NGWFs to file "Fe3_O_piv_6_H2O_3_HighSpin_NGWFSP.tightbox_ngwfs".... done

>>> Optimising kernel for current NGWFs:
   Initial electron number for spin 1:     169.00182436
   Initial electron number for spin 2:     154.00135510
     Final electron number for spin 1:     169.00000000
     Final electron number for spin 2:     154.00000000

=================== Penalty functional idempotency correction ==================
 RMS occupancy error at iteration   1:  0.000190 (step -0.5000 Ne1=    169.0000)
                                                               Ne2=    154.0000
 RMS occupancy error at iteration   2:  0.000000 (step -0.5000 Ne1=    169.0000)
                                                               Ne2=    154.0000
            Final RMS occupancy error   :  0.000000 (Ne1=    169.0000)
                                                     Ne2=    154.0000
            Final occupancy bounds spin 1: [  0.000,  1.000]
            Final occupancy bounds spin 2: [  0.000,  1.000]
================================================================================

................................................................................
<<<<<<<<<<<<<< LNV (Original version) density kernel optimisation >>>>>>>>>>>>>>
~~~~~~~~~~~~~~~~~~~~~~~~~~~~~~~~~~~~~~~~~~~~~~~~~~~~~~~~~~~~~~~~~~~~~~~~~~~~~~~~
   iter  |      energy (Eh)       | rms gradient |  commutator  |   dE (Eh)
      ideal mu1:      -0.647601087206
      ideal mu2:      -0.660595436579
             Q0:        -839.462961346130
             G0:      -0.000094120890
   RMS gradient:       0.000048481001
     Trial step:       0.307892052331
             Q1:        -839.462976491151
 Quadratic coef:       0.000013834052
 Linear coef   :      -0.000028979074
           Qmin:        -839.462976522209
Quadratic minimum step length (  0.322480586784) accepted
    Initial Ne1:     169.00000000
    Initial Ne2:     154.00000000
      Final Ne1:     169.00000000
      Final Ne2:     154.00000000

=================== Penalty functional idempotency correction ==================
 RMS occupancy error at iteration   1:  0.000000 (step -0.5000 Ne1=    169.0000)
                                                               Ne2=    154.0000
            Final RMS occupancy error   :  0.000000 (Ne1=    169.0000)
                                                     Ne2=    154.0000
            Final occupancy bounds spin 1: [  0.000,  1.000]
            Final occupancy bounds spin 2: [  0.000,  1.000]
================================================================================

    1        -8.394629613461E+02     4.8481E-05     3.0080E-05
      ideal mu1:      -0.647570687379
      ideal mu2:      -0.660574488913
             Q0:        -839.462976541666
             G0:      -0.000065825895
   RMS gradient:       0.000039981489
     Trial step:       0.315101903679
             Q1:        -839.462985855634
 Quadratic coef:       0.000011427896
 Linear coef   :      -0.000020741865
           Qmin:        -839.462985953392
Quadratic minimum step length (  0.285958186672) accepted
    Initial Ne1:     169.00000000
    Initial Ne2:     154.00000000
      Final Ne1:     169.00000000
      Final Ne2:     154.00000000

=================== Penalty functional idempotency correction ==================
 RMS occupancy error at iteration   1:  0.000000 (step -0.5000 Ne1=    169.0000)
                                                               Ne2=    154.0000
            Final RMS occupancy error   :  0.000000 (Ne1=    169.0000)
                                                     Ne2=    154.0000
            Final occupancy bounds spin 1: [  0.000,  1.000]
            Final occupancy bounds spin 2: [  0.000,  1.000]
================================================================================

    2        -8.394629765417E+02     3.9981E-05     2.4710E-05    -1.5196E-05
      ideal mu1:      -0.647563853382
      ideal mu2:      -0.660570698809
             Q0:        -839.462985916650
             G0:      -0.000010839628
   RMS gradient:       0.000016137477
     Trial step:       0.300176563030
             Q1:        -839.462988088173
 Quadratic coef:       0.000001082279
 Linear coef   :      -0.000003253802
           Qmin:        -839.462988362237
Quadratic minimum step length (  0.451230841451) accepted
    Initial Ne1:     169.00000000
    Initial Ne2:     154.00000000
      Final Ne1:     169.00000000
      Final Ne2:     154.00000000

=================== Penalty functional idempotency correction ==================
 RMS occupancy error at iteration   1:  0.000000 (step -0.5000 Ne1=    169.0000)
                                                               Ne2=    154.0000
            Final RMS occupancy error   :  0.000000 (Ne1=    169.0000)
                                                     Ne2=    154.0000
            Final occupancy bounds spin 1: [  0.000,  1.000]
            Final occupancy bounds spin 2: [  0.000,  1.000]
================================================================================

    3        -8.394629859166E+02     1.6137E-05     1.0022E-05    -9.3750E-06
      ideal mu1:      -0.647578930210
      ideal mu2:      -0.660584725936
             Q0:        -839.462988314043
             G0:      -0.000004974352
   RMS gradient:       0.000011502976
     Trial step:       0.368033861377
             Q1:        -839.462988785085
 Quadratic coef:       0.000001359688
 Linear coef   :      -0.000001830730
           Qmin:        -839.462988930282
Quadratic minimum step length (  0.247766646237) accepted
    Initial Ne1:     169.00000000
    Initial Ne2:     154.00000000
      Final Ne1:     169.00000000
      Final Ne2:     154.00000000

=================== Penalty functional idempotency correction ==================
 RMS occupancy error at iteration   1:  0.000000 (step -0.5000 Ne1=    169.0000)
                                                               Ne2=    154.0000
            Final RMS occupancy error   :  0.000000 (Ne1=    169.0000)
                                                     Ne2=    154.0000
            Final occupancy bounds spin 1: [  0.000,  1.000]
            Final occupancy bounds spin 2: [  0.000,  1.000]
================================================================================

    4        -8.394629883140E+02     1.1503E-05     7.1506E-06    -2.3974E-06
      ideal mu1:      -0.647577189245
      ideal mu2:      -0.660583856043
    5        -8.394629889292E+02     6.4086E-06     3.9866E-06    -6.1520E-07
Finished density kernel iterations (   5)

Writing density kernel to file "Fe3_O_piv_6_H2O_3_HighSpin_NGWFSP.dkn" ... done


>>> Density kernel optimised for the current NGWF basis:
     ~~~~~~~~~~~~~~~~~~~~~~~~~~~~~~~~~~~~~~~~~~~~~~~~~~~~~~~~~~~
     Total energy                =  -8.39462988929240E+02  Eh
     Estimated bandgap (UP spin) =   1.5620E-01  Eh
     Estimated bandgap (DN spin) =   5.6667E-02  Eh
     RMS occupancy error         =   7.8941E-15
     [H,K] commutator            =   3.9866E-06
     UP spin occupancy bounds    = [  0.000:  1.000]
     DN spin occupancy bounds    = [  0.000:  1.000]
     ~~~~~~~~~~~~~~~~~~~~~~~~~~~~~~~~~~~~~~~~~~~~~~~~~~~~~~~~~~~




################################################################################
########################### NGWF CG iteration  013 #############################
################################################################################
****** Reciprocal space K.E. preconditioning with k_zero =  3.0000 a0^-1 *******

>>> Checking for convergence of NGWFs:   NOT CONVERGED
  ========================================================================
         NGWF RMS gradient =  2.3983E-06 >  2.0000E-06  | above tolerance
  ========================================================================

>>> Improving NGWFs using line search:
============ Calculation of NGWF S^-1 using Hotelling algorithm ================ 
     Iteration  |  Spin  |  Frobenius norm and Maximum abs value (of I-S*S_n^-1)
         1           1      0.17772175E-01     0.94826076E-03
         1           2      0.18014900E-01     0.10147983E-02
         2           1      0.36138069E-04     0.58768747E-05
         2           2      0.38368350E-04     0.64007309E-05
         3           1      0.28531648E-09     0.48281379E-10
         3           2      0.33068818E-09     0.56536553E-10
         4           1      0.21396236E-13     0.28865799E-14
         4           2      0.23108319E-13     0.32196468E-14
================================================================================
============ Calculation of NGWF S^-1 using Hotelling algorithm ================ 
     Iteration  |  Spin  |  Frobenius norm and Maximum abs value (of I-S*S_n^-1)
         1           1      0.19742262E-02     0.10486946E-03
         1           2      0.20006120E-02     0.11223075E-03
         2           1      0.44352072E-06     0.70739923E-07
         2           2      0.46953850E-06     0.76907180E-07
         3           1      0.48050666E-13     0.79936058E-14
         3           2      0.53888416E-13     0.93258734E-14
================================================================================
------------------------------- NGWF line search -------------------------------
RMS gradient                =       0.00000239833453
Trial step length           =               0.704594
Gradient along search dir.  =         -0.00005882783
Functional at step 0        =    -839.46298892923983
Functional at step 1        =    -839.46300709934098
Functional predicted        =    -839.46300737970842
Selected quadratic step     =               0.627270
Conjugate gradients coeff.  =               0.000000
--------------------------- NGWF line search finished --------------------------
                                               
Writing NGWFs to file "Fe3_O_piv_6_H2O_3_HighSpin_NGWFSP.tightbox_ngwfs".... done

>>> Optimising kernel for current NGWFs:
   Initial electron number for spin 1:     169.00121596
   Initial electron number for spin 2:     154.00099028
     Final electron number for spin 1:     169.00000000
     Final electron number for spin 2:     154.00000000

=================== Penalty functional idempotency correction ==================
 RMS occupancy error at iteration   1:  0.000111 (step -0.5000 Ne1=    169.0000)
                                                               Ne2=    154.0000
            Final RMS occupancy error   :  0.000000 (Ne1=    169.0000)
                                                     Ne2=    154.0000
            Final occupancy bounds spin 1: [  0.000,  1.000]
            Final occupancy bounds spin 2: [  0.000,  1.000]
================================================================================

................................................................................
<<<<<<<<<<<<<< LNV (Original version) density kernel optimisation >>>>>>>>>>>>>>
~~~~~~~~~~~~~~~~~~~~~~~~~~~~~~~~~~~~~~~~~~~~~~~~~~~~~~~~~~~~~~~~~~~~~~~~~~~~~~~~
   iter  |      energy (Eh)       | rms gradient |  commutator  |   dE (Eh)
      ideal mu1:      -0.647598127467
      ideal mu2:      -0.660605502188
             Q0:        -839.463004832114
             G0:      -0.000030914963
   RMS gradient:       0.000027785162
     Trial step:       0.301971050823
             Q1:        -839.463009575137
 Quadratic coef:       0.000004592401
 Linear coef   :      -0.000009335424
           Qmin:        -839.463009576372
Quadratic minimum step length (  0.306923078913) accepted
    Initial Ne1:     168.99997834
    Initial Ne2:     153.99998720
      Final Ne1:     169.00000000
      Final Ne2:     154.00000000

=================== Penalty functional idempotency correction ==================
 RMS occupancy error at iteration   1:  0.000000 (step -0.5000 Ne1=    169.0000)
                                                               Ne2=    154.0000
            Final RMS occupancy error   :  0.000000 (Ne1=    169.0000)
                                                     Ne2=    154.0000
            Final occupancy bounds spin 1: [  0.000,  1.000]
            Final occupancy bounds spin 2: [  0.000,  1.000]
================================================================================

    1        -8.394630048321E+02     2.7785E-05     1.7231E-05
      ideal mu1:      -0.647594176081
      ideal mu2:      -0.660602246583
             Q0:        -839.463009579999
             G0:      -0.000020929071
   RMS gradient:       0.000022347246
     Trial step:       0.304436996210
             Q1:        -839.463012574345
 Quadratic coef:       0.000003377238
 Linear coef   :      -0.000006371583
           Qmin:        -839.463012585197
Quadratic minimum step length (  0.287179297867) accepted
    Initial Ne1:     168.99998689
    Initial Ne2:     153.99999225
      Final Ne1:     169.00000000
      Final Ne2:     154.00000000

=================== Penalty functional idempotency correction ==================
 RMS occupancy error at iteration   1:  0.000000 (step -0.5000 Ne1=    169.0000)
                                                               Ne2=    154.0000
            Final RMS occupancy error   :  0.000000 (Ne1=    169.0000)
                                                     Ne2=    154.0000
            Final occupancy bounds spin 1: [  0.000,  1.000]
            Final occupancy bounds spin 2: [  0.000,  1.000]
================================================================================

    2        -8.394630095800E+02     2.2347E-05     1.3787E-05    -4.7479E-06
      ideal mu1:      -0.647599399464
      ideal mu2:      -0.660606392358
             Q0:        -839.463012573402
             G0:      -0.000003741750
   RMS gradient:       0.000009353460
     Trial step:       0.295682266659
             Q1:        -839.463013367455
 Quadratic coef:       0.000000312317
 Linear coef   :      -0.000001106369
           Qmin:        -839.463013553220
Quadratic minimum step length (  0.523721476879) accepted
    Initial Ne1:     168.99999581
    Initial Ne2:     153.99999752
      Final Ne1:     169.00000000
      Final Ne2:     154.00000000

=================== Penalty functional idempotency correction ==================
 RMS occupancy error at iteration   1:  0.000000 (step -0.5000 Ne1=    169.0000)
                                                               Ne2=    154.0000
            Final RMS occupancy error   :  0.000000 (Ne1=    169.0000)
                                                     Ne2=    154.0000
            Final occupancy bounds spin 1: [  0.000,  1.000]
            Final occupancy bounds spin 2: [  0.000,  1.000]
================================================================================

    3        -8.394630125734E+02     9.3535E-06     5.8135E-06    -2.9934E-06
      ideal mu1:      -0.647608112664
      ideal mu2:      -0.660615623825
             Q0:        -839.463013498904
             G0:      -0.000001937165
   RMS gradient:       0.000007481859
     Trial step:       0.393516395315
             Q1:        -839.463013607880
 Quadratic coef:       0.000000653330
 Linear coef   :      -0.000000762306
           Qmin:        -839.463013721269
Quadratic minimum step length (  0.229577755876) accepted
    Initial Ne1:     168.99999882
    Initial Ne2:     153.99999931
      Final Ne1:     169.00000000
      Final Ne2:     154.00000000

=================== Penalty functional idempotency correction ==================
 RMS occupancy error at iteration   1:  0.000000 (step -0.5000 Ne1=    169.0000)
                                                               Ne2=    154.0000
            Final RMS occupancy error   :  0.000000 (Ne1=    169.0000)
                                                     Ne2=    154.0000
            Final occupancy bounds spin 1: [  0.000,  1.000]
            Final occupancy bounds spin 2: [  0.000,  1.000]
================================================================================

    4        -8.394630134989E+02     7.4819E-06     4.6558E-06    -9.2550E-07
      ideal mu1:      -0.647607566813
      ideal mu2:      -0.660615244119
    5        -8.394630137150E+02     4.2170E-06     2.6295E-06    -2.1608E-07
Finished density kernel iterations (   5)

Writing density kernel to file "Fe3_O_piv_6_H2O_3_HighSpin_NGWFSP.dkn" ... done


>>> Density kernel optimised for the current NGWF basis:
     ~~~~~~~~~~~~~~~~~~~~~~~~~~~~~~~~~~~~~~~~~~~~~~~~~~~~~~~~~~~
     Total energy                =  -8.39463013714982E+02  Eh
     Estimated bandgap (UP spin) =   1.5601E-01  Eh
     Estimated bandgap (DN spin) =   5.6672E-02  Eh
     RMS occupancy error         =   1.7365E-15
     [H,K] commutator            =   2.6295E-06
     UP spin occupancy bounds    = [  0.000:  1.000]
     DN spin occupancy bounds    = [  0.000:  1.000]
     ~~~~~~~~~~~~~~~~~~~~~~~~~~~~~~~~~~~~~~~~~~~~~~~~~~~~~~~~~~~




################################################################################
########################### NGWF CG iteration  014 #############################
################################################################################
****** Reciprocal space K.E. preconditioning with k_zero =  3.0000 a0^-1 *******

>>> Checking for convergence of NGWFs: 
           ........................................................
           |         *** NGWF optimisation converged ***          |
           | RMS NGWF gradient =    0.00000157570257              |
           | Criteria satisfied:                                  |
           | -> RMS NGWF gradient lower than set threshold.       |
           ========================================================

================================================================================
           ---------------- ENERGY COMPONENTS (Eh) ----------------
           | Kinetic                    :      293.20591064536450 |
           | Core Hartree               :    -8512.61094214182049 |
           | CoreHart (non-coul chg cor):        0.00142678223254
           | Hartree                    :     4078.79425480392547 |
           | Exchange-correlation       :     -142.18208811091554 |
           | Ewald                      :     3436.28223322304621 |
           | Dij0                       :       20.10191984103105 |
           | Dijhartree                 :       33.02490751221878 |
           | Exc [AE core]              :     -458.52721012447489 |
           | Exc DC [AE core]           :     -199.77053621470930 |
           | Exc [PS core]              :     -112.63203858745204 |
           | Exc DC [PS core]           :     -131.63775542090571 |
           | Exc [Core]                 :     -299.81596204920004 |
           | Total [Sphere]             :        7.04761786542701 |
           | Total                      :     -839.46301371497168 |
           --------------------------------------------------------
           ------ LOCAL ENERGY COMPONENTS FROM MATRIX TRACES ------
           | Core Hartree               :    -8512.61094214180048 |
           | Hartree (Valence)          :     4078.79425480395003 |
           --------------------------------------------------------
           Integrated compensation chrg.:       39.89414112002395
           Integrated density           :      322.99999657098431
           Integrated spin density      :       14.99999984919553
           Integrated |spin density|    :       15.05389067309087
           Local density approx. <S^2>  :       63.77694541193154
           Integrated density tr(KS)    :      323.00000000000000
           Integrated spin tr(KS)       :       15.00000000000000
================================================================================

Calculating NGWF non self-consistent forces...done.

                        <<<<< CALCULATION SUMMARY >>>>>                         
|ITER|    RMS GRADIENT   |     TOTAL ENERGY    |   step   |     Epredicted              
   0     0.00083852251503   -834.30599810009176   1.115825   -838.31797749546081        
   1     0.00032335075895   -838.49788744799457   1.174794   -839.12758450768729        
   2     0.00015789472057   -839.23536375657079   1.082135   -839.37588651346266        
   3     0.00009107762120   -839.40021152332474   0.830991   -839.43595242362767        
   4     0.00005528066443   -839.43932446473718   0.639193   -839.44931323066965        
   5     0.00003474868043   -839.44992627809972   1.151993   -839.45724181050764        
   6     0.00002341599234   -839.45750898016274   1.115355   -839.46073208973871        
   7     0.00001542514266   -839.46088120010904   0.841818   -839.46195962536626        
   8     0.00001050962208   -839.46203221249357   0.647938   -839.46239817886021        
   9     0.00000722393231   -839.46241225410017   1.076606   -839.46270725873694        
  10     0.00000517370095   -839.46275525721092   0.804833   -839.46287978127646        
  11     0.00000352568944   -839.46292041291406   0.579323   -839.46296952943112        
  12     0.00000239833453   -839.46298892923983   0.627270   -839.46300737970842        
  13     0.00000157570257   -839.46301371498248  <-- CG                                 

======================== Writing density and potential =========================
Writing "Fe3_O_piv_6_H2O_3_HighSpin_NGWFSP_ps_density.cube" ... done
Writing "Fe3_O_piv_6_H2O_3_HighSpin_NGWFSP_ps_spindensity.cube" ... done
Writing "Fe3_O_piv_6_H2O_3_HighSpin_NGWFSP_ae_density.cube" ... done
Writing "Fe3_O_piv_6_H2O_3_HighSpin_NGWFSP_ae_spindensity.cube" ... done
Writing "Fe3_O_piv_6_H2O_3_HighSpin_NGWFSP_potential.cube" ... done
Writing "Fe3_O_piv_6_H2O_3_HighSpin_NGWFSP_electrostatic_potential.cube" ... done
================================================================================

    Mulliken Atomic Populations
    ---------------------------
Species  Ion    Total   Charge (e)    Spin (hbar)
=================================================
  Fe     1      14.680      1.320      2.04
  Fe     2      14.680      1.320      2.04
  Fe     3      14.662      1.338      2.04
  O      4       6.775     -0.775      0.36
  O      5       6.932     -0.932      0.03
  H      6       0.475      0.525     -0.00
  H      7       0.468      0.532     -0.00
  O      8       6.929     -0.929      0.03
  H      9       0.476      0.524     -0.00
  H     10       0.472      0.528     -0.00
  O     11       6.930     -0.930      0.03
  H     12       0.477      0.523     -0.00
  H     13       0.473      0.527     -0.00
  O     14       6.593     -0.593      0.07
  O     15       6.591     -0.591      0.08
  O     16       6.609     -0.609      0.07
  O     17       6.591     -0.591      0.07
  O     18       6.599     -0.599      0.06
  O     19       6.594     -0.594      0.07
  O     20       6.596     -0.596      0.07
  O     21       6.579     -0.579      0.07
  O     22       6.594     -0.594      0.07
  O     23       6.588     -0.588      0.07
  O     24       6.608     -0.608      0.07
  O     25       6.584     -0.584      0.08
  C     26       3.317      0.683      0.00
  C     27       4.019     -0.019      0.01
  C     28       4.783     -0.783      0.00
  H     29       0.719      0.281     -0.00
  H     30       0.733      0.267      0.00
  H     31       0.725      0.275      0.00
  C     32       4.771     -0.771      0.00
  H     33       0.733      0.267     -0.00
  H     34       0.722      0.278      0.00
  H     35       0.740      0.260      0.00
  C     36       4.775     -0.775      0.00
  H     37       0.737      0.263     -0.00
  H     38       0.738      0.262     -0.00
  H     39       0.726      0.274      0.00
  C     40       3.313      0.687      0.00
  C     41       4.018     -0.018      0.01
  C     42       4.774     -0.774      0.00
  H     43       0.734      0.266      0.00
  H     44       0.731      0.269      0.00
  H     45       0.720      0.280      0.00
  C     46       4.777     -0.777      0.00
  H     47       0.735      0.265      0.00
  H     48       0.722      0.278      0.00
  H     49       0.742      0.258     -0.00
  C     50       4.782     -0.782      0.00
  H     51       0.728      0.272      0.00
  H     52       0.728      0.272     -0.00
  H     53       0.728      0.272      0.00
  C     54       3.317      0.683      0.00
  C     55       4.020     -0.020      0.01
  C     56       4.772     -0.772      0.00
  H     57       0.725      0.275      0.00
  H     58       0.747      0.253     -0.00
  H     59       0.736      0.264     -0.00
  C     60       4.780     -0.780      0.00
  H     61       0.723      0.277      0.00
  H     62       0.723      0.277     -0.00
  H     63       0.735      0.265      0.00
  C     64       4.776     -0.776      0.00
  H     65       0.725      0.275      0.00
  H     66       0.736      0.264      0.00
  H     67       0.726      0.274     -0.00
  C     68       3.318      0.682      0.00
  C     69       4.019     -0.019      0.01
  C     70       4.769     -0.769      0.00
  H     71       0.723      0.277      0.00
  H     72       0.739      0.261      0.00
  H     73       0.735      0.265     -0.00
  C     74       4.775     -0.775      0.00
  H     75       0.724      0.276      0.00
  H     76       0.741      0.259     -0.00
  H     77       0.733      0.267      0.00
  C     78       4.778     -0.778      0.00
  H     79       0.731      0.269      0.00
  H     80       0.726      0.274     -0.00
  H     81       0.734      0.266     -0.00
  C     82       3.321      0.679      0.00
  C     83       4.019     -0.019      0.01
  C     84       4.774     -0.774      0.00
  H     85       0.733      0.267      0.00
  H     86       0.727      0.273      0.00
  H     87       0.736      0.264     -0.00
  C     88       4.779     -0.779      0.00
  H     89       0.729      0.271      0.00
  H     90       0.737      0.263     -0.00
  H     91       0.719      0.281      0.00
  C     92       4.774     -0.774      0.00
  H     93       0.727      0.273      0.00
  H     94       0.740      0.260      0.00
  H     95       0.732      0.268     -0.00
  C     96       3.318      0.682      0.00
  C     97       4.018     -0.018      0.01
  C     98       4.771     -0.771      0.00
  H     99       0.719      0.281      0.00
  H    100       0.733      0.267      0.00
  H    101       0.738      0.262      0.00
  C    102       4.776     -0.776      0.00
  H    103       0.723      0.277      0.00
  H    104       0.742      0.258     -0.00
  H    105       0.734      0.266      0.00
  C    106       4.783     -0.783      0.00
  H    107       0.729      0.271      0.00
  H    108       0.730      0.270      0.00
  H    109       0.723      0.277     -0.00
=================================================

        Bond         Population      Spin       Length (bohr)
=============================================================
 O    11 -- H    13        0.54     -0.00      1.82113
 O     8 -- H    10        0.54     -0.00      1.82152
 O     5 -- H     7        0.54     -0.00      1.82162
 O     5 -- H     6        0.54     -0.00      1.82304
 O    11 -- H    12        0.54     -0.00      1.82360
 O     8 -- H     9        0.54     -0.00      1.82447
 C   106 -- H   109        0.82      0.00      2.05926
 C    50 -- H    52        0.82      0.00      2.05953
 C    84 -- H    87        0.82      0.00      2.05963
 C    64 -- H    67        0.82      0.00      2.05996
 C    28 -- H    29        0.82      0.00      2.05997
 C    92 -- H    95        0.82      0.00      2.06020
 C   102 -- H   104        0.82      0.00      2.06062
 C    74 -- H    76        0.82      0.00      2.06070
 C    60 -- H    62        0.82      0.00      2.06076
 C    46 -- H    49        0.83      0.00      2.06079
 C    78 -- H    81        0.82      0.00      2.06104
 C    32 -- H    33        0.83      0.00      2.06114
 C    70 -- H    73        0.82      0.00      2.06215
 C    36 -- H    38        0.82      0.00      2.06228
 C    56 -- H    59        0.82      0.00      2.06239
 C    78 -- H    80        0.82      0.00      2.06241
 C    36 -- H    37        0.82      0.00      2.06317
 C    46 -- H    48        0.83      0.00      2.06336
 C   102 -- H   103        0.82      0.00      2.06347
 C    74 -- H    75        0.82      0.00      2.06349
 C    42 -- H    44        0.82     -0.00      2.06351
 C    56 -- H    57        0.83     -0.00      2.06353
 C    84 -- H    86        0.82      0.00      2.06356
 C    56 -- H    58        0.82      0.00      2.06358
 C    88 -- H    90        0.82      0.00      2.06367
 C    98 -- H   101        0.83      0.00      2.06367
 C    92 -- H    93        0.82      0.00      2.06369
 C    50 -- H    53        0.82      0.00      2.06370
 C    64 -- H    65        0.82      0.00      2.06371
 C   106 -- H   107        0.82      0.00      2.06375
 C    60 -- H    61        0.82      0.00      2.06375
 C    36 -- H    39        0.82     -0.00      2.06378
 C    50 -- H    51        0.82      0.00      2.06386
 C    28 -- H    31        0.82      0.00      2.06389
 C    98 -- H    99        0.82      0.00      2.06395
 C    32 -- H    34        0.82      0.00      2.06396
 C    78 -- H    79        0.82     -0.00      2.06398
 C    70 -- H    71        0.82      0.00      2.06399
 C   106 -- H   108        0.82      0.00      2.06400
 C    88 -- H    91        0.82      0.00      2.06403
 C    42 -- H    45        0.82      0.00      2.06406
 C    92 -- H    94        0.82      0.00      2.06415
 C    42 -- H    43        0.82      0.00      2.06418
 C    98 -- H   100        0.82      0.00      2.06450
 C    88 -- H    89        0.82      0.00      2.06455
 C    84 -- H    85        0.82      0.00      2.06476
 C    74 -- H    77        0.82      0.00      2.06524
 C    70 -- H    72        0.82      0.00      2.06529
 C    46 -- H    47        0.82      0.00      2.06533
 C    28 -- H    30        0.82      0.00      2.06536
 C    64 -- H    66        0.82      0.00      2.06545
 C   102 -- H   105        0.82      0.00      2.06546
 C    60 -- H    63        0.82      0.00      2.06572
 C    32 -- H    35        0.82      0.00      2.06610
 O    25 -- C    96        0.93     -0.00      2.37425
 O    21 -- C    68        0.93     -0.00      2.37504
 O    17 -- C    40        0.92     -0.00      2.37509
 O    14 -- C    26        0.92     -0.00      2.37566
 O    18 -- C    54        0.92     -0.00      2.37661
 O    22 -- C    82        0.93     -0.00      2.37709
 O    23 -- C    82        0.92     -0.00      2.38100
 O    19 -- C    54        0.92     -0.00      2.38212
 O    15 -- C    26        0.92     -0.00      2.38238
 O    16 -- C    40        0.91     -0.00      2.38393
 O    20 -- C    68        0.92     -0.00      2.38409
 O    24 -- C    96        0.91     -0.00      2.38612
 C    27 -- C    36        0.72     -0.00      2.87700
 C    55 -- C    56        0.72     -0.00      2.87741
 C    69 -- C    78        0.71     -0.00      2.87762
 C    97 -- C   106        0.71     -0.00      2.88034
 C    83 -- C    92        0.71     -0.00      2.88071
 C    96 -- C    97        0.78      0.00      2.88072
 C    40 -- C    41        0.79      0.00      2.88078
 C    41 -- C    50        0.71     -0.00      2.88091
 C    54 -- C    55        0.78      0.00      2.88248
 C    26 -- C    27        0.78      0.00      2.88265
 C    68 -- C    69        0.78      0.00      2.88291
 C    82 -- C    83        0.78      0.00      2.88318
 C    41 -- C    46        0.71     -0.00      2.88494
 C    83 -- C    84        0.71     -0.00      2.88519
 C    97 -- C   102        0.71     -0.00      2.88556
 C    69 -- C    74        0.70     -0.00      2.89032
 C    27 -- C    28        0.70     -0.00      2.89229
 C    55 -- C    64        0.70     -0.00      2.89378
 C    55 -- C    60        0.69     -0.00      2.89683
 C    27 -- C    32        0.69     -0.00      2.89778
 C    69 -- C    70        0.69     -0.00      2.89926
 C    83 -- C    88        0.69     -0.00      2.90170
 C    41 -- C    42        0.69     -0.00      2.90221
 C    97 -- C    98        0.69     -0.00      2.90278
 H     9 -- H    10       -0.11      0.00      2.92833
 H    12 -- H    13       -0.11      0.00      2.92888
 H     6 -- H     7       -0.11      0.00      2.93285
 H    57 -- H    58       -0.11     -0.00      3.33157
 H    80 -- H    81       -0.11      0.00      3.33236
 H    47 -- H    48       -0.11     -0.00      3.33322
 H   108 -- H   109       -0.11      0.00      3.33402
 H   103 -- H   105       -0.11     -0.00      3.33454
 H    37 -- H    39       -0.11     -0.00      3.33502
 H    48 -- H    49       -0.11     -0.00      3.33518
 H    75 -- H    77       -0.11     -0.00      3.33572
 H   103 -- H   104       -0.11     -0.00      3.33576
 H    30 -- H    31       -0.11     -0.00      3.33602
 H    51 -- H    52       -0.11      0.00      3.33604
 H    61 -- H    63       -0.11     -0.00      3.33671
 H    71 -- H    72       -0.11     -0.00      3.33679
 H    65 -- H    66       -0.11     -0.00      3.33687
 H    85 -- H    87       -0.11      0.00      3.33795
 H    85 -- H    86       -0.11     -0.00      3.33806
 H    34 -- H    35       -0.11     -0.00      3.33817
 H    93 -- H    94       -0.11     -0.00      3.33829
 H   107 -- H   108       -0.10     -0.00      3.33875
 H    57 -- H    59       -0.11     -0.00      3.33902
 H    89 -- H    91       -0.10     -0.00      3.33906
 H    93 -- H    95       -0.11     -0.00      3.33936
 H    51 -- H    53       -0.10     -0.00      3.33939
 H    75 -- H    76       -0.11     -0.00      3.33969
 H    90 -- H    91       -0.11     -0.00      3.34015
 H    43 -- H    45       -0.10     -0.00      3.34020
 H    99 -- H   100       -0.10     -0.00      3.34051
 H    38 -- H    39       -0.11     -0.00      3.34096
 H    94 -- H    95       -0.11      0.00      3.34140
 H    86 -- H    87       -0.11     -0.00      3.34165
 H    37 -- H    38       -0.11      0.00      3.34195
 H    79 -- H    81       -0.11     -0.00      3.34196
 H    52 -- H    53       -0.10     -0.00      3.34200
 H    79 -- H    80       -0.10     -0.00      3.34238
 H    44 -- H    45       -0.10     -0.00      3.34392
 H   107 -- H   109       -0.10     -0.00      3.34404
 H    99 -- H   101       -0.11     -0.00      3.34454
 H    29 -- H    30       -0.11      0.00      3.34528
 H    58 -- H    59       -0.11      0.00      3.34583
 H    61 -- H    62       -0.10     -0.00      3.34612
 H    66 -- H    67       -0.11      0.00      3.34663
 H    33 -- H    34       -0.10     -0.00      3.34671
 H    62 -- H    63       -0.11      0.00      3.34686
 H    65 -- H    67       -0.10     -0.00      3.34726
 H    71 -- H    73       -0.10     -0.00      3.34729
 H    29 -- H    31       -0.10     -0.00      3.34749
 H   104 -- H   105       -0.11      0.00      3.34990
 H    76 -- H    77       -0.11      0.00      3.35005
 H    72 -- H    73       -0.11      0.00      3.35160
 H    33 -- H    35       -0.10      0.00      3.35253
 H    47 -- H    49       -0.10      0.00      3.35289
 H    89 -- H    90       -0.11      0.00      3.35373
 H    43 -- H    44       -0.11      0.00      3.35491
 H   100 -- H   101       -0.10      0.00      3.35658
 Fe    2 -- O     4        0.28     -0.08      3.59569
 Fe    3 -- O     4        0.27     -0.08      3.59703
 Fe    1 -- O     4        0.27     -0.07      3.59974
 Fe    2 -- O    15        0.24     -0.06      3.76156
 Fe    3 -- O    19        0.23     -0.06      3.76534
 Fe    3 -- O    21        0.24     -0.06      3.77952
 Fe    1 -- O    23        0.24     -0.06      3.78190
 Fe    1 -- O    25        0.23     -0.06      3.78192
 Fe    2 -- O    17        0.23     -0.06      3.78327
 Fe    1 -- O    16        0.24     -0.05      3.81501
 Fe    2 -- O    20        0.24     -0.05      3.82605
 Fe    3 -- O    24        0.24     -0.05      3.82651
 Fe    1 -- O    14        0.23     -0.05      3.84546
 Fe    3 -- O    22        0.24     -0.05      3.85086
 Fe    2 -- O    18        0.24     -0.05      3.86678
 C    69 -- H    79       -0.12     -0.00      4.06079
 C    55 -- H    57       -0.11     -0.00      4.06179
 C    27 -- H    39       -0.11     -0.00      4.06199
 C    97 -- H   107       -0.12     -0.00      4.06311
 C    83 -- H    93       -0.12     -0.00      4.06480
 C    41 -- H    53       -0.12     -0.00      4.06541
 C    97 -- H   103       -0.12     -0.00      4.06761
 C    41 -- H    48       -0.11     -0.00      4.06829
 C    83 -- H    86       -0.12     -0.00      4.06983
 C    69 -- H    75       -0.12     -0.00      4.07133
 C    27 -- H    31       -0.12     -0.00      4.07365
 C    55 -- H    65       -0.12     -0.00      4.07561
 C    27 -- H    34       -0.12     -0.00      4.07713
 C    55 -- H    61       -0.12     -0.00      4.07811
 C    69 -- H    71       -0.12     -0.00      4.07969
 C    97 -- H    99       -0.12     -0.00      4.07985
 C    41 -- H    45       -0.12     -0.00      4.08099
 C    83 -- H    91       -0.12     -0.00      4.08237
 Fe    1 -- O     5        0.08     -0.03      4.08933
 Fe    2 -- O     8        0.08     -0.03      4.09455
 Fe    3 -- O    11        0.08     -0.03      4.09953
 C    27 -- H    37       -0.12     -0.00      4.10830
 C    69 -- H    81       -0.12     -0.00      4.10837
 C    41 -- H    52       -0.12     -0.00      4.10905
 C    83 -- H    95       -0.12     -0.00      4.10966
 C    97 -- H   109       -0.11     -0.00      4.10976
 C    69 -- H    80       -0.12     -0.00      4.11006
 C    27 -- H    38       -0.12     -0.00      4.11026
 C    55 -- H    58       -0.12     -0.00      4.11092
 C    55 -- H    59       -0.12     -0.00      4.11101
 C    83 -- H    94       -0.12     -0.00      4.11184
 C    41 -- H    51       -0.12     -0.00      4.11186
 C    97 -- H   108       -0.12     -0.00      4.11236
 C    83 -- H    87       -0.12     -0.00      4.11373
 C    41 -- H    49       -0.12     -0.00      4.11389
 C    55 -- H    67       -0.12     -0.00      4.11432
 C    27 -- H    29       -0.12     -0.00      4.11459
 C    27 -- H    33       -0.12     -0.00      4.11460
 C    97 -- H   104       -0.12     -0.00      4.11595
 C    83 -- H    85       -0.12     -0.00      4.11596
 C    41 -- H    47       -0.12     -0.00      4.11610
 C    69 -- H    76       -0.12     -0.00      4.11676
 C    97 -- H   105       -0.12     -0.00      4.11771
 C    55 -- H    62       -0.12     -0.00      4.11978
 C    69 -- H    77       -0.12     -0.00      4.12002
 C    69 -- H    73       -0.12     -0.00      4.12091
 C    55 -- H    66       -0.12     -0.00      4.12111
 C    27 -- H    30       -0.12     -0.00      4.12116
 C    41 -- H    44       -0.12     -0.00      4.12449
 C    97 -- H   100       -0.12     -0.00      4.12513
 C    55 -- H    63       -0.12     -0.00      4.12515
 C    69 -- H    72       -0.12     -0.00      4.12531
 C    41 -- H    43       -0.12     -0.00      4.12537
 C    97 -- H   101       -0.12     -0.00      4.12541
 C    83 -- H    90       -0.12     -0.00      4.12715
 C    83 -- H    89       -0.12     -0.00      4.12776
 C    27 -- H    35       -0.12     -0.00      4.12779
 O    16 -- O    17       -0.17     -0.00      4.20386
 O    18 -- O    19       -0.17     -0.00      4.20470
 O    22 -- O    23       -0.17     -0.00      4.20535
 O    14 -- O    15       -0.17     -0.00      4.20590
 O    24 -- O    25       -0.17     -0.00      4.20653
 O    20 -- O    21       -0.17     -0.00      4.20733
 H     9 -- O    18        0.00      0.00      4.43607
 O    15 -- C    27       -0.19     -0.00      4.49209
 O    19 -- C    55       -0.19     -0.00      4.49257
 O    20 -- C    69       -0.19     -0.00      4.50454
 O    16 -- C    41       -0.19     -0.00      4.51014
 O    22 -- C    83       -0.19     -0.00      4.51130
 O    25 -- C    97       -0.19     -0.00      4.51294
 O    24 -- C    97       -0.19     -0.00      4.51579
 O    23 -- C    83       -0.19     -0.00      4.51886
 O    17 -- C    41       -0.19     -0.00      4.51932
 O    21 -- C    69       -0.19     -0.00      4.52533
 H    12 -- O    24       -0.00      0.00      4.52802
 O    14 -- C    27       -0.18     -0.00      4.53678
 O    18 -- C    55       -0.18     -0.00      4.53881
 H     6 -- O    16       -0.00      0.00      4.55484
 C    96 -- C    98       -0.17     -0.00      4.61385
 C    40 -- C    42       -0.17     -0.00      4.61462
 C    82 -- C    88       -0.17     -0.00      4.62040
 C    68 -- C    70       -0.17     -0.00      4.64323
 C    26 -- C    32       -0.17     -0.00      4.64703
 C    54 -- C    60       -0.17     -0.00      4.65902
 H    48 -- H    53       -0.02      0.00      4.67213
 H   103 -- H   107       -0.02     -0.00      4.67609
 C    54 -- C    64       -0.17     -0.00      4.67832
 H    86 -- H    93       -0.02      0.00      4.68223
 C    26 -- C    28       -0.17     -0.00      4.69065
 C    68 -- C    74       -0.17     -0.00      4.70131
 H    75 -- H    79       -0.01     -0.00      4.70987
 H    57 -- H    65       -0.01      0.00      4.72190
 C    88 -- C    92       -0.17      0.00      4.72530
 C    56 -- C    64       -0.17     -0.00      4.72778
 C    74 -- C    78       -0.17     -0.00      4.72875
 C    82 -- C    84       -0.17     -0.00      4.72978
 C    46 -- C    50       -0.17     -0.00      4.72992
 C    84 -- C    92       -0.17     -0.00      4.73015
 C    28 -- C    32       -0.16      0.00      4.73022
 C    42 -- C    46       -0.16      0.00      4.73057
 C   102 -- C   106       -0.17     -0.00      4.73071
 C    32 -- C    36       -0.17     -0.00      4.73082
 C    56 -- C    60       -0.17     -0.00      4.73113
 C    98 -- C   106       -0.16      0.00      4.73137
 C    40 -- C    46       -0.17     -0.00      4.73156
 C    70 -- C    78       -0.17      0.00      4.73193
 C    98 -- C   102       -0.16      0.00      4.73233
 C    28 -- C    36       -0.17     -0.00      4.73254
 C    70 -- C    74       -0.16      0.00      4.73288
 C    96 -- C   102       -0.17     -0.00      4.73368
 C    84 -- C    88       -0.16      0.00      4.73391
 C    60 -- C    64       -0.16      0.00      4.73645
 C    42 -- C    50       -0.16     -0.00      4.73656
 C    40 -- C    50       -0.17     -0.00      4.74023
 C    96 -- C   106       -0.17     -0.00      4.74264
 C    82 -- C    92       -0.17     -0.00      4.74882
 C    68 -- C    78       -0.17     -0.00      4.75021
 H    31 -- H    39       -0.01      0.00      4.75250
 H    31 -- H    34       -0.01      0.00      4.75463
 C    26 -- C    36       -0.17     -0.00      4.75579
 C    54 -- C    56       -0.17     -0.00      4.75688
 H    44 -- H    49       -0.01     -0.00      4.76169
 H   101 -- H   104       -0.01     -0.00      4.76397
 H    34 -- H    39       -0.01      0.00      4.76586
 H    89 -- H    95       -0.01     -0.00      4.77427
 H    71 -- H    75       -0.01      0.00      4.77884
 H    57 -- H    61       -0.01      0.00      4.77967
 H    99 -- H   107       -0.01      0.00      4.78016
 H    71 -- H    79       -0.01      0.00      4.78238
 H    61 -- H    65       -0.01      0.00      4.78245
 H    43 -- H    52       -0.01     -0.00      4.78515
 H    91 -- H    93       -0.01      0.00      4.78757
 O    25 -- H   109       -0.01     -0.00      4.78845
 H    87 -- H    90       -0.01     -0.00      4.78899
 H   100 -- H   109       -0.01     -0.00      4.79261
 H    73 -- H    76       -0.01     -0.00      4.79570
 H    72 -- H    81       -0.01      0.00      4.80087
 H    29 -- H    33       -0.01      0.00      4.80169
 H    86 -- H    91       -0.01      0.00      4.80224
 H    58 -- H    63       -0.01      0.00      4.80319
 H    45 -- H    48       -0.01      0.00      4.80675
 H    62 -- H    67       -0.01     -0.00      4.80851
 O    22 -- H    87       -0.01     -0.00      4.80888
 H    45 -- H    53       -0.01      0.00      4.80999
 H    99 -- H   103       -0.01      0.00      4.81072
 O    17 -- H    52       -0.01     -0.00      4.82356
 H    35 -- H    38       -0.01      0.00      4.82362
 O    16 -- H    49       -0.01     -0.00      4.83095
 H    30 -- H    37       -0.01      0.00      4.83669
 O    23 -- H    95       -0.01     -0.00      4.84608
 O    24 -- H   104       -0.01     -0.00      4.85569
 O    19 -- H    67       -0.00      0.00      4.85677
 H    59 -- H    66       -0.01      0.00      4.85864
 O    15 -- H    29       -0.00     -0.00      4.86400
 H    10 -- O    20       -0.00      0.00      4.86439
 H    77 -- H    80       -0.01      0.00      4.87563
 O    20 -- H    76       -0.00     -0.00      4.87750
 Fe    2 -- H     9       -0.09     -0.00      4.90845
 H    85 -- H    94       -0.01      0.00      4.91394
 H   105 -- H   108       -0.01      0.00      4.91642
 H    47 -- H    51       -0.01      0.00      4.91827
 O    21 -- H    81       -0.01     -0.00      4.92257
 H    13 -- O    22       -0.00      0.00      4.93755
 Fe    3 -- H    12       -0.09     -0.00      4.94452
 Fe    1 -- H     6       -0.09     -0.00      4.95177
 O    15 -- H    33       -0.00      0.00      4.95794
 O    14 -- H    38       -0.01     -0.00      4.98144
 O    19 -- H    62       -0.00      0.00      4.98690
 Fe    2 -- H    10       -0.08     -0.00      5.01238
 Fe    3 -- H    13       -0.08     -0.00      5.01809
 Fe    1 -- H     7       -0.08     -0.00      5.02243
 O    18 -- H    59       -0.01     -0.00      5.05960
 O    20 -- H    73       -0.00      0.00      5.06042
 H     7 -- O    14       -0.00      0.00      5.06435
 C    96 -- H   101       -0.04     -0.00      5.06861
 O    18 -- H    58       -0.01     -0.00      5.07130
 C    40 -- H    44       -0.04      0.00      5.07266
 C    26 -- H    33       -0.04     -0.00      5.08511
 C    68 -- H    73       -0.04     -0.00      5.08734
 C    82 -- H    89       -0.04     -0.00      5.09104
 C    40 -- H    43       -0.04     -0.00      5.09392
 C    82 -- H    90       -0.04     -0.00      5.09570
 C    96 -- H   100       -0.04     -0.00      5.09639
 O    21 -- C    78       -0.05     -0.00      5.09896
 C    54 -- H    67       -0.04     -0.00      5.11321
 H   103 -- C   106       -0.04     -0.00      5.11747
 O    14 -- C    36       -0.04     -0.00      5.11751
 C    54 -- H    62       -0.04     -0.00      5.11948
 O    18 -- C    56       -0.04     -0.00      5.12058
 H    48 -- C    50       -0.04     -0.00      5.12885
 C    84 -- H    93       -0.04     -0.00      5.12965
 C    26 -- H    29       -0.04     -0.00      5.13030
 O     8 -- O    18       -0.04     -0.00      5.13494
 O    14 -- H    37       -0.01     -0.00      5.13517
 H    57 -- C    64       -0.04     -0.00      5.13557
 C    46 -- H    53       -0.04     -0.00      5.13891
 O    21 -- H    80       -0.01     -0.00      5.14568
 O     5 -- O    16       -0.04     -0.00      5.14581
 C    98 -- H   104       -0.04      0.00      5.14648
 O    23 -- C    92       -0.04     -0.00      5.14687
 H    86 -- C    92       -0.04     -0.00      5.14765
 C    68 -- H    72       -0.04     -0.00      5.14861
 C    42 -- H    49       -0.04     -0.00      5.14988
 H    75 -- C    78       -0.04      0.00      5.15050
 C    74 -- H    79       -0.04      0.00      5.15111
 O    25 -- C   106       -0.04     -0.00      5.15159
 C    88 -- H    95       -0.04      0.00      5.15304
 C   102 -- H   107       -0.04      0.00      5.15415
 C    54 -- H    63       -0.04     -0.00      5.15804
 C    56 -- H    61       -0.04     -0.00      5.15877
 H    91 -- C    92       -0.04     -0.00      5.15913
 O    17 -- C    50       -0.04     -0.00      5.15963
 C    26 -- H    35       -0.04     -0.00      5.15991
 O    11 -- O    24       -0.04     -0.00      5.16399
 H    99 -- C   102       -0.04     -0.00      5.16542
 H    58 -- C    60       -0.04      0.00      5.16832
 C    28 -- H    39       -0.04     -0.00      5.16916
 H    45 -- C    46       -0.04     -0.00      5.16980
 C    28 -- H    34       -0.04     -0.00      5.17017
 H    71 -- C    74       -0.04     -0.00      5.17231
 H    31 -- C    32       -0.04     -0.00      5.17395
 C    68 -- H    76       -0.04     -0.00      5.17427
 H    31 -- C    36       -0.04      0.00      5.17507
 C    56 -- H    65       -0.04     -0.00      5.17554
 H    34 -- C    36       -0.04     -0.00      5.17613
 C    42 -- H    52       -0.04     -0.00      5.17690
 C    60 -- H    65       -0.04     -0.00      5.17704
 C    70 -- H    76       -0.04      0.00      5.17795
 C    32 -- H    39       -0.04     -0.00      5.17876
 H    99 -- C   106       -0.04     -0.00      5.17992
 H    71 -- C    78       -0.04     -0.00      5.18076
 H    87 -- C    88       -0.04      0.00      5.18351
 H    45 -- C    50       -0.04     -0.00      5.18472
 H   100 -- C   106       -0.04     -0.00      5.18754
 C    84 -- H    91       -0.04     -0.00      5.18777
 C    98 -- H   107       -0.04     -0.00      5.18851
 C    28 -- H    33       -0.04     -0.00      5.18925
 H    62 -- C    64       -0.04     -0.00      5.18973
 C    70 -- H    79       -0.04     -0.00      5.19026
 C    98 -- H   109       -0.04      0.00      5.19069
 C    70 -- H    81       -0.04      0.00      5.19079
 C    84 -- H    90       -0.04     -0.00      5.19355
 H    29 -- C    32       -0.04      0.00      5.19515
 C    56 -- H    66       -0.04      0.00      5.19537
 C    70 -- H    75       -0.04     -0.00      5.19598
 H    72 -- C    78       -0.04      0.00      5.19650
 H    61 -- C    64       -0.04     -0.00      5.19793
 H    44 -- C    46       -0.04      0.00      5.19843
 H    43 -- C    50       -0.04     -0.00      5.19907
 H    89 -- C    92       -0.04      0.00      5.20231
 H    86 -- C    88       -0.04     -0.00      5.20303
 H    35 -- C    36       -0.04      0.00      5.20330
 H    73 -- C    74       -0.04     -0.00      5.20376
 C    32 -- H    38       -0.04      0.00      5.20449
 H   101 -- C   102       -0.04     -0.00      5.20494
 C    60 -- H    67       -0.04      0.00      5.20632
 C    82 -- H    87       -0.03     -0.00      5.20648
 H    57 -- C    60       -0.04     -0.00      5.20779
 C    54 -- H    66       -0.03      0.00      5.20829
 H    30 -- C    36       -0.04      0.00      5.20863
 C    88 -- H    93       -0.04     -0.00      5.20941
 C    28 -- H    37       -0.04      0.00      5.21268
 C    42 -- H    53       -0.04     -0.00      5.21539
 C    96 -- H   109       -0.03     -0.00      5.21819
 C    68 -- H    77       -0.04      0.00      5.21874
 C    56 -- H    63       -0.04      0.00      5.22037
 C    42 -- H    48       -0.04     -0.00      5.22106
 H    77 -- C    78       -0.04      0.00      5.22382
 C    26 -- H    30       -0.03      0.00      5.22575
 O    16 -- C    46       -0.04     -0.00      5.22759
 C   102 -- H   108       -0.04      0.00      5.22833
 C    74 -- H    80       -0.04      0.00      5.22893
 C    98 -- H   103       -0.04     -0.00      5.23013
 C    40 -- H    52       -0.03     -0.00      5.23368
 C    96 -- H   105       -0.04     -0.00      5.23617
 C    40 -- H    49       -0.03     -0.00      5.23665
 H    85 -- C    92       -0.04      0.00      5.23728
 O    24 -- C   102       -0.04     -0.00      5.23930
 H    59 -- C    64       -0.03      0.00      5.24051
 C    40 -- H    47       -0.04     -0.00      5.24145
 C    54 -- H    59       -0.04     -0.00      5.24261
 C    46 -- H    51       -0.03      0.00      5.24393
 C    96 -- H   104       -0.03     -0.00      5.24866
 H    47 -- C    50       -0.03      0.00      5.24904
 O    22 -- C    84       -0.04     -0.00      5.25154
 C    84 -- H    94       -0.03      0.00      5.25180
 C    40 -- H    51       -0.04     -0.00      5.25293
 C    68 -- H    81       -0.03     -0.00      5.25303
 C    82 -- H    85       -0.04     -0.00      5.25326
 C    82 -- H    94       -0.04     -0.00      5.25519
 C    82 -- H    95       -0.03     -0.00      5.25594
 C    26 -- H    38       -0.03     -0.00      5.25602
 C    68 -- H    80       -0.03     -0.00      5.25992
 H   105 -- C   106       -0.03      0.00      5.26337
 O    14 -- O    23       -0.03     -0.00      5.26625
 C    96 -- H   108       -0.03     -0.00      5.27711
 C    26 -- H    37       -0.03     -0.00      5.27895
 O    19 -- O    22       -0.03     -0.00      5.28287
 O     8 -- O    20       -0.03     -0.00      5.28788
 O    11 -- O    22       -0.03     -0.00      5.29802
 C    54 -- H    58       -0.03     -0.00      5.30257
 O    17 -- O    20       -0.03     -0.00      5.30486
 O     5 -- O    14       -0.03     -0.00      5.30611
 O     5 -- O    23       -0.03     -0.00      5.31074
 H     7 -- O    23       -0.00      0.00      5.31278
 O    15 -- O    18       -0.03     -0.00      5.32190
 O    11 -- O    19       -0.02     -0.00      5.34667
 O    21 -- O    24       -0.03     -0.00      5.35203
 H     6 -- H    49       -0.01     -0.00      5.35237
 O    20 -- C    74       -0.04     -0.00      5.36468
 O    23 -- H    94       -0.00      0.00      5.36581
 O    22 -- H    90       -0.00      0.00      5.36969
 O    22 -- O    24       -0.03     -0.00      5.37107
 O    16 -- O    25       -0.03     -0.00      5.38393
 O     4 -- O    21       -0.02     -0.01      5.38407
 O    24 -- H   101       -0.00      0.00      5.38446
 O    16 -- H    44       -0.00      0.00      5.38725
 O    19 -- C    64       -0.04     -0.00      5.39365
 O    15 -- C    28       -0.04     -0.00      5.39395
 O    23 -- O    25       -0.03     -0.00      5.39688
 O    14 -- O    16       -0.03     -0.00      5.39742
 O    18 -- O    20       -0.03     -0.00      5.39890
 O     4 -- O    25       -0.02     -0.00      5.39952
 O     4 -- O    15       -0.02     -0.00      5.40293
 O    17 -- H    51       -0.00      0.00      5.41651
 O     4 -- O    14       -0.02     -0.00      5.41833
 O     8 -- O    17       -0.02     -0.00      5.42244
 O    19 -- O    21       -0.03     -0.00      5.42520
 O    15 -- O    17       -0.03     -0.00      5.42856
 O     8 -- O    15       -0.02     -0.00      5.43296
 O    25 -- H   108       -0.00      0.00      5.44161
 H    12 -- H   104       -0.01     -0.00      5.44509
 O     4 -- O    20       -0.02     -0.00      5.44551
 O    11 -- O    21       -0.02     -0.00      5.46673
 O    15 -- C    32       -0.03     -0.00      5.48254
 O    19 -- C    60       -0.03     -0.00      5.48581
 H    13 -- O    19       -0.00      0.00      5.49021
 H     9 -- H    58       -0.01     -0.00      5.49182
 O     4 -- O    22       -0.02     -0.00      5.49216
 O     5 -- O    25       -0.02     -0.00      5.51301
 O     4 -- O    24       -0.02     -0.00      5.51893
 O     4 -- O    17       -0.02     -0.00      5.52176
 O     4 -- O    19       -0.02     -0.00      5.52211
 O     4 -- O    16       -0.02     -0.00      5.54036
 O     4 -- O    23       -0.02     -0.00      5.54377
 O     4 -- O    18       -0.02     -0.00      5.54546
 O    20 -- C    70       -0.03      0.00      5.56352
 O    24 -- H   105       -0.00      0.00      5.62262
 H    33 -- H    59       -0.01     -0.00      5.62398
 O    16 -- H    47       -0.00      0.00      5.62426
 H    72 -- H   101       -0.01     -0.00      5.62480
 H    43 -- H    73       -0.01     -0.00      5.62638
 Fe    3 -- C    54       -0.16     -0.00      5.66095
 Fe    2 -- C    26       -0.16     -0.00      5.66783
=============================================================


============== Orbital energy and occupancy information for spin 1 =============

      Total number of orbitals:     283
   Number of occupied orbitals:     169.000000000
   Occupancy sum (eigenvalues):     169.000000000
                 HOMO-LUMO gap:       0.155604408 Eh
                 Mid-gap level:      -0.155524958 Eh

                        Orbital | Energy (Eh) | Occupancy
                            1    -3.569965390   1.0000000
                        .......   ...........   .........
                          160    -0.293906449   1.0000000
                          161    -0.290895036   1.0000000
                          162    -0.290455365   1.0000000
                          163    -0.276734411   1.0000000
                          164    -0.275680768   1.0000000
                          165    -0.254016411   1.0000000
                          166    -0.236902141   1.0000000
                          167    -0.236672029   1.0000000
                          168    -0.233590052   0.9999999
                          169    -0.233327162   0.9999999
                        .......   --- gap ---   .........
                          170    -0.077722754   0.0000000
                          171    -0.074925622   0.0000001
                          172    -0.072802813   0.0000000
                          173    -0.072180898   0.0000000
                          174    -0.063513572   0.0000000
                          175    -0.062974178   0.0000000
                          176    -0.049791349   0.0000000
                          177    -0.041283208   0.0000000
                          178    -0.040352927   0.0000001
                          179    -0.007071478   0.0000000
                        .......   ...........   .........
                          283     0.427451185   0.0000000

================================================================================

============== Orbital energy and occupancy information for spin 2 =============

      Total number of orbitals:     283
   Number of occupied orbitals:     154.000000000
   Occupancy sum (eigenvalues):     154.000000000
                 HOMO-LUMO gap:       0.056492608 Eh
                 Mid-gap level:      -0.249494539 Eh

                        Orbital | Energy (Eh) | Occupancy
                            1    -3.390745958   1.0000000
                        .......   ...........   .........
                          145    -0.306544220   0.9999999
                          146    -0.305378381   0.9999999
                          147    -0.302190099   1.0000000
                          148    -0.294665396   1.0000000
                          149    -0.294101641   1.0000000
                          150    -0.292657587   0.9999998
                          151    -0.290556705   0.9999999
                          152    -0.288548364   1.0000000
                          153    -0.288368622   1.0000000
                          154    -0.277740843   0.9999997
                        .......   --- gap ---   .........
                          155    -0.221248235   0.0000001
                          156    -0.213987457   0.0000002
                          157    -0.213264203   0.0000002
                          158    -0.212990660   0.0000001
                          159    -0.212815303   0.0000003
                          160    -0.203066076   0.0000002
                          161    -0.202370417   0.0000001
                          162    -0.201814088   0.0000001
                          163    -0.179134445   0.0000001
                          164    -0.160491064   0.0000000
                        .......   ...........   .........
                          283     0.435030185   0.0000000

================================================================================

===================== Writing canonical molecular orbitals =====================
    Spin 1
| Orbital  Energy (eV)  Norm     |
| HOMO-5   -7.50165541  1.000000 | Writing "Fe3_O_piv_6_H2O_3_HighSpin_NGWFSP_HOMO-5_UP.cube" ... done
| HOMO-4   -6.91213826  1.000000 | Writing "Fe3_O_piv_6_H2O_3_HighSpin_NGWFSP_HOMO-4_UP.cube" ... done
| HOMO-3   -6.44643527  1.000000 | Writing "Fe3_O_piv_6_H2O_3_HighSpin_NGWFSP_HOMO-3_UP.cube" ... done
| HOMO-2   -6.44017362  1.000000 | Writing "Fe3_O_piv_6_H2O_3_HighSpin_NGWFSP_HOMO-2_UP.cube" ... done
| HOMO-1   -6.35630876  1.000000 | Writing "Fe3_O_piv_6_H2O_3_HighSpin_NGWFSP_HOMO-1_UP.cube" ... done
| HOMO     -6.34915513  1.000000 | Writing "Fe3_O_piv_6_H2O_3_HighSpin_NGWFSP_HOMO_UP.cube" ... done
| LUMO     -2.11494374  1.000000 | Writing "Fe3_O_piv_6_H2O_3_HighSpin_NGWFSP_LUMO_UP.cube" ... done
| LUMO+1   -2.03882992  1.000000 | Writing "Fe3_O_piv_6_H2O_3_HighSpin_NGWFSP_LUMO+1_UP.cube" ... done
| LUMO+2   -1.98106534  1.000000 | Writing "Fe3_O_piv_6_H2O_3_HighSpin_NGWFSP_LUMO+2_UP.cube" ... done
| LUMO+3   -1.96414217  1.000000 | Writing "Fe3_O_piv_6_H2O_3_HighSpin_NGWFSP_LUMO+3_UP.cube" ... done
| LUMO+4   -1.72829223  1.000000 | Writing "Fe3_O_piv_6_H2O_3_HighSpin_NGWFSP_LUMO+4_UP.cube" ... done
| LUMO+5   -1.71361458  1.000000 | Writing "Fe3_O_piv_6_H2O_3_HighSpin_NGWFSP_LUMO+5_UP.cube" ... done
================================================================================

===================== Writing canonical molecular orbitals =====================
    Spin 2
| Orbital  Energy (eV)  Norm     |
| HOMO-5   -8.00291286  1.000000 | Writing "Fe3_O_piv_6_H2O_3_HighSpin_NGWFSP_HOMO-5_DN.cube" ... done
| HOMO-4   -7.96361814  1.000000 | Writing "Fe3_O_piv_6_H2O_3_HighSpin_NGWFSP_HOMO-4_DN.cube" ... done
| HOMO-3   -7.90645025  1.000000 | Writing "Fe3_O_piv_6_H2O_3_HighSpin_NGWFSP_HOMO-3_DN.cube" ... done
| HOMO-2   -7.85180052  1.000000 | Writing "Fe3_O_piv_6_H2O_3_HighSpin_NGWFSP_HOMO-2_DN.cube" ... done
| HOMO-1   -7.84690947  1.000000 | Writing "Fe3_O_piv_6_H2O_3_HighSpin_NGWFSP_HOMO-1_DN.cube" ... done
| HOMO     -7.55771291  1.000000 | Writing "Fe3_O_piv_6_H2O_3_HighSpin_NGWFSP_HOMO_DN.cube" ... done
| LUMO     -6.02047081  1.000000 | Writing "Fe3_O_piv_6_H2O_3_HighSpin_NGWFSP_LUMO_DN.cube" ... done
| LUMO+1   -5.82289500  1.000000 | Writing "Fe3_O_piv_6_H2O_3_HighSpin_NGWFSP_LUMO+1_DN.cube" ... done
| LUMO+2   -5.80321425  1.000000 | Writing "Fe3_O_piv_6_H2O_3_HighSpin_NGWFSP_LUMO+2_DN.cube" ... done
| LUMO+3   -5.79577077  1.000000 | Writing "Fe3_O_piv_6_H2O_3_HighSpin_NGWFSP_LUMO+3_DN.cube" ... done
| LUMO+4   -5.79099905  1.000000 | Writing "Fe3_O_piv_6_H2O_3_HighSpin_NGWFSP_LUMO+4_DN.cube" ... done
| LUMO+5   -5.52570911  1.000000 | Writing "Fe3_O_piv_6_H2O_3_HighSpin_NGWFSP_LUMO+5_DN.cube" ... done
================================================================================
 
=============== Density of States (DOS) calculation for UP spin ================
Writing "Fe3_O_piv_6_H2O_3_HighSpin_NGWFSP_UP_DOS.txt" ... done
================================================================================
 
============== Density of States (DOS) calculation for DOWN spin ===============
Writing "Fe3_O_piv_6_H2O_3_HighSpin_NGWFSP_DN_DOS.txt" ... done
================================================================================
 
Writing bands to file "Fe3_O_piv_6_H2O_3_HighSpin_NGWFSP.val_bands" ... done

================================= Core Density =================================
               Core den box size:   39 x  39 x  39
================================================================================
 
********************* Unconstrained **********************
********************** Ewald forces **********************
*                                                        *
* Element  Atom         Cartesian components (Eh/a)      *
* ------------------------------------------------------ *
*                       x            y            z      *
*                                                        *
*    Fe      1     15.05575913 -17.99274133  12.87228416 *
*    Fe      2      2.65294686   2.25158947 -26.51239021 *
*    Fe      3    -17.62799640  15.01991800  12.89137836 *
*    O       4     -0.10114424  -0.19342360  -0.10930204 *
*    O       5      9.17545908 -11.75730832   9.36019068 *
*    H       6      1.90600322  -3.34473199  -0.32298691 *
*    H       7      3.47923732  -0.58011950   1.69358664 *
*    O       8      2.94255403   1.26483843 -17.31860758 *
*    H       9      0.25986911   2.61051690  -2.77342967 *
*    H      10     -1.70107652  -0.56772069  -3.46475174 *
*    O      11    -12.49140437   9.95542239   7.49605646 *
*    H      12     -2.62089074  -0.07052557   2.81731947 *
*    H      13     -0.49656728   3.06613101   2.38345282 *
*    O      14     14.91718292  -3.03092633   3.13256078 *
*    O      15     10.28652280   3.87613430 -11.18697345 *
*    O      16      4.49829589 -14.73574320   0.47738846 *
*    O      17     -0.75357733  -7.68690447 -13.50085487 *
*    O      18      2.36875063  10.16402950 -11.11265614 *
*    O      19     -3.84022909  14.61494670   3.46885142 *
*    O      20     -7.91842058  -1.71160654 -13.24780871 *
*    O      21    -15.20787012   3.09122162   0.95447687 *
*    O      22     -0.49382134  11.13200964  10.39661741 *
*    O      23     10.01154147  -1.84757876  11.76534266 *
*    O      24    -11.79193977  -0.64313892   9.96515656 *
*    O      25     -1.06943443 -13.47086461   7.64730545 *
*    C      26      9.28457206   1.10858579  -2.45040749 *
*    C      27      8.07839626   1.52861623  -1.91894617 *
*    C      28      7.19176751  -0.57472884  -5.80218567 *
*    H      29      0.84931453   0.45864282  -2.42764752 *
*    H      30      1.73957342  -1.63879765  -1.23153199 *
*    H      31      2.57910275   0.48906421  -1.25718692 *
*    C      32      6.37337179   6.20658439  -1.36709652 *
*    H      33      0.78099521   1.86386520  -1.52551681 *
*    H      34      2.46247654   1.61168585  -0.53903769 *
*    H      35      1.23270454   1.84048875   1.06944737 *
*    C      36      9.04281215  -0.47676500   1.76560074 *
*    H      37      2.16567988  -1.66267275   0.22076188 *
*    H      38      1.80055340   0.49449971   1.67589749 *
*    H      39      2.88960496   0.48056858   0.01659260 *
*    C      40      1.28241567  -8.29937083  -4.72959404 *
*    C      41      0.83175325  -7.27746909  -4.02995818 *
*    C      42     -3.79598642  -7.81924878  -1.98179749 *
*    H      43     -1.90066595  -1.07774346  -1.14746988 *
*    H      44     -0.87395922  -2.13537014   0.95953898 *
*    H      45     -0.70455855  -2.69026033  -0.97657305 *
*    C      46      4.30364020  -7.98386012  -1.33653371 *
*    H      47      2.29071001  -1.14406013  -0.72605216 *
*    H      48      0.67206996  -2.67556774  -0.89979220 *
*    H      49      0.73322029  -2.24296305   1.10648321 *
*    C      50      1.13587791  -4.84155379  -7.66976480 *
*    H      51      1.65697685  -0.51090421  -2.02270945 *
*    H      52     -0.96560320  -0.49103330  -2.33519126 *
*    H      53      0.14803589  -2.16891667  -1.91851412 *
*    C      54     -0.13722704   9.17159308  -2.77124600 *
*    C      55     -0.03165952   8.04055044  -2.31223709 *
*    C      56      2.00886497   6.67753057  -5.93025381 *
*    H      57      0.44556695   2.59033918  -1.27039194 *
*    H      58     -0.50529414   0.99682753  -2.44854013 *
*    H      59      1.86737153   1.13733046  -1.28297110 *
*    C      60     -4.74849326   7.62971057  -1.91185463 *
*    H      61     -0.73128571   2.74925721  -0.62942808 *
*    H      62     -1.71736828   1.75640018   0.91658982 *
*    H      63     -1.78419199   1.09128005  -1.59358678 *
*    C      64      2.58930539   8.43584999   1.72185255 *
*    H      65      0.46954208   2.90259648  -0.00224396 *
*    H      66      1.98911046   1.48227643   0.28801503 *
*    H      67     -0.19027838   1.95449714   1.64375841 *
*    C      68     -8.63230044  -0.10293939  -4.26714327 *
*    C      69     -7.60196185  -0.52614210  -3.59308989 *
*    C      70     -6.31041038  -5.37697675  -3.47417692 *
*    H      71     -2.40830144  -1.26338869  -1.22275806 *
*    H      72     -1.53177046  -1.84206148   0.48604821 *
*    H      73     -0.54641363  -1.61183250  -1.88022270 *
*    C      74     -5.86788064   1.96774567  -6.84781802 *
*    H      75     -2.32994961  -0.02525551  -1.74945933 *
*    H      76     -0.42136118  -0.12841679  -2.57799423 *
*    H      77     -1.31732952   1.93400765  -1.28243367 *
*    C      78     -9.16992111   1.19115949   0.15270294 *
*    H      79     -2.86766914  -0.14397031  -0.59172896 *
*    H      80     -2.01670390   1.82766562   0.10637799 *
*    H      81     -2.15293874  -0.52625486   1.24175015 *
*    C      82      3.88039402   3.71274135   7.91005371 *
*    C      83      3.38208499   3.24233850   6.90795267 *
*    C      84      2.54828083   7.21952652   4.83307494 *
*    H      85      1.51253567   2.00952974   0.00816028 *
*    H      86      1.03074237   1.81927027   2.05547423 *
*    H      87     -0.84129596   2.16517578   1.22000746 *
*    C      88     -0.30417574   0.89897826   9.05787082 *
*    H      89      0.09294878  -1.28687803   2.25611898 *
*    H      90     -1.42153476   0.86399062   2.00650331 *
*    H      91      0.54602253   0.75403200   2.75651431 *
*    C      92      6.96458818   0.86176238   5.83532365 *
*    H      93      1.77250050   0.78777149   2.19225105 *
*    H      94      2.39534660   0.73728987   0.24459486 *
*    H      95      1.55675489  -1.30976062   1.74373225 *
*    C      96     -4.91134726  -5.35034150   6.32206281 *
*    C      97     -4.47873416  -4.84147262   5.23333742 *
*    C      98     -6.82769954  -5.76275130   0.89632873 *
*    H      99     -2.11466091  -1.90099304   0.89417413 *
*    H     100     -0.84919076  -2.23853660  -0.68154030 *
*    H     101     -2.46712370  -0.26819492  -0.15964525 *
*    C     102     -5.54139284  -1.03606960   7.28516871 *
*    H     103     -1.82568740  -1.12623999   1.97971689 *
*    H     104     -2.28974866   0.69453251   1.08628005 *
*    H     105     -0.22212691   0.26867460   2.61929700 *
*    C     106     -0.73455620  -7.06775109   5.87411604 *
*    H     107     -1.06750017  -2.11331515   1.70880331 *
*    H     108      0.76443317  -0.97228040   2.38107904 *
*    H     109      0.37648954  -2.53514816   0.32265033 *
*                                                        *
**********************************************************
TOTAL:             -0.00000000  -0.00000000  -0.00000000
 
********************* Unconstrained **********************
***************** Local potential forces *****************
*                                                        *
* Element  Atom         Cartesian components (Eh/a)      *
* ------------------------------------------------------ *
*                       x            y            z      *
*                                                        *
*    Fe      1    -15.13133259  18.07877050 -12.92997546 *
*    Fe      2     -2.65989771  -2.27408723  26.63795319 *
*    Fe      3     17.71279202 -15.08382026 -12.96313087 *
*    O       4      0.09573304   0.18832203   0.10762853 *
*    O       5    -10.02707117  11.88096679  -8.87188619 *
*    H       6     -1.90057293   3.32051779   0.30128644 *
*    H       7     -3.45071423   0.59464062  -1.68569281 *
*    O       8     -2.16561036  -1.81023756  17.62475827 *
*    H       9     -0.25951001  -2.57737256   2.77030400 *
*    H      10      1.67417456   0.55572062   3.44987324 *
*    O      11     12.26175524  -9.93638433  -8.46559030 *
*    H      12      2.60800063   0.04947151  -2.79566409 *
*    H      13      0.51242665  -3.04212868  -2.36728133 *
*    O      14    -14.84453547   2.55898267  -2.33840905 *
*    O      15    -10.71206870  -3.58676309  10.43002820 *
*    O      16     -4.22792094  14.53659291   0.35825697 *
*    O      17      0.46209123   8.24693085  12.82561020 *
*    O      18     -2.03470891 -10.59852534  10.38158246 *
*    O      19      3.48002284 -14.57109386  -2.63170215 *
*    O      20      8.47972913   1.52370089  12.55280117 *
*    O      21     14.99215451  -2.78668074  -0.10937960 *
*    O      22     -0.18478804 -10.54053541 -10.61127707 *
*    O      23     -9.51242867   1.09329554 -11.87381092 *
*    O      24     11.33373697   1.41974281  -9.97115174 *
*    O      25      1.78645161  12.91096763  -7.85063495 *
*    C      26     -9.10975195  -1.04653267   2.42410086 *
*    C      27     -8.03750136  -1.52456104   1.91819457 *
*    C      28     -7.19170583   0.57803459   5.78531756 *
*    H      29     -0.86191906  -0.45252883   2.41284813 *
*    H      30     -1.73800787   1.61887845   1.23014198 *
*    H      31     -2.56080104  -0.48160599   1.25294033 *
*    C      32     -6.37212130  -6.19592741   1.35838698 *
*    H      33     -0.79383481  -1.85668212   1.51148606 *
*    H      34     -2.44434481  -1.60339127   0.53542690 *
*    H      35     -1.23860878  -1.83359159  -1.05170435 *
*    C      36     -9.04139341   0.47651955  -1.76062310 *
*    H      37     -2.16394182   1.64259607  -0.22048108 *
*    H      38     -1.80594668  -0.48890754  -1.65729416 *
*    H      39     -2.87105611  -0.47318609  -0.01977135 *
*    C      40     -1.27433061   8.13193579   4.64123768 *
*    C      41     -0.82101964   7.24625910   4.00138020 *
*    C      42      3.78595321   7.80924813   1.98369985 *
*    H      43      1.88504899   1.08855347   1.14074736 *
*    H      44      0.87158977   2.13308723  -0.93957302 *
*    H      45      0.70290664   2.67180863   0.96827877 *
*    C      46     -4.30275328   7.97735055   1.34026812 *
*    H      47     -2.27267841   1.15186035   0.72253939 *
*    H      48     -0.67235616   2.65734930   0.89082121 *
*    H      49     -0.73475713   2.23962596  -1.08654056 *
*    C      50     -1.13906995   4.84607551   7.65829016 *
*    H      51     -1.63983642   0.51974555   2.01709805 *
*    H      52      0.95042765   0.50207842   2.32722414 *
*    H      53     -0.14858101   2.15085934   1.90942669 *
*    C      54      0.15393347  -8.98991563   2.72573751 *
*    C      55      0.04058143  -8.00442447   2.29604685 *
*    C      56     -2.00410666  -6.67700803   5.92869280 *
*    H      57     -0.44374136  -2.57057014   1.26628107 *
*    H      58      0.49509431  -1.00487199   2.43330867 *
*    H      59     -1.84872645  -1.14517174   1.28230208 *
*    C      60      4.73758787  -7.62103769   1.91929593 *
*    H      61      0.73160162  -2.72935529   0.62519992 *
*    H      62      1.70767609  -1.75868672  -0.89883559 *
*    H      63      1.77292305  -1.09977944   1.57951332 *
*    C      64     -2.58982501  -8.42780962  -1.70923055 *
*    H      65     -0.46837994  -2.88263481  -0.00111104 *
*    H      66     -1.97016021  -1.48896198  -0.28682348 *
*    H      67      0.18183854  -1.95702617  -1.62534525 *
*    C      68      8.46338383   0.06617317   4.19341175 *
*    C      69      7.55949396   0.52802565   3.58836910 *
*    C      70      6.30851308   5.36717771   3.46665013 *
*    H      71      2.39060453   1.25785748   1.21454566 *
*    H      72      1.53338474   1.83214501  -0.46859516 *
*    H      73      0.56103718   1.60506102   1.86804094 *
*    C      74      5.86576773  -1.96852211   6.83905827 *
*    H      75      2.31192084   0.02097330   1.74103619 *
*    H      76      0.43567619   0.12247587   2.56494879 *
*    H      77      1.31817591  -1.91401130   1.28371140 *
*    C      78      9.16522298  -1.18663452  -0.14270240 *
*    H      79      2.84954851   0.13960074   0.58406798 *
*    H      80      2.01687343  -1.80772547  -0.10307380 *
*    H      81      2.15386634   0.51742919  -1.22354223 *
*    C      82     -3.79559228  -3.62773175  -7.76804092 *
*    C      83     -3.35239058  -3.22207860  -6.88682785 *
*    C      84     -2.55245419  -7.21047797  -4.83191233 *
*    H      85     -1.50213622  -2.00308208  -0.02402353 *
*    H      86     -1.02245422  -1.81058140  -2.03916033 *
*    H      87      0.82243278  -2.15767930  -1.22198882 *
*    C      88      0.30284069  -0.89922370  -9.04604320 *
*    H      89     -0.09330597   1.26688948  -2.25366349 *
*    H      90      1.40248005  -0.85762422  -2.00786914 *
*    H      91     -0.53833286  -0.74621744  -2.73946124 *
*    C      92     -6.95856493  -0.86915525  -5.83299606 *
*    H      93     -1.76387727  -0.77922930  -2.17612874 *
*    H      94     -2.38368301  -0.73292197  -0.26038338 *
*    H      95     -1.55573424   1.28961413  -1.74112246 *
*    C      96      4.80329788   5.23783197  -6.21610218 *
*    C      97      4.46710870   4.81496914  -5.20023070 *
*    C      98      6.81688345   5.75621871  -0.90008091 *
*    H      99      2.10159325   1.88845865  -0.88516911 *
*    H     100      0.85807358   2.22796025   0.66697398 *
*    H     101      2.45611271   0.28263616   0.15082974 *
*    C     102      5.53500988   1.03772865  -7.28292222 *
*    H     103      1.81366179   1.11391729  -1.96919651 *
*    H     104      2.27791972  -0.67998362  -1.09388859 *
*    H     105      0.23439532  -0.26024735  -2.60620560 *
*    C     106      0.74448136   7.05626510  -5.87577527 *
*    H     107      1.05541089   2.10058363  -1.69888564 *
*    H     108     -0.75080843   0.97871437  -2.36794532 *
*    H     109     -0.36638598   2.52425863  -0.33650021 *
*                                                        *
**********************************************************
TOTAL:             -0.26673461  -0.42147030  -0.23539767
 
********************* Unconstrained **********************
************** Compensation density forces ***************
*                                                        *
* Element  Atom         Cartesian components (Eh/a)      *
* ------------------------------------------------------ *
*                       x            y            z      *
*                                                        *
*    Fe      1      0.03618983  -0.03997907   0.02626782 *
*    Fe      2      0.00233049   0.01149638  -0.05885956 *
*    Fe      3     -0.03959696   0.02933364   0.03464132 *
*    O       4      0.00086792   0.00080384   0.00030874 *
*    O       5      0.13231707  -0.01899758  -0.07592745 *
*    H       6      0.00176074  -0.00813809  -0.00726756 *
*    H       7      0.00956936   0.00499465   0.00271575 *
*    O       8     -0.12073663   0.08457622  -0.04739707 *
*    H       9      0.00028354   0.01180448  -0.00098754 *
*    H      10     -0.00896367  -0.00416408  -0.00484506 *
*    O      11      0.03584824  -0.00297672   0.15050422 *
*    H      12     -0.00431949  -0.00705378   0.00721145 *
*    H      13      0.00530419   0.00809142   0.00519669 *
*    O      14     -0.01333159   0.06949508  -0.11776712 *
*    O      15      0.06097164  -0.04385756   0.11338707 *
*    O      16     -0.04043877   0.03186658  -0.12340916 *
*    O      17      0.04327471  -0.08096657   0.10187213 *
*    O      18     -0.04994539   0.06219849   0.10945325 *
*    O      19      0.05346348  -0.00904598  -0.12425405 *
*    O      20     -0.08144702   0.02833695   0.10457190 *
*    O      21      0.03475375  -0.04498428  -0.12473011 *
*    O      22      0.09982701  -0.08922264   0.03004247 *
*    O      23     -0.07566218   0.11124315   0.01409487 *
*    O      24      0.06964136  -0.11439360  -0.00055961 *
*    O      25     -0.10520896   0.08508236   0.02860444 *
*    C      26     -0.00557109  -0.00198693   0.00089212 *
*    C      27     -0.00122977  -0.00013087   0.00004018 *
*    C      28      0.00005390  -0.00013382   0.00032789 *
*    H      29     -0.00472885   0.00229192  -0.00546625 *
*    H      30      0.00058657  -0.00741632  -0.00043626 *
*    H      31      0.00678542   0.00279148  -0.00152448 *
*    C      32     -0.00003853  -0.00012044   0.00023784 *
*    H      33     -0.00478863   0.00253502  -0.00524455 *
*    H      34      0.00675325   0.00298654  -0.00131665 *
*    H      35     -0.00215806   0.00248913   0.00662392 *
*    C      36      0.00006434  -0.00002828  -0.00005837 *
*    H      37      0.00061076  -0.00740692   0.00004183 *
*    H      38     -0.00207663   0.00205160   0.00686762 *
*    H      39      0.00686134   0.00273501  -0.00119100 *
*    C      40     -0.00028104   0.00534472   0.00275396 *
*    C      41     -0.00031086   0.00095662   0.00084564 *
*    C      42      0.00011492   0.00019483  -0.00001483 *
*    H      43     -0.00576224   0.00404543  -0.00254008 *
*    H      44     -0.00077585  -0.00079346   0.00745349 *
*    H      45     -0.00056196  -0.00684894  -0.00300947 *
*    C      46      0.00008203   0.00007433  -0.00006175 *
*    H      47      0.00671831   0.00292925  -0.00137527 *
*    H      48     -0.00015557  -0.00676093  -0.00335440 *
*    H      49     -0.00061787  -0.00115993   0.00740477 *
*    C      50      0.00009459  -0.00013003   0.00019122 *
*    H      51      0.00646219   0.00335888  -0.00205851 *
*    H      52     -0.00574109   0.00410880  -0.00284435 *
*    H      53     -0.00018950  -0.00675890  -0.00331024 *
*    C      54     -0.00052083  -0.00579343   0.00141466 *
*    C      55     -0.00025891  -0.00110223   0.00047256 *
*    C      56     -0.00007735   0.00003281  -0.00008046 *
*    H      57      0.00063939   0.00731714  -0.00136572 *
*    H      58     -0.00388161  -0.00300434  -0.00568647 *
*    H      59      0.00692420  -0.00290281  -0.00018710 *
*    C      60      0.00014656  -0.00016753  -0.00021946 *
*    H      61      0.00009662   0.00736248  -0.00150375 *
*    H      62     -0.00357922  -0.00085241   0.00662499 *
*    H      63     -0.00415792  -0.00322016  -0.00530324 *
*    C      64      0.00009562  -0.00013914  -0.00023963 *
*    H      65      0.00042081   0.00738306  -0.00124671 *
*    H      66      0.00708575  -0.00244157   0.00037752 *
*    H      67     -0.00314291  -0.00103580   0.00682437 *
*    C      68      0.00536520   0.00116889   0.00238131 *
*    C      69      0.00127112  -0.00004586   0.00016399 *
*    C      70      0.00004049   0.00009531   0.00018203 *
*    H      71     -0.00660240  -0.00203764  -0.00302961 *
*    H      72      0.00058118  -0.00364031   0.00654397 *
*    H      73      0.00551197  -0.00241245  -0.00449435 *
*    C      74      0.00003279   0.00008917   0.00008948 *
*    H      75     -0.00675910  -0.00160470  -0.00302908 *
*    H      76      0.00537266  -0.00222754  -0.00477826 *
*    H      77      0.00026555   0.00743679   0.00049853 *
*    C      78      0.00002931  -0.00009645  -0.00021929 *
*    H      79     -0.00672064  -0.00164866  -0.00287071 *
*    H      80      0.00008520   0.00740813   0.00113430 *
*    H      81      0.00040492  -0.00325446   0.00673110 *
*    C      82     -0.00275956  -0.00268617  -0.00453854 *
*    C      83     -0.00087885  -0.00060842  -0.00064784 *
*    C      84      0.00012448  -0.00010277  -0.00002993 *
*    H      85      0.00383028   0.00236440  -0.00604025 *
*    H      86      0.00314277   0.00318657   0.00614974 *
*    H      87     -0.00708251   0.00258003  -0.00073709 *
*    C      88     -0.00006154  -0.00004166  -0.00016944 *
*    H      89     -0.00005218  -0.00747030   0.00079121 *
*    H      90     -0.00710001   0.00235576  -0.00054081 *
*    H      91      0.00283872   0.00290840   0.00629785 *
*    C      92     -0.00003647   0.00017264  -0.00003093 *
*    H      93      0.00312699   0.00323019   0.00601112 *
*    H      94      0.00431026   0.00165259  -0.00594415 *
*    H      95      0.00029545  -0.00744540   0.00087899 *
*    C      96      0.00348736   0.00350998  -0.00338245 *
*    C      97      0.00037286   0.00079575  -0.00098958 *
*    C      98      0.00017016   0.00010598  -0.00001466 *
*    H      99     -0.00480399  -0.00462977   0.00337953 *
*    H     100      0.00338114  -0.00397802  -0.00544415 *
*    H     101     -0.00406330   0.00545818  -0.00325504 *
*    C     102      0.00008646   0.00001558   0.00005865 *
*    H     103     -0.00441506  -0.00462941   0.00392271 *
*    H     104     -0.00434963   0.00537977  -0.00286351 *
*    H     105      0.00466469   0.00313517   0.00491168 *
*    C     106     -0.00022691   0.00021653   0.00010655 *
*    H     107     -0.00454915  -0.00471832   0.00370430 *
*    H     108      0.00509976   0.00240723   0.00489961 *
*    H     109      0.00373199  -0.00395891  -0.00521400 *
*                                                        *
**********************************************************
TOTAL:              0.04390543   0.07463290   0.04319641
 
********************* Unconstrained **********************
*************** Non-local potential forces ***************
*                                                        *
* Element  Atom         Cartesian components (Eh/a)      *
* ------------------------------------------------------ *
*                       x            y            z      *
*                                                        *
*    Fe      1      0.04197039  -0.05061336   0.03495739 *
*    Fe      2      0.00579462   0.01162264  -0.07317378 *
*    Fe      3     -0.04965858   0.03841176   0.03968059 *
*    O       4      0.00482873   0.00456112   0.00167096 *
*    O       5      0.71223538  -0.10477772  -0.40600156 *
*    H       6     -0.00539316   0.02534459   0.02273213 *
*    H       7     -0.02971185  -0.01558878  -0.00857659 *
*    O       8     -0.64795471   0.45502918  -0.25811348 *
*    H       9     -0.00084095  -0.03524069   0.00308140 *
*    H      10      0.02800122   0.01303153   0.01529732 *
*    O      11      0.18977038  -0.01456107   0.81031964 *
*    H      12      0.01363629   0.02218706  -0.02238085 *
*    H      13     -0.01669631  -0.02528910  -0.01637219 *
*    O      14     -0.05898776   0.39512064  -0.66374843 *
*    O      15      0.35558664  -0.24119781   0.63201688 *
*    O      16     -0.22561162   0.16497999  -0.69773733 *
*    O      17      0.24292841  -0.46828668   0.56324665 *
*    O      18     -0.27876101   0.36430415   0.61000076 *
*    O      19      0.30085029  -0.03567445  -0.69886301 *
*    O      20     -0.47024658   0.15634886   0.58030424 *
*    O      21      0.17954633  -0.25465092  -0.70575099 *
*    O      22      0.56743792  -0.49325401   0.18033945 *
*    O      23     -0.41624592   0.63012541   0.09100134 *
*    O      24      0.38190099  -0.64979409   0.00565812 *
*    O      25     -0.59917736   0.46704101   0.16980979 *
*    C      26     -0.16218903  -0.05807972   0.02405991 *
*    C      27     -0.03938533  -0.00349089   0.00055597 *
*    C      28     -0.00045347  -0.00355488   0.01813608 *
*    H      29      0.01477457  -0.00715086   0.01697543 *
*    H      30     -0.00178815   0.02310195   0.00150329 *
*    H      31     -0.02110670  -0.00868001   0.00471786 *
*    C      32     -0.00110421  -0.01199066   0.00909980 *
*    H      33      0.01493594  -0.00798006   0.01627981 *
*    H      34     -0.02095278  -0.00933493   0.00422872 *
*    H      35      0.00677038  -0.00788814  -0.02060434 *
*    C      36     -0.00209172   0.00051933  -0.00583200 *
*    H      37     -0.00189810   0.02315583  -0.00016403 *
*    H      38      0.00645232  -0.00655656  -0.02139480 *
*    H      39     -0.02133525  -0.00854685   0.00384725 *
*    C      40     -0.00689458   0.15549585   0.08322572 *
*    C      41     -0.01061205   0.02991421   0.02759422 *
*    C      42      0.01097732   0.01085195  -0.00221365 *
*    H      43      0.01788007  -0.01264187   0.00793041 *
*    H      44      0.00247417   0.00252616  -0.02317584 *
*    H      45      0.00180845   0.02122816   0.00952488 *
*    C      46     -0.00138171   0.00731749  -0.00428320 *
*    H      47     -0.02087807  -0.00912560   0.00420621 *
*    H      48      0.00037745   0.02093838   0.01044921 *
*    H      49      0.00198253   0.00368546  -0.02304518 *
*    C      50      0.00333560  -0.00482533   0.01270166 *
*    H      51     -0.01991191  -0.01035555   0.00638198 *
*    H      52      0.01759664  -0.01286500   0.00890444 *
*    H      53      0.00053381   0.02094344   0.01031213 *
*    C      54     -0.01565667  -0.16919003   0.04217020 *
*    C      55     -0.00874930  -0.03463242   0.01583589 *
*    C      56     -0.00552414  -0.00071369   0.00236183 *
*    H      57     -0.00202859  -0.02282315   0.00447547 *
*    H      58      0.01203102   0.00927943   0.01752960 *
*    H      59     -0.02149303   0.00912041   0.00051514 *
*    C      60      0.01207291  -0.00949210  -0.00781734 *
*    H      61     -0.00044020  -0.02286808   0.00483840 *
*    H      62      0.01109832   0.00268183  -0.02060410 *
*    H      63      0.01297942   0.01003950   0.01636297 *
*    C      64      0.00023672  -0.00870701  -0.01400812 *
*    H      65     -0.00127095  -0.02298217   0.00399324 *
*    H      66     -0.02188122   0.00772955  -0.00123346 *
*    H      67      0.00991859   0.00317580  -0.02115672 *
*    C      68      0.15750331   0.03430967   0.06722634 *
*    C      69      0.04117300  -0.00253105   0.00402487 *
*    C      70      0.00212698   0.01122922   0.00800994 *
*    H      71      0.02040320   0.00628436   0.00943066 *
*    H      72     -0.00176573   0.01129236  -0.02026356 *
*    H      73     -0.01708530   0.00759303   0.01406497 *
*    C      74      0.00226361   0.00071663   0.00997669 *
*    H      75      0.02077779   0.00508044   0.00948354 *
*    H      76     -0.01657750   0.00697154   0.01492540 *
*    H      77     -0.00096567  -0.02316208  -0.00162492 *
*    C      78      0.00538814  -0.00481470  -0.01091854 *
*    H      79      0.02080274   0.00516509   0.00907203 *
*    H      80     -0.00039143  -0.02309091  -0.00375791 *
*    H      81     -0.00130154   0.01020359  -0.02098644 *
*    C      82     -0.07862599  -0.07910520  -0.13208491 *
*    C      83     -0.02884444  -0.01927969  -0.01969266 *
*    C      84      0.00457468  -0.01036706  -0.00127638 *
*    H      85     -0.01201172  -0.00739386   0.01849235 *
*    H      86     -0.00962577  -0.00989461  -0.01891319 *
*    H      87      0.02187080  -0.00827214   0.00225936 *
*    C      88      0.00173482   0.00029344  -0.01299461 *
*    H      89      0.00028378   0.02322632  -0.00263745 *
*    H      90      0.02201269  -0.00743380   0.00165788 *
*    H      91     -0.00885445  -0.00900915  -0.01960477 *
*    C      92     -0.00698168   0.00789988  -0.00259361 *
*    H      93     -0.00979549  -0.00998391  -0.01864691 *
*    H      94     -0.01337802  -0.00507721   0.01832446 *
*    H      95     -0.00086617   0.02326913  -0.00296942 *
*    C      96      0.09980114   0.10585089  -0.09814237 *
*    C      97      0.01028645   0.02568661  -0.03211379 *
*    C      98      0.01199207   0.00716781   0.00443092 *
*    H      99      0.01494808   0.01441888  -0.01056671 *
*    H     100     -0.01057670   0.01229397   0.01679518 *
*    H     101      0.01256193  -0.01695464   0.01006430 *
*    C     102      0.00731081  -0.00216950  -0.00286446 *
*    H     103      0.01376605   0.01441711  -0.01214360 *
*    H     104      0.01359023  -0.01670487   0.00899097 *
*    H     105     -0.01439824  -0.00981459  -0.01527129 *
*    C     106     -0.01045742   0.01242615   0.00170829 *
*    H     107      0.01415861   0.01458657  -0.01143016 *
*    H     108     -0.01583475  -0.00749749  -0.01526758 *
*    H     109     -0.01168855   0.01240632   0.01623607 *
*                                                        *
**********************************************************
TOTAL:              0.22371517   0.34664100   0.19099234
 
********************* Unconstrained **********************
************ NGWF non self-consistent forces *************
*                                                        *
* Element  Atom         Cartesian components (Eh/a)      *
* ------------------------------------------------------ *
*                       x            y            z      *
*                                                        *
*    Fe      1     -0.00003311   0.00031575  -0.00017019 *
*    Fe      2     -0.00006693  -0.00006948   0.00045173 *
*    Fe      3      0.00032638  -0.00019613  -0.00010573 *
*    O       4      0.00003794  -0.00001586  -0.00010209 *
*    O       5     -0.00004832  -0.00010437   0.00017580 *
*    H       6      0.00001847   0.00001726   0.00004697 *
*    H       7      0.00000095  -0.00002005   0.00000541 *
*    O       8      0.00015510  -0.00003531  -0.00007444 *
*    H       9      0.00000618  -0.00003125  -0.00002539 *
*    H      10      0.00001555  -0.00000226  -0.00002297 *
*    O      11     -0.00020845   0.00008196  -0.00004269 *
*    H      12     -0.00001893   0.00004647  -0.00001268 *
*    H      13     -0.00002241  -0.00000176   0.00000877 *
*    O      14      0.00033678   0.00032060  -0.00027987 *
*    O      15      0.00021075   0.00001524   0.00013796 *
*    O      16     -0.00012607  -0.00026223  -0.00031627 *
*    O      17      0.00002595  -0.00028938   0.00000314 *
*    O      18      0.00002217   0.00044384   0.00016431 *
*    O      19      0.00017899   0.00025590  -0.00023344 *
*    O      20     -0.00027522  -0.00000132   0.00013471 *
*    O      21     -0.00030333  -0.00017308  -0.00030613 *
*    O      22      0.00042223   0.00011806   0.00026668 *
*    O      23      0.00012515   0.00032800   0.00025298 *
*    O      24     -0.00012072  -0.00039888   0.00022101 *
*    O      25     -0.00029986  -0.00004399   0.00015242 *
*    C      26      0.00007280  -0.00003641   0.00000440 *
*    C      27     -0.00023949   0.00000434   0.00000093 *
*    C      28     -0.00000873   0.00001142  -0.00005618 *
*    H      29      0.00004956   0.00001375  -0.00001068 *
*    H      30      0.00000169   0.00002214  -0.00001034 *
*    H      31     -0.00001918  -0.00002321   0.00000203 *
*    C      32      0.00001390   0.00011115  -0.00003371 *
*    H      33      0.00006924   0.00001339  -0.00002135 *
*    H      34     -0.00003242  -0.00000503   0.00000841 *
*    H      35      0.00002674   0.00000707  -0.00000741 *
*    C      36      0.00006995   0.00001987   0.00002230 *
*    H      37      0.00001564   0.00001321  -0.00000517 *
*    H      38      0.00004933   0.00002521  -0.00001929 *
*    H      39     -0.00001137  -0.00001020  -0.00001913 *
*    C      40     -0.00001859  -0.00003117   0.00000571 *
*    C      41     -0.00004838   0.00019619   0.00008172 *
*    C      42     -0.00004624  -0.00010988   0.00000753 *
*    H      43      0.00001230  -0.00002828  -0.00001744 *
*    H      44      0.00000608  -0.00004735  -0.00004789 *
*    H      45     -0.00001262   0.00002887   0.00001850 *
*    C      46      0.00005417  -0.00004677   0.00002441 *
*    H      47     -0.00000171  -0.00002137   0.00000373 *
*    H      48      0.00001200   0.00001606   0.00000595 *
*    H      49      0.00000669  -0.00002011   0.00000056 *
*    C      50      0.00001113  -0.00005262  -0.00005220 *
*    H      51      0.00000940  -0.00002929  -0.00000875 *
*    H      52      0.00000916  -0.00005435  -0.00002871 *
*    H      53      0.00000995   0.00002521   0.00002296 *
*    C      54      0.00001902   0.00004331  -0.00004925 *
*    C      55     -0.00005379  -0.00023197   0.00006735 *
*    C      56      0.00005052   0.00003958  -0.00002198 *
*    H      57     -0.00001084  -0.00000696   0.00000401 *
*    H      58     -0.00000263   0.00001393  -0.00000049 *
*    H      59     -0.00000258   0.00003109  -0.00000425 *
*    C      60     -0.00002373   0.00006588   0.00000411 *
*    H      61     -0.00000569  -0.00004258   0.00000253 *
*    H      62      0.00001038   0.00005863  -0.00002260 *
*    H      63      0.00000140   0.00001909   0.00001119 *
*    C      64     -0.00001722   0.00010102   0.00004195 *
*    H      65     -0.00000240  -0.00002849   0.00001477 *
*    H      66     -0.00002019   0.00001789   0.00000171 *
*    H      67      0.00000150   0.00005550  -0.00003281 *
*    C      68     -0.00003565   0.00000342  -0.00002808 *
*    C      69      0.00021906  -0.00001418   0.00003518 *
*    C      70     -0.00002956  -0.00007563  -0.00007265 *
*    H      71      0.00003060  -0.00000008   0.00001677 *
*    H      72     -0.00002106   0.00001097  -0.00003208 *
*    H      73     -0.00005066  -0.00001100  -0.00003971 *
*    C      74     -0.00001690  -0.00000931  -0.00004421 *
*    H      75      0.00002889   0.00000996   0.00000176 *
*    H      76     -0.00003373  -0.00001016  -0.00001791 *
*    H      77     -0.00000624  -0.00002437  -0.00000568 *
*    C      78     -0.00007859  -0.00000355  -0.00004095 *
*    H      79      0.00003074   0.00000640  -0.00001060 *
*    H      80     -0.00002715  -0.00000647  -0.00001999 *
*    H      81     -0.00005590   0.00000217  -0.00004204 *
*    C      82     -0.00002462   0.00001278   0.00007642 *
*    C      83     -0.00010071  -0.00005849  -0.00015069 *
*    C      84      0.00004365   0.00007191   0.00007146 *
*    H      85      0.00001158   0.00000491   0.00003147 *
*    H      86     -0.00001611  -0.00001212  -0.00002067 *
*    H      87      0.00002725   0.00002542   0.00004446 *
*    C      88     -0.00002850   0.00000407   0.00011107 *
*    H      89      0.00000084   0.00002879   0.00002735 *
*    H      90      0.00002433   0.00000625   0.00004543 *
*    H      91     -0.00002211  -0.00002238  -0.00001533 *
*    C      92      0.00006221   0.00001755   0.00008976 *
*    H      93     -0.00000665  -0.00001529  -0.00000912 *
*    H      94     -0.00001144   0.00002004   0.00005402 *
*    H      95      0.00001965   0.00002510   0.00006145 *
*    C      96      0.00000636  -0.00000740   0.00002470 *
*    C      97      0.00009808   0.00012169  -0.00015021 *
*    C      98     -0.00008077  -0.00004829  -0.00003811 *
*    H      99      0.00000959   0.00000842  -0.00002302 *
*    H     100     -0.00001170  -0.00001317   0.00002268 *
*    H     101     -0.00002600  -0.00003801   0.00004940 *
*    C     102     -0.00008504  -0.00000086   0.00003453 *
*    H     103      0.00000409   0.00001090  -0.00000785 *
*    H     104     -0.00003807  -0.00000545   0.00001198 *
*    H     105     -0.00002023  -0.00001193   0.00000705 *
*    C     106     -0.00004953  -0.00009400   0.00002285 *
*    H     107      0.00000541   0.00002550  -0.00001688 *
*    H     108     -0.00001627  -0.00002118   0.00001643 *
*    H     109     -0.00004823  -0.00005549   0.00003941 *
*                                                        *
**********************************************************
TOTAL:              0.00004494   0.00028295   0.00032698
 
********************* Unconstrained **********************
********************** NLCC forces ***********************
*                                                        *
* Element  Atom         Cartesian components (Eh/a)      *
* ------------------------------------------------------ *
*                       x            y            z      *
*                                                        *
*    Fe      1     -0.00000000   0.00000000  -0.00000000 *
*    Fe      2     -0.00000000  -0.00000000   0.00000000 *
*    Fe      3      0.00000000  -0.00000000  -0.00000000 *
*    O       4     -0.00000005  -0.00000003  -0.00000003 *
*    O       5     -0.00000197  -0.00000023   0.00000150 *
*    H       6      0.00000000   0.00000000   0.00000000 *
*    H       7      0.00000000   0.00000000   0.00000000 *
*    O       8      0.00000215  -0.00000117   0.00000023 *
*    H       9      0.00000000   0.00000000   0.00000000 *
*    H      10      0.00000000   0.00000000   0.00000000 *
*    O      11     -0.00000110   0.00000026  -0.00000219 *
*    H      12      0.00000000   0.00000000   0.00000000 *
*    H      13      0.00000000   0.00000000   0.00000000 *
*    O      14      0.00000315   0.00000266  -0.00000331 *
*    O      15      0.00000461  -0.00000002   0.00000185 *
*    O      16     -0.00000077  -0.00000222  -0.00000433 *
*    O      17      0.00000116  -0.00000516   0.00000066 *
*    O      18     -0.00000088   0.00000488   0.00000176 *
*    O      19      0.00000155   0.00000313  -0.00000355 *
*    O      20     -0.00000480   0.00000013   0.00000099 *
*    O      21     -0.00000266  -0.00000156  -0.00000434 *
*    O      22      0.00000396  -0.00000049   0.00000331 *
*    O      23     -0.00000003   0.00000409   0.00000306 *
*    O      24     -0.00000028  -0.00000441   0.00000193 *
*    O      25     -0.00000451  -0.00000028   0.00000283 *
*    C      26      0.00402569   0.00136313  -0.00031228 *
*    C      27      0.00147403  -0.00014036   0.00017484 *
*    C      28      0.00032183   0.00005847  -0.00213954 *
*    H      29      0.00000000   0.00000000   0.00000000 *
*    H      30      0.00000000   0.00000000   0.00000000 *
*    H      31      0.00000000   0.00000000   0.00000000 *
*    C      32      0.00021551   0.00188675  -0.00055904 *
*    H      33      0.00000000   0.00000000   0.00000000 *
*    H      34      0.00000000   0.00000000   0.00000000 *
*    H      35      0.00000000   0.00000000   0.00000000 *
*    C      36      0.00101135  -0.00028635   0.00094207 *
*    H      37      0.00000000   0.00000000   0.00000000 *
*    H      38      0.00000000   0.00000000   0.00000000 *
*    H      39      0.00000000   0.00000000   0.00000000 *
*    C      40     -0.00002474  -0.00389644  -0.00220430 *
*    C      41      0.00063225  -0.00085778  -0.00116426 *
*    C      42     -0.00157655  -0.00107751   0.00024417 *
*    H      43      0.00000000   0.00000000   0.00000000 *
*    H      44      0.00000000   0.00000000   0.00000000 *
*    H      45      0.00000000   0.00000000   0.00000000 *
*    C      46      0.00082627  -0.00109567   0.00066899 *
*    H      47      0.00000000   0.00000000   0.00000000 *
*    H      48      0.00000000   0.00000000   0.00000000 *
*    H      49      0.00000000   0.00000000   0.00000000 *
*    C      50     -0.00008543   0.00041235  -0.00175131 *
*    H      51      0.00000000   0.00000000   0.00000000 *
*    H      52      0.00000000   0.00000000   0.00000000 *
*    H      53      0.00000000   0.00000000   0.00000000 *
*    C      54      0.00050511   0.00425687  -0.00117123 *
*    C      55      0.00054513   0.00099928  -0.00072408 *
*    C      56      0.00074190   0.00042014  -0.00095711 *
*    H      57      0.00000000   0.00000000   0.00000000 *
*    H      58      0.00000000   0.00000000   0.00000000 *
*    H      59      0.00000000   0.00000000   0.00000000 *
*    C      60     -0.00173129   0.00117260   0.00043654 *
*    H      61      0.00000000   0.00000000   0.00000000 *
*    H      62      0.00000000   0.00000000   0.00000000 *
*    H      63      0.00000000   0.00000000   0.00000000 *
*    C      64      0.00046151   0.00115269   0.00169811 *
*    H      65      0.00000000   0.00000000   0.00000000 *
*    H      66      0.00000000   0.00000000   0.00000000 *
*    H      67      0.00000000   0.00000000   0.00000000 *
*    C      68     -0.00411287  -0.00063183  -0.00151239 *
*    C      69     -0.00165269   0.00036233   0.00023450 *
*    C      70     -0.00032465  -0.00193738  -0.00072347 *
*    H      71      0.00000000   0.00000000   0.00000000 *
*    H      72      0.00000000   0.00000000   0.00000000 *
*    H      73      0.00000000   0.00000000   0.00000000 *
*    C      74     -0.00044708   0.00029980  -0.00158451 *
*    H      75      0.00000000   0.00000000   0.00000000 *
*    H      76      0.00000000   0.00000000   0.00000000 *
*    H      77      0.00000000   0.00000000   0.00000000 *
*    C      78     -0.00129583   0.00047181   0.00120568 *
*    H      79      0.00000000   0.00000000   0.00000000 *
*    H      80      0.00000000   0.00000000   0.00000000 *
*    H      81      0.00000000   0.00000000   0.00000000 *
*    C      82      0.00178729   0.00209089   0.00334337 *
*    C      83      0.00114415   0.00051624   0.00049454 *
*    C      84     -0.00025026   0.00176368   0.00008045 *
*    H      85      0.00000000   0.00000000   0.00000000 *
*    H      86      0.00000000   0.00000000   0.00000000 *
*    H      87      0.00000000   0.00000000   0.00000000 *
*    C      88     -0.00064277  -0.00042968   0.00178551 *
*    H      89      0.00000000   0.00000000   0.00000000 *
*    H      90      0.00000000   0.00000000   0.00000000 *
*    H      91      0.00000000   0.00000000   0.00000000 *
*    C      92      0.00135887  -0.00080523   0.00048992 *
*    H      93      0.00000000   0.00000000   0.00000000 *
*    H      94      0.00000000   0.00000000   0.00000000 *
*    H      95      0.00000000   0.00000000   0.00000000 *
*    C      96     -0.00240154  -0.00304818   0.00239711 *
*    C      97     -0.00012726  -0.00096092   0.00135380 *
*    C      98     -0.00144685  -0.00095600  -0.00098614 *
*    H      99      0.00000000   0.00000000   0.00000000 *
*    H     100      0.00000000   0.00000000   0.00000000 *
*    H     101      0.00000000   0.00000000   0.00000000 *
*    C     102     -0.00117786   0.00062355   0.00086454 *
*    H     103      0.00000000   0.00000000   0.00000000 *
*    H     104      0.00000000   0.00000000   0.00000000 *
*    H     105      0.00000000   0.00000000   0.00000000 *
*    C     106      0.00110141  -0.00165262   0.00033451 *
*    H     107      0.00000000   0.00000000   0.00000000 *
*    H     108      0.00000000   0.00000000   0.00000000 *
*    H     109      0.00000000   0.00000000   0.00000000 *
*                                                        *
**********************************************************
TOTAL:             -0.00114586   0.00007418   0.00095935
 
********************* Unconstrained **********************
****** Correction to ensure the total force is zero ******
*                                                        *
* Element  Atom         Cartesian components (Eh/a)      *
* ------------------------------------------------------ *
*                       x            y            z      *
*                                                        *
*    Fe      1      0.00000197  -0.00000147  -0.00000071 *
*    Fe      2      0.00000197  -0.00000147  -0.00000071 *
*    Fe      3      0.00000197  -0.00000147  -0.00000071 *
*    O       4      0.00000197  -0.00000147  -0.00000071 *
*    O       5      0.00000197  -0.00000147  -0.00000071 *
*    H       6      0.00000197  -0.00000147  -0.00000071 *
*    H       7      0.00000197  -0.00000147  -0.00000071 *
*    O       8      0.00000197  -0.00000147  -0.00000071 *
*    H       9      0.00000197  -0.00000147  -0.00000071 *
*    H      10      0.00000197  -0.00000147  -0.00000071 *
*    O      11      0.00000197  -0.00000147  -0.00000071 *
*    H      12      0.00000197  -0.00000147  -0.00000071 *
*    H      13      0.00000197  -0.00000147  -0.00000071 *
*    O      14      0.00000197  -0.00000147  -0.00000071 *
*    O      15      0.00000197  -0.00000147  -0.00000071 *
*    O      16      0.00000197  -0.00000147  -0.00000071 *
*    O      17      0.00000197  -0.00000147  -0.00000071 *
*    O      18      0.00000197  -0.00000147  -0.00000071 *
*    O      19      0.00000197  -0.00000147  -0.00000071 *
*    O      20      0.00000197  -0.00000147  -0.00000071 *
*    O      21      0.00000197  -0.00000147  -0.00000071 *
*    O      22      0.00000197  -0.00000147  -0.00000071 *
*    O      23      0.00000197  -0.00000147  -0.00000071 *
*    O      24      0.00000197  -0.00000147  -0.00000071 *
*    O      25      0.00000197  -0.00000147  -0.00000071 *
*    C      26      0.00000197  -0.00000147  -0.00000071 *
*    C      27      0.00000197  -0.00000147  -0.00000071 *
*    C      28      0.00000197  -0.00000147  -0.00000071 *
*    H      29      0.00000197  -0.00000147  -0.00000071 *
*    H      30      0.00000197  -0.00000147  -0.00000071 *
*    H      31      0.00000197  -0.00000147  -0.00000071 *
*    C      32      0.00000197  -0.00000147  -0.00000071 *
*    H      33      0.00000197  -0.00000147  -0.00000071 *
*    H      34      0.00000197  -0.00000147  -0.00000071 *
*    H      35      0.00000197  -0.00000147  -0.00000071 *
*    C      36      0.00000197  -0.00000147  -0.00000071 *
*    H      37      0.00000197  -0.00000147  -0.00000071 *
*    H      38      0.00000197  -0.00000147  -0.00000071 *
*    H      39      0.00000197  -0.00000147  -0.00000071 *
*    C      40      0.00000197  -0.00000147  -0.00000071 *
*    C      41      0.00000197  -0.00000147  -0.00000071 *
*    C      42      0.00000197  -0.00000147  -0.00000071 *
*    H      43      0.00000197  -0.00000147  -0.00000071 *
*    H      44      0.00000197  -0.00000147  -0.00000071 *
*    H      45      0.00000197  -0.00000147  -0.00000071 *
*    C      46      0.00000197  -0.00000147  -0.00000071 *
*    H      47      0.00000197  -0.00000147  -0.00000071 *
*    H      48      0.00000197  -0.00000147  -0.00000071 *
*    H      49      0.00000197  -0.00000147  -0.00000071 *
*    C      50      0.00000197  -0.00000147  -0.00000071 *
*    H      51      0.00000197  -0.00000147  -0.00000071 *
*    H      52      0.00000197  -0.00000147  -0.00000071 *
*    H      53      0.00000197  -0.00000147  -0.00000071 *
*    C      54      0.00000197  -0.00000147  -0.00000071 *
*    C      55      0.00000197  -0.00000147  -0.00000071 *
*    C      56      0.00000197  -0.00000147  -0.00000071 *
*    H      57      0.00000197  -0.00000147  -0.00000071 *
*    H      58      0.00000197  -0.00000147  -0.00000071 *
*    H      59      0.00000197  -0.00000147  -0.00000071 *
*    C      60      0.00000197  -0.00000147  -0.00000071 *
*    H      61      0.00000197  -0.00000147  -0.00000071 *
*    H      62      0.00000197  -0.00000147  -0.00000071 *
*    H      63      0.00000197  -0.00000147  -0.00000071 *
*    C      64      0.00000197  -0.00000147  -0.00000071 *
*    H      65      0.00000197  -0.00000147  -0.00000071 *
*    H      66      0.00000197  -0.00000147  -0.00000071 *
*    H      67      0.00000197  -0.00000147  -0.00000071 *
*    C      68      0.00000197  -0.00000147  -0.00000071 *
*    C      69      0.00000197  -0.00000147  -0.00000071 *
*    C      70      0.00000197  -0.00000147  -0.00000071 *
*    H      71      0.00000197  -0.00000147  -0.00000071 *
*    H      72      0.00000197  -0.00000147  -0.00000071 *
*    H      73      0.00000197  -0.00000147  -0.00000071 *
*    C      74      0.00000197  -0.00000147  -0.00000071 *
*    H      75      0.00000197  -0.00000147  -0.00000071 *
*    H      76      0.00000197  -0.00000147  -0.00000071 *
*    H      77      0.00000197  -0.00000147  -0.00000071 *
*    C      78      0.00000197  -0.00000147  -0.00000071 *
*    H      79      0.00000197  -0.00000147  -0.00000071 *
*    H      80      0.00000197  -0.00000147  -0.00000071 *
*    H      81      0.00000197  -0.00000147  -0.00000071 *
*    C      82      0.00000197  -0.00000147  -0.00000071 *
*    C      83      0.00000197  -0.00000147  -0.00000071 *
*    C      84      0.00000197  -0.00000147  -0.00000071 *
*    H      85      0.00000197  -0.00000147  -0.00000071 *
*    H      86      0.00000197  -0.00000147  -0.00000071 *
*    H      87      0.00000197  -0.00000147  -0.00000071 *
*    C      88      0.00000197  -0.00000147  -0.00000071 *
*    H      89      0.00000197  -0.00000147  -0.00000071 *
*    H      90      0.00000197  -0.00000147  -0.00000071 *
*    H      91      0.00000197  -0.00000147  -0.00000071 *
*    C      92      0.00000197  -0.00000147  -0.00000071 *
*    H      93      0.00000197  -0.00000147  -0.00000071 *
*    H      94      0.00000197  -0.00000147  -0.00000071 *
*    H      95      0.00000197  -0.00000147  -0.00000071 *
*    C      96      0.00000197  -0.00000147  -0.00000071 *
*    C      97      0.00000197  -0.00000147  -0.00000071 *
*    C      98      0.00000197  -0.00000147  -0.00000071 *
*    H      99      0.00000197  -0.00000147  -0.00000071 *
*    H     100      0.00000197  -0.00000147  -0.00000071 *
*    H     101      0.00000197  -0.00000147  -0.00000071 *
*    C     102      0.00000197  -0.00000147  -0.00000071 *
*    H     103      0.00000197  -0.00000147  -0.00000071 *
*    H     104      0.00000197  -0.00000147  -0.00000071 *
*    H     105      0.00000197  -0.00000147  -0.00000071 *
*    C     106      0.00000197  -0.00000147  -0.00000071 *
*    H     107      0.00000197  -0.00000147  -0.00000071 *
*    H     108      0.00000197  -0.00000147  -0.00000071 *
*    H     109      0.00000197  -0.00000147  -0.00000071 *
*                                                        *
**********************************************************
TOTAL:              0.00021493  -0.00016073  -0.00007741

********************* Unconstrained **********************
************************* Forces *************************
*                                                        *
* Element  Atom         Cartesian components (Eh/a)      *
* ------------------------------------------------------ *
*                       x            y            z      *
*                                                        *
*    Fe      1      0.00255561  -0.00424898   0.00336301 *
*    Fe      2      0.00110931   0.00055031  -0.00601934 *
*    Fe      3     -0.00413158   0.00364554   0.00246296 *
*    O       4      0.00032531   0.00024602   0.00020336 *
*    O       5     -0.00710796  -0.00022290   0.00655206 *
*    H       6      0.00181832  -0.00699192  -0.00618965 *
*    H       7      0.00838352   0.00390546   0.00203769 *
*    O       8      0.00841155  -0.00583169   0.00056521 *
*    H       9     -0.00019015   0.00967541  -0.00105790 *
*    H      10     -0.00784689  -0.00313635  -0.00444992 *
*    O      11     -0.00423809   0.00158102  -0.00875559 *
*    H      12     -0.00359028  -0.00587578   0.00647260 *
*    H      13      0.00444682   0.00680141   0.00500406 *
*    O      14      0.00066999  -0.00700616   0.01235229 *
*    O      15     -0.00877029   0.00432959  -0.01140220 *
*    O      16      0.00419970  -0.00256965   0.01417763 *
*    O      17     -0.00525390   0.01047711  -0.01012280 *
*    O      18      0.00535858  -0.00754595  -0.01145431 *
*    O      19     -0.00570998  -0.00061004   0.01379451 *
*    O      20      0.00933690  -0.00322250  -0.00999641 *
*    O      21     -0.00171954   0.00472956   0.01430500 *
*    O      22     -0.01091628   0.00911367  -0.00400847 *
*    O      23      0.00733180  -0.01258406  -0.00311671 *
*    O      24     -0.00677947   0.01201143  -0.00067445 *
*    O      25      0.01232845  -0.00781936  -0.00476072 *
*    C      26      0.01116044   0.00331172  -0.00166319 *
*    C      27      0.00151630   0.00029594   0.00001960 *
*    C      28     -0.00002282  -0.00031455  -0.00060057 *
*    H      29     -0.00250727   0.00126732  -0.00330160 *
*    H      30      0.00036763  -0.00421290  -0.00033404 *
*    H      31      0.00396322   0.00154501  -0.00105189 *
*    C      32      0.00033912   0.00054230   0.00003464 *
*    H      33     -0.00262107   0.00174996  -0.00301755 *
*    H      34      0.00390176   0.00193968  -0.00069100 *
*    H      35     -0.00126320   0.00150373   0.00375448 *
*    C      36      0.00047463  -0.00002235   0.00005092 *
*    H      37      0.00046833  -0.00431604   0.00015272 *
*    H      38     -0.00096628   0.00111096   0.00405615 *
*    H      39      0.00406554   0.00155897  -0.00054233 *
*    C      40      0.00086808  -0.01052355  -0.00457599 *
*    C      41      0.00039655  -0.00100223  -0.00122137 *
*    C      42     -0.00056179  -0.00014273  -0.00007513 *
*    H      43     -0.00348486   0.00218381  -0.00135034 *
*    H      44     -0.00066308  -0.00059904   0.00419502 *
*    H      45     -0.00041607  -0.00404510  -0.00176109 *
*    C      46      0.00046965  -0.00026167   0.00008214 *
*    H      47      0.00387210   0.00158103  -0.00067880 *
*    H      48     -0.00005034  -0.00402641  -0.00187094 *
*    H      49     -0.00016352  -0.00083315   0.00430208 *
*    C      50      0.00016582  -0.00007538  -0.00038598 *
*    H      51      0.00370208   0.00181390  -0.00129740 *
*    H      52     -0.00330888   0.00223309  -0.00193645 *
*    H      53     -0.00018890  -0.00384906  -0.00206330 *
*    C      54      0.00105502   0.01099268  -0.00314482 *
*    C      55      0.00040702   0.00115715  -0.00053923 *
*    C      56     -0.00004880   0.00029991  -0.00025943 *
*    H      57      0.00042752   0.00425460  -0.00099783 *
*    H      58     -0.00205108  -0.00175691  -0.00338953 *
*    H      59      0.00407565  -0.00159407  -0.00034594 *
*    C      60     -0.00043898   0.00025026  -0.00015556 *
*    H      61     -0.00003138   0.00435226  -0.00089170 *
*    H      62     -0.00216073  -0.00039997   0.00375181 *
*    H      63     -0.00244406  -0.00166244  -0.00300324 *
*    C      64      0.00025897   0.00044644   0.00011361 *
*    H      65      0.00031159   0.00433260  -0.00059440 *
*    H      66      0.00413656  -0.00138115   0.00033660 *
*    H      67     -0.00166069  -0.00033502   0.00404729 *
*    C      68     -0.01019464  -0.00191756  -0.00566505 *
*    C      69     -0.00145545  -0.00034667  -0.00026296 *
*    C      70     -0.00008207  -0.00048900  -0.00013165 *
*    H      71     -0.00386354  -0.00128604  -0.00179529 *
*    H      72      0.00041064  -0.00225492   0.00370065 *
*    H      73      0.00300153  -0.00160337  -0.00265156 *
*    C      74     -0.00027851   0.00031837  -0.00032302 *
*    H      75     -0.00397921  -0.00079799  -0.00196763 *
*    H      76      0.00307840  -0.00120855  -0.00291692 *
*    H      77      0.00014200   0.00424522   0.00014497 *
*    C      78     -0.00065313   0.00008061   0.00002674 *
*    H      79     -0.00400581  -0.00084823  -0.00147096 *
*    H      80     -0.00016187   0.00424943   0.00065987 *
*    H      81     -0.00002293  -0.00187584   0.00390984 *
*    C      82      0.00518084   0.00532043   0.00880842 *
*    C      83      0.00101653   0.00082805   0.00112747 *
*    C      84      0.00032117   0.00041283   0.00000750 *
*    H      85      0.00223157   0.00142163  -0.00338039 *
*    H      86      0.00179102   0.00196723   0.00352908 *
*    H      87     -0.00404567   0.00182832  -0.00041534 *
*    C      88     -0.00033107  -0.00042074   0.00055944 *
*    H      89     -0.00012278  -0.00420521   0.00063590 *
*    H      90     -0.00411573   0.00129314  -0.00020405 *
*    H      91      0.00165380   0.00168996   0.00373010 *
*    C      92      0.00042816  -0.00010951   0.00028202 *
*    H      93      0.00195005   0.00177169   0.00347670 *
*    H      94      0.00258636   0.00096184  -0.00335490 *
*    H      95      0.00047155  -0.00429913   0.00058010 *
*    C      96     -0.00715409  -0.00620571   0.00685692 *
*    C      97     -0.00099336  -0.00086183   0.00120623 *
*    C      98     -0.00017950  -0.00026456  -0.00036088 *
*    H      99     -0.00291202  -0.00273832   0.00179411 *
*    H     100      0.00167752  -0.00227504  -0.00319333 *
*    H     101     -0.00253639   0.00290528  -0.00195756 *
*    C     102     -0.00024662   0.00012634   0.00033904 *
*    H     103     -0.00266856  -0.00252558   0.00229093 *
*    H     104     -0.00262444   0.00321687  -0.00146981 *
*    H     105      0.00251660   0.00173443   0.00273813 *
*    C     106      0.00029468  -0.00059140   0.00051226 *
*    H     107     -0.00247243  -0.00283924   0.00217422 *
*    H     108      0.00287544   0.00132105   0.00278146 *
*    H     109      0.00210074  -0.00249908  -0.00278912 *
*                                                        *
**********************************************************
* TOTAL:            0.00000000  -0.00000000   0.00000000 *
**********************************************************
 
 
***********************************************************
********** Summary of Forces (values in Eh/a) *************
*                                                         *
* ---------------------- Minimum ------------------------ *
* Atom:        56, |F|min =    0.00039954                 *
* Components:     Fx|min       Fy|min       Fz|min        *
*              -0.00004880   0.00029991  -0.00025943      *
*                                                         *
* ---------------------- Maximum ------------------------ *
* Atom:        17, |F|max =    0.01548691                 *
* Components:     Fx|max       Fy|max       Fz|max        *
*              -0.00525390   0.01047711  -0.01012280      *
*                                                         *
* ---------------- Root Mean Square Force --------------- *
*                  |F|rms =    0.00705995                 *
* Components:     Fx|rms       Fy|rms       Fz|rms        *
*               0.00387804   0.00395255   0.00437962      *
***********************************************************
 

------------------------------ TIMING INFORMATION ------------------------------
AVERAGE TIME:   12737.497s on      6 proc(s)                                    
TOTAL TIME:     12737.497s on      6 proc(s)                                    
==================== AVERAGE TIMINGS FROM ALL PROCS (CUMULATIVE) =====================
|| TAG                                         #calls     cpu time   %total  Gflops ||
|| onetep.F90 main loop imbalance             :     1        0.00s   0.000%  ------ ||
|| hash_table_free                            :    27        0.00s   0.000%  ------ ||
|| sparse_blacstospam3_real_fast_imbal        :    24        0.00s   0.000%  ------ ||
|| sparse_spam3toblacs_real_fast_imbal        :     6        0.00s   0.000%  ------ ||
|| density_fftbox_interp_mult_imbal           : 14112        0.00s   0.000%  ------ ||
|| sw_bessel_init_cpu                         :     1        0.01s   0.000%  ------ || (1 procs only)
|| sparse_spam3toblacs_real_fast_B2           :    36        0.00s   0.000%  ------ ||
|| ewald_calculate_forces_realspace           :     1        0.01s   0.000%  ------ ||
|| onetep.F90 final imbalance                 :     1        0.01s   0.000%  ------ ||
|| ewald_calculate_energy                     :     1        0.02s   0.000%  ------ ||
|| sparse_spam3toblacs_real_fast_B1           :    36        0.03s   0.000%  ------ ||
|| paw_dij_hartree                            :   159        0.03s   0.000%  ------ ||
|| sparse_set_to_garbage                      :   318        0.04s   0.000%  ------ ||
|| ewald_calculate_forces_recipspace          :     1        0.04s   0.000%  ------ ||
|| sparse_init                                :     1        0.05s   0.000%  ------ ||
|| paw_tcore_density                          :     1        0.05s   0.000%  ------ ||
|| linalg_dgemv                               :    80        0.05s   0.000%  ------ ||
|| sparse_spam3toblacs_real_fast              :     6        0.05s   0.000%  ------ ||
|| sw_init                                    :   299        0.07s   0.001%  ------ ||
|| sparse_blacstospam3_real_fast              :    24        0.09s   0.001%  ------ ||
|| ewald_calculate_forces                     :     1        0.13s   0.001%  ------ ||
|| basis_extract_function_from_box            :  2641        0.17s   0.001%  ------ ||
|| dense_eigensolve                           :     2        0.20s   0.002%  ------ ||
|| augmentation_density_forces                :     1        0.25s   0.002%  ------ ||
|| palser_mano_kernel_optimise_spam3_embed    :     2        0.29s   0.002%  ------ ||
|| restart_kernel_write                       :    15        0.29s   0.002%  ------ ||
|| sparse_embed_array_hotelling_invert        :    27        0.44s   0.003%  ------ ||
|| paw_tcore_hartree_on_grid                  :     1        0.65s   0.005%  ------ ||
|| ngwfs_initialise_from_radial               :     2        0.85s   0.007%  ------ ||
|| pseudo_make_structure_factor               :     1        0.86s   0.007%  ------ ||
|| kernel_purify                              :   224        1.28s   0.010%  ------ ||
|| paw_sphere_density_on_grid                 :     1        1.28s   0.010%  ------ ||
|| sparse_trace                               :  6236        1.58s   0.012%  ------ ||
|| lnv_gradient_norm                          :    70        1.58s   0.012%  ------ ||
|| paw_dataset_init                           :     4        1.79s   0.014%  ------ ||
|| kernel_fix                                 :    70        2.27s   0.018%  ------ ||
|| paw_tcore_hartree_calc_forces              :     1        2.51s   0.020%  ------ ||
|| integrals_grad_spam3                       :     2        4.27s   0.034%  ------ ||
|| nonsc_forces_ngwfs_calc                    :     1        4.29s   0.034%  ------ ||
|| paw_species_calc_proj_prec_mat             :     1        4.76s   0.037%  ------ ||
|| ngwf_gradient_coeffs                       :    14        4.97s   0.039%  ------ ||
|| paw_nlcc_calculate_forces                  :     1        6.48s   0.051%  ------ ||
|| energy_and_force_init_cell                 :     1        7.49s   0.059%  ------ ||
|| function_ops_brappd_ketppd_spam3           :    54        8.20s   0.064%  ------ ||
|| restart_ngwfs_tightbox_output              :    13        8.46s   0.066%  ------ ||
|| sparse_product                             :  8746       11.86s   0.093%  ------ ||
|| eigenstates_calculate                      :     1       14.25s   0.112%  ------ ||
|| projectors_func_grad_ovlp_box_spam3        :     6       24.74s   0.194%  ------ ||
|| aug_nl_calculate_forces                    :     1       25.25s   0.198%  ------ ||
|| augmentation_screen_dij_spam3              :   151       30.21s   0.237%  ------ ||
|| basis_copy_function_to_box                 : 26224       38.10s   0.299%  ------ ||
|| aug_nonlocal_mat_spam3_embed_array         :   144       39.90s   0.313%  ------ ||
|| paw_dij_xc                                 :   159       42.29s   0.332%  ------ ||
|| fourier_apply_box_pair                     :  3985       53.31s   0.419%  85.286 ||
|| cell_grid_extract_box_real                 : 14962       65.71s   0.516%  ------ ||
|| fourier_filter_cell                        :   184       69.91s   0.549%  22.990 ||
|| integrals_kinetic_spam3                    :    54       71.09s   0.558%  ------ ||
|| aug_density_on_grid_spam3                  :   147       72.94s   0.573%  ------ ||
|| forces_calculate                           :     1       92.92s   0.730%  ------ ||
|| basis_dot_function_with_box                : 3.394M      96.95s   0.761%  ------ ||
|| hartree_on_grid_single                     :   146       97.69s   0.767%  ------ ||
|| density_init_guess_real                    :     2       98.02s   0.770%  ------ ||
|| projectors_init_fftbox_recip               :   229      102.60s   0.806%  ------ ||
|| integrals_locpot_mat_els_batch             :   468      106.99s   0.840%  ------ ||
|| fourier_interpolate_cell                   :   294      120.06s   0.943%  21.391 ||
|| density_batch_row_sums                     :   882      131.37s   1.031%  ------ ||
|| cell_grid_deposit_box_real                 : 21284      131.98s   1.036%  ------ ||
|| basis_add_function_to_box                  : 5.317M     176.43s   1.385%  ------ ||
|| projectors_func_ovlp_box_spam3             :    54      193.93s   1.523%  ------ ||
|| hamiltonian_energy_components              :     3      247.84s   1.946%  ------ ||
|| density_fftbox_deposit_to_cell             : 14112      283.09s   2.222%  ------ ||
|| properties_calculate                       :     1      291.73s   2.290%  ------ ||
|| fourier_apply_cell_forward                 :  1315      370.17s   2.906%  27.923 ||
|| fourier_filter                             :  5064      416.04s   3.266%  ------ ||
|| fourier_apply_cell_backward                :  1315      446.52s   3.506%  23.149 ||
|| xc_energy_potential                        :   146      886.14s   6.957%  ------ ||
|| fourier_interpolate                        :  5064     1017.65s   7.989%  ------ ||
|| projectors_gradient_batch                  :    84     1247.47s   9.794%  ------ ||
|| potential_apply_to_ngwf_batch              :   468     1666.62s  13.084%  ------ ||
|| integrals_locpot_dbl_grid                  :   156     1773.85s  13.926%  ------ ||
|| fourier_interpolate_product                : 13867     2357.18s  18.506%  ------ ||
|| fourier_apply_box                          : 90186     2529.27s  19.857% 117.098 ||
|| density_fftbox_interpolate_multiply        : 14112     2541.66s  19.954%  ------ ||
|| projectors_grad_precond_batch              :    84     2981.92s  23.411%  ------ ||
|| density_batch_interp_deposit               :   882     3158.10s  24.794%  ------ ||
|| density_on_dbl_grid                        :   294     3476.63s  27.294%  ------ ||
|| hamiltonian_lhxc_calculate                 :   141     4677.52s  36.722%  ------ ||
|| ngwf_gradient_build_batch                  :    84     4688.15s  36.806%  ------ ||
|| ngwf_gradient_batch                        :    84     5066.46s  39.776%  ------ ||
|| ngwf_gradient_lnv                          :    14     5250.22s  41.219%  ------ ||
|| lnv_denskernel_optimise_cg                 :    14     5886.68s  46.215%  ------ ||
|| ngwf_cg_optimise                           :     1    12191.28s  95.712%  ------ ||
|| energy_and_forces                          :     1    12729.34s  99.936%  ------ ||
|| total_time                                 :     1    12737.50s 100.000%  ------ ||
======================================================================================
Overhead of generating timer report: 
- 0 ms averaging over threads,
- 1 ms ensuring consistency across MPI ranks,
- 26 ms printing in order.

Job completed: 24-10-2025 14:32 (+0100)

onetep_launcher: ONETEP seems to have finished correctly (zero exit code).
                 Brought to you by PID 153001 on nid002077.
