==================================================================================
It's Fri 24 Oct 2025 11:00:01 AM BST.
*** Starting onetep_launcher (node nid002075, PIDs 172187 172188 172189 172190 172191 172192)...
    - ONETEP arguments: Fe3_O_piv_6_H2O_3_HighSpin.dat
    - Current directory: /mnt/lustre/a2fs-work3/work/e89/e89/phsmea/onetep_ali_PBE/Fe3_O_Piv_6_H2O_3/HS/nsp
    - Launcher executable directory: /mnt/lustre/a2fs-work3/work/e89/e89/phsmea/onetep_ali
    - (-e) ONETEP executable specified through command-line: /work/e89/e89/phsmea/onetep.archer2_2024_cray_2
      ... trying /work/e89/e89/phsmea/onetep.archer2_2024_cray_2
          -> looks OK
*** Setting up environment...
    - (-s) Process stack size: unlimited
    - (-t) OMP_NUM_THREADS: 8
    - (-o) OMP_STACKSIZE: 64M
    - (-c) Maximum core file size: 2048000
    - (-d) decfort_dump_flag: n
    - (-m) I_MPI_OFA_TRANSLATION_CACHE: 0
    - (-m) I_MPI_DAPL_TRANSLATION_CACHE: 0
    - (-m) I_MPI_DAPL_UD_TRANSLATION_CACHE: 0
*** Starting ONETEP...
    - /work/e89/e89/phsmea/onetep.archer2_2024_cray_2 Fe3_O_piv_6_H2O_3_HighSpin.dat
=================================================================================
_________________________________________________________________________________
 +---------------------------------------------------------------+
 |                                                               |
 |        ####### #     # ####### ####### ####### ######         |
 |        #     # ##    # #          #    #       #     #        |
 |        #     # # #   # #          #    #       #     #        |
 |        #     # #  #  # #####      #    #####   ######         |
 |        #     # #   # # #          #    #       #              |
 |        #     # #    ## #          #    #       #              |
 |        ####### #     # #######    #    ####### #              |
 |                                                               |
 |        Linear-Scaling Ab Initio Total Energy Program          |
 |                                                               |
 |          Release for academic collaborators of ODG            |
 |                                             Version 7.3.0     |
 | Remote: git@github.com:Miesaz/onetep_mea.git                  |
 | Local branch: master                                          |
 | Commit ID: 4af45e89288c8df5499704252eec3e032ee3d0c8           |
 | Date: Tue Aug 6 11:28:44 2024 +0100                           |
 | Locally modified files:                                       |
 |   src/hubbard_build_mod.F90                                   |
 |   src/services_mod.F90                                        |
 |                                                               |
 +---------------------------------------------------------------+
 |                                                               |
 |  Authors:                                                     |
 |  Jacek Dziedzic, Peter D. Haynes, Nicholas D. M. Hine,        |
 |  Arash A. Mostofi, Mike C. Payne and Chris-Kriton Skylaris    |
 |                                                               |
 |  Contributors:                                                |
 |  J. Aarons, L. Andrinopoulos, P. W. Avraam, R. A. Bell,       |
 |  A. Bhandari, G. A. Bramley, R. J. Charlton, S. J. Clark,     |
 |  R. J. Clements, G. C. Constantinescu, F. Corsetti,           |
 |  N. Corsini, O. Dieguez, S. M. M. Dubois, K. K. B. Duff,      |
 |  J. M. Escartin, M. Escobar Azor, A. Greco,                   |
 |  H. Helal, Q. O. Hill, L. P. Lee, J.-H. Li,                   |
 |  T. Li, E. B. Linscott, G. Moynihan, D. D. O`Regan,           |
 |  O. K. Okan, E. Parkinson, M. J. S. Phipps,                   |
 |  C. J. Pickard, J. C. A. Prentice, M. I. J. Probert,          |
 |  L. E. Ratcliff, M. Robinson, A. Ruiz Serrano,                |
 |  M. dos Santos Dias, J. S. Spencer, E. W. Tait,               |
 |  G. Teobaldi, D. Turban, V. Vitale, K. A. Wilkinson,          |
 |  C. Weber, J. C. Womack, Chengcheng Xiao, N. Yeung,           |
 |  and T. J. Zuehlsdorff.                                       |
 |                                                               |
 |                                   Copyright (c) 2004-2025     |
 |                                                               |
 |  Please cite:                                                 |
 |  "The ONETEP linear-scaling density functional theory program"|
 |   J. Chem. Phys. 152(17) 174111 (2020)                        |
 |                                                               |
 |          in all publications arising from your use of ONETEP. |
 |                                                               |
 +---------------------------------------------------------------+
 |                                                               |
 |   ONETEP is based on developments described in the following  |
 |   publications:                                               |
 |                                                               |
 |  "Nonorthogonal generalized Wannier function pseudopotential  |
 |   plane-wave method".                                         |
 |   C.-K. Skylaris, A. A. Mostofi, P. D. Haynes, O. Dieguez,    |
 |   M. C. Payne.                                                |
 |   Phys. Rev. B 66 035119 (2002).                              |
 |                                                               |
 |  "Preconditioned iterative minimization for linear-scaling    |
 |   electronic structure calculations".                         |
 |   A. A. Mostofi, P. D. Haynes, C.-K. Skylaris, M. C. Payne.   |
 |   J. Chem. Phys. 119(17), pp.8842-8848 (2003).                |
 |                                                               |
 |  "Total-energy calculations on a real space grid with         |
 |   localized functions and a plane-wave basis".                |
 |   A. A. Mostofi, C.-K. Skylaris, P. D. Haynes, M. C. Payne.   |
 |   Comput. Phys. Commun. 147, pp.788-802 (2002).               |
 |                                                               |
 |  "Accurate kinetic energy evaluation in electronic structure  |
 |   calculations with localized functions on real space grids"  |
 |   C.-K. Skylaris, A. A. Mostofi, P. D. Haynes, C. J. Pickard, |
 |   M. C. Payne.                                                |
 |   Comput. Phys. Commun. 140, pp.315-322 (2001).               |
 |                                                               |
 |  "Accurate ionic forces and geometry optimization in linear-  |
 |   scaling density-functional theory with local orbitals"      |
 |   N. D. M. Hine, M. Robinson, P. D. Haynes, C.-K. Skylaris,   |
 |   M. C. Payne, and A. A. Mostofi.                             |
 |   Phys. Rev. B 83 195102 (2011).                              |
 |                                                               |
 +---------------------------------------------------------------+

Job started: 24-10-2025 11:00 (+0100)
 
Reading parameters from file "Fe3_O_piv_6_H2O_3_HighSpin.dat" ...... done

If your calculation crashes here, before "Checking processes and threads..."
is displayed, then your stack size is insufficient.
If so, use "ulimit -s unlimited" at runtime.
You can disable this check with "check_stack_size F".

Checking processes and threads...
   Determining the default number of threads...
      No default threads set at compilation time: defaulting to 1.
      OpenMP library call suggests 8 threads.
      Hybrid MPI-OpenMP compilation detected.
      Number of MPI processes > 1.
      OMP_NUM_THREADS environment variable present and
      its value matches the one obtained from the OpenMP library call.
      Using this value as default.
      Default threads: 8
      Default applies to threads_max and threads_num_fftboxes.
      Settings in the input file override this default.
   ... done

   Running with 6 MPI processes.
   There are 6 MPI processes running on the same node as the root process.
   Each MPI process is using: 
               1 threads for simulation cell FFTs.
               1 threads for threaded FFT box operations.
               8 threads for loops over batched FFT box operations.
               8 threads in other parallel regions.
   MPI Interface: S1 (use mpi_f08) (-DMPI -DUSE_MPI_F08).
   MPI_ASYNC_PROTECTS_NONBLOCKING: Yes. MPI_SUBARRAYS_SUPPORTED: Yes.
   FFTW Interface: OMP-capable and MODERN. (-DUSE_MODERN_FFTW specified).
   GPU Interface: None.
   GPU FFT Backend: None.
... done

Basic input checks...... done

Reading geometry and species blocks from file "Fe3_O_piv_6_H2O_3_HighSpin.dat" ...   
  Number of PPD points along a3 set to 1.  This is 
  the default value, it may have been provided also in the input file.
... done


--------------------------------------------------------------------------------
---------------------------------- INPUT FILE ----------------------------------
--------------------------------------------------------------------------------

charge : 1                                                                      
cutoff_energy : 800 eV                                                          
do_properties : T                                                               
edft : F                                                                        
fine_grid_scale : 4                                                             
forces_output_detail : VERBOSE                                                  
output_detail : VERBOSE                                                         
paw : T                                                                         
pseudo_path : ../../..                                                          
spin : 15                                                                       
task : SINGLEPOINT                                                              
write_denskern : T                                                              
write_forces : T                                                                
write_tightbox_ngwfs : T                                                        
xc_functional : pbe                                                             
%BLOCK LATTICE_CART                                                             
ang                                                                             
32.50833397       0.00000000       0.00000000                                   
0.00000000      31.98669797       0.00000000                                    
0.00000000       0.00000000      30.19651969                                    
%ENDBLOCK LATTICE_CART                                                          
%BLOCK POSITIONS_ABS                                                            
ang                                                                             
Fe    17.359051    14.728666    15.390070                                       
Fe    16.445998    16.166781    12.566758                                       
Fe    15.006795    17.034042    15.407719                                       
O    16.261370    15.969840    14.450271                                        
O    18.679788    13.306069    16.346460                                        
H    18.864125    12.607263    15.707430                                        
H    19.521598    13.722892    16.562878                                        
O    16.571234    16.527857    10.433985                                        
H    16.562755    17.488045    10.333527                                        
H    15.777844    16.194233    10.000000                                        
O    13.591243    18.174076    16.592086                                        
H    13.222494    17.567365    17.245664                                        
H    14.054598    18.864349    17.079474                                        
O    19.072659    15.411941    14.531216                                        
O    18.426335    16.359677    12.623950                                        
O    17.274902    13.253516    14.014396                                        
O    16.577272    14.216448    12.134273                                        
O    16.302639    18.207917    12.552697                                        
O    15.421128    18.767801    14.517443                                        
O    14.457052    16.054950    12.205048                                        
O    13.514753    16.656399    14.130483                                        
O    16.313026    17.565855    16.878604                                        
O    17.787052    15.900408    16.955004                                        
O    14.334150    15.544356    16.602961                                        
O    15.825122    13.906780    16.378393                                        
C    19.297999    16.081171    13.491134                                        
C    20.705550    16.616684    13.248282                                        
C    21.170229    16.160075    11.863320                                        
H    20.485195    16.497496    11.085394                                        
H    21.245394    15.071152    11.807484                                        
H    22.159888    16.573720    11.657677                                        
C    20.615132    18.147108    13.280787                                        
H    19.920313    18.514102    12.524358                                        
H    21.600872    18.572445    13.080025                                        
H    20.287862    18.507026    14.259935                                        
C    21.675129    16.129226    14.316056                                        
H    21.755889    15.040436    14.315333                                        
H    21.367074    16.447648    15.313390                                        
H    22.668653    16.538240    14.120337                                        
C    16.935263    13.212402    12.800150                                        
C    16.912590    11.848598    12.119375                                        
C    15.558466    11.220941    12.481349                                        
H    14.729685    11.826211    12.107276                                        
H    15.451375    11.109344    13.562304                                        
H    15.485477    10.230414    12.026875                                        
C    18.043550    10.972123    12.651697                                        
H    19.021484    11.417858    12.453064                                        
H    18.015382    10.000000    12.155319                                        
H    17.947309    10.804149    13.724898                                        
C    17.029237    11.998937    10.606784                                        
H    17.967286    12.481891    10.324631                                        
H    16.209712    12.591448    10.200464                                        
H    17.003572    11.012307    10.139343                                        
C    15.912013    19.057972    13.393229                                        
C    16.018183    20.540411    13.050046                                        
C    16.702609    20.750745    11.706241                                        
H    16.790770    21.820565    11.505940                                        
H    16.128621    20.307187    10.889998                                        
H    17.705640    20.320762    11.694748                                        
C    14.593844    21.105573    13.008262                                        
H    14.632597    22.172223    12.777137                                        
H    14.089196    20.978361    13.966572                                        
H    13.994500    20.617591    12.235214                                        
C    16.817038    21.231384    14.158801                                        
H    16.867996    22.303316    13.956366                                        
H    17.840547    20.850946    14.206951                                        
H    16.348627    21.084549    15.132100                                        
C    13.453052    16.240006    12.946254                                        
C    12.082793    15.911869    12.361373                                        
C    12.029622    14.389225    12.180908                                        
H    11.071265    14.109381    11.737984                                        
H    12.118319    13.872725    13.139969                                        
H    12.828231    14.041669    11.523459                                        
C    11.943985    16.596639    11.000798                                        
H    10.972970    16.348722    10.567177                                        
H    12.719302    16.267012    10.308433                                        
H    12.000096    17.684076    11.094169                                        
C    10.966474    16.365059    13.292649                                        
H    10.000000    16.114584    12.849797                                        
H    10.996033    17.443337    13.458629                                        
H    11.033279    15.875529    14.264981                                        
C    17.315911    16.991011    17.374687                                        
C    17.971220    17.631145    18.594770                                        
C    17.954097    19.152205    18.463913                                        
H    18.525180    19.484518    17.593705                                        
H    18.404380    19.600136    19.352197                                        
H    16.937666    19.533406    18.366667                                        
C    17.125206    17.204026    19.802924                                        
H    17.113027    16.117352    19.915066                                        
H    16.095955    17.557444    19.711806                                        
H    17.550248    17.631690    20.713652                                        
C    19.401219    17.132868    18.769815                                        
H    19.847669    17.607725    19.646050                                        
H    20.018613    17.378360    17.902819                                        
H    19.432604    16.052948    18.915927                                        
C    14.738641    14.366389    16.810659                                        
C    13.825602    13.430275    17.594164                                        
C    12.824010    12.870095    16.573101                                        
H    12.129316    12.197336    17.080734                                        
H    13.333651    12.302513    15.791026                                        
H    12.245711    13.670580    16.106880                                        
C    13.077271    14.202575    18.678231                                        
H    12.436463    13.516679    19.236125                                        
H    12.444863    14.981422    18.251032                                        
H    13.767310    14.665305    19.388415                                        
C    14.623350    12.289111    18.214296                                        
H    13.944560    11.617526    18.744269                                        
H    15.359394    12.659043    18.931469                                        
H    15.153904    11.713816    17.455991                                        
%ENDBLOCK POSITIONS_ABS                                                         
%BLOCK SPECIES                                                                  
C C 6 -1 10.0                                                                   
Fe Fe 26 -1 10.0                                                                
H H 1 -1 10.0                                                                   
O O 8 -1 10.0                                                                   
%ENDBLOCK SPECIES                                                               
%BLOCK SPECIES_ATOMIC_SET                                                       
C  "SOLVE"                                                                      
Fe "SOLVE INIT SPIN=5"                                                          
H  "SOLVE"                                                                      
O  "SOLVE"                                                                      
%ENDBLOCK SPECIES_ATOMIC_SET                                                    
%BLOCK SPECIES_POT                                                              
C C.PBE-paw.abinit                                                              
Fe Fe.PBE-paw.abinit                                                            
H H.PBE-paw.abinit                                                              
O O.PBE-paw.abinit                                                              
%ENDBLOCK SPECIES_POT                                                           

--------------------------------------------------------------------------------
-------------------------------- END INPUT FILE --------------------------------
--------------------------------------------------------------------------------


 
 ESDF WARNING(1): "charge" (esdf_physical) has no units. Assume "e".
<<<<<<<<<<<<<<<<<<<<<<<<<<<<<<<<< Full system >>>>>>>>>>>>>>>>>>>>>>>>>>>>>>>>>>
<<<<<<<<<<<<<<<<<<<<<<<<<<< PAW Dataset information >>>>>>>>>>>>>>>>>>>>>>>>>>>
File: Fe.PBE-paw.abinit; rc = 2.12 bohr; shape type =  2; rshape = 1.81 bohr;
  Atomic number: 26;  ionic charge: 16.000000
    Partial Wave 1: l = 0
    Partial Wave 2: l = 0
    Partial Wave 3: l = 1
    Partial Wave 4: l = 1
    Partial Wave 5: l = 2
    Partial Wave 6: l = 2
  Core charge supplied for Nonlinear Core Corrections
File: O.PBE-paw.abinit; rc = 1.41 bohr; shape type =  2; rshape = 1.20 bohr;
  Atomic number:  8;  ionic charge:  6.000000
    Partial Wave 1: l = 0
    Partial Wave 2: l = 0
    Partial Wave 3: l = 1
    Partial Wave 4: l = 1
  Core charge supplied for Nonlinear Core Corrections
File: H.PBE-paw.abinit; rc = 0.90 bohr; shape type =  2; rshape = 0.80 bohr;
  Atomic number:  1;  ionic charge:  1.000000
    Partial Wave 1: l = 0
    Partial Wave 2: l = 0
    Partial Wave 3: l = 1
File: C.PBE-paw.abinit; rc = 1.51 bohr; shape type =  2; rshape = 1.30 bohr;
  Atomic number:  6;  ionic charge:  4.000000
    Partial Wave 1: l = 0
    Partial Wave 2: l = 0
    Partial Wave 3: l = 1
    Partial Wave 4: l = 1
  Core charge supplied for Nonlinear Core Corrections
<<<<<<<<<<<<<<<<<<<<<<<<<<<<<<<<<<<<<<< >>>>>>>>>>>>>>>>>>>>>>>>>>>>>>>>>>>>>>>

-------------------------- Atom counting information ---------------------------
Symbol    Natoms    Nngwfs    Nprojs
  Fe         3        39        54
  O         16        64       128
  H         60        60       300
  C         30       120       240
.......   ......    ......    ......
Totals:    109       283       722
--------------------------------------------------------------------------------

=============================== PSINC grid sizes ===============================
                      Simulation cell:  125 x 125 x 117
                              FFT-box:  125 x 125 x 117
                                  PPD:    5 x   5 x   1
Grid space d1=  0.491454786359a0 (KE cutoff=  31.45117Eh = 855.83000eV)
Grid space d2=  0.483568792904a0 (KE cutoff=  32.48534Eh = 883.97119eV)
Grid space d3=  0.487719251553a0 (KE cutoff=  31.93480Eh = 868.99013eV)
================================================================================

********************* Fourier parallelisation information **********************
       Coarse grid (whole simulation cell) dimensions:    125   125   117
          Real-space ('12') slabs/proc (min max mean):     19    20    19
         Recip-space ('23') slabs/proc (min max mean):     10    11    10
********************************************************************************

********************* Fourier parallelisation information **********************
       Double grid (whole simulation cell) dimensions:    250   250   234
          Real-space ('12') slabs/proc (min max mean):     39    39    39
         Recip-space ('23') slabs/proc (min max mean):     21    21    21
********************************************************************************

********************* Fourier parallelisation information **********************
         Fine grid (whole simulation cell) dimensions:    500   500   468
          Real-space ('12') slabs/proc (min max mean):     78    78    78
         Recip-space ('23') slabs/proc (min max mean):     41    42    41
********************************************************************************

Atom SCF Calculation for C  : Z (AE atom) =   6 : Z (PS atom) =   4
Config String: 2s2.0 2p2.0
Orbitals (num,occ):  2     2.00 2.00
Orbitals   (num,l):  2        0    1
Real-space Grid (nr,dr,rmax): 1503    0.0066577896   10.0000000000
Spherical Bessel Basis (nsws,lmax,cutoff):   37    2  176.3967570603
Confining potential (l,width,scale):  0    3.0000000000  100.0000000000
Confining potential (l,width,scale):  1    3.0000000000  100.0000000000
  1         -5.4381308884   -1.2721298092    4.5135250045   -1.9381135692
  2         -5.3849331102   -1.3649505469    4.4159511708   -1.9005879768
  3         -5.3930021612   -1.3849430624    4.3947033354   -1.8924421815
  4         -5.4001802281   -1.3891927246    4.3902388137   -1.8907518289
  5         -5.4037205329   -1.3915457087    4.3877695258   -1.8898885469
  6         -5.4055416859   -1.3928069742    4.3864477540   -1.8894519912
  7         -5.4065002767   -1.3934742451    4.3857498837   -1.8892319620
  8         -5.4070074727   -1.3938267709    4.3853820092   -1.8891207968
  9         -5.4072763209   -1.3940130896    4.3851880206   -1.8890645345
 10         -5.4074189962   -1.3941116277    4.3850856600   -1.8890360408
 11         -5.4074947717   -1.3941637823    4.3850316039   -1.8890216105
 12         -5.4075350443   -1.3941914082    4.3850030336   -1.8890143059
 13         -5.4075564617   -1.3942060527    4.3849879208   -1.8890106114
 14         -5.4075678586   -1.3942138217    4.3849799198   -1.8890087446
 15         -5.4075739267   -1.3942179465    4.3849756804   -1.8890078024
 16         -5.4075771595   -1.3942201380    4.3849734321   -1.8890073276
 17         -5.4075788827   -1.3942213034    4.3849722389   -1.8890070886
 18         -5.4075798017   -1.3942219235    4.3849716050   -1.8890069685
 19         -5.4075802921   -1.3942222537    4.3849712680   -1.8890069082
 20         -5.4075805539   -1.3942224296    4.3849710888   -1.8890068781
 21         -5.4075806938   -1.3942225235    4.3849709933   -1.8890068630
 22         -5.4075807686   -1.3942225735    4.3849709424   -1.8890068555
Atom SCF converged after  22 iterations to a total energy of     -5.40758077

Atom SCF Calculation for Fe : Z (AE atom) =  26 : Z (PS atom) =  16
Config String: 3s2.0 3p6.0 3d6.0 4s2.0 4p0.0 INIT SPIN=5
Orbitals (num,occ):  5     2.00 6.00 6.00 2.00 0.00
Orbitals   (num,l):  5        0    1    2    0    1
Real-space Grid (nr,dr,rmax): 1503    0.0066577896   10.0000000000
Spherical Bessel Basis (nsws,lmax,cutoff):   37    4  176.3967570603
Confining potential (l,width,scale):  0    3.0000000000  100.0000000000
Confining potential (l,width,scale):  1    3.0000000000  100.0000000000
Confining potential (l,width,scale):  2    3.0000000000  100.0000000000
  1       -111.4005172118  -52.5575611559   72.2164000725   -4.0901868950
  2       -116.6635475262  -20.5601904919   91.7007084249   -2.2962490369
  3       -121.6156136875  -23.2753453277   92.4544705195   -2.7706732816
  4       -123.0066153699  -21.4164712440   94.7136519632   -2.9394413820
  5       -123.8168122141  -22.6370400734   94.1384349420   -3.0798102909
  6       -123.9055073486  -21.7222843370   94.9342614757   -3.0846520419
  7       -124.0956886241  -22.4138747628   94.4617720360   -3.1224050559
  8       -124.0492758687  -21.8887017510   94.8692044073   -3.1096545890
  9       -124.1222324005  -22.2877514631   94.5777385101   -3.1254730624
 10       -124.0894611846  -22.0431086758   94.7620026738   -3.1177312036
 11       -124.1066906466  -22.1417456915   94.6895757605   -3.1215019185
 12       -124.1027421480  -22.1090398813   94.7144439268   -3.1205307857
 13       -124.1039552528  -22.1131641559   94.7116547863   -3.1207645739
 14       -124.1041718268  -22.1127261003   94.7121170471   -3.1207931979
 15       -124.1043563153  -22.1126782042   94.7122440208   -3.1208211382
 16       -124.1044853288  -22.1126702816   94.7123114748   -3.1208409484
 17       -124.1045734258  -22.1126674103   94.7123551926   -3.1208545095
 18       -124.1046334193  -22.1126657134   94.7123845864   -3.1208637603
 19       -124.1046742816  -22.1126645462   94.7124045128   -3.1208700757
 20       -124.1047021281  -22.1126636961   94.7124180731   -3.1208743926
 21       -124.1047211147  -22.1126630559   94.7124273290   -3.1208773473
 22       -124.1047340666  -22.1126625637   94.7124336643   -3.1208793718
 23       -124.1047429056  -22.1126621807   94.7124380116   -3.1208807606
 24       -124.1047489402  -22.1126618812   94.7124410017   -3.1208817142
 25       -124.1047530616  -22.1126616468   94.7124430628   -3.1208823696
 26       -124.1047558771  -22.1126614637   94.7124444863   -3.1208828204
 27       -124.1047578011  -22.1126613212   94.7124454714   -3.1208831306
 28       -124.1047591161  -22.1126612109   94.7124461541   -3.1208833444
 29       -124.1047600152  -22.1126611259   94.7124466281   -3.1208834917
 30       -124.1047606300  -22.1126610607   94.7124469575   -3.1208835933
 31       -124.1047610504  -22.1126610110   94.7124471869   -3.1208836634
 32       -124.1047613380  -22.1126609733   94.7124473467   -3.1208837118
 33       -124.1047615347  -22.1126609447   94.7124474583   -3.1208837453
 34       -124.1047616693  -22.1126609232   94.7124475361   -3.1208837684
 35       -124.1047617614  -22.1126609071   94.7124475906   -3.1208837843
Atom SCF converged after  35 iterations to a total energy of   -124.10476176
Adjusting orbital occupancies:
Orbitals (num,spin,occ):  5  1     1.00 3.00 5.00 1.00 0.50
Orbitals   (num,spin,l):  5  1        0    1    2    0    1
Orbitals (num,spin,occ):  5  2     1.00 3.00 1.50 0.00 0.00
Orbitals   (num,spin,l):  5  2        0    1    2    0    1

Atom SCF Calculation for H  : Z (AE atom) =   1 : Z (PS atom) =   1
Config String: 1s1.0
Orbitals (num,occ):  1     1.00
Orbitals   (num,l):  1        0
Real-space Grid (nr,dr,rmax): 1503    0.0066577896   10.0000000000
Spherical Bessel Basis (nsws,lmax,cutoff):   37    2  176.3967570603
Confining potential (l,width,scale):  0    3.0000000000  100.0000000000
  1         -0.3348525927   -0.2401819449    0.2820953128   -0.2388448411
  2         -0.4038948821   -0.2405504229    0.2866889240   -0.2416217444
  3         -0.4360732773   -0.2390089543    0.2890729861   -0.2443653791
  4         -0.4497314704   -0.2383264046    0.2899315599   -0.2456060208
  5         -0.4551901081   -0.2381357631    0.2901452306   -0.2460489407
  6         -0.4573594294   -0.2381000300    0.2901742710   -0.2461947705
  7         -0.4582326910   -0.2381004501    0.2901659451   -0.2462415077
  8         -0.4585900702   -0.2381055523    0.2901559649   -0.2462564278
  9         -0.4587384807   -0.2381092319    0.2901497571   -0.2462612174
 10         -0.4588008132   -0.2381112609    0.2901465144   -0.2462627659
 11         -0.4588272086   -0.2381122698    0.2901449456   -0.2462632682
 12         -0.4588384507   -0.2381127465    0.2901442163   -0.2462634302
 13         -0.4588432580   -0.2381129655    0.2901438848   -0.2462634814
 14         -0.4588453195   -0.2381130645    0.2901437362   -0.2462634968
 15         -0.4588462053   -0.2381131088    0.2901436700   -0.2462635011
 16         -0.4588465865   -0.2381131284    0.2901436407   -0.2462635020
 17         -0.4588467508   -0.2381131372    0.2901436278   -0.2462635020
 18         -0.4588468216   -0.2381131410    0.2901436222   -0.2462635019
Atom SCF converged after  18 iterations to a total energy of     -0.45884682

Atom SCF Calculation for O  : Z (AE atom) =   8 : Z (PS atom) =   6
Config String: 2s2.0 2p4.0
Orbitals (num,occ):  2     2.00 4.00
Orbitals   (num,l):  2        0    1
Real-space Grid (nr,dr,rmax): 1503    0.0066577896   10.0000000000
Spherical Bessel Basis (nsws,lmax,cutoff):   37    2  176.3967570603
Confining potential (l,width,scale):  0    3.0000000000  100.0000000000
Confining potential (l,width,scale):  1    3.0000000000  100.0000000000
  1         -8.3209332552   -7.4828484739   10.1554312602   -2.1270270195
  2        -15.1405599232   -3.0474882742   13.6590820486   -2.5134754209
  3        -15.5174094640   -3.1101891961   13.6243211040   -2.6472956001
  4        -15.7606118231   -3.0805775314   13.6668776248   -2.7100307789
  5        -15.8308896490   -3.0881936416   13.6633910567   -2.7338682066
  6        -15.8678540393   -3.0862312957   13.6673103078   -2.7443897972
  7        -15.8801393942   -3.0873360689   13.6669183555   -2.7485230919
  8        -15.8859601688   -3.0872977830   13.6672813272   -2.7502957173
  9        -15.8880580832   -3.0874730763   13.6672320183   -2.7510066526
 10        -15.8889924584   -3.0874981416   13.6672623218   -2.7513066537
 11        -15.8893459980   -3.0875277929   13.6672548500   -2.7514284384
 12        -15.8894977936   -3.0875355600   13.6672566096   -2.7514793465
 13        -15.8895569380   -3.0875407304   13.6672553199   -2.7515001537
 14        -15.8895817884   -3.0875424467   13.6672552475   -2.7515088021
 15        -15.8895916441   -3.0875433561   13.6672550136   -2.7515123499
 16        -15.8895957327   -3.0875436929   13.6672549605   -2.7515138192
 17        -15.8895973717   -3.0875438525   13.6672549179   -2.7515144231
 18        -15.8895980466   -3.0875439149   13.6672549044   -2.7515146726
 19        -15.8895983189   -3.0875439428   13.6672548968   -2.7515147752
 20        -15.8895984306   -3.0875439540   13.6672548940   -2.7515148175
 21        -15.8895984758   -3.0875439588   13.6672548927   -2.7515148349
Atom SCF converged after  21 iterations to a total energy of    -15.88959848

BC: Task: SINGLEPOINT
BC: +++++++++++++++ Summary of boundary conditions ++++++++++++++
BC: |       Component       |     Keyword     |   Periodicity   |
BC: |                       |                 |     X  Y  Z [1] |
BC: |-----------------------------------------------------------|
BC: | Ion-ion               | ion_ion_bc [2]  |     P  P  P     |
BC: | Local pseudopotential | pspot_bc [3]    |     P  P  P     |
BC: +++++++++++++++++++++++++++++++++++++++++++++++++++++++++++++
BC: P: Periodic, O: Open.
BC: [1] Not strictly along X, Y, Z but rather along lattice vectors A1, A2, A3.
BC: [2] Also affected by: pbc_correction_cutoff, cutoff_coulomb_type,
BC:     is_smeared_ion_rep, is_implicit_solvent, openbc_ion_ion.
BC: [3] Also affected by: is_smeared_ion_rep, is_implicit_solvent, openbc_pspot.

Determining parallel strategy ...
... using space-filling curve
... NGWF load balancing: max     48;  min     47;  average     47
... Projector load balancing: max    127;  min    116;  average    120
... done
Calculating Ewald energy ...
              Ewald: real-space energy =         2644.470738
        Ewald: reciprocal-space energy =         1045.188383
         Ewald: (sum_charge)**2 energy =          184.308480
         Ewald: (sum_charge**2) energy =           69.068407
                          Ewald energy =         3436.282233
Basis initialisation ...
... NGWF spheres initialised
... Projector spheres initialised
... NGWF tight boxes initialised
... Projector tight boxes initialised
... Tight-boxes gathered
... NGWF basis size (local,global):        744797      4471649
... PAW projector initialisation
... done

============================= Charge Augmentation ==============================
                           Aug box size:   39 x  39 x  39
================================================================================

========================== Sparse matrix information ===========================
                        Overlap matrix filling:  98.10%
                        Density kernel filling: 100.00% (known to be dense)
              NGWF-Proj overlap matrix filling:  48.73%
                    Aug Overlap matrix filling:  99.77%
                    Hamiltonian matrix filling:  99.77%
                  NGWF diagonal matrix filling:   1.63%
                             KS matrix filling: 100.00% 
                           KSKS matrix filling: 100.00% 
================================================================================

Sparse matrix initialisation ...
 done
NGWF initialisation ... done
============ Calculation of NGWF S^-1 using Hotelling algorithm ================ 
     Iteration  |  Spin  |  Frobenius norm and Maximum abs value (of I-S*S_n^-1)
         1           1      0.16597920E+02     0.99193650E+00
         2           1      0.16391455E+02     0.98394116E+00
         3           1      0.16024193E+02     0.96815216E+00
         4           1      0.15425840E+02     0.93736220E+00
         5           1      0.14554060E+02     0.87879449E+00
         6           1      0.13402698E+02     0.77271256E+00
         7           1      0.12019370E+02     0.70439682E+00
         8           1      0.10616022E+02     0.66413595E+00
         9           1      0.94166021E+01     0.62461007E+00
        10           1      0.82129610E+01     0.56627787E+00
        11           1      0.65660490E+01     0.47184836E+00
        12           1      0.44103788E+01     0.38152643E+00
        13           1      0.22386648E+01     0.28004415E+00
        14           1      0.84982872E+00     0.17337454E+00
        15           1      0.30836448E+00     0.76484093E-01
        16           1      0.64927828E-01     0.16236616E-01
        17           1      0.29805456E-02     0.74581684E-03
        18           1      0.62940025E-05     0.15766462E-05
        19           1      0.28228510E-10     0.70627948E-11
        20           1      0.17748661E-13     0.44408921E-14
================================================================================
Calculating core density ...
================================= Core Density =================================
               Core den box size:   39 x  39 x  39
================================================================================
 ... done
Density kernel initialisation
 
======= Optimisation of K by Palser-Manolopoulos canonical purification ======== 
         Iteration  |  Band structure energy |    c_n   
               1         -87.45762269243254    0.5873496
               2         -90.81138576512225    0.5826859
               3         -94.94749774604738    0.5754263
               4         -99.93027219234727    0.5650568
               5        -105.86852504617163    0.5507211
               6        -112.72855911143117    0.5322188
               7        -119.94819709964369    0.5111395
               8        -126.24027294037664    0.4843289
               9        -129.87685031447714    0.4479848
              10        -131.02564776259192    0.4807281
              11        -131.39616767153535    0.5996574
              12        -131.48830357295543    0.6314065
              13        -131.51298416337715    0.5992555
              14        -131.53098641367279    0.5530998
              15        -131.54407180292327    0.5122590
              16        -131.55148430851469    0.4890574
              17        -131.55629178540445    0.4710788
              18        -131.56047382904936    0.4440547
              19        -131.56358460318566    0.3971179
              20        -131.56550275551848    0.3158819
              21        -131.56631210880030    0.2472840
              22        -131.56653771220195    0.2411252
              23        -131.56664449685019    0.2625669
              24        -131.56674919157575    0.2913724
              25        -131.56685513950680    0.3273566
              26        -131.56695821717810    0.3710242
              27        -131.56705278948522    0.4204323
              28        -131.56713211076465    0.4666924
              29        -131.56719088042894    0.4938147
              30        -131.56722843407448    0.4997851
              31        -131.56724472280638    0.4999997
              32        -131.56724714790400    0.5000000
              33        -131.56724719235521    0.5000009
              34        -131.56724719236973    0.5000009
Termination criterion satisfied: band energy change below threshold.
Final occupancy bounds: [    0.00000000000000:    1.00000000000000]
Closest occupancy to 0.5:     1.00000000000000
================================================================================
 
======= Optimisation of K by Palser-Manolopoulos canonical purification ======== 
         Iteration  |  Band structure energy |    c_n   
               1         -80.11078491776912    0.5349133
               2         -84.54957927655889    0.5300292
               3         -90.13279897714825    0.5222870
               4         -96.79969416599428    0.5128441
               5        -104.44846724614308    0.5041742
               6        -112.42878605917946    0.5045961
               7        -119.17943949729437    0.5270142
               8        -123.22210614965026    0.5663683
               9        -124.84411336969472    0.5845129
              10        -125.43258454895721    0.5685332
              11        -125.65707672094361    0.5308423
              12        -125.72822732011826    0.5055808
              13        -125.73834207105230    0.5002636
              14        -125.73858694625910    0.5000006
              15        -125.73858721327267    0.4933595
              16        -125.73858721327323    0.4933595
Termination criterion satisfied: band energy change below threshold.
Final occupancy bounds: [    0.00000000000000:    1.00000000000000]
Closest occupancy to 0.5:     1.00000000000000
================================================================================

Writing density kernel to file "Fe3_O_piv_6_H2O_3_HighSpin.dkn" ... done

>>> Optimising kernel for current NGWFs:
   Initial electron number for spin 1:     169.00000000
   Initial electron number for spin 2:     154.00000000
     Final electron number for spin 1:     169.00000000
     Final electron number for spin 2:     154.00000000

=================== Penalty functional idempotency correction ==================
 RMS occupancy error at iteration   1:  0.000000 (step -0.5000 Ne1=    169.0000)
                                                               Ne2=    154.0000
            Final RMS occupancy error   :  0.000000 (Ne1=    169.0000)
                                                     Ne2=    154.0000
            Final occupancy bounds spin 1: [  0.000,  1.000]
            Final occupancy bounds spin 2: [  0.000,  1.000]
================================================================================

................................................................................
<<<<<<<<<<<<<< LNV (Original version) density kernel optimisation >>>>>>>>>>>>>>
~~~~~~~~~~~~~~~~~~~~~~~~~~~~~~~~~~~~~~~~~~~~~~~~~~~~~~~~~~~~~~~~~~~~~~~~~~~~~~~~
   iter  |      energy (Eh)       | rms gradient |  commutator  |   dE (Eh)
      ideal mu1:      -0.821272578326
      ideal mu2:      -0.771721835195
             Q0:        -830.143412393802
             G0:     -19.562450380258
   RMS gradient:       0.022102438406
     Trial step:       0.500000000000
             Q1:        -831.338057100445
 Quadratic coef:       8.586580483487
 Linear coef   :      -9.781225190129
           Qmin:        -832.928932380600
Quadratic minimum step length (  0.284782318437) accepted
    Initial Ne1:     169.00000000
    Initial Ne2:     154.00000000
      Final Ne1:     169.00000000
      Final Ne2:     154.00000000

=================== Penalty functional idempotency correction ==================
 RMS occupancy error at iteration   1:  0.014109 (step -0.4185 Ne1=    169.0000)
                                                               Ne2=    154.0000
 RMS occupancy error at iteration   2:  0.001070 (step -0.5025 Ne1=    169.0000)
                                                               Ne2=    154.0000
 RMS occupancy error at iteration   3:  0.000016 (step -0.5002 Ne1=    169.0000)
                                                               Ne2=    154.0000
            Final RMS occupancy error   :  0.000000 (Ne1=    169.0000)
                                                     Ne2=    154.0000
            Final occupancy bounds spin 1: [ -0.000,  1.000]
            Final occupancy bounds spin 2: [ -0.000,  1.000]
================================================================================

    1        -8.301434123938E+02     2.2102E-02     1.3639E-02
      ideal mu1:      -0.822439425863
      ideal mu2:      -0.804247560903
             Q0:        -833.070531628536
             G0:      -6.911280501125
   RMS gradient:       0.012617164711
     Trial step:       0.377347531088
             Q1:        -833.440940428056
 Quadratic coef:       2.237545834239
 Linear coef   :      -2.607954633758
           Qmin:        -833.830452081077
Quadratic minimum step length (  0.219907281268) accepted
    Initial Ne1:     169.00000021
    Initial Ne2:     154.00000029
      Final Ne1:     169.00000000
      Final Ne2:     154.00000000

=================== Penalty functional idempotency correction ==================
 RMS occupancy error at iteration   1:  0.010775 (step -0.4379 Ne1=    169.0000)
                                                               Ne2=    154.0000
 RMS occupancy error at iteration   2:  0.000577 (step -0.5012 Ne1=    169.0000)
                                                               Ne2=    154.0000
 RMS occupancy error at iteration   3:  0.000004 (step -0.5000 Ne1=    169.0000)
                                                               Ne2=    154.0000
            Final RMS occupancy error   :  0.000000 (Ne1=    169.0000)
                                                     Ne2=    154.0000
            Final occupancy bounds spin 1: [  0.000,  1.000]
            Final occupancy bounds spin 2: [  0.000,  1.000]
================================================================================

    2        -8.330705316285E+02     1.2617E-02     7.8516E-03    -2.9271E+00
      ideal mu1:      -0.808141428493
      ideal mu2:      -0.806553731081
             Q0:        -833.885882869283
             G0:      -1.864356925664
   RMS gradient:       0.006439154709
     Trial step:       0.288065044139
             Q1:        -834.168390094375
 Quadratic coef:       0.254548834990
 Linear coef   :      -0.537056060082
           Qmin:        -834.169157797336
Quadratic minimum step length (  0.303884866844) accepted
    Initial Ne1:     169.00000006
    Initial Ne2:     154.00000010
      Final Ne1:     169.00000000
      Final Ne2:     154.00000000

=================== Penalty functional idempotency correction ==================
 RMS occupancy error at iteration   1:  0.007893 (step -0.4477 Ne1=    169.0000)
                                                               Ne2=    154.0000
 RMS occupancy error at iteration   2:  0.000407 (step -0.5029 Ne1=    169.0000)
                                                               Ne2=    154.0000
 RMS occupancy error at iteration   3:  0.000003 (step -0.5000 Ne1=    169.0000)
                                                               Ne2=    154.0000
            Final RMS occupancy error   :  0.000000 (Ne1=    169.0000)
                                                     Ne2=    154.0000
            Final occupancy bounds spin 1: [  0.000,  1.000]
            Final occupancy bounds spin 2: [  0.000,  1.000]
================================================================================

    3        -8.338858828693E+02     6.4392E-03     4.0122E-03    -8.1535E-01
      ideal mu1:      -0.766564634766
      ideal mu2:      -0.778251473690
             Q0:        -834.192223735778
             G0:      -0.647251610611
   RMS gradient:       0.003801413251
     Trial step:       0.295869240680
             Q1:        -834.297704241447
 Quadratic coef:       0.086021336892
 Linear coef   :      -0.191501842561
           Qmin:        -834.298804722046
Quadratic minimum step length (  0.329334016387) accepted
    Initial Ne1:     169.00000001
    Initial Ne2:     154.00000003
      Final Ne1:     169.00000000
      Final Ne2:     154.00000000

=================== Penalty functional idempotency correction ==================
 RMS occupancy error at iteration   1:  0.004933 (step -0.4610 Ne1=    169.0000)
                                                               Ne2=    154.0000
 RMS occupancy error at iteration   2:  0.000219 (step -0.5017 Ne1=    169.0000)
                                                               Ne2=    154.0000
 RMS occupancy error at iteration   3:  0.000001 (step -0.5000 Ne1=    169.0000)
                                                               Ne2=    154.0000
            Final RMS occupancy error   :  0.000000 (Ne1=    169.0000)
                                                     Ne2=    154.0000
            Final occupancy bounds spin 1: [  0.000,  1.000]
            Final occupancy bounds spin 2: [  0.000,  1.000]
================================================================================

    4        -8.341922237358E+02     3.8014E-03     2.3486E-03    -3.0634E-01
      ideal mu1:      -0.735702718425
      ideal mu2:      -0.753378751815
    5        -8.343059980999E+02     2.6703E-03     1.6586E-03    -1.1377E-01
Finished density kernel iterations (   5)

Writing density kernel to file "Fe3_O_piv_6_H2O_3_HighSpin.dkn" ... done


>>> Density kernel optimised for the current NGWF basis:
     ~~~~~~~~~~~~~~~~~~~~~~~~~~~~~~~~~~~~~~~~~~~~~~~~~~~~~~~~~~~
     Total energy                =  -8.34305998099939E+02  Eh
     Estimated bandgap (UP spin) =  -1.4333E-01  Eh
     Estimated bandgap (DN spin) =   1.7653E-02  Eh
     RMS occupancy error         =   3.1084E-11
     [H,K] commutator            =   1.6586E-03
     UP spin occupancy bounds    = [ -0.000:  1.000]
     DN spin occupancy bounds    = [  0.000:  1.000]
     ~~~~~~~~~~~~~~~~~~~~~~~~~~~~~~~~~~~~~~~~~~~~~~~~~~~~~~~~~~~




################################################################################
########################### NGWF CG iteration  001 #############################
################################################################################
****** Reciprocal space K.E. preconditioning with k_zero =  3.0000 a0^-1 *******

>>> Checking for convergence of NGWFs:   NOT CONVERGED
  ========================================================================
         NGWF RMS gradient =  8.3453E-04 >  2.0000E-06  | above tolerance
  ========================================================================

>>> Improving NGWFs using line search:
============ Calculation of NGWF S^-1 using Hotelling algorithm ================ 
     Iteration  |  Spin  |  Frobenius norm and Maximum abs value (of I-S*S_n^-1)
         1           1      0.18441837E-01     0.16793351E-02
         2           1      0.23835219E-04     0.44058765E-05
         3           1      0.10839517E-09     0.22382207E-10
         4           1      0.19780190E-13     0.31086245E-14
================================================================================
============ Calculation of NGWF S^-1 using Hotelling algorithm ================ 
     Iteration  |  Spin  |  Frobenius norm and Maximum abs value (of I-S*S_n^-1)
         1           1      0.20257757E+00     0.16823314E-01
         2           1      0.28788997E-02     0.27733402E-03
         3           1      0.96302188E-06     0.97118834E-07
         4           1      0.18929546E-12     0.19095836E-13
================================================================================
------------------------------- NGWF line search -------------------------------
RMS gradient                =       0.00083453192257
Trial step length           =               0.122474
Gradient along search dir.  =         -7.12277521663
Functional at step 0        =    -834.30599809993919
Functional at step 1        =    -835.13064193284379
Functional predicted        =    -838.29330990775691
Selected quadratic step     =               1.119595
Conjugate gradients coeff.  =               0.000000
--------------------------- NGWF line search finished --------------------------
                                               
Writing NGWFs to file "Fe3_O_piv_6_H2O_3_HighSpin.tightbox_ngwfs".... done

>>> Optimising kernel for current NGWFs:
   Initial electron number for spin 1:     169.83077454
   Initial electron number for spin 2:     154.81511940
     Final electron number for spin 1:     169.00000000
     Final electron number for spin 2:     154.00000000

=================== Penalty functional idempotency correction ==================
 RMS occupancy error at iteration   1:  0.004295 (step -0.4909 Ne1=    169.0000)
                                                               Ne2=    154.0000
 RMS occupancy error at iteration   2:  0.000065 (step -0.5004 Ne1=    169.0000)
                                                               Ne2=    154.0000
            Final RMS occupancy error   :  0.000000 (Ne1=    169.0000)
                                                     Ne2=    154.0000
            Final occupancy bounds spin 1: [  0.000,  1.000]
            Final occupancy bounds spin 2: [  0.000,  1.000]
================================================================================

................................................................................
<<<<<<<<<<<<<< LNV (Original version) density kernel optimisation >>>>>>>>>>>>>>
~~~~~~~~~~~~~~~~~~~~~~~~~~~~~~~~~~~~~~~~~~~~~~~~~~~~~~~~~~~~~~~~~~~~~~~~~~~~~~~~
   iter  |      energy (Eh)       | rms gradient |  commutator  |   dE (Eh)
      ideal mu1:      -0.675908459409
      ideal mu2:      -0.691407855619
             Q0:        -838.214625283971
             G0:      -0.649460307975
   RMS gradient:       0.004027215497
     Trial step:       0.312153496470
             Q1:        -838.322621462306
 Quadratic coef:       0.094735127618
 Linear coef   :      -0.202731305953
           Qmin:        -838.323085533740
Quadratic minimum step length (  0.334001165083) accepted
    Initial Ne1:     168.99998914
    Initial Ne2:     153.99999114
      Final Ne1:     169.00000000
      Final Ne2:     154.00000000

=================== Penalty functional idempotency correction ==================
 RMS occupancy error at iteration   1:  0.000614 (step -0.4954 Ne1=    169.0000)
                                                               Ne2=    154.0000
 RMS occupancy error at iteration   2:  0.000004 (step -0.5000 Ne1=    169.0000)
                                                               Ne2=    154.0000
            Final RMS occupancy error   :  0.000000 (Ne1=    169.0000)
                                                     Ne2=    154.0000
            Final occupancy bounds spin 1: [  0.000,  1.000]
            Final occupancy bounds spin 2: [  0.000,  1.000]
================================================================================

    1        -8.382146252840E+02     4.0272E-03     2.4982E-03
      ideal mu1:      -0.680950967233
      ideal mu2:      -0.695333579490
             Q0:        -838.323261599290
             G0:      -0.161570475045
   RMS gradient:       0.002003204481
     Trial step:       0.322892600575
             Q1:        -838.363092463501
 Quadratic coef:       0.012339046653
 Linear coef   :      -0.052169910863
           Qmin:        -838.378405640725
Quadratic minimum step length (  0.682600474120) accepted
    Initial Ne1:     168.99999442
    Initial Ne2:     153.99999549
      Final Ne1:     169.00000000
      Final Ne2:     154.00000000

=================== Penalty functional idempotency correction ==================
 RMS occupancy error at iteration   1:  0.002373 (step -0.4611 Ne1=    169.0000)
                                                               Ne2=    154.0000
 RMS occupancy error at iteration   2:  0.000074 (step -0.4999 Ne1=    169.0000)
                                                               Ne2=    154.0000
            Final RMS occupancy error   :  0.000000 (Ne1=    169.0000)
                                                     Ne2=    154.0000
            Final occupancy bounds spin 1: [  0.000,  1.000]
            Final occupancy bounds spin 2: [  0.000,  1.000]
================================================================================

    2        -8.383232615993E+02     2.0032E-03     1.2304E-03    -1.0864E-01
      ideal mu1:      -0.683712666470
      ideal mu2:      -0.698566583730
             Q0:        -838.377698010432
             G0:      -0.236206418125
   RMS gradient:       0.002440689204
     Trial step:       0.469474857945
             Q1:        -838.412496837275
 Quadratic coef:       0.076094147752
 Linear coef   :      -0.110892974595
           Qmin:        -838.418099447920
Quadratic minimum step length (  0.342085857015) accepted
    Initial Ne1:     168.99998753
    Initial Ne2:     153.99999440
      Final Ne1:     169.00000000
      Final Ne2:     154.00000000

=================== Penalty functional idempotency correction ==================
 RMS occupancy error at iteration   1:  0.005107 (step -0.4190 Ne1=    169.0000)
                                                               Ne2=    154.0000
 RMS occupancy error at iteration   2:  0.000256 (step -0.4987 Ne1=    169.0000)
                                                               Ne2=    154.0000
 RMS occupancy error at iteration   3:  0.000001 (step -0.5000 Ne1=    169.0000)
                                                               Ne2=    154.0000
            Final RMS occupancy error   :  0.000000 (Ne1=    169.0000)
                                                     Ne2=    154.0000
            Final occupancy bounds spin 1: [  0.000,  1.000]
            Final occupancy bounds spin 2: [  0.000,  1.000]
================================================================================

    3        -8.383776980104E+02     2.4407E-03     1.5137E-03    -5.4436E-02
      ideal mu1:      -0.682059424976
      ideal mu2:      -0.697453701045
             Q0:        -838.421752941915
             G0:      -0.223976699124
   RMS gradient:       0.002230796412
     Trial step:       0.400750182941
             Q1:        -838.466434429432
 Quadratic coef:       0.045077215632
 Linear coef   :      -0.089758703148
           Qmin:        -838.466435297945
Quadratic minimum step length (  0.398991111174) accepted
    Initial Ne1:     168.99998785
    Initial Ne2:     153.99999454
      Final Ne1:     169.00000000
      Final Ne2:     154.00000000

=================== Penalty functional idempotency correction ==================
 RMS occupancy error at iteration   1:  0.009670 (step -0.3692 Ne1=    169.0000)
                                                               Ne2=    154.0000
 RMS occupancy error at iteration   2:  0.000653 (step -0.4963 Ne1=    169.0000)
                                                               Ne2=    154.0000
 RMS occupancy error at iteration   3:  0.000008 (step -0.5001 Ne1=    169.0000)
                                                               Ne2=    154.0000
            Final RMS occupancy error   :  0.000000 (Ne1=    169.0000)
                                                     Ne2=    154.0000
            Final occupancy bounds spin 1: [  0.000,  1.000]
            Final occupancy bounds spin 2: [  0.000,  1.000]
================================================================================

    4        -8.384217529419E+02     2.2308E-03     1.3810E-03    -4.4055E-02
      ideal mu1:      -0.675175524239
      ideal mu2:      -0.691133780000
    5        -8.384759864047E+02     1.5706E-03     9.5968E-04    -5.4233E-02
Finished density kernel iterations (   5)

Writing density kernel to file "Fe3_O_piv_6_H2O_3_HighSpin.dkn" ... done


>>> Density kernel optimised for the current NGWF basis:
     ~~~~~~~~~~~~~~~~~~~~~~~~~~~~~~~~~~~~~~~~~~~~~~~~~~~~~~~~~~~
     Total energy                =  -8.38475986404742E+02  Eh
     Estimated bandgap (UP spin) =  -5.7821E-02  Eh
     Estimated bandgap (DN spin) =   5.0326E-02  Eh
     RMS occupancy error         =   4.8522E-10
     [H,K] commutator            =   9.5968E-04
     UP spin occupancy bounds    = [  0.000:  1.000]
     DN spin occupancy bounds    = [  0.000:  1.000]
     ~~~~~~~~~~~~~~~~~~~~~~~~~~~~~~~~~~~~~~~~~~~~~~~~~~~~~~~~~~~




################################################################################
########################### NGWF CG iteration  002 #############################
################################################################################
****** Reciprocal space K.E. preconditioning with k_zero =  3.0000 a0^-1 *******

>>> Checking for convergence of NGWFs:   NOT CONVERGED
  ========================================================================
         NGWF RMS gradient =  3.2222E-04 >  2.0000E-06  | above tolerance
  ========================================================================

>>> Improving NGWFs using line search:
============ Calculation of NGWF S^-1 using Hotelling algorithm ================ 
     Iteration  |  Spin  |  Frobenius norm and Maximum abs value (of I-S*S_n^-1)
         1           1      0.38499508E-01     0.29203269E-02
         2           1      0.10781078E-03     0.89670696E-05
         3           1      0.22173447E-08     0.28436931E-09
         4           1      0.23574598E-13     0.32196468E-14
================================================================================
============ Calculation of NGWF S^-1 using Hotelling algorithm ================ 
     Iteration  |  Spin  |  Frobenius norm and Maximum abs value (of I-S*S_n^-1)
         1           1      0.96622194E-01     0.68850605E-02
         2           1      0.69085707E-03     0.53482077E-04
         3           1      0.73917512E-07     0.77349538E-08
         4           1      0.23108261E-13     0.35527137E-14
================================================================================
------------------------------- NGWF line search -------------------------------
RMS gradient                =       0.00032222475392
Trial step length           =               0.370300
Gradient along search dir.  =         -1.06395080508
Functional at step 0        =    -838.47598640474212
Functional at step 1        =    -838.80825578600491
Functional predicted        =    -839.10480524811840
Selected quadratic step     =               1.182045
Conjugate gradients coeff.  =               0.149084
--------------------------- NGWF line search finished --------------------------
                                               
Writing NGWFs to file "Fe3_O_piv_6_H2O_3_HighSpin.tightbox_ngwfs".... done

>>> Optimising kernel for current NGWFs:
   Initial electron number for spin 1:     169.59455161
   Initial electron number for spin 2:     154.57543760
     Final electron number for spin 1:     169.00000000
     Final electron number for spin 2:     154.00000000

=================== Penalty functional idempotency correction ==================
 RMS occupancy error at iteration   1:  0.002651 (step -0.4950 Ne1=    169.0000)
                                                               Ne2=    154.0000
 RMS occupancy error at iteration   2:  0.000019 (step -0.5001 Ne1=    169.0000)
                                                               Ne2=    154.0000
            Final RMS occupancy error   :  0.000000 (Ne1=    169.0000)
                                                     Ne2=    154.0000
            Final occupancy bounds spin 1: [  0.000,  1.000]
            Final occupancy bounds spin 2: [  0.000,  1.000]
================================================================================

................................................................................
<<<<<<<<<<<<<< LNV (Original version) density kernel optimisation >>>>>>>>>>>>>>
~~~~~~~~~~~~~~~~~~~~~~~~~~~~~~~~~~~~~~~~~~~~~~~~~~~~~~~~~~~~~~~~~~~~~~~~~~~~~~~~
   iter  |      energy (Eh)       | rms gradient |  commutator  |   dE (Eh)
      ideal mu1:      -0.662175997165
      ideal mu2:      -0.676713623242
             Q0:        -839.103844560021
             G0:      -0.154823716101
   RMS gradient:       0.001966288802
     Trial step:       0.399869679764
             Q1:        -839.130348469525
 Quadratic coef:       0.035405400273
 Linear coef   :      -0.061909309777
           Qmin:        -839.130907964244
Quadratic minimum step length (  0.349602824487) accepted
    Initial Ne1:     168.99999921
    Initial Ne2:     153.99999938
      Final Ne1:     169.00000000
      Final Ne2:     154.00000000

=================== Penalty functional idempotency correction ==================
 RMS occupancy error at iteration   1:  0.000262 (step -0.4955 Ne1=    169.0000)
                                                               Ne2=    154.0000
 RMS occupancy error at iteration   2:  0.000001 (step -0.5000 Ne1=    169.0000)
                                                               Ne2=    154.0000
            Final RMS occupancy error   :  0.000000 (Ne1=    169.0000)
                                                     Ne2=    154.0000
            Final occupancy bounds spin 1: [  0.000,  1.000]
            Final occupancy bounds spin 2: [  0.000,  1.000]
================================================================================

    1        -8.391038445600E+02     1.9663E-03     1.2095E-03
      ideal mu1:      -0.656826123747
      ideal mu2:      -0.671982875982
             Q0:        -839.130922935533
             G0:      -0.086327993778
   RMS gradient:       0.001466562827
     Trial step:       0.373892457095
             Q1:        -839.153631971497
 Quadratic coef:       0.009568349745
 Linear coef   :      -0.032277385710
           Qmin:        -839.158143659482
Quadratic minimum step length (  0.630634925194) accepted
    Initial Ne1:     168.99999920
    Initial Ne2:     153.99999938
      Final Ne1:     169.00000000
      Final Ne2:     154.00000000

=================== Penalty functional idempotency correction ==================
 RMS occupancy error at iteration   1:  0.002163 (step -0.4575 Ne1=    169.0000)
                                                               Ne2=    154.0000
 RMS occupancy error at iteration   2:  0.000047 (step -0.4995 Ne1=    169.0000)
                                                               Ne2=    154.0000
            Final RMS occupancy error   :  0.000000 (Ne1=    169.0000)
                                                     Ne2=    154.0000
            Final occupancy bounds spin 1: [  0.000,  1.000]
            Final occupancy bounds spin 2: [ -0.000,  1.000]
================================================================================

    2        -8.391309229355E+02     1.4666E-03     9.0203E-04    -2.7078E-02
      ideal mu1:      -0.652784918966
      ideal mu2:      -0.667890149136
             Q0:        -839.157820297568
             G0:      -0.192402610322
   RMS gradient:       0.002195986415
     Trial step:       0.485581755949
             Q1:        -839.183497060974
 Quadratic coef:       0.067750433963
 Linear coef   :      -0.093427197369
           Qmin:        -839.190029099407
Quadratic minimum step length (  0.334806287562) accepted
    Initial Ne1:     168.99999868
    Initial Ne2:     154.00000324
      Final Ne1:     169.00000000
      Final Ne2:     154.00000000

=================== Penalty functional idempotency correction ==================
 RMS occupancy error at iteration   1:  0.007920 (step -0.3720 Ne1=    169.0000)
                                                               Ne2=    154.0000
 RMS occupancy error at iteration   2:  0.000441 (step -0.4930 Ne1=    169.0000)
                                                               Ne2=    154.0000
 RMS occupancy error at iteration   3:  0.000004 (step -0.5000 Ne1=    169.0000)
                                                               Ne2=    154.0000
            Final RMS occupancy error   :  0.000000 (Ne1=    169.0000)
                                                     Ne2=    154.0000
            Final occupancy bounds spin 1: [  0.000,  1.000]
            Final occupancy bounds spin 2: [  0.000,  1.000]
================================================================================

    3        -8.391578202976E+02     2.1960E-03     1.3635E-03    -2.6897E-02
      ideal mu1:      -0.651473772520
      ideal mu2:      -0.666173178410
             Q0:        -839.198185842721
             G0:      -0.119293403623
   RMS gradient:       0.001500501329
     Trial step:       0.403206925805
             Q1:        -839.211340513331
 Quadratic coef:       0.034945255934
 Linear coef   :      -0.048099926544
           Qmin:        -839.214737466623
Quadratic minimum step length (  0.277494369329) accepted
    Initial Ne1:     168.99999946
    Initial Ne2:     154.00000125
      Final Ne1:     169.00000000
      Final Ne2:     154.00000000

=================== Penalty functional idempotency correction ==================
 RMS occupancy error at iteration   1:  0.004640 (step -0.4153 Ne1=    169.0000)
                                                               Ne2=    154.0000
 RMS occupancy error at iteration   2:  0.000173 (step -0.4972 Ne1=    169.0000)
                                                               Ne2=    154.0000
 RMS occupancy error at iteration   3:  0.000001 (step -0.5000 Ne1=    169.0000)
                                                               Ne2=    154.0000
            Final RMS occupancy error   :  0.000000 (Ne1=    169.0000)
                                                     Ne2=    154.0000
            Final occupancy bounds spin 1: [  0.000,  1.000]
            Final occupancy bounds spin 2: [  0.000,  1.000]
================================================================================

    4        -8.391981858427E+02     1.5005E-03     9.2859E-04    -4.0366E-02
      ideal mu1:      -0.653541293062
      ideal mu2:      -0.667871568369
    5        -8.392173902006E+02     1.3470E-03     8.3747E-04    -1.9204E-02
Finished density kernel iterations (   5)

Writing density kernel to file "Fe3_O_piv_6_H2O_3_HighSpin.dkn" ... done


>>> Density kernel optimised for the current NGWF basis:
     ~~~~~~~~~~~~~~~~~~~~~~~~~~~~~~~~~~~~~~~~~~~~~~~~~~~~~~~~~~~
     Total energy                =  -8.39217390200554E+02  Eh
     Estimated bandgap (UP spin) =   1.0487E-01  Eh
     Estimated bandgap (DN spin) =   5.3670E-02  Eh
     RMS occupancy error         =   8.8582E-12
     [H,K] commutator            =   8.3747E-04
     UP spin occupancy bounds    = [  0.000:  1.000]
     DN spin occupancy bounds    = [  0.000:  1.000]
     ~~~~~~~~~~~~~~~~~~~~~~~~~~~~~~~~~~~~~~~~~~~~~~~~~~~~~~~~~~~




################################################################################
########################### NGWF CG iteration  003 #############################
################################################################################
****** Reciprocal space K.E. preconditioning with k_zero =  3.0000 a0^-1 *******

>>> Checking for convergence of NGWFs:   NOT CONVERGED
  ========================================================================
         NGWF RMS gradient =  1.5499E-04 >  2.0000E-06  | above tolerance
  ========================================================================

>>> Improving NGWFs using line search:
============ Calculation of NGWF S^-1 using Hotelling algorithm ================ 
     Iteration  |  Spin  |  Frobenius norm and Maximum abs value (of I-S*S_n^-1)
         1           1      0.54263704E-01     0.46997033E-02
         2           1      0.23568935E-03     0.27057086E-04
         3           1      0.10155664E-07     0.19835668E-08
         4           1      0.23180789E-13     0.53290705E-14
================================================================================
============ Calculation of NGWF S^-1 using Hotelling algorithm ================ 
     Iteration  |  Spin  |  Frobenius norm and Maximum abs value (of I-S*S_n^-1)
         1           1      0.42615046E-01     0.33208274E-02
         2           1      0.14805500E-03     0.14509926E-04
         3           1      0.33612806E-08     0.56929972E-09
         4           1      0.22416608E-13     0.39968029E-14
================================================================================
------------------------------- NGWF line search -------------------------------
RMS gradient                =       0.00015498889753
Trial step length           =               0.661597
Gradient along search dir.  =         -0.25021800762
Functional at step 0        =    -839.21739020055384
Functional at step 1        =    -839.33458000465714
Functional predicted        =    -839.35907866589662
Selected quadratic step     =               1.132520
Conjugate gradients coeff.  =               0.231357
--------------------------- NGWF line search finished --------------------------
                                               
Writing NGWFs to file "Fe3_O_piv_6_H2O_3_HighSpin.tightbox_ngwfs".... done

>>> Optimising kernel for current NGWFs:
   Initial electron number for spin 1:     169.23108131
   Initial electron number for spin 2:     154.21691378
     Final electron number for spin 1:     169.00000000
     Final electron number for spin 2:     154.00000000

=================== Penalty functional idempotency correction ==================
 RMS occupancy error at iteration   1:  0.001200 (step -0.4976 Ne1=    169.0000)
                                                               Ne2=    154.0000
 RMS occupancy error at iteration   2:  0.000006 (step -0.5001 Ne1=    169.0000)
                                                               Ne2=    154.0000
            Final RMS occupancy error   :  0.000000 (Ne1=    169.0000)
                                                     Ne2=    154.0000
            Final occupancy bounds spin 1: [  0.000,  1.000]
            Final occupancy bounds spin 2: [  0.000,  1.000]
================================================================================

................................................................................
<<<<<<<<<<<<<< LNV (Original version) density kernel optimisation >>>>>>>>>>>>>>
~~~~~~~~~~~~~~~~~~~~~~~~~~~~~~~~~~~~~~~~~~~~~~~~~~~~~~~~~~~~~~~~~~~~~~~~~~~~~~~~
   iter  |      energy (Eh)       | rms gradient |  commutator  |   dE (Eh)
      ideal mu1:      -0.647441380470
      ideal mu2:      -0.662690888138
             Q0:        -839.358815594009
             G0:      -0.069118461265
   RMS gradient:       0.001313788914
     Trial step:       0.334496115950
             Q1:        -839.365418129159
 Quadratic coef:       0.016517321684
 Linear coef   :      -0.023119856834
           Qmin:        -839.366906006460
Quadratic minimum step length (  0.234102794035) accepted
    Initial Ne1:     168.99999997
    Initial Ne2:     153.99999997
      Final Ne1:     169.00000000
      Final Ne2:     154.00000000

=================== Penalty functional idempotency correction ==================
 RMS occupancy error at iteration   1:  0.000061 (step -0.4993 Ne1=    169.0000)
                                                               Ne2=    154.0000
            Final RMS occupancy error   :  0.000000 (Ne1=    169.0000)
                                                     Ne2=    154.0000
            Final occupancy bounds spin 1: [ -0.000,  1.000]
            Final occupancy bounds spin 2: [ -0.000,  1.000]
================================================================================

    1        -8.393588155940E+02     1.3138E-03     8.1235E-04
      ideal mu1:      -0.649161833207
      ideal mu2:      -0.663578540205
             Q0:        -839.366927003717
             G0:      -0.033395295393
   RMS gradient:       0.000913015419
     Trial step:       0.279832941838
             Q1:        -839.374164143084
 Quadratic coef:       0.002107964386
 Linear coef   :      -0.009345103753
           Qmin:        -839.377284266478
Quadratic minimum step length (  0.620282745767) accepted
    Initial Ne1:     168.99999264
    Initial Ne2:     153.99999878
      Final Ne1:     169.00000000
      Final Ne2:     154.00000000

=================== Penalty functional idempotency correction ==================
 RMS occupancy error at iteration   1:  0.000732 (step -0.4835 Ne1=    169.0000)
                                                               Ne2=    154.0000
 RMS occupancy error at iteration   2:  0.000005 (step -0.5000 Ne1=    169.0000)
                                                               Ne2=    154.0000
            Final RMS occupancy error   :  0.000000 (Ne1=    169.0000)
                                                     Ne2=    154.0000
            Final occupancy bounds spin 1: [  0.000,  1.000]
            Final occupancy bounds spin 2: [  0.000,  1.000]
================================================================================

    2        -8.393669270037E+02     9.1302E-04     5.5989E-04    -8.1114E-03
      ideal mu1:      -0.652913586921
      ideal mu2:      -0.665785892698
             Q0:        -839.377272652966
             G0:      -0.032201451247
   RMS gradient:       0.000895316583
     Trial step:       0.416623985771
             Q1:        -839.384592999847
 Quadratic coef:       0.006095550085
 Linear coef   :      -0.013415896966
           Qmin:        -839.384654525352
Quadratic minimum step length (  0.458480726838) accepted
    Initial Ne1:     168.99999481
    Initial Ne2:     153.99999916
      Final Ne1:     169.00000000
      Final Ne2:     154.00000000

=================== Penalty functional idempotency correction ==================
 RMS occupancy error at iteration   1:  0.001640 (step -0.4628 Ne1=    169.0000)
                                                               Ne2=    154.0000
 RMS occupancy error at iteration   2:  0.000014 (step -0.4999 Ne1=    169.0000)
                                                               Ne2=    154.0000
            Final RMS occupancy error   :  0.000000 (Ne1=    169.0000)
                                                     Ne2=    154.0000
            Final occupancy bounds spin 1: [ -0.000,  1.000]
            Final occupancy bounds spin 2: [ -0.000,  1.000]
================================================================================

    3        -8.393772726530E+02     8.9532E-04     5.5462E-04    -1.0346E-02
      ideal mu1:      -0.653530949101
      ideal mu2:      -0.666500330625
             Q0:        -839.385010464241
             G0:      -0.021326696694
   RMS gradient:       0.000707173134
     Trial step:       0.437051561963
             Q1:        -839.389121096164
 Quadratic coef:       0.005210234179
 Linear coef   :      -0.009320866101
           Qmin:        -839.389179112996
Quadratic minimum step length (  0.390932436849) accepted
    Initial Ne1:     168.99999735
    Initial Ne2:     153.99999970
      Final Ne1:     169.00000000
      Final Ne2:     154.00000000

=================== Penalty functional idempotency correction ==================
 RMS occupancy error at iteration   1:  0.001563 (step -0.4640 Ne1=    169.0000)
                                                               Ne2=    154.0000
 RMS occupancy error at iteration   2:  0.000009 (step -0.5000 Ne1=    169.0000)
                                                               Ne2=    154.0000
            Final RMS occupancy error   :  0.000000 (Ne1=    169.0000)
                                                     Ne2=    154.0000
            Final occupancy bounds spin 1: [ -0.000,  1.000]
            Final occupancy bounds spin 2: [ -0.000,  1.000]
================================================================================

    4        -8.393850104642E+02     7.0717E-04     4.3815E-04    -7.7378E-03
      ideal mu1:      -0.652797071097
      ideal mu2:      -0.666073464021
    5        -8.393895441785E+02     5.6171E-04     3.5010E-04    -4.5337E-03
Finished density kernel iterations (   5)

Writing density kernel to file "Fe3_O_piv_6_H2O_3_HighSpin.dkn" ... done


>>> Density kernel optimised for the current NGWF basis:
     ~~~~~~~~~~~~~~~~~~~~~~~~~~~~~~~~~~~~~~~~~~~~~~~~~~~~~~~~~~~
     Total energy                =  -8.39389544178537E+02  Eh
     Estimated bandgap (UP spin) =   1.6109E-01  Eh
     Estimated bandgap (DN spin) =   5.2541E-02  Eh
     RMS occupancy error         =   2.9778E-10
     [H,K] commutator            =   3.5010E-04
     UP spin occupancy bounds    = [ -0.000:  1.000]
     DN spin occupancy bounds    = [ -0.000:  1.000]
     ~~~~~~~~~~~~~~~~~~~~~~~~~~~~~~~~~~~~~~~~~~~~~~~~~~~~~~~~~~~




################################################################################
########################### NGWF CG iteration  004 #############################
################################################################################
****** Reciprocal space K.E. preconditioning with k_zero =  3.0000 a0^-1 *******

>>> Checking for convergence of NGWFs:   NOT CONVERGED
  ========================================================================
         NGWF RMS gradient =  8.9779E-05 >  2.0000E-06  | above tolerance
  ========================================================================

>>> Improving NGWFs using line search:
============ Calculation of NGWF S^-1 using Hotelling algorithm ================ 
     Iteration  |  Spin  |  Frobenius norm and Maximum abs value (of I-S*S_n^-1)
         1           1      0.63387178E-01     0.34442734E-02
         2           1      0.33136197E-03     0.25614386E-04
         3           1      0.16550645E-07     0.12109775E-08
         4           1      0.23020582E-13     0.26645353E-14
================================================================================
============ Calculation of NGWF S^-1 using Hotelling algorithm ================ 
     Iteration  |  Spin  |  Frobenius norm and Maximum abs value (of I-S*S_n^-1)
         1           1      0.19997611E-02     0.10371178E-03
         2           1      0.33984242E-06     0.21772359E-07
         3           1      0.27721698E-13     0.41078252E-14
================================================================================
------------------------------- NGWF line search -------------------------------
RMS gradient                =       0.00008977938255
Trial step length           =               0.865605
Gradient along search dir.  =         -0.08330999259
Functional at step 0        =    -839.38954417853677
Functional at step 1        =    -839.42660313050146
Functional predicted        =    -839.42663178173211
Selected quadratic step     =               0.890352
Conjugate gradients coeff.  =               0.335546
--------------------------- NGWF line search finished --------------------------
                                               
Writing NGWFs to file "Fe3_O_piv_6_H2O_3_HighSpin.tightbox_ngwfs".... done

>>> Optimising kernel for current NGWFs:
   Initial electron number for spin 1:     169.07659481
   Initial electron number for spin 2:     154.06869519
     Final electron number for spin 1:     169.00000000
     Final electron number for spin 2:     154.00000000

=================== Penalty functional idempotency correction ==================
 RMS occupancy error at iteration   1:  0.000548 (step -0.4988 Ne1=    169.0000)
                                                               Ne2=    154.0000
 RMS occupancy error at iteration   2:  0.000002 (step -0.5000 Ne1=    169.0000)
                                                               Ne2=    154.0000
            Final RMS occupancy error   :  0.000000 (Ne1=    169.0000)
                                                     Ne2=    154.0000
            Final occupancy bounds spin 1: [  0.000,  1.000]
            Final occupancy bounds spin 2: [  0.000,  1.000]
================================================================================

................................................................................
<<<<<<<<<<<<<< LNV (Original version) density kernel optimisation >>>>>>>>>>>>>>
~~~~~~~~~~~~~~~~~~~~~~~~~~~~~~~~~~~~~~~~~~~~~~~~~~~~~~~~~~~~~~~~~~~~~~~~~~~~~~~~
   iter  |      energy (Eh)       | rms gradient |  commutator  |   dE (Eh)
      ideal mu1:      -0.652824766763
      ideal mu2:      -0.665164599482
             Q0:        -839.426579333373
             G0:      -0.013756410724
   RMS gradient:       0.000586112697
     Trial step:       0.413349285891
             Q1:        -839.427236059169
 Quadratic coef:       0.005029476753
 Linear coef   :      -0.005686202549
           Qmin:        -839.428186503513
Quadratic minimum step length (  0.233661261250) accepted
    Initial Ne1:     168.99999999
    Initial Ne2:     154.00000000
      Final Ne1:     169.00000000
      Final Ne2:     154.00000000

=================== Penalty functional idempotency correction ==================
 RMS occupancy error at iteration   1:  0.000011 (step -0.4999 Ne1=    169.0000)
                                                               Ne2=    154.0000
            Final RMS occupancy error   :  0.000000 (Ne1=    169.0000)
                                                     Ne2=    154.0000
            Final occupancy bounds spin 1: [ -0.000,  1.000]
            Final occupancy bounds spin 2: [ -0.000,  1.000]
================================================================================

    1        -8.394265793334E+02     5.8611E-04     3.6756E-04
      ideal mu1:      -0.650978384671
      ideal mu2:      -0.663874013164
             Q0:        -839.428184044887
             G0:      -0.006268647843
   RMS gradient:       0.000395434088
     Trial step:       0.310779206959
             Q1:        -839.429418715279
 Quadratic coef:       0.000713495013
 Linear coef   :      -0.001948165405
           Qmin:        -839.429513888957
Quadratic minimum step length (  0.424284184875) accepted
    Initial Ne1:     169.00000005
    Initial Ne2:     154.00000024
      Final Ne1:     169.00000000
      Final Ne2:     154.00000000

=================== Penalty functional idempotency correction ==================
 RMS occupancy error at iteration   1:  0.000037 (step -0.4995 Ne1=    169.0000)
                                                               Ne2=    154.0000
            Final RMS occupancy error   :  0.000000 (Ne1=    169.0000)
                                                     Ne2=    154.0000
            Final occupancy bounds spin 1: [ -0.000,  1.000]
            Final occupancy bounds spin 2: [ -0.000,  1.000]
================================================================================

    2        -8.394281840449E+02     3.9543E-04     2.4679E-04    -1.6047E-03
      ideal mu1:      -0.648464122159
      ideal mu2:      -0.662023051378
             Q0:        -839.429517348558
             G0:      -0.002219863225
   RMS gradient:       0.000234607271
     Trial step:       0.363123536143
             Q1:        -839.429949428085
 Quadratic coef:       0.000374005057
 Linear coef   :      -0.000806084584
           Qmin:        -839.429951682495
Quadratic minimum step length (  0.391315944807) accepted
    Initial Ne1:     169.00000099
    Initial Ne2:     154.00000128
      Final Ne1:     169.00000000
      Final Ne2:     154.00000000

=================== Penalty functional idempotency correction ==================
 RMS occupancy error at iteration   1:  0.000032 (step -0.4993 Ne1=    169.0000)
                                                               Ne2=    154.0000
            Final RMS occupancy error   :  0.000000 (Ne1=    169.0000)
                                                     Ne2=    154.0000
            Final occupancy bounds spin 1: [ -0.000,  1.000]
            Final occupancy bounds spin 2: [ -0.000,  1.000]
================================================================================

    3        -8.394295173486E+02     2.3461E-04     1.4367E-04    -1.3333E-03
      ideal mu1:      -0.648372235769
      ideal mu2:      -0.661915435825
             Q0:        -839.429951805547
             G0:      -0.001812781475
   RMS gradient:       0.000213284564
     Trial step:       0.376956270179
             Q1:        -839.430277322348
 Quadratic coef:       0.000357822543
 Linear coef   :      -0.000683339344
           Qmin:        -839.430278051523
Quadratic minimum step length (  0.359939661954) accepted
    Initial Ne1:     169.00000194
    Initial Ne2:     154.00000221
      Final Ne1:     169.00000000
      Final Ne2:     154.00000000

=================== Penalty functional idempotency correction ==================
 RMS occupancy error at iteration   1:  0.000053 (step -0.4988 Ne1=    169.0000)
                                                               Ne2=    154.0000
            Final RMS occupancy error   :  0.000000 (Ne1=    169.0000)
                                                     Ne2=    154.0000
            Final occupancy bounds spin 1: [ -0.000,  1.000]
            Final occupancy bounds spin 2: [ -0.000,  1.000]
================================================================================

    4        -8.394299518055E+02     2.1328E-04     1.3107E-04    -4.3446E-04
      ideal mu1:      -0.648725118114
      ideal mu2:      -0.662162299359
    5        -8.394302786721E+02     1.6098E-04     9.9404E-05    -3.2687E-04
Finished density kernel iterations (   5)

Writing density kernel to file "Fe3_O_piv_6_H2O_3_HighSpin.dkn" ... done


>>> Density kernel optimised for the current NGWF basis:
     ~~~~~~~~~~~~~~~~~~~~~~~~~~~~~~~~~~~~~~~~~~~~~~~~~~~~~~~~~~~
     Total energy                =  -8.39430278672103E+02  Eh
     Estimated bandgap (UP spin) =   1.6222E-01  Eh
     Estimated bandgap (DN spin) =   5.5037E-02  Eh
     RMS occupancy error         =   3.0040E-08
     [H,K] commutator            =   9.9404E-05
     UP spin occupancy bounds    = [ -0.000:  1.000]
     DN spin occupancy bounds    = [ -0.000:  1.000]
     ~~~~~~~~~~~~~~~~~~~~~~~~~~~~~~~~~~~~~~~~~~~~~~~~~~~~~~~~~~~




################################################################################
########################### NGWF CG iteration  005 #############################
################################################################################
****** Reciprocal space K.E. preconditioning with k_zero =  3.0000 a0^-1 *******

>>> Checking for convergence of NGWFs:   NOT CONVERGED
  ========================================================================
         NGWF RMS gradient =  5.7280E-05 >  2.0000E-06  | above tolerance
  ========================================================================

>>> Improving NGWFs using line search:
============ Calculation of NGWF S^-1 using Hotelling algorithm ================ 
     Iteration  |  Spin  |  Frobenius norm and Maximum abs value (of I-S*S_n^-1)
         1           1      0.29068438E-01     0.12901486E-02
         2           1      0.77285677E-04     0.95870882E-05
         3           1      0.12187656E-08     0.12981816E-09
         4           1      0.22887454E-13     0.71054274E-14
================================================================================
============ Calculation of NGWF S^-1 using Hotelling algorithm ================ 
     Iteration  |  Spin  |  Frobenius norm and Maximum abs value (of I-S*S_n^-1)
         1           1      0.93347614E-02     0.41155443E-03
         2           1      0.79819301E-05     0.90331917E-06
         3           1      0.12559647E-10     0.12154722E-11
         4           1      0.20373948E-13     0.26645353E-14
================================================================================
------------------------------- NGWF line search -------------------------------
RMS gradient                =       0.00005728012217
Trial step length           =               0.877891
Gradient along search dir.  =         -0.03355607853
Functional at step 0        =    -839.43027867210253
Functional at step 1        =    -839.43851872408231
Functional predicted        =    -839.44050332202289
Selected quadratic step     =               0.609407
Conjugate gradients coeff.  =               0.000000
--------------------------- NGWF line search finished --------------------------
                                               
Writing NGWFs to file "Fe3_O_piv_6_H2O_3_HighSpin.tightbox_ngwfs".... done

>>> Optimising kernel for current NGWFs:
   Initial electron number for spin 1:     169.00302088
   Initial electron number for spin 2:     154.00230520
     Final electron number for spin 1:     169.00000000
     Final electron number for spin 2:     154.00000000

=================== Penalty functional idempotency correction ==================
 RMS occupancy error at iteration   1:  0.000175 (step -0.4999 Ne1=    169.0000)
                                                               Ne2=    154.0000
 RMS occupancy error at iteration   2:  0.000000 (step -0.5000 Ne1=    169.0000)
                                                               Ne2=    154.0000
            Final RMS occupancy error   :  0.000000 (Ne1=    169.0000)
                                                     Ne2=    154.0000
            Final occupancy bounds spin 1: [  0.000,  1.000]
            Final occupancy bounds spin 2: [  0.000,  1.000]
================================================================================

................................................................................
<<<<<<<<<<<<<< LNV (Original version) density kernel optimisation >>>>>>>>>>>>>>
~~~~~~~~~~~~~~~~~~~~~~~~~~~~~~~~~~~~~~~~~~~~~~~~~~~~~~~~~~~~~~~~~~~~~~~~~~~~~~~~
   iter  |      energy (Eh)       | rms gradient |  commutator  |   dE (Eh)
      ideal mu1:      -0.646634678843
      ideal mu2:      -0.660786727924
             Q0:        -839.440503203204
             G0:      -0.002684162151
   RMS gradient:       0.000258900528
     Trial step:       0.368349714890
             Q1:        -839.440872233107
 Quadratic coef:       0.000619680460
 Linear coef   :      -0.000988710363
           Qmin:        -839.440897579114
Quadratic minimum step length (  0.293854013231) accepted
    Initial Ne1:     169.00000000
    Initial Ne2:     154.00000000
      Final Ne1:     169.00000000
      Final Ne2:     154.00000000

=================== Penalty functional idempotency correction ==================
 RMS occupancy error at iteration   1:  0.000003 (step -0.5000 Ne1=    169.0000)
                                                               Ne2=    154.0000
            Final RMS occupancy error   :  0.000000 (Ne1=    169.0000)
                                                     Ne2=    154.0000
            Final occupancy bounds spin 1: [  0.000,  1.000]
            Final occupancy bounds spin 2: [  0.000,  1.000]
================================================================================

    1        -8.394405032032E+02     2.5890E-04     1.6493E-04
      ideal mu1:      -0.647872375870
      ideal mu2:      -0.661556388747
             Q0:        -839.440898070285
             G0:      -0.001278952700
   RMS gradient:       0.000178922125
     Trial step:       0.329000063819
             Q1:        -839.441104863408
 Quadratic coef:       0.000213982397
 Linear coef   :      -0.000420775520
           Qmin:        -839.441104923793
Quadratic minimum step length (  0.323473273247) accepted
    Initial Ne1:     169.00000000
    Initial Ne2:     153.99999999
      Final Ne1:     169.00000000
      Final Ne2:     154.00000000

=================== Penalty functional idempotency correction ==================
 RMS occupancy error at iteration   1:  0.000005 (step -0.5000 Ne1=    169.0000)
                                                               Ne2=    154.0000
            Final RMS occupancy error   :  0.000000 (Ne1=    169.0000)
                                                     Ne2=    154.0000
            Final occupancy bounds spin 1: [  0.000,  1.000]
            Final occupancy bounds spin 2: [  0.000,  1.000]
================================================================================

    2        -8.394408980703E+02     1.7892E-04     1.1314E-04    -3.9487E-04
      ideal mu1:      -0.648729953813
      ideal mu2:      -0.662131273907
             Q0:        -839.441104949133
             G0:      -0.000493809303
   RMS gradient:       0.000111157417
     Trial step:       0.326224964621
             Q1:        -839.441197976490
 Quadratic coef:       0.000068065565
 Linear coef   :      -0.000161092923
           Qmin:        -839.441200265060
Quadratic minimum step length (  0.386043462681) accepted
    Initial Ne1:     168.99999997
    Initial Ne2:     153.99999997
      Final Ne1:     169.00000000
      Final Ne2:     154.00000000

=================== Penalty functional idempotency correction ==================
 RMS occupancy error at iteration   1:  0.000006 (step -0.4999 Ne1=    169.0000)
                                                               Ne2=    154.0000
            Final RMS occupancy error   :  0.000000 (Ne1=    169.0000)
                                                     Ne2=    154.0000
            Final occupancy bounds spin 1: [ -0.000,  1.000]
            Final occupancy bounds spin 2: [ -0.000,  1.000]
================================================================================

    3        -8.394411049491E+02     1.1116E-04     6.9146E-05    -2.0688E-04
      ideal mu1:      -0.649072127121
      ideal mu2:      -0.662398065491
             Q0:        -839.441200026046
             G0:      -0.000277015331
   RMS gradient:       0.000083825732
     Trial step:       0.354876055765
             Q1:        -839.441259747110
 Quadratic coef:       0.000038585044
 Linear coef   :      -0.000098306108
           Qmin:        -839.441262641569
Quadratic minimum step length (  0.452072621200) accepted
    Initial Ne1:     168.99999997
    Initial Ne2:     154.00000004
      Final Ne1:     169.00000000
      Final Ne2:     154.00000000

=================== Penalty functional idempotency correction ==================
 RMS occupancy error at iteration   1:  0.000008 (step -0.4998 Ne1=    169.0000)
                                                               Ne2=    154.0000
            Final RMS occupancy error   :  0.000000 (Ne1=    169.0000)
                                                     Ne2=    154.0000
            Final occupancy bounds spin 1: [ -0.000,  1.000]
            Final occupancy bounds spin 2: [ -0.000,  1.000]
================================================================================

    4        -8.394412000260E+02     8.3826E-05     5.1968E-05    -9.5077E-05
      ideal mu1:      -0.649097174739
      ideal mu2:      -0.662417931339
    5        -8.394412627452E+02     7.4598E-05     4.6506E-05    -6.2719E-05
Finished density kernel iterations (   5)

Writing density kernel to file "Fe3_O_piv_6_H2O_3_HighSpin.dkn" ... done


>>> Density kernel optimised for the current NGWF basis:
     ~~~~~~~~~~~~~~~~~~~~~~~~~~~~~~~~~~~~~~~~~~~~~~~~~~~~~~~~~~~
     Total energy                =  -8.39441262745232E+02  Eh
     Estimated bandgap (UP spin) =   1.6182E-01  Eh
     Estimated bandgap (DN spin) =   5.4872E-02  Eh
     RMS occupancy error         =   1.0144E-09
     [H,K] commutator            =   4.6506E-05
     UP spin occupancy bounds    = [ -0.000:  1.000]
     DN spin occupancy bounds    = [ -0.000:  1.000]
     ~~~~~~~~~~~~~~~~~~~~~~~~~~~~~~~~~~~~~~~~~~~~~~~~~~~~~~~~~~~


================================================================================
           ---------------- ENERGY COMPONENTS (Eh) ----------------
           | Kinetic                    :      293.14932434498269 |
           | Core Hartree               :    -8511.97219507074078 |
           | CoreHart (non-coul chg cor):        0.00142678223254
           | Hartree                    :     4078.21155662549245 |
           | Exchange-correlation       :     -142.13773303019258 |
           | Ewald                      :     3436.28223322304621 |
           | Dij0                       :       20.06452955132816 |
           | Dijhartree                 :       33.03650166891230 |
           | Exc [AE core]              :     -458.47905943804921 |
           | Exc DC [AE core]           :     -199.70072779680228 |
           | Exc [PS core]              :     -112.58761733080085 |
           | Exc DC [PS core]           :     -131.57915259309181 |
           | Exc [Core]                 :     -299.81596204920004 |
           | Total [Sphere]             :        7.02555116219219 |
           | Total                      :     -839.44126274522068 |
           --------------------------------------------------------
           ------ LOCAL ENERGY COMPONENTS FROM MATRIX TRACES ------
           | Core Hartree               :    -8511.97219507076625 |
           | Hartree (Valence)          :     4078.21155662551018 |
           --------------------------------------------------------
           Integrated compensation chrg.:       39.90531010965623
           Integrated density           :      322.99999656774850
           Integrated spin density      :       14.99999985938626
           Integrated |spin density|    :       15.00065926920567
           Local density approx. <S^2>  :       63.75032970489674
           Integrated density tr(KS)    :      323.00000000000000
           Integrated spin tr(KS)       :       15.00000000000000
================================================================================




################################################################################
########################### NGWF CG iteration  006 #############################
################################################################################
****** Reciprocal space K.E. preconditioning with k_zero =  3.0000 a0^-1 *******

>>> Checking for convergence of NGWFs:   NOT CONVERGED
  ========================================================================
         NGWF RMS gradient =  3.4260E-05 >  2.0000E-06  | above tolerance
  ========================================================================

>>> Improving NGWFs using line search:
============ Calculation of NGWF S^-1 using Hotelling algorithm ================ 
     Iteration  |  Spin  |  Frobenius norm and Maximum abs value (of I-S*S_n^-1)
         1           1      0.32164159E-01     0.12478627E-02
         2           1      0.98897949E-04     0.11490881E-04
         3           1      0.20523263E-08     0.19775137E-09
         4           1      0.22718907E-13     0.31086245E-14
================================================================================
============ Calculation of NGWF S^-1 using Hotelling algorithm ================ 
     Iteration  |  Spin  |  Frobenius norm and Maximum abs value (of I-S*S_n^-1)
         1           1      0.26674870E-01     0.11927635E-02
         2           1      0.68840604E-04     0.60948139E-05
         3           1      0.89838868E-09     0.66394223E-10
         4           1      0.23270171E-13     0.31086245E-14
================================================================================
------------------------------- NGWF line search -------------------------------
RMS gradient                =       0.00003425984173
Trial step length           =               0.731432
Gradient along search dir.  =         -0.01243287021
Functional at step 0        =    -839.44126274523205
Functional at step 1        =    -839.44771212326486
Functional predicted        =    -839.44908082451911
Selected quadratic step     =               1.257647
Conjugate gradients coeff.  =               0.357736
--------------------------- NGWF line search finished --------------------------
                                               
Writing NGWFs to file "Fe3_O_piv_6_H2O_3_HighSpin.tightbox_ngwfs".... done

>>> Optimising kernel for current NGWFs:
   Initial electron number for spin 1:     169.00719803
   Initial electron number for spin 2:     154.00503786
     Final electron number for spin 1:     169.00000000
     Final electron number for spin 2:     154.00000000

=================== Penalty functional idempotency correction ==================
 RMS occupancy error at iteration   1:  0.000433 (step -0.4997 Ne1=    169.0000)
                                                               Ne2=    154.0000
 RMS occupancy error at iteration   2:  0.000001 (step -0.5000 Ne1=    169.0000)
                                                               Ne2=    154.0000
            Final RMS occupancy error   :  0.000000 (Ne1=    169.0000)
                                                     Ne2=    154.0000
            Final occupancy bounds spin 1: [  0.000,  1.000]
            Final occupancy bounds spin 2: [  0.000,  1.000]
================================================================================

................................................................................
<<<<<<<<<<<<<< LNV (Original version) density kernel optimisation >>>>>>>>>>>>>>
~~~~~~~~~~~~~~~~~~~~~~~~~~~~~~~~~~~~~~~~~~~~~~~~~~~~~~~~~~~~~~~~~~~~~~~~~~~~~~~~
   iter  |      energy (Eh)       | rms gradient |  commutator  |   dE (Eh)
      ideal mu1:      -0.649165610169
      ideal mu2:      -0.662317094546
             Q0:        -839.449036432826
             G0:      -0.001058896852
   RMS gradient:       0.000162613048
     Trial step:       0.400536825686
             Q1:        -839.449139730490
 Quadratic coef:       0.000320829520
 Linear coef   :      -0.000424127184
           Qmin:        -839.449176603740
Quadratic minimum step length (  0.264748948174) accepted
    Initial Ne1:     169.00000000
    Initial Ne2:     154.00000000
      Final Ne1:     169.00000000
      Final Ne2:     154.00000000

=================== Penalty functional idempotency correction ==================
 RMS occupancy error at iteration   1:  0.000001 (step -0.5000 Ne1=    169.0000)
                                                               Ne2=    154.0000
            Final RMS occupancy error   :  0.000000 (Ne1=    169.0000)
                                                     Ne2=    154.0000
            Final occupancy bounds spin 1: [  0.000,  1.000]
            Final occupancy bounds spin 2: [  0.000,  1.000]
================================================================================

    1        -8.394490364328E+02     1.6261E-04     1.0129E-04
      ideal mu1:      -0.648819170904
      ideal mu2:      -0.662064334060
             Q0:        -839.449176169052
             G0:      -0.000575229760
   RMS gradient:       0.000119501898
     Trial step:       0.325640450966
             Q1:        -839.449272507982
 Quadratic coef:       0.000090979148
 Linear coef   :      -0.000187318079
           Qmin:        -839.449272586921
Quadratic minimum step length (  0.335232549222) accepted
    Initial Ne1:     169.00000000
    Initial Ne2:     154.00000000
      Final Ne1:     169.00000000
      Final Ne2:     154.00000000

=================== Penalty functional idempotency correction ==================
 RMS occupancy error at iteration   1:  0.000002 (step -0.5000 Ne1=    169.0000)
                                                               Ne2=    154.0000
            Final RMS occupancy error   :  0.000000 (Ne1=    169.0000)
                                                     Ne2=    154.0000
            Final occupancy bounds spin 1: [  0.000,  1.000]
            Final occupancy bounds spin 2: [  0.000,  1.000]
================================================================================

    2        -8.394491761691E+02     1.1950E-04     7.4385E-05    -1.3974E-04
      ideal mu1:      -0.648491476331
      ideal mu2:      -0.661815204711
             Q0:        -839.449272632191
             G0:      -0.000125253860
   RMS gradient:       0.000055524440
     Trial step:       0.330401692652
             Q1:        -839.449298310984
 Quadratic coef:       0.000015705294
 Linear coef   :      -0.000041384087
           Qmin:        -839.449299894378
Quadratic minimum step length (  0.435310927885) accepted
    Initial Ne1:     169.00000000
    Initial Ne2:     154.00000000
      Final Ne1:     169.00000000
      Final Ne2:     154.00000000

=================== Penalty functional idempotency correction ==================
 RMS occupancy error at iteration   1:  0.000001 (step -0.5000 Ne1=    169.0000)
                                                               Ne2=    154.0000
            Final RMS occupancy error   :  0.000000 (Ne1=    169.0000)
                                                     Ne2=    154.0000
            Final occupancy bounds spin 1: [  0.000,  1.000]
            Final occupancy bounds spin 2: [  0.000,  1.000]
================================================================================

    3        -8.394492726322E+02     5.5524E-05     3.4376E-05    -9.6463E-05
      ideal mu1:      -0.648468584667
      ideal mu2:      -0.661806917870
             Q0:        -839.449299832722
             G0:      -0.000069584976
   RMS gradient:       0.000041885119
     Trial step:       0.379245919428
             Q1:        -839.449311036482
 Quadratic coef:       0.000015186057
 Linear coef   :      -0.000026389818
           Qmin:        -839.449311297555
Quadratic minimum step length (  0.329520379628) accepted
    Initial Ne1:     169.00000000
    Initial Ne2:     154.00000000
      Final Ne1:     169.00000000
      Final Ne2:     154.00000000

=================== Penalty functional idempotency correction ==================
 RMS occupancy error at iteration   1:  0.000001 (step -0.5000 Ne1=    169.0000)
                                                               Ne2=    154.0000
            Final RMS occupancy error   :  0.000000 (Ne1=    169.0000)
                                                     Ne2=    154.0000
            Final occupancy bounds spin 1: [  0.000,  1.000]
            Final occupancy bounds spin 2: [  0.000,  1.000]
================================================================================

    4        -8.394492998327E+02     4.1885E-05     2.5892E-05    -2.7201E-05
      ideal mu1:      -0.648460710669
      ideal mu2:      -0.661807235531
    5        -8.394493112507E+02     3.4150E-05     2.1180E-05    -1.1418E-05
Finished density kernel iterations (   5)

Writing density kernel to file "Fe3_O_piv_6_H2O_3_HighSpin.dkn" ... done


>>> Density kernel optimised for the current NGWF basis:
     ~~~~~~~~~~~~~~~~~~~~~~~~~~~~~~~~~~~~~~~~~~~~~~~~~~~~~~~~~~~
     Total energy                =  -8.39449311250681E+02  Eh
     Estimated bandgap (UP spin) =   1.6059E-01  Eh
     Estimated bandgap (DN spin) =   5.5065E-02  Eh
     RMS occupancy error         =   3.2186E-11
     [H,K] commutator            =   2.1180E-05
     UP spin occupancy bounds    = [  0.000:  1.000]
     DN spin occupancy bounds    = [  0.000:  1.000]
     ~~~~~~~~~~~~~~~~~~~~~~~~~~~~~~~~~~~~~~~~~~~~~~~~~~~~~~~~~~~




################################################################################
########################### NGWF CG iteration  007 #############################
################################################################################
****** Reciprocal space K.E. preconditioning with k_zero =  3.0000 a0^-1 *******

>>> Checking for convergence of NGWFs:   NOT CONVERGED
  ========================================================================
         NGWF RMS gradient =  2.4428E-05 >  2.0000E-06  | above tolerance
  ========================================================================

>>> Improving NGWFs using line search:
============ Calculation of NGWF S^-1 using Hotelling algorithm ================ 
     Iteration  |  Spin  |  Frobenius norm and Maximum abs value (of I-S*S_n^-1)
         1           1      0.56461410E-01     0.24449693E-02
         2           1      0.32207133E-03     0.29139937E-04
         3           1      0.20724169E-07     0.15594530E-08
         4           1      0.22813271E-13     0.39968029E-14
================================================================================
============ Calculation of NGWF S^-1 using Hotelling algorithm ================ 
     Iteration  |  Spin  |  Frobenius norm and Maximum abs value (of I-S*S_n^-1)
         1           1      0.15602601E-01     0.77743069E-03
         2           1      0.24927566E-04     0.16966312E-05
         3           1      0.11180342E-09     0.64312999E-11
         4           1      0.21933580E-13     0.35527137E-14
================================================================================
------------------------------- NGWF line search -------------------------------
RMS gradient                =       0.00002442788110
Trial step length           =               0.959105
Gradient along search dir.  =         -0.00623434351
Functional at step 0        =    -839.44931125068115
Functional at step 1        =    -839.45287535838111
Functional predicted        =    -839.45301196694982
Selected quadratic step     =               1.187203
Conjugate gradients coeff.  =               0.508395
--------------------------- NGWF line search finished --------------------------
                                               
Writing NGWFs to file "Fe3_O_piv_6_H2O_3_HighSpin.tightbox_ngwfs".... done

>>> Optimising kernel for current NGWFs:
   Initial electron number for spin 1:     169.00920931
   Initial electron number for spin 2:     154.00670110
     Final electron number for spin 1:     169.00000000
     Final electron number for spin 2:     154.00000000

=================== Penalty functional idempotency correction ==================
 RMS occupancy error at iteration   1:  0.000451 (step -0.4997 Ne1=    169.0000)
                                                               Ne2=    154.0000
 RMS occupancy error at iteration   2:  0.000001 (step -0.5000 Ne1=    169.0000)
                                                               Ne2=    154.0000
            Final RMS occupancy error   :  0.000000 (Ne1=    169.0000)
                                                     Ne2=    154.0000
            Final occupancy bounds spin 1: [  0.000,  1.000]
            Final occupancy bounds spin 2: [  0.000,  1.000]
================================================================================

................................................................................
<<<<<<<<<<<<<< LNV (Original version) density kernel optimisation >>>>>>>>>>>>>>
~~~~~~~~~~~~~~~~~~~~~~~~~~~~~~~~~~~~~~~~~~~~~~~~~~~~~~~~~~~~~~~~~~~~~~~~~~~~~~~~
   iter  |      energy (Eh)       | rms gradient |  commutator  |   dE (Eh)
      ideal mu1:      -0.648020199762
      ideal mu2:      -0.661492651819
             Q0:        -839.452964953810
             G0:      -0.000815730804
   RMS gradient:       0.000142725638
     Trial step:       0.353509914065
             Q1:        -839.453076450936
 Quadratic coef:       0.000176871801
 Linear coef   :      -0.000288368926
           Qmin:        -839.453082491820
Quadratic minimum step length (  0.288178426191) accepted
    Initial Ne1:     169.00000000
    Initial Ne2:     154.00000000
      Final Ne1:     169.00000000
      Final Ne2:     154.00000000

=================== Penalty functional idempotency correction ==================
 RMS occupancy error at iteration   1:  0.000001 (step -0.5000 Ne1=    169.0000)
                                                               Ne2=    154.0000
            Final RMS occupancy error   :  0.000000 (Ne1=    169.0000)
                                                     Ne2=    154.0000
            Final occupancy bounds spin 1: [  0.000,  1.000]
            Final occupancy bounds spin 2: [  0.000,  1.000]
================================================================================

    1        -8.394529649538E+02     1.4273E-04     8.8912E-05
      ideal mu1:      -0.648129157330
      ideal mu2:      -0.661489531764
             Q0:        -839.453082237313
             G0:      -0.000430380226
   RMS gradient:       0.000103152769
     Trial step:       0.319176958251
             Q1:        -839.453143382704
 Quadratic coef:       0.000076222060
 Linear coef   :      -0.000137367451
           Qmin:        -839.453144128243
Quadratic minimum step length (  0.287610472613) accepted
    Initial Ne1:     169.00000000
    Initial Ne2:     154.00000000
      Final Ne1:     169.00000000
      Final Ne2:     154.00000000

=================== Penalty functional idempotency correction ==================
 RMS occupancy error at iteration   1:  0.000001 (step -0.5000 Ne1=    169.0000)
                                                               Ne2=    154.0000
            Final RMS occupancy error   :  0.000000 (Ne1=    169.0000)
                                                     Ne2=    154.0000
            Final occupancy bounds spin 1: [  0.000,  1.000]
            Final occupancy bounds spin 2: [  0.000,  1.000]
================================================================================

    2        -8.394530822373E+02     1.0315E-04     6.3603E-05    -1.1728E-04
      ideal mu1:      -0.648188265043
      ideal mu2:      -0.661475728332
             Q0:        -839.453144008819
             G0:      -0.000083218346
   RMS gradient:       0.000045160113
     Trial step:       0.302982896893
             Q1:        -839.453160305312
 Quadratic coef:       0.000008917243
 Linear coef   :      -0.000025213736
           Qmin:        -839.453161831942
Quadratic minimum step length (  0.428346000761) accepted
    Initial Ne1:     169.00000000
    Initial Ne2:     154.00000000
      Final Ne1:     169.00000000
      Final Ne2:     154.00000000

=================== Penalty functional idempotency correction ==================
 RMS occupancy error at iteration   1:  0.000001 (step -0.5000 Ne1=    169.0000)
                                                               Ne2=    154.0000
            Final RMS occupancy error   :  0.000000 (Ne1=    169.0000)
                                                     Ne2=    154.0000
            Final occupancy bounds spin 1: [  0.000,  1.000]
            Final occupancy bounds spin 2: [  0.000,  1.000]
================================================================================

    3        -8.394531440088E+02     4.5160E-05     2.7896E-05    -6.1772E-05
      ideal mu1:      -0.648185809432
      ideal mu2:      -0.661493728698
             Q0:        -839.453161628691
             G0:      -0.000042432801
   RMS gradient:       0.000033219897
     Trial step:       0.360252012046
             Q1:        -839.453168326604
 Quadratic coef:       0.000008588589
 Linear coef   :      -0.000015286502
           Qmin:        -839.453168430656
Quadratic minimum step length (  0.320599402222) accepted
    Initial Ne1:     169.00000000
    Initial Ne2:     154.00000000
      Final Ne1:     169.00000000
      Final Ne2:     154.00000000

=================== Penalty functional idempotency correction ==================
 RMS occupancy error at iteration   1:  0.000000 (step -0.5000 Ne1=    169.0000)
                                                               Ne2=    154.0000
            Final RMS occupancy error   :  0.000000 (Ne1=    169.0000)
                                                     Ne2=    154.0000
            Final occupancy bounds spin 1: [  0.000,  1.000]
            Final occupancy bounds spin 2: [  0.000,  1.000]
================================================================================

    4        -8.394531616287E+02     3.3220E-05     2.0474E-05    -1.7620E-05
      ideal mu1:      -0.648221556127
      ideal mu2:      -0.661525750824
    5        -8.394531684466E+02     2.1895E-05     1.3614E-05    -6.8179E-06
Finished density kernel iterations (   5)

Writing density kernel to file "Fe3_O_piv_6_H2O_3_HighSpin.dkn" ... done


>>> Density kernel optimised for the current NGWF basis:
     ~~~~~~~~~~~~~~~~~~~~~~~~~~~~~~~~~~~~~~~~~~~~~~~~~~~~~~~~~~~
     Total energy                =  -8.39453168446606E+02  Eh
     Estimated bandgap (UP spin) =   1.5947E-01  Eh
     Estimated bandgap (DN spin) =   5.5135E-02  Eh
     RMS occupancy error         =   2.5903E-12
     [H,K] commutator            =   1.3614E-05
     UP spin occupancy bounds    = [  0.000:  1.000]
     DN spin occupancy bounds    = [  0.000:  1.000]
     ~~~~~~~~~~~~~~~~~~~~~~~~~~~~~~~~~~~~~~~~~~~~~~~~~~~~~~~~~~~




################################################################################
########################### NGWF CG iteration  008 #############################
################################################################################
****** Reciprocal space K.E. preconditioning with k_zero =  3.0000 a0^-1 *******

>>> Checking for convergence of NGWFs:   NOT CONVERGED
  ========================================================================
         NGWF RMS gradient =  1.7159E-05 >  2.0000E-06  | above tolerance
  ========================================================================

>>> Improving NGWFs using line search:
============ Calculation of NGWF S^-1 using Hotelling algorithm ================ 
     Iteration  |  Spin  |  Frobenius norm and Maximum abs value (of I-S*S_n^-1)
         1           1      0.68868018E-01     0.30585809E-02
         2           1      0.50386619E-03     0.41205691E-04
         3           1      0.50580528E-07     0.34006269E-08
         4           1      0.22966239E-13     0.38857806E-14
================================================================================
============ Calculation of NGWF S^-1 using Hotelling algorithm ================ 
     Iteration  |  Spin  |  Frobenius norm and Maximum abs value (of I-S*S_n^-1)
         1           1      0.15562811E-01     0.75481435E-03
         2           1      0.25906631E-04     0.17543077E-05
         3           1      0.12489463E-09     0.70332629E-11
         4           1      0.22707261E-13     0.35527137E-14
================================================================================
------------------------------- NGWF line search -------------------------------
RMS gradient                =       0.00001715879745
Trial step length           =               1.067077
Gradient along search dir.  =         -0.00315469470
Functional at step 0        =    -839.45316844660624
Functional at step 1        =    -839.45441764189968
Functional predicted        =    -839.45450659227015
Selected quadratic step     =               0.848352
Conjugate gradients coeff.  =               0.493403
--------------------------- NGWF line search finished --------------------------
                                               
Writing NGWFs to file "Fe3_O_piv_6_H2O_3_HighSpin.tightbox_ngwfs".... done

>>> Optimising kernel for current NGWFs:
   Initial electron number for spin 1:     169.00788016
   Initial electron number for spin 2:     154.00635152
     Final electron number for spin 1:     169.00000000
     Final electron number for spin 2:     154.00000000

=================== Penalty functional idempotency correction ==================
 RMS occupancy error at iteration   1:  0.000316 (step -0.4998 Ne1=    169.0000)
                                                               Ne2=    154.0000
 RMS occupancy error at iteration   2:  0.000001 (step -0.5000 Ne1=    169.0000)
                                                               Ne2=    154.0000
            Final RMS occupancy error   :  0.000000 (Ne1=    169.0000)
                                                     Ne2=    154.0000
            Final occupancy bounds spin 1: [  0.000,  1.000]
            Final occupancy bounds spin 2: [  0.000,  1.000]
================================================================================

................................................................................
<<<<<<<<<<<<<< LNV (Original version) density kernel optimisation >>>>>>>>>>>>>>
~~~~~~~~~~~~~~~~~~~~~~~~~~~~~~~~~~~~~~~~~~~~~~~~~~~~~~~~~~~~~~~~~~~~~~~~~~~~~~~~
   iter  |      energy (Eh)       | rms gradient |  commutator  |   dE (Eh)
      ideal mu1:      -0.647812827461
      ideal mu2:      -0.661295683728
             Q0:        -839.454481578466
             G0:      -0.000422628621
   RMS gradient:       0.000102732537
     Trial step:       0.339847877309
             Q1:        -839.454547117637
 Quadratic coef:       0.000078090268
 Linear coef   :      -0.000143629440
           Qmin:        -839.454547621958
Quadratic minimum step length (  0.312536769279) accepted
    Initial Ne1:     169.00000000
    Initial Ne2:     154.00000000
      Final Ne1:     169.00000000
      Final Ne2:     154.00000000

=================== Penalty functional idempotency correction ==================
 RMS occupancy error at iteration   1:  0.000000 (step -0.5000 Ne1=    169.0000)
                                                               Ne2=    154.0000
            Final RMS occupancy error   :  0.000000 (Ne1=    169.0000)
                                                     Ne2=    154.0000
            Final occupancy bounds spin 1: [  0.000,  1.000]
            Final occupancy bounds spin 2: [  0.000,  1.000]
================================================================================

    1        -8.394544815785E+02     1.0273E-04     6.4296E-05
      ideal mu1:      -0.647960527424
      ideal mu2:      -0.661304850850
             Q0:        -839.454547483075
             G0:      -0.000210978335
   RMS gradient:       0.000071724625
     Trial step:       0.325906363271
             Q1:        -839.454574735480
 Quadratic coef:       0.000041506776
 Linear coef   :      -0.000068759182
           Qmin:        -839.454575959299
Quadratic minimum step length (  0.269944535407) accepted
    Initial Ne1:     169.00000000
    Initial Ne2:     154.00000000
      Final Ne1:     169.00000000
      Final Ne2:     154.00000000

=================== Penalty functional idempotency correction ==================
 RMS occupancy error at iteration   1:  0.000000 (step -0.5000 Ne1=    169.0000)
                                                               Ne2=    154.0000
            Final RMS occupancy error   :  0.000000 (Ne1=    169.0000)
                                                     Ne2=    154.0000
            Final occupancy bounds spin 1: [  0.000,  1.000]
            Final occupancy bounds spin 2: [  0.000,  1.000]
================================================================================

    2        -8.394545474831E+02     7.1725E-05     4.4155E-05    -6.5905E-05
      ideal mu1:      -0.647977429328
      ideal mu2:      -0.661270199518
             Q0:        -839.454575799933
             G0:      -0.000049911691
   RMS gradient:       0.000034859747
     Trial step:       0.296608566666
             Q1:        -839.454585148372
 Quadratic coef:       0.000005455796
 Linear coef   :      -0.000014804235
           Qmin:        -839.454585842710
Quadratic minimum step length (  0.402421815694) accepted
    Initial Ne1:     169.00000000
    Initial Ne2:     154.00000000
      Final Ne1:     169.00000000
      Final Ne2:     154.00000000

=================== Penalty functional idempotency correction ==================
 RMS occupancy error at iteration   1:  0.000000 (step -0.5000 Ne1=    169.0000)
                                                               Ne2=    154.0000
            Final RMS occupancy error   :  0.000000 (Ne1=    169.0000)
                                                     Ne2=    154.0000
            Final occupancy bounds spin 1: [  0.000,  1.000]
            Final occupancy bounds spin 2: [  0.000,  1.000]
================================================================================

    3        -8.394545757999E+02     3.4860E-05     2.1538E-05    -2.8317E-05
      ideal mu1:      -0.647991802356
      ideal mu2:      -0.661291332430
             Q0:        -839.454585733546
             G0:      -0.000023216561
   RMS gradient:       0.000024606579
     Trial step:       0.345487710270
             Q1:        -839.454590034482
 Quadratic coef:       0.000003720100
 Linear coef   :      -0.000008021037
           Qmin:        -839.454590057154
Quadratic minimum step length (  0.372459018930) accepted
    Initial Ne1:     169.00000000
    Initial Ne2:     154.00000000
      Final Ne1:     169.00000000
      Final Ne2:     154.00000000

=================== Penalty functional idempotency correction ==================
 RMS occupancy error at iteration   1:  0.000000 (step -0.5000 Ne1=    169.0000)
                                                               Ne2=    154.0000
            Final RMS occupancy error   :  0.000000 (Ne1=    169.0000)
                                                     Ne2=    154.0000
            Final occupancy bounds spin 1: [  0.000,  1.000]
            Final occupancy bounds spin 2: [  0.000,  1.000]
================================================================================

    4        -8.394545857335E+02     2.4607E-05     1.5187E-05    -9.9336E-06
      ideal mu1:      -0.648025270758
      ideal mu2:      -0.661325860376
    5        -8.394545900378E+02     1.5966E-05     9.8949E-06    -4.3043E-06
Finished density kernel iterations (   5)

Writing density kernel to file "Fe3_O_piv_6_H2O_3_HighSpin.dkn" ... done


>>> Density kernel optimised for the current NGWF basis:
     ~~~~~~~~~~~~~~~~~~~~~~~~~~~~~~~~~~~~~~~~~~~~~~~~~~~~~~~~~~~
     Total energy                =  -8.39454590037799E+02  Eh
     Estimated bandgap (UP spin) =   1.5818E-01  Eh
     Estimated bandgap (DN spin) =   5.5541E-02  Eh
     RMS occupancy error         =   5.7394E-13
     [H,K] commutator            =   9.8949E-06
     UP spin occupancy bounds    = [  0.000:  1.000]
     DN spin occupancy bounds    = [  0.000:  1.000]
     ~~~~~~~~~~~~~~~~~~~~~~~~~~~~~~~~~~~~~~~~~~~~~~~~~~~~~~~~~~~




################################################################################
########################### NGWF CG iteration  009 #############################
################################################################################
****** Reciprocal space K.E. preconditioning with k_zero =  3.0000 a0^-1 *******

>>> Checking for convergence of NGWFs:   NOT CONVERGED
  ========================================================================
         NGWF RMS gradient =  1.1652E-05 >  2.0000E-06  | above tolerance
  ========================================================================

>>> Improving NGWFs using line search:
============ Calculation of NGWF S^-1 using Hotelling algorithm ================ 
     Iteration  |  Spin  |  Frobenius norm and Maximum abs value (of I-S*S_n^-1)
         1           1      0.24385944E-01     0.12826264E-02
         2           1      0.66553381E-04     0.10267216E-04
         3           1      0.10028727E-08     0.14158719E-09
         4           1      0.23243877E-13     0.33306691E-14
================================================================================
============ Calculation of NGWF S^-1 using Hotelling algorithm ================ 
     Iteration  |  Spin  |  Frobenius norm and Maximum abs value (of I-S*S_n^-1)
         1           1      0.77388653E-02     0.40207747E-03
         2           1      0.66597423E-05     0.98716622E-06
         3           1      0.99416116E-11     0.13125057E-11
         4           1      0.19077472E-13     0.22204460E-14
================================================================================
------------------------------- NGWF line search -------------------------------
RMS gradient                =       0.00001165216005
Trial step length           =               0.951450
Gradient along search dir.  =         -0.00138859697
Functional at step 0        =    -839.45459003779877
Functional at step 1        =    -839.45495345032259
Functional predicted        =    -839.45504565904025
Selected quadratic step     =               0.656233
Conjugate gradients coeff.  =               0.000000
--------------------------- NGWF line search finished --------------------------
                                               
Writing NGWFs to file "Fe3_O_piv_6_H2O_3_HighSpin.tightbox_ngwfs".... done

>>> Optimising kernel for current NGWFs:
   Initial electron number for spin 1:     169.00140419
   Initial electron number for spin 2:     154.00116088
     Final electron number for spin 1:     169.00000000
     Final electron number for spin 2:     154.00000000

=================== Penalty functional idempotency correction ==================
 RMS occupancy error at iteration   1:  0.000124 (step -0.5000 Ne1=    169.0000)
                                                               Ne2=    154.0000
            Final RMS occupancy error   :  0.000000 (Ne1=    169.0000)
                                                     Ne2=    154.0000
            Final occupancy bounds spin 1: [  0.000,  1.000]
            Final occupancy bounds spin 2: [  0.000,  1.000]
================================================================================

................................................................................
<<<<<<<<<<<<<< LNV (Original version) density kernel optimisation >>>>>>>>>>>>>>
~~~~~~~~~~~~~~~~~~~~~~~~~~~~~~~~~~~~~~~~~~~~~~~~~~~~~~~~~~~~~~~~~~~~~~~~~~~~~~~~
   iter  |      energy (Eh)       | rms gradient |  commutator  |   dE (Eh)
      ideal mu1:      -0.648230827529
      ideal mu2:      -0.661438335312
             Q0:        -839.455044046669
             G0:      -0.000066994158
   RMS gradient:       0.000040902234
     Trial step:       0.358719965460
             Q1:        -839.455052334227
 Quadratic coef:       0.000015744584
 Linear coef   :      -0.000024032142
           Qmin:        -839.455053217185
Quadratic minimum step length (  0.273770626235) accepted
    Initial Ne1:     168.99997618
    Initial Ne2:     153.99998248
      Final Ne1:     169.00000000
      Final Ne2:     154.00000000

=================== Penalty functional idempotency correction ==================
 RMS occupancy error at iteration   1:  0.000000 (step -0.5000 Ne1=    169.0000)
                                                               Ne2=    154.0000
            Final RMS occupancy error   :  0.000000 (Ne1=    169.0000)
                                                     Ne2=    154.0000
            Final occupancy bounds spin 1: [  0.000,  1.000]
            Final occupancy bounds spin 2: [  0.000,  1.000]
================================================================================

    1        -8.394550440467E+02     4.0902E-05     2.5488E-05
      ideal mu1:      -0.648069464951
      ideal mu2:      -0.661322959213
             Q0:        -839.455053064532
             G0:      -0.000032295188
   RMS gradient:       0.000027666935
     Trial step:       0.313379944456
             Q1:        -839.455057877147
 Quadratic coef:       0.000005308050
 Linear coef   :      -0.000010120664
           Qmin:        -839.455057888708
Quadratic minimum step length (  0.298755038095) accepted
    Initial Ne1:     168.99998811
    Initial Ne2:     153.99999125
      Final Ne1:     169.00000000
      Final Ne2:     154.00000000

=================== Penalty functional idempotency correction ==================
 RMS occupancy error at iteration   1:  0.000000 (step -0.5000 Ne1=    169.0000)
                                                               Ne2=    154.0000
            Final RMS occupancy error   :  0.000000 (Ne1=    169.0000)
                                                     Ne2=    154.0000
            Final occupancy bounds spin 1: [  0.000,  1.000]
            Final occupancy bounds spin 2: [  0.000,  1.000]
================================================================================

    2        -8.394550530645E+02     2.7667E-05     1.7110E-05    -9.0179E-06
      ideal mu1:      -0.647968250452
      ideal mu2:      -0.661246363744
             Q0:        -839.455057859715
             G0:      -0.000011541725
   RMS gradient:       0.000015974060
     Trial step:       0.305980125570
             Q1:        -839.455059930666
 Quadratic coef:       0.000001460588
 Linear coef   :      -0.000003531538
           Qmin:        -839.455059994432
Quadratic minimum step length (  0.369912961604) accepted
    Initial Ne1:     168.99999509
    Initial Ne2:     153.99999639
      Final Ne1:     169.00000000
      Final Ne2:     154.00000000

=================== Penalty functional idempotency correction ==================
 RMS occupancy error at iteration   1:  0.000000 (step -0.5000 Ne1=    169.0000)
                                                               Ne2=    154.0000
            Final RMS occupancy error   :  0.000000 (Ne1=    169.0000)
                                                     Ne2=    154.0000
            Final occupancy bounds spin 1: [  0.000,  1.000]
            Final occupancy bounds spin 2: [  0.000,  1.000]
================================================================================

    3        -8.394550578597E+02     1.5974E-05     9.9114E-06    -4.7952E-06
      ideal mu1:      -0.647952706257
      ideal mu2:      -0.661235343336
             Q0:        -839.455060016885
             G0:      -0.000004624287
   RMS gradient:       0.000010394819
     Trial step:       0.336431292305
             Q1:        -839.455060939355
 Quadratic coef:       0.000000633285
 Linear coef   :      -0.000001555755
           Qmin:        -839.455060972369
Quadratic minimum step length (  0.413245780580) accepted
    Initial Ne1:     168.99999768
    Initial Ne2:     153.99999829
      Final Ne1:     169.00000000
      Final Ne2:     154.00000000

=================== Penalty functional idempotency correction ==================
 RMS occupancy error at iteration   1:  0.000000 (step -0.5000 Ne1=    169.0000)
                                                               Ne2=    154.0000
            Final RMS occupancy error   :  0.000000 (Ne1=    169.0000)
                                                     Ne2=    154.0000
            Final occupancy bounds spin 1: [  0.000,  1.000]
            Final occupancy bounds spin 2: [  0.000,  1.000]
================================================================================

    4        -8.394550600169E+02     1.0395E-05     6.4648E-06    -2.1572E-06
      ideal mu1:      -0.647953320230
      ideal mu2:      -0.661240474411
    5        -8.394550609904E+02     8.8380E-06     5.5402E-06    -9.7350E-07
Finished density kernel iterations (   5)

Writing density kernel to file "Fe3_O_piv_6_H2O_3_HighSpin.dkn" ... done


>>> Density kernel optimised for the current NGWF basis:
     ~~~~~~~~~~~~~~~~~~~~~~~~~~~~~~~~~~~~~~~~~~~~~~~~~~~~~~~~~~~
     Total energy                =  -8.39455060990389E+02  Eh
     Estimated bandgap (UP spin) =   1.5794E-01  Eh
     Estimated bandgap (DN spin) =   5.5319E-02  Eh
     RMS occupancy error         =   3.6723E-14
     [H,K] commutator            =   5.5402E-06
     UP spin occupancy bounds    = [  0.000:  1.000]
     DN spin occupancy bounds    = [  0.000:  1.000]
     ~~~~~~~~~~~~~~~~~~~~~~~~~~~~~~~~~~~~~~~~~~~~~~~~~~~~~~~~~~~




################################################################################
########################### NGWF CG iteration  010 #############################
################################################################################
****** Reciprocal space K.E. preconditioning with k_zero =  3.0000 a0^-1 *******

>>> Checking for convergence of NGWFs:   NOT CONVERGED
  ========================================================================
         NGWF RMS gradient =  8.1166E-06 >  2.0000E-06  | above tolerance
  ========================================================================

>>> Improving NGWFs using line search:
============ Calculation of NGWF S^-1 using Hotelling algorithm ================ 
     Iteration  |  Spin  |  Frobenius norm and Maximum abs value (of I-S*S_n^-1)
         1           1      0.30599608E-01     0.15998721E-02
         2           1      0.10484768E-03     0.15604029E-04
         3           1      0.24598356E-08     0.32913672E-09
         4           1      0.22261895E-13     0.28865799E-14
================================================================================
============ Calculation of NGWF S^-1 using Hotelling algorithm ================ 
     Iteration  |  Spin  |  Frobenius norm and Maximum abs value (of I-S*S_n^-1)
         1           1      0.14187728E-01     0.71204876E-03
         2           1      0.22386682E-04     0.29309910E-05
         3           1      0.10976429E-09     0.12163826E-10
         4           1      0.22189764E-13     0.48849813E-14
================================================================================
------------------------------- NGWF line search -------------------------------
RMS gradient                =       0.00000811660823
Trial step length           =               0.790172
Gradient along search dir.  =         -0.00068641644
Functional at step 0        =    -839.45506099038948
Functional at step 1        =    -839.45541425668921
Functional predicted        =    -839.45544987369715
Selected quadratic step     =               1.133083
Conjugate gradients coeff.  =               0.485217
--------------------------- NGWF line search finished --------------------------
                                               
Writing NGWFs to file "Fe3_O_piv_6_H2O_3_HighSpin.tightbox_ngwfs".... done

>>> Optimising kernel for current NGWFs:
   Initial electron number for spin 1:     169.00328938
   Initial electron number for spin 2:     154.00264574
     Final electron number for spin 1:     169.00000000
     Final electron number for spin 2:     154.00000000

=================== Penalty functional idempotency correction ==================
 RMS occupancy error at iteration   1:  0.000313 (step -0.4999 Ne1=    169.0000)
                                                               Ne2=    154.0000
 RMS occupancy error at iteration   2:  0.000001 (step -0.5000 Ne1=    169.0000)
                                                               Ne2=    154.0000
            Final RMS occupancy error   :  0.000000 (Ne1=    169.0000)
                                                     Ne2=    154.0000
            Final occupancy bounds spin 1: [  0.000,  1.000]
            Final occupancy bounds spin 2: [  0.000,  1.000]
================================================================================

................................................................................
<<<<<<<<<<<<<< LNV (Original version) density kernel optimisation >>>>>>>>>>>>>>
~~~~~~~~~~~~~~~~~~~~~~~~~~~~~~~~~~~~~~~~~~~~~~~~~~~~~~~~~~~~~~~~~~~~~~~~~~~~~~~~
   iter  |      energy (Eh)       | rms gradient |  commutator  |   dE (Eh)
      ideal mu1:      -0.647761059683
      ideal mu2:      -0.661076968248
             Q0:        -839.455419325510
             G0:      -0.000273106531
   RMS gradient:       0.000082583751
     Trial step:       0.372865675545
             Q1:        -839.455468524750
 Quadratic coef:       0.000052632811
 Linear coef   :      -0.000101832051
           Qmin:        -839.455468580748
Quadratic minimum step length (  0.360703481634) accepted
    Initial Ne1:     169.00000000
    Initial Ne2:     154.00000000
      Final Ne1:     169.00000000
      Final Ne2:     154.00000000

=================== Penalty functional idempotency correction ==================
 RMS occupancy error at iteration   1:  0.000000 (step -0.5000 Ne1=    169.0000)
                                                               Ne2=    154.0000
            Final RMS occupancy error   :  0.000000 (Ne1=    169.0000)
                                                     Ne2=    154.0000
            Final occupancy bounds spin 1: [  0.000,  1.000]
            Final occupancy bounds spin 2: [  0.000,  1.000]
================================================================================

    1        -8.394554193255E+02     8.2584E-05     5.1354E-05
      ideal mu1:      -0.647776293681
      ideal mu2:      -0.661052064682
             Q0:        -839.455468539024
             G0:      -0.000168207508
   RMS gradient:       0.000063977717
     Trial step:       0.366734164418
             Q1:        -839.455486580364
 Quadratic coef:       0.000043646100
 Linear coef   :      -0.000061687440
           Qmin:        -839.455490335589
Quadratic minimum step length (  0.259162809319) accepted
    Initial Ne1:     169.00000000
    Initial Ne2:     154.00000000
      Final Ne1:     169.00000000
      Final Ne2:     154.00000000

=================== Penalty functional idempotency correction ==================
 RMS occupancy error at iteration   1:  0.000000 (step -0.5000 Ne1=    169.0000)
                                                               Ne2=    154.0000
            Final RMS occupancy error   :  0.000000 (Ne1=    169.0000)
                                                     Ne2=    154.0000
            Final occupancy bounds spin 1: [  0.000,  1.000]
            Final occupancy bounds spin 2: [  0.000,  1.000]
================================================================================

    2        -8.394554685390E+02     6.3978E-05     3.9542E-05    -4.9214E-05
      ideal mu1:      -0.647772937643
      ideal mu2:      -0.661037711297
             Q0:        -839.455490156883
             G0:      -0.000035967721
   RMS gradient:       0.000029670035
     Trial step:       0.308291836291
             Q1:        -839.455496888156
 Quadratic coef:       0.000004357282
 Linear coef   :      -0.000011088555
           Qmin:        -839.455497211513
Quadratic minimum step length (  0.392275624002) accepted
    Initial Ne1:     169.00000000
    Initial Ne2:     154.00000000
      Final Ne1:     169.00000000
      Final Ne2:     154.00000000

=================== Penalty functional idempotency correction ==================
 RMS occupancy error at iteration   1:  0.000000 (step -0.5000 Ne1=    169.0000)
                                                               Ne2=    154.0000
            Final RMS occupancy error   :  0.000000 (Ne1=    169.0000)
                                                     Ne2=    154.0000
            Final occupancy bounds spin 1: [  0.000,  1.000]
            Final occupancy bounds spin 2: [  0.000,  1.000]
================================================================================

    3        -8.394554901569E+02     2.9670E-05     1.8356E-05    -2.1618E-05
      ideal mu1:      -0.647794560387
      ideal mu2:      -0.661062458664
             Q0:        -839.455497135365
             G0:      -0.000010836147
   RMS gradient:       0.000016890215
     Trial step:       0.347757634648
             Q1:        -839.455498635149
 Quadratic coef:       0.000002268569
 Linear coef   :      -0.000003768353
           Qmin:        -839.455498700281
Quadratic minimum step length (  0.288832615426) accepted
    Initial Ne1:     169.00000000
    Initial Ne2:     154.00000000
      Final Ne1:     169.00000000
      Final Ne2:     154.00000000

=================== Penalty functional idempotency correction ==================
 RMS occupancy error at iteration   1:  0.000000 (step -0.5000 Ne1=    169.0000)
                                                               Ne2=    154.0000
            Final RMS occupancy error   :  0.000000 (Ne1=    169.0000)
                                                     Ne2=    154.0000
            Final occupancy bounds spin 1: [  0.000,  1.000]
            Final occupancy bounds spin 2: [  0.000,  1.000]
================================================================================

    4        -8.394554971354E+02     1.6890E-05     1.0382E-05    -6.9785E-06
      ideal mu1:      -0.647800657386
      ideal mu2:      -0.661069174942
    5        -8.394554987030E+02     1.1059E-05     6.8213E-06    -1.5677E-06
Finished density kernel iterations (   5)

Writing density kernel to file "Fe3_O_piv_6_H2O_3_HighSpin.dkn" ... done


>>> Density kernel optimised for the current NGWF basis:
     ~~~~~~~~~~~~~~~~~~~~~~~~~~~~~~~~~~~~~~~~~~~~~~~~~~~~~~~~~~~
     Total energy                =  -8.39455498703044E+02  Eh
     Estimated bandgap (UP spin) =   1.5733E-01  Eh
     Estimated bandgap (DN spin) =   5.5289E-02  Eh
     RMS occupancy error         =   4.9199E-14
     [H,K] commutator            =   6.8213E-06
     UP spin occupancy bounds    = [  0.000:  1.000]
     DN spin occupancy bounds    = [  0.000:  1.000]
     ~~~~~~~~~~~~~~~~~~~~~~~~~~~~~~~~~~~~~~~~~~~~~~~~~~~~~~~~~~~


================================================================================
           ---------------- ENERGY COMPONENTS (Eh) ----------------
           | Kinetic                    :      293.26270305429375 |
           | Core Hartree               :    -8512.52551397334173 |
           | CoreHart (non-coul chg cor):        0.00142678223254
           | Hartree                    :     4078.75218801771689 |
           | Exchange-correlation       :     -142.19460960861616 |
           | Ewald                      :     3436.28223322304621 |
           | Dij0                       :       20.03837521730332 |
           | Dijhartree                 :       32.94221847909117 |
           | Exc [AE core]              :     -458.47217233510469 |
           | Exc DC [AE core]           :     -199.70108145340541 |
           | Exc [PS core]              :     -112.64311717335546 |
           | Exc DC [PS core]           :     -131.65398087213225 |
           | Exc [Core]                 :     -299.81596204920004 |
           | Total [Sphere]             :        6.96750058384532 |
           | Total                      :     -839.45549870305604 |
           --------------------------------------------------------
           ------ LOCAL ENERGY COMPONENTS FROM MATRIX TRACES ------
           | Core Hartree               :    -8512.52551397336174 |
           | Hartree (Valence)          :     4078.75218801770916 |
           --------------------------------------------------------
           Integrated compensation chrg.:       39.86551158457748
           Integrated density           :      322.99999657173572
           Integrated spin density      :       14.99999986360958
           Integrated |spin density|    :       15.00053983125114
           Local density approx. <S^2>  :       63.75026998380932
           Integrated density tr(KS)    :      323.00000000000000
           Integrated spin tr(KS)       :       15.00000000000000
================================================================================




################################################################################
########################### NGWF CG iteration  011 #############################
################################################################################
****** Reciprocal space K.E. preconditioning with k_zero =  3.0000 a0^-1 *******

>>> Checking for convergence of NGWFs:   NOT CONVERGED
  ========================================================================
         NGWF RMS gradient =  6.0965E-06 >  2.0000E-06  | above tolerance
  ========================================================================

>>> Improving NGWFs using line search:
============ Calculation of NGWF S^-1 using Hotelling algorithm ================ 
     Iteration  |  Spin  |  Frobenius norm and Maximum abs value (of I-S*S_n^-1)
         1           1      0.48367790E-01     0.24538987E-02
         2           1      0.26269154E-03     0.34975398E-04
         3           1      0.14928526E-07     0.17020174E-08
         4           1      0.23621566E-13     0.39968029E-14
================================================================================
============ Calculation of NGWF S^-1 using Hotelling algorithm ================ 
     Iteration  |  Spin  |  Frobenius norm and Maximum abs value (of I-S*S_n^-1)
         1           1      0.35193747E-02     0.17071028E-03
         2           1      0.13904444E-05     0.16239810E-06
         3           1      0.40676886E-12     0.39301895E-13
================================================================================
------------------------------- NGWF line search -------------------------------
RMS gradient                =       0.00000609650862
Trial step length           =               0.946219
Gradient along search dir.  =         -0.00041619649
Functional at step 0        =    -839.45549870304399
Functional at step 1        =    -839.45568121300539
Functional predicted        =    -839.45568219387781
Selected quadratic step     =               0.881751
Conjugate gradients coeff.  =               0.564174
--------------------------- NGWF line search finished --------------------------
                                               
Writing NGWFs to file "Fe3_O_piv_6_H2O_3_HighSpin.tightbox_ngwfs".... done

>>> Optimising kernel for current NGWFs:
   Initial electron number for spin 1:     169.00264649
   Initial electron number for spin 2:     154.00203117
     Final electron number for spin 1:     169.00000000
     Final electron number for spin 2:     154.00000000

=================== Penalty functional idempotency correction ==================
 RMS occupancy error at iteration   1:  0.000293 (step -0.5000 Ne1=    169.0000)
                                                               Ne2=    154.0000
 RMS occupancy error at iteration   2:  0.000001 (step -0.5000 Ne1=    169.0000)
                                                               Ne2=    154.0000
            Final RMS occupancy error   :  0.000000 (Ne1=    169.0000)
                                                     Ne2=    154.0000
            Final occupancy bounds spin 1: [  0.000,  1.000]
            Final occupancy bounds spin 2: [  0.000,  1.000]
================================================================================

................................................................................
<<<<<<<<<<<<<< LNV (Original version) density kernel optimisation >>>>>>>>>>>>>>
~~~~~~~~~~~~~~~~~~~~~~~~~~~~~~~~~~~~~~~~~~~~~~~~~~~~~~~~~~~~~~~~~~~~~~~~~~~~~~~~
   iter  |      energy (Eh)       | rms gradient |  commutator  |   dE (Eh)
      ideal mu1:      -0.647567816955
      ideal mu2:      -0.660891458693
             Q0:        -839.455662015704
             G0:      -0.000222950783
   RMS gradient:       0.000074616189
     Trial step:       0.316928615227
             Q1:        -839.455704146048
 Quadratic coef:       0.000028529138
 Linear coef   :      -0.000070659483
           Qmin:        -839.455705767135
Quadratic minimum step length (  0.392476141358) accepted
    Initial Ne1:     169.00000000
    Initial Ne2:     154.00000000
      Final Ne1:     169.00000000
      Final Ne2:     154.00000000

=================== Penalty functional idempotency correction ==================
 RMS occupancy error at iteration   1:  0.000000 (step -0.5000 Ne1=    169.0000)
                                                               Ne2=    154.0000
            Final RMS occupancy error   :  0.000000 (Ne1=    169.0000)
                                                     Ne2=    154.0000
            Final occupancy bounds spin 1: [  0.000,  1.000]
            Final occupancy bounds spin 2: [  0.000,  1.000]
================================================================================

    1        -8.394556620157E+02     7.4616E-05     4.6345E-05
      ideal mu1:      -0.647653954711
      ideal mu2:      -0.660932637144
             Q0:        -839.455706012256
             G0:      -0.000150742459
   RMS gradient:       0.000060480479
     Trial step:       0.352685298801
             Q1:        -839.455721487658
 Quadratic coef:       0.000037689247
 Linear coef   :      -0.000053164649
           Qmin:        -839.455724760839
Quadratic minimum step length (  0.248749862373) accepted
    Initial Ne1:     169.00000000
    Initial Ne2:     154.00000000
      Final Ne1:     169.00000000
      Final Ne2:     154.00000000

=================== Penalty functional idempotency correction ==================
 RMS occupancy error at iteration   1:  0.000000 (step -0.5000 Ne1=    169.0000)
                                                               Ne2=    154.0000
            Final RMS occupancy error   :  0.000000 (Ne1=    169.0000)
                                                     Ne2=    154.0000
            Final occupancy bounds spin 1: [  0.000,  1.000]
            Final occupancy bounds spin 2: [  0.000,  1.000]
================================================================================

    2        -8.394557060123E+02     6.0480E-05     3.7056E-05    -4.3997E-05
      ideal mu1:      -0.647682217171
      ideal mu2:      -0.660950693239
             Q0:        -839.455724646407
             G0:      -0.000029863904
   RMS gradient:       0.000027105418
     Trial step:       0.296193213187
             Q1:        -839.455730326356
 Quadratic coef:       0.000003165537
 Linear coef   :      -0.000008845486
           Qmin:        -839.455730825661
Quadratic minimum step length (  0.413827601346) accepted
    Initial Ne1:     169.00000000
    Initial Ne2:     154.00000000
      Final Ne1:     169.00000000
      Final Ne2:     154.00000000

=================== Penalty functional idempotency correction ==================
 RMS occupancy error at iteration   1:  0.000000 (step -0.5000 Ne1=    169.0000)
                                                               Ne2=    154.0000
            Final RMS occupancy error   :  0.000000 (Ne1=    169.0000)
                                                     Ne2=    154.0000
            Final occupancy bounds spin 1: [  0.000,  1.000]
            Final occupancy bounds spin 2: [  0.000,  1.000]
================================================================================

    3        -8.394557246464E+02     2.7105E-05     1.6740E-05    -1.8634E-05
      ideal mu1:      -0.647697931217
      ideal mu2:      -0.660971277235
             Q0:        -839.455730742621
             G0:      -0.000010342987
   RMS gradient:       0.000016471844
     Trial step:       0.350104165853
             Q1:        -839.455732087487
 Quadratic coef:       0.000002276257
 Linear coef   :      -0.000003621123
           Qmin:        -839.455732182763
Quadratic minimum step length (  0.278476923821) accepted
    Initial Ne1:     169.00000000
    Initial Ne2:     154.00000000
      Final Ne1:     169.00000000
      Final Ne2:     154.00000000

=================== Penalty functional idempotency correction ==================
 RMS occupancy error at iteration   1:  0.000000 (step -0.5000 Ne1=    169.0000)
                                                               Ne2=    154.0000
            Final RMS occupancy error   :  0.000000 (Ne1=    169.0000)
                                                     Ne2=    154.0000
            Final occupancy bounds spin 1: [  0.000,  1.000]
            Final occupancy bounds spin 2: [  0.000,  1.000]
================================================================================

    4        -8.394557307426E+02     1.6472E-05     1.0094E-05    -6.0962E-06
      ideal mu1:      -0.647700433125
      ideal mu2:      -0.660972782769
    5        -8.394557321817E+02     9.9004E-06     6.1040E-06    -1.4391E-06
Finished density kernel iterations (   5)

Writing density kernel to file "Fe3_O_piv_6_H2O_3_HighSpin.dkn" ... done


>>> Density kernel optimised for the current NGWF basis:
     ~~~~~~~~~~~~~~~~~~~~~~~~~~~~~~~~~~~~~~~~~~~~~~~~~~~~~~~~~~~
     Total energy                =  -8.39455732181686E+02  Eh
     Estimated bandgap (UP spin) =   1.5656E-01  Eh
     Estimated bandgap (DN spin) =   5.5467E-02  Eh
     RMS occupancy error         =   4.3562E-14
     [H,K] commutator            =   6.1040E-06
     UP spin occupancy bounds    = [  0.000:  1.000]
     DN spin occupancy bounds    = [  0.000:  1.000]
     ~~~~~~~~~~~~~~~~~~~~~~~~~~~~~~~~~~~~~~~~~~~~~~~~~~~~~~~~~~~




################################################################################
########################### NGWF CG iteration  012 #############################
################################################################################
****** Reciprocal space K.E. preconditioning with k_zero =  3.0000 a0^-1 *******

>>> Checking for convergence of NGWFs:   NOT CONVERGED
  ========================================================================
         NGWF RMS gradient =  4.0820E-06 >  2.0000E-06  | above tolerance
  ========================================================================

>>> Improving NGWFs using line search:
============ Calculation of NGWF S^-1 using Hotelling algorithm ================ 
     Iteration  |  Spin  |  Frobenius norm and Maximum abs value (of I-S*S_n^-1)
         1           1      0.46643954E-01     0.23942464E-02
         2           1      0.24643789E-03     0.33239149E-04
         3           1      0.12863244E-07     0.15388100E-08
         4           1      0.23482011E-13     0.37747583E-14
================================================================================
============ Calculation of NGWF S^-1 using Hotelling algorithm ================ 
     Iteration  |  Spin  |  Frobenius norm and Maximum abs value (of I-S*S_n^-1)
         1           1      0.13847604E-01     0.69074841E-03
         2           1      0.21675352E-04     0.26929461E-05
         3           1      0.97492140E-10     0.10347279E-10
         4           1      0.21145402E-13     0.39968029E-14
================================================================================
------------------------------- NGWF line search -------------------------------
RMS gradient                =       0.00000408203004
Trial step length           =               0.913416
Gradient along search dir.  =         -0.00021830095
Functional at step 0        =    -839.45573218168556
Functional at step 1        =    -839.45579220925572
Functional predicted        =    -839.45580350196713
Selected quadratic step     =               0.653412
Conjugate gradients coeff.  =               0.448322
--------------------------- NGWF line search finished --------------------------
                                               
Writing NGWFs to file "Fe3_O_piv_6_H2O_3_HighSpin.tightbox_ngwfs".... done

>>> Optimising kernel for current NGWFs:
   Initial electron number for spin 1:     169.00215877
   Initial electron number for spin 2:     154.00173333
     Final electron number for spin 1:     169.00000000
     Final electron number for spin 2:     154.00000000

=================== Penalty functional idempotency correction ==================
 RMS occupancy error at iteration   1:  0.000210 (step -0.5000 Ne1=    169.0000)
                                                               Ne2=    154.0000
 RMS occupancy error at iteration   2:  0.000000 (step -0.5000 Ne1=    169.0000)
                                                               Ne2=    154.0000
            Final RMS occupancy error   :  0.000000 (Ne1=    169.0000)
                                                     Ne2=    154.0000
            Final occupancy bounds spin 1: [  0.000,  1.000]
            Final occupancy bounds spin 2: [  0.000,  1.000]
================================================================================

................................................................................
<<<<<<<<<<<<<< LNV (Original version) density kernel optimisation >>>>>>>>>>>>>>
~~~~~~~~~~~~~~~~~~~~~~~~~~~~~~~~~~~~~~~~~~~~~~~~~~~~~~~~~~~~~~~~~~~~~~~~~~~~~~~~
   iter  |      energy (Eh)       | rms gradient |  commutator  |   dE (Eh)
      ideal mu1:      -0.647753102715
      ideal mu2:      -0.661006112525
             Q0:        -839.455792779818
             G0:      -0.000102498159
   RMS gradient:       0.000050592553
     Trial step:       0.312243384436
             Q1:        -839.455812741042
 Quadratic coef:       0.000012043149
 Linear coef   :      -0.000032004372
           Qmin:        -839.455814042527
Quadratic minimum step length (  0.414889566663) accepted
    Initial Ne1:     169.00000000
    Initial Ne2:     154.00000000
      Final Ne1:     169.00000000
      Final Ne2:     154.00000000

=================== Penalty functional idempotency correction ==================
 RMS occupancy error at iteration   1:  0.000000 (step -0.5000 Ne1=    169.0000)
                                                               Ne2=    154.0000
            Final RMS occupancy error   :  0.000000 (Ne1=    169.0000)
                                                     Ne2=    154.0000
            Final occupancy bounds spin 1: [  0.000,  1.000]
            Final occupancy bounds spin 2: [  0.000,  1.000]
================================================================================

    1        -8.394557927798E+02     5.0593E-05     3.1368E-05
      ideal mu1:      -0.647708999641
      ideal mu2:      -0.660977956504
             Q0:        -839.455814256037
             G0:      -0.000074935927
   RMS gradient:       0.000042406740
     Trial step:       0.359925717978
             Q1:        -839.455820694445
 Quadratic coef:       0.000020532959
 Linear coef   :      -0.000026971367
           Qmin:        -839.455823113195
Quadratic minimum step length (  0.236392838579) accepted
    Initial Ne1:     169.00000000
    Initial Ne2:     154.00000000
      Final Ne1:     169.00000000
      Final Ne2:     154.00000000

=================== Penalty functional idempotency correction ==================
 RMS occupancy error at iteration   1:  0.000000 (step -0.5000 Ne1=    169.0000)
                                                               Ne2=    154.0000
            Final RMS occupancy error   :  0.000000 (Ne1=    169.0000)
                                                     Ne2=    154.0000
            Final occupancy bounds spin 1: [  0.000,  1.000]
            Final occupancy bounds spin 2: [  0.000,  1.000]
================================================================================

    2        -8.394558142560E+02     4.2407E-05     2.5898E-05    -2.1476E-05
      ideal mu1:      -0.647711137516
      ideal mu2:      -0.660981250455
             Q0:        -839.455823007074
             G0:      -0.000013925159
   RMS gradient:       0.000018429416
     Trial step:       0.291691381687
             Q1:        -839.455825764946
 Quadratic coef:       0.000001303977
 Linear coef   :      -0.000004061849
           Qmin:        -839.455826170208
Quadratic minimum step length (  0.454304962201) accepted
    Initial Ne1:     169.00000000
    Initial Ne2:     154.00000000
      Final Ne1:     169.00000000
      Final Ne2:     154.00000000

=================== Penalty functional idempotency correction ==================
 RMS occupancy error at iteration   1:  0.000000 (step -0.5000 Ne1=    169.0000)
                                                               Ne2=    154.0000
            Final RMS occupancy error   :  0.000000 (Ne1=    169.0000)
                                                     Ne2=    154.0000
            Final occupancy bounds spin 1: [  0.000,  1.000]
            Final occupancy bounds spin 2: [  0.000,  1.000]
================================================================================

    3        -8.394558230071E+02     1.8429E-05     1.1395E-05    -8.7510E-06
      ideal mu1:      -0.647729602021
      ideal mu2:      -0.660997203695
             Q0:        -839.455826104667
             G0:      -0.000005490505
   RMS gradient:       0.000012072284
     Trial step:       0.364028628176
             Q1:        -839.455826643611
 Quadratic coef:       0.000001459758
 Linear coef   :      -0.000001998701
           Qmin:        -839.455826788823
Quadratic minimum step length (  0.249214135002) accepted
    Initial Ne1:     169.00000000
    Initial Ne2:     154.00000000
      Final Ne1:     169.00000000
      Final Ne2:     154.00000000

=================== Penalty functional idempotency correction ==================
 RMS occupancy error at iteration   1:  0.000000 (step -0.5000 Ne1=    169.0000)
                                                               Ne2=    154.0000
            Final RMS occupancy error   :  0.000000 (Ne1=    169.0000)
                                                     Ne2=    154.0000
            Final occupancy bounds spin 1: [  0.000,  1.000]
            Final occupancy bounds spin 2: [  0.000,  1.000]
================================================================================

    4        -8.394558261047E+02     1.2072E-05     7.4296E-06    -3.0976E-06
      ideal mu1:      -0.647725940967
      ideal mu2:      -0.660994461831
    5        -8.394558267772E+02     6.9488E-06     4.2994E-06    -6.7250E-07
Finished density kernel iterations (   5)

Writing density kernel to file "Fe3_O_piv_6_H2O_3_HighSpin.dkn" ... done


>>> Density kernel optimised for the current NGWF basis:
     ~~~~~~~~~~~~~~~~~~~~~~~~~~~~~~~~~~~~~~~~~~~~~~~~~~~~~~~~~~~
     Total energy                =  -8.39455826777170E+02  Eh
     Estimated bandgap (UP spin) =   1.5626E-01  Eh
     Estimated bandgap (DN spin) =   5.5386E-02  Eh
     RMS occupancy error         =   1.0056E-14
     [H,K] commutator            =   4.2994E-06
     UP spin occupancy bounds    = [  0.000:  1.000]
     DN spin occupancy bounds    = [  0.000:  1.000]
     ~~~~~~~~~~~~~~~~~~~~~~~~~~~~~~~~~~~~~~~~~~~~~~~~~~~~~~~~~~~




################################################################################
########################### NGWF CG iteration  013 #############################
################################################################################
****** Reciprocal space K.E. preconditioning with k_zero =  3.0000 a0^-1 *******

>>> Checking for convergence of NGWFs:   NOT CONVERGED
  ========================================================================
         NGWF RMS gradient =  2.8861E-06 >  2.0000E-06  | above tolerance
  ========================================================================

>>> Improving NGWFs using line search:
============ Calculation of NGWF S^-1 using Hotelling algorithm ================ 
     Iteration  |  Spin  |  Frobenius norm and Maximum abs value (of I-S*S_n^-1)
         1           1      0.19802221E-01     0.10962759E-02
         2           1      0.46242624E-04     0.77254551E-05
         3           1      0.47776014E-09     0.83768770E-10
         4           1      0.22309544E-13     0.31086245E-14
================================================================================
============ Calculation of NGWF S^-1 using Hotelling algorithm ================ 
     Iteration  |  Spin  |  Frobenius norm and Maximum abs value (of I-S*S_n^-1)
         1           1      0.10703329E-02     0.59020668E-04
         2           1      0.13403409E-06     0.21983926E-07
         3           1      0.23755264E-13     0.46629367E-14
================================================================================
------------------------------- NGWF line search -------------------------------
RMS gradient                =       0.00000288612952
Trial step length           =               0.772553
Gradient along search dir.  =         -0.00008519125
Functional at step 0        =    -839.45582677717016
Functional at step 1        =    -839.45585782848775
Functional predicted        =    -839.45585792758357
Selected quadratic step     =               0.731306
Conjugate gradients coeff.  =               0.000000
--------------------------- NGWF line search finished --------------------------
                                               
Writing NGWFs to file "Fe3_O_piv_6_H2O_3_HighSpin.tightbox_ngwfs".... done

>>> Optimising kernel for current NGWFs:
   Initial electron number for spin 1:     169.00157744
   Initial electron number for spin 2:     154.00135091
     Final electron number for spin 1:     169.00000000
     Final electron number for spin 2:     154.00000000

=================== Penalty functional idempotency correction ==================
 RMS occupancy error at iteration   1:  0.000126 (step -0.5000 Ne1=    169.0000)
                                                               Ne2=    154.0000
            Final RMS occupancy error   :  0.000000 (Ne1=    169.0000)
                                                     Ne2=    154.0000
            Final occupancy bounds spin 1: [  0.000,  1.000]
            Final occupancy bounds spin 2: [  0.000,  1.000]
================================================================================

................................................................................
<<<<<<<<<<<<<< LNV (Original version) density kernel optimisation >>>>>>>>>>>>>>
~~~~~~~~~~~~~~~~~~~~~~~~~~~~~~~~~~~~~~~~~~~~~~~~~~~~~~~~~~~~~~~~~~~~~~~~~~~~~~~~
   iter  |      energy (Eh)       | rms gradient |  commutator  |   dE (Eh)
      ideal mu1:      -0.647739873802
      ideal mu2:      -0.661018657143
             Q0:        -839.455854626463
             G0:      -0.000035368993
   RMS gradient:       0.000029719391
     Trial step:       0.301199401870
             Q1:        -839.455861245496
 Quadratic coef:       0.000004034086
 Linear coef   :      -0.000010653120
           Qmin:        -839.455861659589
Quadratic minimum step length (  0.397700129902) accepted
    Initial Ne1:     168.99996516
    Initial Ne2:     153.99997632
      Final Ne1:     169.00000000
      Final Ne2:     154.00000000

=================== Penalty functional idempotency correction ==================
 RMS occupancy error at iteration   1:  0.000000 (step -0.5000 Ne1=    169.0000)
                                                               Ne2=    154.0000
            Final RMS occupancy error   :  0.000000 (Ne1=    169.0000)
                                                     Ne2=    154.0000
            Final occupancy bounds spin 1: [  0.000,  1.000]
            Final occupancy bounds spin 2: [  0.000,  1.000]
================================================================================

    1        -8.394558546265E+02     2.9719E-05     1.8437E-05
      ideal mu1:      -0.647755698805
      ideal mu2:      -0.661026876913
             Q0:        -839.455861771286
             G0:      -0.000024595096
   RMS gradient:       0.000024009785
     Trial step:       0.346102645540
             Q1:        -839.455864197749
 Quadratic coef:       0.000006085964
 Linear coef   :      -0.000008512428
           Qmin:        -839.455864747865
Quadratic minimum step length (  0.242046585869) accepted
    Initial Ne1:     168.99998616
    Initial Ne2:     153.99999060
      Final Ne1:     169.00000000
      Final Ne2:     154.00000000

=================== Penalty functional idempotency correction ==================
 RMS occupancy error at iteration   1:  0.000000 (step -0.5000 Ne1=    169.0000)
                                                               Ne2=    154.0000
            Final RMS occupancy error   :  0.000000 (Ne1=    169.0000)
                                                     Ne2=    154.0000
            Final occupancy bounds spin 1: [  0.000,  1.000]
            Final occupancy bounds spin 2: [  0.000,  1.000]
================================================================================

    2        -8.394558617713E+02     2.4010E-05     1.4670E-05    -7.1448E-06
      ideal mu1:      -0.647766614163
      ideal mu2:      -0.661035170390
             Q0:        -839.455864701925
             G0:      -0.000005253101
   RMS gradient:       0.000011240293
     Trial step:       0.289435595104
             Q1:        -839.455865782130
 Quadratic coef:       0.000000440230
 Linear coef   :      -0.000001520434
           Qmin:        -839.455866014717
Quadratic minimum step length (  0.499815962957) accepted
    Initial Ne1:     168.99999374
    Initial Ne2:     153.99999574
      Final Ne1:     169.00000000
      Final Ne2:     154.00000000

=================== Penalty functional idempotency correction ==================
 RMS occupancy error at iteration   1:  0.000000 (step -0.5000 Ne1=    169.0000)
                                                               Ne2=    154.0000
            Final RMS occupancy error   :  0.000000 (Ne1=    169.0000)
                                                     Ne2=    154.0000
            Final occupancy bounds spin 1: [  0.000,  1.000]
            Final occupancy bounds spin 2: [  0.000,  1.000]
================================================================================

    3        -8.394558647019E+02     1.1240E-05     6.9430E-06    -2.9306E-06
      ideal mu1:      -0.647774383095
      ideal mu2:      -0.661044521512
             Q0:        -839.455865945145
             G0:      -0.000002412126
   RMS gradient:       0.000008324184
     Trial step:       0.380347907423
             Q1:        -839.455866105102
 Quadratic coef:       0.000000757489
 Linear coef   :      -0.000000917447
           Qmin:        -839.455866222940
Quadratic minimum step length (  0.230332664627) accepted
    Initial Ne1:     168.99999842
    Initial Ne2:     153.99999892
      Final Ne1:     169.00000000
      Final Ne2:     154.00000000

=================== Penalty functional idempotency correction ==================
 RMS occupancy error at iteration   1:  0.000000 (step -0.5000 Ne1=    169.0000)
                                                               Ne2=    154.0000
            Final RMS occupancy error   :  0.000000 (Ne1=    169.0000)
                                                     Ne2=    154.0000
            Final occupancy bounds spin 1: [  0.000,  1.000]
            Final occupancy bounds spin 2: [  0.000,  1.000]
================================================================================

    4        -8.394558659451E+02     8.3242E-06     5.0779E-06    -1.2432E-06
      ideal mu1:      -0.647775171569
      ideal mu2:      -0.661044737742
    5        -8.394558662096E+02     4.6433E-06     2.8857E-06    -2.6446E-07
Finished density kernel iterations (   5)

Writing density kernel to file "Fe3_O_piv_6_H2O_3_HighSpin.dkn" ... done


>>> Density kernel optimised for the current NGWF basis:
     ~~~~~~~~~~~~~~~~~~~~~~~~~~~~~~~~~~~~~~~~~~~~~~~~~~~~~~~~~~~
     Total energy                =  -8.39455866209604E+02  Eh
     Estimated bandgap (UP spin) =   1.5618E-01  Eh
     Estimated bandgap (DN spin) =   5.5384E-02  Eh
     RMS occupancy error         =   2.8556E-15
     [H,K] commutator            =   2.8857E-06
     UP spin occupancy bounds    = [  0.000:  1.000]
     DN spin occupancy bounds    = [  0.000:  1.000]
     ~~~~~~~~~~~~~~~~~~~~~~~~~~~~~~~~~~~~~~~~~~~~~~~~~~~~~~~~~~~




################################################################################
########################### NGWF CG iteration  014 #############################
################################################################################
****** Reciprocal space K.E. preconditioning with k_zero =  3.0000 a0^-1 *******

>>> Checking for convergence of NGWFs: 
           ........................................................
           |         *** NGWF optimisation converged ***          |
           | RMS NGWF gradient =    0.00000184033316              |
           | Criteria satisfied:                                  |
           | -> RMS NGWF gradient lower than set threshold.       |
           ========================================================

================================================================================
           ---------------- ENERGY COMPONENTS (Eh) ----------------
           | Kinetic                    :      293.26069391577414 |
           | Core Hartree               :    -8512.53257350101194 |
           | CoreHart (non-coul chg cor):        0.00142678223254
           | Hartree                    :     4078.75292280191843 |
           | Exchange-correlation       :     -142.19345743825986 |
           | Ewald                      :     3436.28223322304621 |
           | Dij0                       :       20.04271901318032 |
           | Dijhartree                 :       32.95089241791982 |
           | Exc [AE core]              :     -458.47917192770797 |
           | Exc DC [AE core]           :     -199.70899000894042 |
           | Exc [PS core]              :     -112.64391323631800 |
           | Exc DC [PS core]           :     -131.65435400425451 |
           | Exc [Core]                 :     -299.81596204920004 |
           | Total [Sphere]             :        6.97431478891019 |
           | Total                      :     -839.45586620962342 |
           --------------------------------------------------------
           ------ LOCAL ENERGY COMPONENTS FROM MATRIX TRACES ------
           | Core Hartree               :    -8512.53257350101012 |
           | Hartree (Valence)          :     4078.75292280193116 |
           --------------------------------------------------------
           Integrated compensation chrg.:       39.86905431330354
           Integrated density           :      322.99999657157730
           Integrated spin density      :       14.99999986401359
           Integrated |spin density|    :       15.00053335986164
           Local density approx. <S^2>  :       63.75026674791041
           Integrated density tr(KS)    :      323.00000000000000
           Integrated spin tr(KS)       :       15.00000000000000
================================================================================

Calculating NGWF non self-consistent forces...done.

                        <<<<< CALCULATION SUMMARY >>>>>                         
|ITER|    RMS GRADIENT   |     TOTAL ENERGY    |   step   |     Epredicted              
   0     0.00083453192257   -834.30599809993919   1.119595   -838.29330990775691        
   1     0.00032222475392   -838.47598640474212   1.182045   -839.10480524811840        
   2     0.00015498889753   -839.21739020055384   1.132520   -839.35907866589662        
   3     0.00008977938255   -839.38954417853677   0.890352   -839.42663178173211        
   4     0.00005728012217   -839.43027867210253   0.609407   -839.44050332202289        
   5     0.00003425984173   -839.44126274523205   1.257647   -839.44908082451911        
   6     0.00002442788110   -839.44931125068115   1.187203   -839.45301196694982        
   7     0.00001715879745   -839.45316844660624   0.848352   -839.45450659227015        
   8     0.00001165216005   -839.45459003779877   0.656233   -839.45504565904025        
   9     0.00000811660823   -839.45506099038948   1.133083   -839.45544987369715        
  10     0.00000609650862   -839.45549870304399   0.881751   -839.45568219387781        
  11     0.00000408203004   -839.45573218168556   0.653412   -839.45580350196713        
  12     0.00000288612952   -839.45582677717016   0.731306   -839.45585792758357        
  13     0.00000184033316   -839.45586620960421  <-- CG                                 

======================== Writing density and potential =========================
Writing "Fe3_O_piv_6_H2O_3_HighSpin_ps_density.cube" ... done
Writing "Fe3_O_piv_6_H2O_3_HighSpin_ps_spindensity.cube" ... done
Writing "Fe3_O_piv_6_H2O_3_HighSpin_ae_density.cube" ... done
Writing "Fe3_O_piv_6_H2O_3_HighSpin_ae_spindensity.cube" ... done
Writing "Fe3_O_piv_6_H2O_3_HighSpin_potential.cube" ... done
Writing "Fe3_O_piv_6_H2O_3_HighSpin_electrostatic_potential.cube" ... done
================================================================================

    Mulliken Atomic Populations
    ---------------------------
Species  Ion    Total   Charge (e)    Spin (hbar)
=================================================
  Fe     1      14.685      1.315      2.03
  Fe     2      14.686      1.314      2.03
  Fe     3      14.673      1.327      2.04
  O      4       6.764     -0.764      0.36
  O      5       6.929     -0.929      0.03
  H      6       0.477      0.523      0.00
  H      7       0.469      0.531      0.00
  O      8       6.926     -0.926      0.03
  H      9       0.478      0.522     -0.00
  H     10       0.474      0.526      0.00
  O     11       6.927     -0.927      0.03
  H     12       0.479      0.521     -0.00
  H     13       0.474      0.526      0.00
  O     14       6.591     -0.591      0.07
  O     15       6.588     -0.588      0.08
  O     16       6.607     -0.607      0.07
  O     17       6.589     -0.589      0.07
  O     18       6.597     -0.597      0.06
  O     19       6.591     -0.591      0.07
  O     20       6.593     -0.593      0.07
  O     21       6.576     -0.576      0.08
  O     22       6.592     -0.592      0.07
  O     23       6.586     -0.586      0.07
  O     24       6.606     -0.606      0.07
  O     25       6.582     -0.582      0.08
  C     26       3.320      0.680      0.00
  C     27       4.019     -0.019      0.01
  C     28       4.784     -0.784      0.00
  H     29       0.719      0.281     -0.00
  H     30       0.733      0.267      0.00
  H     31       0.725      0.275      0.00
  C     32       4.773     -0.773      0.00
  H     33       0.732      0.268     -0.00
  H     34       0.722      0.278      0.00
  H     35       0.740      0.260      0.00
  C     36       4.777     -0.777      0.00
  H     37       0.737      0.263     -0.00
  H     38       0.738      0.262     -0.00
  H     39       0.726      0.274      0.00
  C     40       3.315      0.685      0.00
  C     41       4.019     -0.019      0.01
  C     42       4.775     -0.775      0.00
  H     43       0.733      0.267      0.00
  H     44       0.730      0.270      0.00
  H     45       0.719      0.281      0.00
  C     46       4.779     -0.779      0.00
  H     47       0.734      0.266      0.00
  H     48       0.721      0.279      0.00
  H     49       0.741      0.259     -0.00
  C     50       4.784     -0.784      0.00
  H     51       0.728      0.272      0.00
  H     52       0.728      0.272     -0.00
  H     53       0.727      0.273      0.00
  C     54       3.319      0.681      0.00
  C     55       4.020     -0.020      0.01
  C     56       4.773     -0.773      0.00
  H     57       0.724      0.276      0.00
  H     58       0.746      0.254     -0.00
  H     59       0.736      0.264     -0.00
  C     60       4.782     -0.782      0.00
  H     61       0.723      0.277      0.00
  H     62       0.722      0.278     -0.00
  H     63       0.735      0.265      0.00
  C     64       4.777     -0.777      0.00
  H     65       0.724      0.276      0.00
  H     66       0.736      0.264      0.00
  H     67       0.726      0.274     -0.00
  C     68       3.320      0.680      0.00
  C     69       4.019     -0.019      0.01
  C     70       4.770     -0.770      0.00
  H     71       0.722      0.278      0.00
  H     72       0.738      0.262      0.00
  H     73       0.735      0.265     -0.00
  C     74       4.776     -0.776      0.00
  H     75       0.723      0.277      0.00
  H     76       0.741      0.259     -0.00
  H     77       0.732      0.268      0.00
  C     78       4.780     -0.780      0.00
  H     79       0.730      0.270      0.00
  H     80       0.725      0.275     -0.00
  H     81       0.734      0.266     -0.00
  C     82       3.324      0.676      0.00
  C     83       4.020     -0.020      0.01
  C     84       4.776     -0.776      0.00
  H     85       0.733      0.267      0.00
  H     86       0.726      0.274      0.00
  H     87       0.736      0.264     -0.00
  C     88       4.781     -0.781      0.00
  H     89       0.728      0.272      0.00
  H     90       0.737      0.263      0.00
  H     91       0.719      0.281      0.00
  C     92       4.776     -0.776      0.00
  H     93       0.727      0.273      0.00
  H     94       0.740      0.260      0.00
  H     95       0.731      0.269     -0.00
  C     96       3.321      0.679      0.00
  C     97       4.019     -0.019      0.01
  C     98       4.773     -0.773      0.00
  H     99       0.719      0.281      0.00
  H    100       0.733      0.267      0.00
  H    101       0.738      0.262      0.00
  C    102       4.777     -0.777      0.00
  H    103       0.722      0.278      0.00
  H    104       0.741      0.259     -0.00
  H    105       0.734      0.266      0.00
  C    106       4.784     -0.784      0.00
  H    107       0.729      0.271      0.00
  H    108       0.729      0.271      0.00
  H    109       0.723      0.277     -0.00
=================================================

        Bond         Population      Spin       Length (bohr)
=============================================================
 O    11 -- H    13        0.54     -0.00      1.82113
 O     8 -- H    10        0.54     -0.00      1.82152
 O     5 -- H     7        0.54     -0.00      1.82162
 O     5 -- H     6        0.54     -0.00      1.82304
 O    11 -- H    12        0.55     -0.00      1.82360
 O     8 -- H     9        0.55     -0.00      1.82447
 C   106 -- H   109        0.82      0.00      2.05926
 C    50 -- H    52        0.82      0.00      2.05953
 C    84 -- H    87        0.82      0.00      2.05963
 C    64 -- H    67        0.82      0.00      2.05996
 C    28 -- H    29        0.82      0.00      2.05997
 C    92 -- H    95        0.82      0.00      2.06020
 C   102 -- H   104        0.82      0.00      2.06062
 C    74 -- H    76        0.82      0.00      2.06070
 C    60 -- H    62        0.82      0.00      2.06076
 C    46 -- H    49        0.82      0.00      2.06079
 C    78 -- H    81        0.82      0.00      2.06104
 C    32 -- H    33        0.83      0.00      2.06114
 C    70 -- H    73        0.82      0.00      2.06215
 C    36 -- H    38        0.82      0.00      2.06228
 C    56 -- H    59        0.82      0.00      2.06239
 C    78 -- H    80        0.82      0.00      2.06241
 C    36 -- H    37        0.82      0.00      2.06317
 C    46 -- H    48        0.83      0.00      2.06336
 C   102 -- H   103        0.82      0.00      2.06347
 C    74 -- H    75        0.82      0.00      2.06349
 C    42 -- H    44        0.82     -0.00      2.06351
 C    56 -- H    57        0.82      0.00      2.06353
 C    84 -- H    86        0.82      0.00      2.06356
 C    56 -- H    58        0.82      0.00      2.06358
 C    88 -- H    90        0.82      0.00      2.06367
 C    98 -- H   101        0.82      0.00      2.06367
 C    92 -- H    93        0.82      0.00      2.06369
 C    50 -- H    53        0.82      0.00      2.06370
 C    64 -- H    65        0.82      0.00      2.06371
 C   106 -- H   107        0.82      0.00      2.06375
 C    60 -- H    61        0.82      0.00      2.06375
 C    36 -- H    39        0.82      0.00      2.06378
 C    50 -- H    51        0.82      0.00      2.06386
 C    28 -- H    31        0.82      0.00      2.06389
 C    98 -- H    99        0.82      0.00      2.06395
 C    32 -- H    34        0.82      0.00      2.06396
 C    78 -- H    79        0.82      0.00      2.06398
 C    70 -- H    71        0.82      0.00      2.06399
 C   106 -- H   108        0.82      0.00      2.06400
 C    88 -- H    91        0.82      0.00      2.06403
 C    42 -- H    45        0.82      0.00      2.06406
 C    92 -- H    94        0.82      0.00      2.06415
 C    42 -- H    43        0.82      0.00      2.06418
 C    98 -- H   100        0.82      0.00      2.06450
 C    88 -- H    89        0.82      0.00      2.06455
 C    84 -- H    85        0.82      0.00      2.06476
 C    74 -- H    77        0.82      0.00      2.06524
 C    70 -- H    72        0.82      0.00      2.06529
 C    46 -- H    47        0.82      0.00      2.06533
 C    28 -- H    30        0.81      0.00      2.06536
 C    64 -- H    66        0.82      0.00      2.06545
 C   102 -- H   105        0.82      0.00      2.06546
 C    60 -- H    63        0.82      0.00      2.06572
 C    32 -- H    35        0.82      0.00      2.06610
 O    25 -- C    96        0.92     -0.00      2.37425
 O    21 -- C    68        0.93     -0.00      2.37504
 O    17 -- C    40        0.92     -0.00      2.37509
 O    14 -- C    26        0.92     -0.01      2.37566
 O    18 -- C    54        0.92     -0.01      2.37661
 O    22 -- C    82        0.93     -0.01      2.37709
 O    23 -- C    82        0.92     -0.00      2.38100
 O    19 -- C    54        0.92     -0.00      2.38212
 O    15 -- C    26        0.91     -0.00      2.38238
 O    16 -- C    40        0.91     -0.00      2.38393
 O    20 -- C    68        0.92     -0.00      2.38409
 O    24 -- C    96        0.91     -0.00      2.38612
 C    27 -- C    36        0.72     -0.00      2.87700
 C    55 -- C    56        0.72     -0.00      2.87741
 C    69 -- C    78        0.71     -0.00      2.87762
 C    97 -- C   106        0.71     -0.00      2.88034
 C    83 -- C    92        0.71     -0.00      2.88071
 C    96 -- C    97        0.78      0.00      2.88072
 C    40 -- C    41        0.78      0.00      2.88078
 C    41 -- C    50        0.71     -0.00      2.88091
 C    54 -- C    55        0.78      0.00      2.88248
 C    26 -- C    27        0.78      0.00      2.88265
 C    68 -- C    69        0.78      0.00      2.88291
 C    82 -- C    83        0.78      0.00      2.88318
 C    41 -- C    46        0.71     -0.00      2.88494
 C    83 -- C    84        0.71     -0.00      2.88519
 C    97 -- C   102        0.71     -0.00      2.88556
 C    69 -- C    74        0.70     -0.00      2.89032
 C    27 -- C    28        0.70     -0.00      2.89229
 C    55 -- C    64        0.70     -0.00      2.89378
 C    55 -- C    60        0.69     -0.00      2.89683
 C    27 -- C    32        0.69     -0.00      2.89778
 C    69 -- C    70        0.69     -0.00      2.89926
 C    83 -- C    88        0.69     -0.00      2.90170
 C    41 -- C    42        0.69     -0.00      2.90221
 C    97 -- C    98        0.69     -0.00      2.90278
 H     9 -- H    10       -0.11      0.00      2.92833
 H    12 -- H    13       -0.11      0.00      2.92888
 H     6 -- H     7       -0.11      0.00      2.93285
 H    57 -- H    58       -0.11     -0.00      3.33157
 H    80 -- H    81       -0.11      0.00      3.33236
 H    47 -- H    48       -0.11     -0.00      3.33322
 H   108 -- H   109       -0.11      0.00      3.33402
 H   103 -- H   105       -0.11     -0.00      3.33454
 H    37 -- H    39       -0.11     -0.00      3.33502
 H    48 -- H    49       -0.11     -0.00      3.33518
 H    75 -- H    77       -0.11     -0.00      3.33572
 H   103 -- H   104       -0.11     -0.00      3.33576
 H    30 -- H    31       -0.11     -0.00      3.33602
 H    51 -- H    52       -0.11      0.00      3.33604
 H    61 -- H    63       -0.11     -0.00      3.33671
 H    71 -- H    72       -0.11     -0.00      3.33679
 H    65 -- H    66       -0.11     -0.00      3.33687
 H    85 -- H    87       -0.11      0.00      3.33795
 H    85 -- H    86       -0.11     -0.00      3.33806
 H    34 -- H    35       -0.11     -0.00      3.33817
 H    93 -- H    94       -0.11     -0.00      3.33829
 H   107 -- H   108       -0.10     -0.00      3.33875
 H    57 -- H    59       -0.11     -0.00      3.33902
 H    89 -- H    91       -0.10     -0.00      3.33906
 H    93 -- H    95       -0.11     -0.00      3.33936
 H    51 -- H    53       -0.10     -0.00      3.33939
 H    75 -- H    76       -0.11     -0.00      3.33969
 H    90 -- H    91       -0.11     -0.00      3.34015
 H    43 -- H    45       -0.10     -0.00      3.34020
 H    99 -- H   100       -0.10     -0.00      3.34051
 H    38 -- H    39       -0.11     -0.00      3.34096
 H    94 -- H    95       -0.11      0.00      3.34140
 H    86 -- H    87       -0.11     -0.00      3.34165
 H    37 -- H    38       -0.11      0.00      3.34195
 H    79 -- H    81       -0.11     -0.00      3.34196
 H    52 -- H    53       -0.10     -0.00      3.34200
 H    79 -- H    80       -0.10     -0.00      3.34238
 H    44 -- H    45       -0.10     -0.00      3.34392
 H   107 -- H   109       -0.10     -0.00      3.34404
 H    99 -- H   101       -0.11     -0.00      3.34454
 H    29 -- H    30       -0.11      0.00      3.34528
 H    58 -- H    59       -0.11      0.00      3.34583
 H    61 -- H    62       -0.10     -0.00      3.34612
 H    66 -- H    67       -0.11      0.00      3.34663
 H    33 -- H    34       -0.10     -0.00      3.34671
 H    62 -- H    63       -0.11      0.00      3.34686
 H    65 -- H    67       -0.10     -0.00      3.34726
 H    71 -- H    73       -0.10     -0.00      3.34729
 H    29 -- H    31       -0.10     -0.00      3.34749
 H   104 -- H   105       -0.11      0.00      3.34990
 H    76 -- H    77       -0.11      0.00      3.35005
 H    72 -- H    73       -0.11      0.00      3.35160
 H    33 -- H    35       -0.10      0.00      3.35253
 H    47 -- H    49       -0.10      0.00      3.35289
 H    89 -- H    90       -0.11      0.00      3.35373
 H    43 -- H    44       -0.11      0.00      3.35491
 H   100 -- H   101       -0.10      0.00      3.35658
 Fe    2 -- O     4        0.27     -0.07      3.59569
 Fe    3 -- O     4        0.27     -0.07      3.59703
 Fe    1 -- O     4        0.27     -0.07      3.59974
 Fe    2 -- O    15        0.24     -0.06      3.76156
 Fe    3 -- O    19        0.24     -0.06      3.76534
 Fe    3 -- O    21        0.24     -0.06      3.77952
 Fe    1 -- O    23        0.24     -0.05      3.78190
 Fe    1 -- O    25        0.23     -0.05      3.78192
 Fe    2 -- O    17        0.23     -0.05      3.78327
 Fe    1 -- O    16        0.24     -0.05      3.81501
 Fe    2 -- O    20        0.24     -0.05      3.82605
 Fe    3 -- O    24        0.24     -0.05      3.82651
 Fe    1 -- O    14        0.23     -0.05      3.84546
 Fe    3 -- O    22        0.24     -0.05      3.85086
 Fe    2 -- O    18        0.24     -0.05      3.86678
 C    69 -- H    79       -0.12     -0.00      4.06079
 C    55 -- H    57       -0.11     -0.00      4.06179
 C    27 -- H    39       -0.11     -0.00      4.06199
 C    97 -- H   107       -0.12     -0.00      4.06311
 C    83 -- H    93       -0.12     -0.00      4.06480
 C    41 -- H    53       -0.12     -0.00      4.06541
 C    97 -- H   103       -0.12     -0.00      4.06761
 C    41 -- H    48       -0.11     -0.00      4.06829
 C    83 -- H    86       -0.12     -0.00      4.06983
 C    69 -- H    75       -0.12     -0.00      4.07133
 C    27 -- H    31       -0.12     -0.00      4.07365
 C    55 -- H    65       -0.12     -0.00      4.07561
 C    27 -- H    34       -0.12     -0.00      4.07713
 C    55 -- H    61       -0.12     -0.00      4.07811
 C    69 -- H    71       -0.12     -0.00      4.07969
 C    97 -- H    99       -0.12     -0.00      4.07985
 C    41 -- H    45       -0.12     -0.00      4.08099
 C    83 -- H    91       -0.12     -0.00      4.08237
 Fe    1 -- O     5        0.08     -0.03      4.08933
 Fe    2 -- O     8        0.08     -0.03      4.09455
 Fe    3 -- O    11        0.08     -0.03      4.09953
 C    27 -- H    37       -0.12     -0.00      4.10830
 C    69 -- H    81       -0.12     -0.00      4.10837
 C    41 -- H    52       -0.12     -0.00      4.10905
 C    83 -- H    95       -0.12     -0.00      4.10966
 C    97 -- H   109       -0.11     -0.00      4.10976
 C    69 -- H    80       -0.12     -0.00      4.11006
 C    27 -- H    38       -0.12     -0.00      4.11026
 C    55 -- H    58       -0.12     -0.00      4.11092
 C    55 -- H    59       -0.12     -0.00      4.11101
 C    83 -- H    94       -0.12     -0.00      4.11184
 C    41 -- H    51       -0.12     -0.00      4.11186
 C    97 -- H   108       -0.12     -0.00      4.11236
 C    83 -- H    87       -0.12     -0.00      4.11373
 C    41 -- H    49       -0.12     -0.00      4.11389
 C    55 -- H    67       -0.12     -0.00      4.11432
 C    27 -- H    29       -0.12     -0.00      4.11459
 C    27 -- H    33       -0.12     -0.00      4.11460
 C    97 -- H   104       -0.12     -0.00      4.11595
 C    83 -- H    85       -0.12     -0.00      4.11596
 C    41 -- H    47       -0.12     -0.00      4.11610
 C    69 -- H    76       -0.12     -0.00      4.11676
 C    97 -- H   105       -0.12     -0.00      4.11771
 C    55 -- H    62       -0.12     -0.00      4.11978
 C    69 -- H    77       -0.12     -0.00      4.12002
 C    69 -- H    73       -0.12     -0.00      4.12091
 C    55 -- H    66       -0.12     -0.00      4.12111
 C    27 -- H    30       -0.12     -0.00      4.12116
 C    41 -- H    44       -0.12     -0.00      4.12449
 C    97 -- H   100       -0.12     -0.00      4.12513
 C    55 -- H    63       -0.12     -0.00      4.12515
 C    69 -- H    72       -0.12     -0.00      4.12531
 C    41 -- H    43       -0.12     -0.00      4.12537
 C    97 -- H   101       -0.12     -0.00      4.12541
 C    83 -- H    90       -0.12     -0.00      4.12715
 C    83 -- H    89       -0.12     -0.00      4.12776
 C    27 -- H    35       -0.12     -0.00      4.12779
 O    16 -- O    17       -0.17     -0.00      4.20386
 O    18 -- O    19       -0.17     -0.00      4.20470
 O    22 -- O    23       -0.17     -0.00      4.20535
 O    14 -- O    15       -0.17     -0.00      4.20590
 O    24 -- O    25       -0.17     -0.00      4.20653
 O    20 -- O    21       -0.17     -0.00      4.20733
 H     9 -- O    18        0.00      0.00      4.43607
 O    15 -- C    27       -0.19     -0.00      4.49209
 O    19 -- C    55       -0.19     -0.00      4.49257
 O    20 -- C    69       -0.19     -0.00      4.50454
 O    16 -- C    41       -0.19     -0.00      4.51014
 O    22 -- C    83       -0.19     -0.00      4.51130
 O    25 -- C    97       -0.19     -0.00      4.51294
 O    24 -- C    97       -0.19     -0.00      4.51579
 O    23 -- C    83       -0.19     -0.00      4.51886
 O    17 -- C    41       -0.19     -0.00      4.51932
 O    21 -- C    69       -0.19     -0.00      4.52533
 H    12 -- O    24       -0.00      0.00      4.52802
 O    14 -- C    27       -0.18     -0.00      4.53678
 O    18 -- C    55       -0.18     -0.00      4.53881
 H     6 -- O    16       -0.00      0.00      4.55484
 C    96 -- C    98       -0.17     -0.00      4.61385
 C    40 -- C    42       -0.17     -0.00      4.61462
 C    82 -- C    88       -0.17     -0.00      4.62040
 C    68 -- C    70       -0.17     -0.00      4.64323
 C    26 -- C    32       -0.17     -0.00      4.64703
 C    54 -- C    60       -0.17     -0.00      4.65902
 H    48 -- H    53       -0.02      0.00      4.67213
 H   103 -- H   107       -0.02     -0.00      4.67609
 C    54 -- C    64       -0.17     -0.00      4.67832
 H    86 -- H    93       -0.02      0.00      4.68223
 C    26 -- C    28       -0.17     -0.00      4.69065
 C    68 -- C    74       -0.17     -0.00      4.70131
 H    75 -- H    79       -0.01      0.00      4.70987
 H    57 -- H    65       -0.01      0.00      4.72190
 C    88 -- C    92       -0.17      0.00      4.72530
 C    56 -- C    64       -0.17     -0.00      4.72778
 C    74 -- C    78       -0.17     -0.00      4.72875
 C    82 -- C    84       -0.17     -0.00      4.72978
 C    46 -- C    50       -0.17     -0.00      4.72992
 C    84 -- C    92       -0.17     -0.00      4.73015
 C    28 -- C    32       -0.16      0.00      4.73022
 C    42 -- C    46       -0.16      0.00      4.73057
 C   102 -- C   106       -0.17     -0.00      4.73071
 C    32 -- C    36       -0.17     -0.00      4.73082
 C    56 -- C    60       -0.17     -0.00      4.73113
 C    98 -- C   106       -0.17      0.00      4.73137
 C    40 -- C    46       -0.17     -0.00      4.73156
 C    70 -- C    78       -0.17     -0.00      4.73193
 C    98 -- C   102       -0.16      0.00      4.73233
 C    28 -- C    36       -0.17     -0.00      4.73254
 C    70 -- C    74       -0.16      0.00      4.73288
 C    96 -- C   102       -0.17     -0.00      4.73368
 C    84 -- C    88       -0.16      0.00      4.73391
 C    60 -- C    64       -0.16      0.00      4.73645
 C    42 -- C    50       -0.16      0.00      4.73656
 C    40 -- C    50       -0.17     -0.00      4.74023
 C    96 -- C   106       -0.17     -0.00      4.74264
 C    82 -- C    92       -0.17     -0.00      4.74882
 C    68 -- C    78       -0.17     -0.00      4.75021
 H    31 -- H    39       -0.01      0.00      4.75250
 H    31 -- H    34       -0.01      0.00      4.75463
 C    26 -- C    36       -0.18     -0.00      4.75579
 C    54 -- C    56       -0.17     -0.00      4.75688
 H    44 -- H    49       -0.01     -0.00      4.76169
 H   101 -- H   104       -0.01     -0.00      4.76397
 H    34 -- H    39       -0.01      0.00      4.76586
 H    89 -- H    95       -0.01     -0.00      4.77427
 H    71 -- H    75       -0.01      0.00      4.77884
 H    57 -- H    61       -0.01      0.00      4.77967
 H    99 -- H   107       -0.01      0.00      4.78016
 H    71 -- H    79       -0.01      0.00      4.78238
 H    61 -- H    65       -0.01      0.00      4.78245
 H    43 -- H    52       -0.01     -0.00      4.78515
 H    91 -- H    93       -0.01      0.00      4.78757
 O    25 -- H   109       -0.01     -0.00      4.78845
 H    87 -- H    90       -0.01     -0.00      4.78899
 H   100 -- H   109       -0.01     -0.00      4.79261
 H    73 -- H    76       -0.01      0.00      4.79570
 H    72 -- H    81       -0.01      0.00      4.80087
 H    29 -- H    33       -0.01      0.00      4.80169
 H    86 -- H    91       -0.01      0.00      4.80224
 H    58 -- H    63       -0.01      0.00      4.80319
 H    45 -- H    48       -0.01      0.00      4.80675
 H    62 -- H    67       -0.01      0.00      4.80851
 O    22 -- H    87       -0.01     -0.00      4.80888
 H    45 -- H    53       -0.01      0.00      4.80999
 H    99 -- H   103       -0.01      0.00      4.81072
 O    17 -- H    52       -0.01     -0.00      4.82356
 H    35 -- H    38       -0.01      0.00      4.82362
 O    16 -- H    49       -0.01     -0.00      4.83095
 H    30 -- H    37       -0.01      0.00      4.83669
 O    23 -- H    95       -0.01     -0.00      4.84608
 O    24 -- H   104       -0.01     -0.00      4.85569
 O    19 -- H    67       -0.00      0.00      4.85677
 H    59 -- H    66       -0.01      0.00      4.85864
 O    15 -- H    29       -0.00     -0.00      4.86400
 H    10 -- O    20       -0.00      0.00      4.86439
 H    77 -- H    80       -0.01      0.00      4.87563
 O    20 -- H    76       -0.00     -0.00      4.87750
 Fe    2 -- H     9       -0.09     -0.00      4.90845
 H    85 -- H    94       -0.01      0.00      4.91394
 H   105 -- H   108       -0.01      0.00      4.91642
 H    47 -- H    51       -0.01      0.00      4.91827
 O    21 -- H    81       -0.01     -0.00      4.92257
 H    13 -- O    22       -0.00      0.00      4.93755
 Fe    3 -- H    12       -0.09     -0.00      4.94452
 Fe    1 -- H     6       -0.09     -0.00      4.95177
 O    15 -- H    33       -0.00      0.00      4.95794
 O    14 -- H    38       -0.01     -0.00      4.98144
 O    19 -- H    62       -0.00      0.00      4.98690
 Fe    2 -- H    10       -0.08     -0.00      5.01238
 Fe    3 -- H    13       -0.08     -0.00      5.01809
 Fe    1 -- H     7       -0.08     -0.00      5.02243
 O    18 -- H    59       -0.01     -0.00      5.05960
 O    20 -- H    73       -0.00      0.00      5.06042
 H     7 -- O    14       -0.00      0.00      5.06435
 C    96 -- H   101       -0.04      0.00      5.06861
 O    18 -- H    58       -0.01     -0.00      5.07130
 C    40 -- H    44       -0.04      0.00      5.07266
 C    26 -- H    33       -0.04     -0.00      5.08511
 C    68 -- H    73       -0.04     -0.00      5.08734
 C    82 -- H    89       -0.04     -0.00      5.09104
 C    40 -- H    43       -0.04     -0.00      5.09392
 C    82 -- H    90       -0.04     -0.00      5.09570
 C    96 -- H   100       -0.04     -0.00      5.09639
 O    21 -- C    78       -0.05     -0.00      5.09896
 C    54 -- H    67       -0.04     -0.00      5.11321
 H   103 -- C   106       -0.04     -0.00      5.11747
 O    14 -- C    36       -0.04     -0.00      5.11751
 C    54 -- H    62       -0.04     -0.00      5.11948
 O    18 -- C    56       -0.04     -0.00      5.12058
 H    48 -- C    50       -0.04     -0.00      5.12885
 C    84 -- H    93       -0.04     -0.00      5.12965
 C    26 -- H    29       -0.04     -0.00      5.13030
 O     8 -- O    18       -0.04     -0.00      5.13494
 O    14 -- H    37       -0.00     -0.00      5.13517
 H    57 -- C    64       -0.04     -0.00      5.13557
 C    46 -- H    53       -0.04     -0.00      5.13891
 O    21 -- H    80       -0.01     -0.00      5.14568
 O     5 -- O    16       -0.04     -0.00      5.14581
 C    98 -- H   104       -0.04      0.00      5.14648
 O    23 -- C    92       -0.04     -0.00      5.14687
 H    86 -- C    92       -0.04     -0.00      5.14765
 C    68 -- H    72       -0.04     -0.00      5.14861
 C    42 -- H    49       -0.04      0.00      5.14988
 H    75 -- C    78       -0.04      0.00      5.15050
 C    74 -- H    79       -0.04     -0.00      5.15111
 O    25 -- C   106       -0.04     -0.00      5.15159
 C    88 -- H    95       -0.04      0.00      5.15304
 C   102 -- H   107       -0.04     -0.00      5.15415
 C    54 -- H    63       -0.04     -0.00      5.15804
 C    56 -- H    61       -0.04     -0.00      5.15877
 H    91 -- C    92       -0.04     -0.00      5.15913
 O    17 -- C    50       -0.04     -0.00      5.15963
 C    26 -- H    35       -0.04     -0.00      5.15991
 O    11 -- O    24       -0.04     -0.00      5.16399
 H    99 -- C   102       -0.04     -0.00      5.16542
 H    58 -- C    60       -0.04      0.00      5.16832
 C    28 -- H    39       -0.04     -0.00      5.16916
 H    45 -- C    46       -0.04     -0.00      5.16980
 C    28 -- H    34       -0.04     -0.00      5.17017
 H    71 -- C    74       -0.04     -0.00      5.17231
 H    31 -- C    32       -0.04     -0.00      5.17395
 C    68 -- H    76       -0.04     -0.00      5.17427
 H    31 -- C    36       -0.04      0.00      5.17507
 C    56 -- H    65       -0.04     -0.00      5.17554
 H    34 -- C    36       -0.04     -0.00      5.17613
 C    42 -- H    52       -0.04     -0.00      5.17690
 C    60 -- H    65       -0.04     -0.00      5.17704
 C    70 -- H    76       -0.04      0.00      5.17795
 C    32 -- H    39       -0.04     -0.00      5.17876
 H    99 -- C   106       -0.04     -0.00      5.17992
 H    71 -- C    78       -0.04     -0.00      5.18076
 H    87 -- C    88       -0.04      0.00      5.18351
 H    45 -- C    50       -0.04     -0.00      5.18472
 H   100 -- C   106       -0.04     -0.00      5.18754
 C    84 -- H    91       -0.04     -0.00      5.18777
 C    98 -- H   107       -0.04     -0.00      5.18851
 C    28 -- H    33       -0.04     -0.00      5.18925
 H    62 -- C    64       -0.04     -0.00      5.18973
 C    70 -- H    79       -0.04     -0.00      5.19026
 C    98 -- H   109       -0.04      0.00      5.19069
 C    70 -- H    81       -0.04      0.00      5.19079
 C    84 -- H    90       -0.04     -0.00      5.19355
 H    29 -- C    32       -0.04      0.00      5.19515
 C    56 -- H    66       -0.04      0.00      5.19537
 C    70 -- H    75       -0.04     -0.00      5.19598
 H    72 -- C    78       -0.04      0.00      5.19650
 H    61 -- C    64       -0.04     -0.00      5.19793
 H    44 -- C    46       -0.04      0.00      5.19843
 H    43 -- C    50       -0.04      0.00      5.19907
 H    89 -- C    92       -0.04      0.00      5.20231
 H    86 -- C    88       -0.04     -0.00      5.20303
 H    35 -- C    36       -0.04      0.00      5.20330
 H    73 -- C    74       -0.04      0.00      5.20376
 C    32 -- H    38       -0.04      0.00      5.20449
 H   101 -- C   102       -0.04      0.00      5.20494
 C    60 -- H    67       -0.04      0.00      5.20632
 C    82 -- H    87       -0.03     -0.00      5.20648
 H    57 -- C    60       -0.04     -0.00      5.20779
 C    54 -- H    66       -0.03     -0.00      5.20829
 H    30 -- C    36       -0.04      0.00      5.20863
 C    88 -- H    93       -0.04     -0.00      5.20941
 C    28 -- H    37       -0.04      0.00      5.21268
 C    42 -- H    53       -0.04     -0.00      5.21539
 C    96 -- H   109       -0.03     -0.00      5.21819
 C    68 -- H    77       -0.04     -0.00      5.21874
 C    56 -- H    63       -0.04      0.00      5.22037
 C    42 -- H    48       -0.04     -0.00      5.22106
 H    77 -- C    78       -0.04      0.00      5.22382
 C    26 -- H    30       -0.03      0.00      5.22575
 O    16 -- C    46       -0.04     -0.00      5.22759
 C   102 -- H   108       -0.04      0.00      5.22833
 C    74 -- H    80       -0.04      0.00      5.22893
 C    98 -- H   103       -0.04     -0.00      5.23013
 C    40 -- H    52       -0.03     -0.00      5.23368
 C    96 -- H   105       -0.04     -0.00      5.23617
 C    40 -- H    49       -0.03     -0.00      5.23665
 H    85 -- C    92       -0.04      0.00      5.23728
 O    24 -- C   102       -0.04     -0.00      5.23930
 H    59 -- C    64       -0.03      0.00      5.24051
 C    40 -- H    47       -0.04     -0.00      5.24145
 C    54 -- H    59       -0.04     -0.00      5.24261
 C    46 -- H    51       -0.03      0.00      5.24393
 C    96 -- H   104       -0.03     -0.00      5.24866
 H    47 -- C    50       -0.03      0.00      5.24904
 O    22 -- C    84       -0.04     -0.00      5.25154
 C    84 -- H    94       -0.03      0.00      5.25180
 C    40 -- H    51       -0.04     -0.00      5.25293
 C    68 -- H    81       -0.03     -0.00      5.25303
 C    82 -- H    85       -0.04     -0.00      5.25326
 C    82 -- H    94       -0.04     -0.00      5.25519
 C    82 -- H    95       -0.03      0.00      5.25594
 C    26 -- H    38       -0.03     -0.00      5.25602
 C    68 -- H    80       -0.03     -0.00      5.25992
 H   105 -- C   106       -0.03      0.00      5.26337
 O    14 -- O    23       -0.03     -0.00      5.26625
 C    96 -- H   108       -0.03     -0.00      5.27711
 C    26 -- H    37       -0.03     -0.00      5.27895
 O    19 -- O    22       -0.03     -0.00      5.28287
 O     8 -- O    20       -0.03     -0.00      5.28788
 O    11 -- O    22       -0.03     -0.00      5.29802
 C    54 -- H    58       -0.03     -0.00      5.30257
 O    17 -- O    20       -0.03     -0.00      5.30486
 O     5 -- O    14       -0.03     -0.00      5.30611
 O     5 -- O    23       -0.03     -0.00      5.31074
 H     7 -- O    23       -0.00      0.00      5.31278
 O    15 -- O    18       -0.03     -0.00      5.32190
 O    11 -- O    19       -0.02     -0.00      5.34667
 O    21 -- O    24       -0.03     -0.00      5.35203
 H     6 -- H    49       -0.01     -0.00      5.35237
 O    20 -- C    74       -0.04     -0.00      5.36468
 O    23 -- H    94       -0.00      0.00      5.36581
 O    22 -- H    90       -0.00      0.00      5.36969
 O    22 -- O    24       -0.03     -0.00      5.37107
 O    16 -- O    25       -0.03     -0.00      5.38393
 O     4 -- O    21       -0.02     -0.01      5.38407
 O    24 -- H   101       -0.00      0.00      5.38446
 O    16 -- H    44       -0.00      0.00      5.38725
 O    19 -- C    64       -0.04     -0.00      5.39365
 O    15 -- C    28       -0.04     -0.00      5.39395
 O    23 -- O    25       -0.03     -0.00      5.39688
 O    14 -- O    16       -0.03     -0.00      5.39742
 O    18 -- O    20       -0.03     -0.00      5.39890
 O     4 -- O    25       -0.02     -0.01      5.39952
 O     4 -- O    15       -0.02     -0.01      5.40293
 O    17 -- H    51       -0.00      0.00      5.41651
 O     4 -- O    14       -0.02     -0.00      5.41833
 O     8 -- O    17       -0.02     -0.00      5.42244
 O    19 -- O    21       -0.03     -0.00      5.42520
 O    15 -- O    17       -0.03     -0.00      5.42856
 O     8 -- O    15       -0.02     -0.00      5.43296
 O    25 -- H   108       -0.00      0.00      5.44161
 H    12 -- H   104       -0.01     -0.00      5.44509
 O     4 -- O    20       -0.02     -0.00      5.44551
 O    11 -- O    21       -0.02     -0.00      5.46673
 O    15 -- C    32       -0.03     -0.00      5.48254
 O    19 -- C    60       -0.03     -0.00      5.48581
 H    13 -- O    19       -0.00      0.00      5.49021
 H     9 -- H    58       -0.01     -0.00      5.49182
 O     4 -- O    22       -0.02     -0.00      5.49216
 O     5 -- O    25       -0.02     -0.00      5.51301
 O     4 -- O    24       -0.02     -0.00      5.51893
 O     4 -- O    17       -0.02     -0.00      5.52176
 O     4 -- O    19       -0.02     -0.00      5.52211
 O     4 -- O    16       -0.02     -0.00      5.54036
 O     4 -- O    23       -0.02     -0.00      5.54377
 O     4 -- O    18       -0.02     -0.00      5.54546
 O    20 -- C    70       -0.03      0.00      5.56352
 O    24 -- H   105       -0.00      0.00      5.62262
 H    33 -- H    59       -0.01     -0.00      5.62398
 O    16 -- H    47       -0.00      0.00      5.62426
 H    72 -- H   101       -0.01     -0.00      5.62480
 H    43 -- H    73       -0.01     -0.00      5.62638
 Fe    3 -- C    54       -0.16     -0.00      5.66095
 Fe    2 -- C    26       -0.16     -0.00      5.66783
=============================================================


============== Orbital energy and occupancy information for spin 1 =============

      Total number of orbitals:     283
   Number of occupied orbitals:     169.000000000
   Occupancy sum (eigenvalues):     169.000000000
                 HOMO-LUMO gap:       0.155702452 Eh
                 Mid-gap level:      -0.155764268 Eh

                        Orbital | Energy (Eh) | Occupancy
                            1    -3.571609178   1.0000000
                        .......   ...........   .........
                          160    -0.293810831   1.0000000
                          161    -0.290788124   1.0000000
                          162    -0.290357992   1.0000000
                          163    -0.276388467   1.0000000
                          164    -0.276127718   1.0000000
                          165    -0.254313454   1.0000000
                          166    -0.237234858   1.0000000
                          167    -0.237010622   1.0000000
                          168    -0.233868151   0.9999999
                          169    -0.233615494   0.9999999
                        .......   --- gap ---   .........
                          170    -0.077913042   0.0000000
                          171    -0.074976069   0.0000001
                          172    -0.072976478   0.0000000
                          173    -0.072369237   0.0000000
                          174    -0.063556998   0.0000000
                          175    -0.063011877   0.0000000
                          176    -0.051597298   0.0000000
                          177    -0.042954243   0.0000001
                          178    -0.041996880   0.0000001
                          179    -0.010101195   0.0000000
                        .......   ...........   .........
                          283     0.424560197   0.0000000

================================================================================

============== Orbital energy and occupancy information for spin 2 =============

      Total number of orbitals:     283
   Number of occupied orbitals:     154.000000000
   Occupancy sum (eigenvalues):     154.000000000
                 HOMO-LUMO gap:       0.055222823 Eh
                 Mid-gap level:      -0.250486554 Eh

                        Orbital | Energy (Eh) | Occupancy
                            1    -3.396688086   1.0000000
                        .......   ...........   .........
                          145    -0.306755527   0.9999998
                          146    -0.305640070   0.9999998
                          147    -0.302445934   1.0000000
                          148    -0.294730249   1.0000000
                          149    -0.294157015   1.0000000
                          150    -0.292871891   0.9999996
                          151    -0.290780147   0.9999999
                          152    -0.288727614   1.0000000
                          153    -0.288558696   0.9999999
                          154    -0.278097966   0.9999996
                        .......   --- gap ---   .........
                          155    -0.222875142   0.0000002
                          156    -0.216038249   0.0000003
                          157    -0.215310110   0.0000003
                          158    -0.215157025   0.0000003
                          159    -0.214949583   0.0000005
                          160    -0.205863392   0.0000006
                          161    -0.204631957   0.0000001
                          162    -0.204088077   0.0000001
                          163    -0.181864785   0.0000001
                          164    -0.163716143   0.0000000
                        .......   ...........   .........
                          283     0.432472323   0.0000000

================================================================================

===================== Writing canonical molecular orbitals =====================
    Spin 1
| Orbital  Energy (eV)  Norm     |
| HOMO-5   -7.51381752  1.000000 | Writing "Fe3_O_piv_6_H2O_3_HighSpin_HOMO-5_UP.cube" ... done
| HOMO-4   -6.92022121  1.000000 | Writing "Fe3_O_piv_6_H2O_3_HighSpin_HOMO-4_UP.cube" ... done
| HOMO-3   -6.45548897  1.000000 | Writing "Fe3_O_piv_6_H2O_3_HighSpin_HOMO-3_UP.cube" ... done
| HOMO-2   -6.44938718  1.000000 | Writing "Fe3_O_piv_6_H2O_3_HighSpin_HOMO-2_UP.cube" ... done
| HOMO-1   -6.36387621  1.000000 | Writing "Fe3_O_piv_6_H2O_3_HighSpin_HOMO-1_UP.cube" ... done
| HOMO     -6.35700105  1.000000 | Writing "Fe3_O_piv_6_H2O_3_HighSpin_HOMO_UP.cube" ... done
| LUMO     -2.12012174  1.000000 | Writing "Fe3_O_piv_6_H2O_3_HighSpin_LUMO_UP.cube" ... done
| LUMO+1   -2.04020266  1.000000 | Writing "Fe3_O_piv_6_H2O_3_HighSpin_LUMO+1_UP.cube" ... done
| LUMO+2   -1.98579102  1.000000 | Writing "Fe3_O_piv_6_H2O_3_HighSpin_LUMO+2_UP.cube" ... done
| LUMO+3   -1.96926715  1.000000 | Writing "Fe3_O_piv_6_H2O_3_HighSpin_LUMO+3_UP.cube" ... done
| LUMO+4   -1.72947391  1.000000 | Writing "Fe3_O_piv_6_H2O_3_HighSpin_LUMO+4_UP.cube" ... done
| LUMO+5   -1.71464043  1.000000 | Writing "Fe3_O_piv_6_H2O_3_HighSpin_LUMO+5_UP.cube" ... done
================================================================================

===================== Writing canonical molecular orbitals =====================
    Spin 2
| Orbital  Energy (eV)  Norm     |
| HOMO-5   -8.00441968  1.000000 | Writing "Fe3_O_piv_6_H2O_3_HighSpin_HOMO-5_DN.cube" ... done
| HOMO-4   -7.96944967  1.000000 | Writing "Fe3_O_piv_6_H2O_3_HighSpin_HOMO-4_DN.cube" ... done
| HOMO-3   -7.91253040  1.000000 | Writing "Fe3_O_piv_6_H2O_3_HighSpin_HOMO-3_DN.cube" ... done
| HOMO-2   -7.85667815  1.000000 | Writing "Fe3_O_piv_6_H2O_3_HighSpin_HOMO-2_DN.cube" ... done
| HOMO-1   -7.85208167  1.000000 | Writing "Fe3_O_piv_6_H2O_3_HighSpin_HOMO-1_DN.cube" ... done
| HOMO     -7.56743070  1.000000 | Writing "Fe3_O_piv_6_H2O_3_HighSpin_HOMO_DN.cube" ... done
| LUMO     -6.06474121  1.000000 | Writing "Fe3_O_piv_6_H2O_3_HighSpin_LUMO_DN.cube" ... done
| LUMO+1   -5.87869990  1.000000 | Writing "Fe3_O_piv_6_H2O_3_HighSpin_LUMO+1_DN.cube" ... done
| LUMO+2   -5.85888621  1.000000 | Writing "Fe3_O_piv_6_H2O_3_HighSpin_LUMO+2_DN.cube" ... done
| LUMO+3   -5.85472056  1.000000 | Writing "Fe3_O_piv_6_H2O_3_HighSpin_LUMO+3_DN.cube" ... done
| LUMO+4   -5.84907579  1.000000 | Writing "Fe3_O_piv_6_H2O_3_HighSpin_LUMO+4_DN.cube" ... done
| LUMO+5   -5.60182793  1.000000 | Writing "Fe3_O_piv_6_H2O_3_HighSpin_LUMO+5_DN.cube" ... done
================================================================================
 
=============== Density of States (DOS) calculation for UP spin ================
Writing "Fe3_O_piv_6_H2O_3_HighSpin_UP_DOS.txt" ... done
================================================================================
 
============== Density of States (DOS) calculation for DOWN spin ===============
Writing "Fe3_O_piv_6_H2O_3_HighSpin_DN_DOS.txt" ... done
================================================================================
 
Writing bands to file "Fe3_O_piv_6_H2O_3_HighSpin.val_bands" ... done

================================= Core Density =================================
               Core den box size:   39 x  39 x  39
================================================================================
 
********************* Unconstrained **********************
********************** Ewald forces **********************
*                                                        *
* Element  Atom         Cartesian components (Eh/a)      *
* ------------------------------------------------------ *
*                       x            y            z      *
*                                                        *
*    Fe      1     15.05575913 -17.99274133  12.87228416 *
*    Fe      2      2.65294686   2.25158947 -26.51239021 *
*    Fe      3    -17.62799640  15.01991800  12.89137836 *
*    O       4     -0.10114424  -0.19342360  -0.10930204 *
*    O       5      9.17545908 -11.75730832   9.36019068 *
*    H       6      1.90600322  -3.34473199  -0.32298691 *
*    H       7      3.47923732  -0.58011950   1.69358664 *
*    O       8      2.94255403   1.26483843 -17.31860758 *
*    H       9      0.25986911   2.61051690  -2.77342967 *
*    H      10     -1.70107652  -0.56772069  -3.46475174 *
*    O      11    -12.49140437   9.95542239   7.49605646 *
*    H      12     -2.62089074  -0.07052557   2.81731947 *
*    H      13     -0.49656728   3.06613101   2.38345282 *
*    O      14     14.91718292  -3.03092633   3.13256078 *
*    O      15     10.28652280   3.87613430 -11.18697345 *
*    O      16      4.49829589 -14.73574320   0.47738846 *
*    O      17     -0.75357733  -7.68690447 -13.50085487 *
*    O      18      2.36875063  10.16402950 -11.11265614 *
*    O      19     -3.84022909  14.61494670   3.46885142 *
*    O      20     -7.91842058  -1.71160654 -13.24780871 *
*    O      21    -15.20787012   3.09122162   0.95447687 *
*    O      22     -0.49382134  11.13200964  10.39661741 *
*    O      23     10.01154147  -1.84757876  11.76534266 *
*    O      24    -11.79193977  -0.64313892   9.96515656 *
*    O      25     -1.06943443 -13.47086461   7.64730545 *
*    C      26      9.28457206   1.10858579  -2.45040749 *
*    C      27      8.07839626   1.52861623  -1.91894617 *
*    C      28      7.19176751  -0.57472884  -5.80218567 *
*    H      29      0.84931453   0.45864282  -2.42764752 *
*    H      30      1.73957342  -1.63879765  -1.23153199 *
*    H      31      2.57910275   0.48906421  -1.25718692 *
*    C      32      6.37337179   6.20658439  -1.36709652 *
*    H      33      0.78099521   1.86386520  -1.52551681 *
*    H      34      2.46247654   1.61168585  -0.53903769 *
*    H      35      1.23270454   1.84048875   1.06944737 *
*    C      36      9.04281215  -0.47676500   1.76560074 *
*    H      37      2.16567988  -1.66267275   0.22076188 *
*    H      38      1.80055340   0.49449971   1.67589749 *
*    H      39      2.88960496   0.48056858   0.01659260 *
*    C      40      1.28241567  -8.29937083  -4.72959404 *
*    C      41      0.83175325  -7.27746909  -4.02995818 *
*    C      42     -3.79598642  -7.81924878  -1.98179749 *
*    H      43     -1.90066595  -1.07774346  -1.14746988 *
*    H      44     -0.87395922  -2.13537014   0.95953898 *
*    H      45     -0.70455855  -2.69026033  -0.97657305 *
*    C      46      4.30364020  -7.98386012  -1.33653371 *
*    H      47      2.29071001  -1.14406013  -0.72605216 *
*    H      48      0.67206996  -2.67556774  -0.89979220 *
*    H      49      0.73322029  -2.24296305   1.10648321 *
*    C      50      1.13587791  -4.84155379  -7.66976480 *
*    H      51      1.65697685  -0.51090421  -2.02270945 *
*    H      52     -0.96560320  -0.49103330  -2.33519126 *
*    H      53      0.14803589  -2.16891667  -1.91851412 *
*    C      54     -0.13722704   9.17159308  -2.77124600 *
*    C      55     -0.03165952   8.04055044  -2.31223709 *
*    C      56      2.00886497   6.67753057  -5.93025381 *
*    H      57      0.44556695   2.59033918  -1.27039194 *
*    H      58     -0.50529414   0.99682753  -2.44854013 *
*    H      59      1.86737153   1.13733046  -1.28297110 *
*    C      60     -4.74849326   7.62971057  -1.91185463 *
*    H      61     -0.73128571   2.74925721  -0.62942808 *
*    H      62     -1.71736828   1.75640018   0.91658982 *
*    H      63     -1.78419199   1.09128005  -1.59358678 *
*    C      64      2.58930539   8.43584999   1.72185255 *
*    H      65      0.46954208   2.90259648  -0.00224396 *
*    H      66      1.98911046   1.48227643   0.28801503 *
*    H      67     -0.19027838   1.95449714   1.64375841 *
*    C      68     -8.63230044  -0.10293939  -4.26714327 *
*    C      69     -7.60196185  -0.52614210  -3.59308989 *
*    C      70     -6.31041038  -5.37697675  -3.47417692 *
*    H      71     -2.40830144  -1.26338869  -1.22275806 *
*    H      72     -1.53177046  -1.84206148   0.48604821 *
*    H      73     -0.54641363  -1.61183250  -1.88022270 *
*    C      74     -5.86788064   1.96774567  -6.84781802 *
*    H      75     -2.32994961  -0.02525551  -1.74945933 *
*    H      76     -0.42136118  -0.12841679  -2.57799423 *
*    H      77     -1.31732952   1.93400765  -1.28243367 *
*    C      78     -9.16992111   1.19115949   0.15270294 *
*    H      79     -2.86766914  -0.14397031  -0.59172896 *
*    H      80     -2.01670390   1.82766562   0.10637799 *
*    H      81     -2.15293874  -0.52625486   1.24175015 *
*    C      82      3.88039402   3.71274135   7.91005371 *
*    C      83      3.38208499   3.24233850   6.90795267 *
*    C      84      2.54828083   7.21952652   4.83307494 *
*    H      85      1.51253567   2.00952974   0.00816028 *
*    H      86      1.03074237   1.81927027   2.05547423 *
*    H      87     -0.84129596   2.16517578   1.22000746 *
*    C      88     -0.30417574   0.89897826   9.05787082 *
*    H      89      0.09294878  -1.28687803   2.25611898 *
*    H      90     -1.42153476   0.86399062   2.00650331 *
*    H      91      0.54602253   0.75403200   2.75651431 *
*    C      92      6.96458818   0.86176238   5.83532365 *
*    H      93      1.77250050   0.78777149   2.19225105 *
*    H      94      2.39534660   0.73728987   0.24459486 *
*    H      95      1.55675489  -1.30976062   1.74373225 *
*    C      96     -4.91134726  -5.35034150   6.32206281 *
*    C      97     -4.47873416  -4.84147262   5.23333742 *
*    C      98     -6.82769954  -5.76275130   0.89632873 *
*    H      99     -2.11466091  -1.90099304   0.89417413 *
*    H     100     -0.84919076  -2.23853660  -0.68154030 *
*    H     101     -2.46712370  -0.26819492  -0.15964525 *
*    C     102     -5.54139284  -1.03606960   7.28516871 *
*    H     103     -1.82568740  -1.12623999   1.97971689 *
*    H     104     -2.28974866   0.69453251   1.08628005 *
*    H     105     -0.22212691   0.26867460   2.61929700 *
*    C     106     -0.73455620  -7.06775109   5.87411604 *
*    H     107     -1.06750017  -2.11331515   1.70880331 *
*    H     108      0.76443317  -0.97228040   2.38107904 *
*    H     109      0.37648954  -2.53514816   0.32265033 *
*                                                        *
**********************************************************
TOTAL:             -0.00000000  -0.00000000  -0.00000000
 
********************* Unconstrained **********************
***************** Local potential forces *****************
*                                                        *
* Element  Atom         Cartesian components (Eh/a)      *
* ------------------------------------------------------ *
*                       x            y            z      *
*                                                        *
*    Fe      1    -15.13171233  18.07973102 -12.93077420 *
*    Fe      2     -2.66036795  -2.27389459  26.63912829 *
*    Fe      3     17.71377722 -15.08442945 -12.96342451 *
*    O       4      0.09573446   0.18831387   0.10759960 *
*    O       5    -10.02772564  11.88138027  -8.87196039 *
*    H       6     -1.90056276   3.32054257   0.30130511 *
*    H       7     -3.45072890   0.59462673  -1.68571927 *
*    O       8     -2.16539076  -1.81052659  17.62545843 *
*    H       9     -0.25952761  -2.57740130   2.77030330 *
*    H      10      1.67418317   0.55574646   3.44988958 *
*    O      11     12.26207106  -9.93667882  -8.46623327 *
*    H      12      2.60802113   0.04949483  -2.79567125 *
*    H      13      0.51241980  -3.04215886  -2.36727695 *
*    O      14    -14.84511571   2.55846656  -2.33774394 *
*    O      15    -10.71300494  -3.58676033  10.42962251 *
*    O      16     -4.22778778  14.53701814   0.35917303 *
*    O      17      0.46179107   8.24791681  12.82552415 *
*    O      18     -2.03449807 -10.59947500  10.38125098 *
*    O      19      3.47977343 -14.57170591  -2.63092572 *
*    O      20      8.48069617   1.52369245  12.55255646 *
*    O      21     14.99268103  -2.78639159  -0.10854731 *
*    O      22     -0.18555061 -10.54042087 -10.61192950 *
*    O      23     -9.51235202   1.09248640 -11.87445221 *
*    O      24     11.33374102   1.42069130  -9.97153006 *
*    O      25      1.78730713  12.91107111  -7.85121413 *
*    C      26     -9.10996027  -1.04663629   2.42415242 *
*    C      27     -8.03731668  -1.52450250   1.91813970 *
*    C      28     -7.19171336   0.57800735   5.78526328 *
*    H      29     -0.86192721  -0.45252230   2.41285421 *
*    H      30     -1.73801368   1.61888066   1.23014977 *
*    H      31     -2.56080603  -0.48160016   1.25295614 *
*    C      32     -6.37215640  -6.19587555   1.35839553 *
*    H      33     -0.79383726  -1.85668930   1.51148707 *
*    H      34     -2.44433774  -1.60340763   0.53542596 *
*    H      35     -1.23861129  -1.83359954  -1.05170778 *
*    C      36     -9.04137521   0.47647978  -1.76058414 *
*    H      37     -2.16394940   1.64259456  -0.22048443 *
*    H      38     -1.80595488  -0.48890512  -1.65729886 *
*    H      39     -2.87106565  -0.47318102  -0.01978347 *
*    C      40     -1.27429832   8.13214758   4.64138117 *
*    C      41     -0.82103168   7.24609933   4.00130676 *
*    C      42      3.78592294   7.80926131   1.98372615 *
*    H      43      1.88505857   1.08856103   1.14074524 *
*    H      44      0.87159744   2.13309496  -0.93957483 *
*    H      45      0.70292155   2.67180773   0.96827038 *
*    C      46     -4.30270348   7.97735533   1.34030938 *
*    H      47     -2.27268368   1.15186728   0.72254012 *
*    H      48     -0.67236757   2.65735425   0.89081292 *
*    H      49     -0.73476097   2.23963711  -1.08653608 *
*    C      50     -1.13906251   4.84610157   7.65824585 *
*    H      51     -1.63983637   0.51974882   2.01710605 *
*    H      52      0.95042193   0.50208153   2.32723272 *
*    H      53     -0.14858326   2.15085736   1.90944308 *
*    C      54      0.15390685  -8.99018039   2.72576984 *
*    C      55      0.04056949  -8.00426248   2.29601780 *
*    C      56     -2.00409629  -6.67704650   5.92865289 *
*    H      57     -0.44374820  -2.57056625   1.26629340 *
*    H      58      0.49509236  -1.00488442   2.43331461 *
*    H      59     -1.84873128  -1.14517896   1.28231019 *
*    C      60      4.73753979  -7.62104831   1.91931255 *
*    H      61      0.73161846  -2.72935916   0.62519951 *
*    H      62      1.70768532  -1.75869245  -0.89882961 *
*    H      63      1.77293247  -1.09978603   1.57951365 *
*    C      64     -2.58981830  -8.42781938  -1.70918632 *
*    H      65     -0.46838806  -2.88263751  -0.00112436 *
*    H      66     -1.97016628  -1.48896825  -0.28682630 *
*    H      67      0.18183052  -1.95703226  -1.62535067 *
*    C      68      8.46362389   0.06622436   4.19345024 *
*    C      69      7.55932420   0.52799447   3.58828056 *
*    C      70      6.30854749   5.36713020   3.46665928 *
*    H      71      2.39059801   1.25787461   1.21454565 *
*    H      72      1.53338737   1.83215548  -0.46859486 *
*    H      73      0.56104177   1.60506759   1.86804506 *
*    C      74      5.86578859  -1.96849118   6.83902102 *
*    H      75      2.31192094   0.02096536   1.74105210 *
*    H      76      0.43568526   0.12246952   2.56495666 *
*    H      77      1.31818072  -1.91401497   1.28372015 *
*    C      78      9.16520381  -1.18660425  -0.14266906 *
*    H      79      2.84956163   0.13959636   0.58405815 *
*    H      80      2.01688207  -1.80772414  -0.10307680 *
*    H      81      2.15387649   0.51742336  -1.22354552 *
*    C      82     -3.79571867  -3.62783208  -7.76822785 *
*    C      83     -3.35233979  -3.22201975  -6.88666295 *
*    C      84     -2.55247790  -7.21044355  -4.83193586 *
*    H      85     -1.50213944  -2.00309089  -0.02402588 *
*    H      86     -1.02245229  -1.81059694  -2.03915579 *
*    H      87      0.82242635  -2.15769040  -1.22199020 *
*    C      88      0.30278734  -0.89925360  -9.04602893 *
*    H      89     -0.09330152   1.26689221  -2.25367433 *
*    H      90      1.40248459  -0.85762175  -2.00788096 *
*    H      91     -0.53832133  -0.74621131  -2.73947147 *
*    C      92     -6.95854060  -0.86920047  -5.83300442 *
*    H      93     -1.76389229  -0.77922320  -2.17612725 *
*    H      94     -2.38369195  -0.73292713  -0.26038697 *
*    H      95     -1.55574443   1.28961055  -1.74112391 *
*    C      96      4.80341840   5.23803077  -6.21621066 *
*    C      97      4.46699550   4.81485767  -5.20013921 *
*    C      98      6.81687989   5.75622233  -0.90013259 *
*    H      99      2.10159925   1.88845923  -0.88515271 *
*    H     100      0.85808115   2.22796627   0.66697935 *
*    H     101      2.45612150   0.28264074   0.15083099 *
*    C     102      5.53500669   1.03778781  -7.28289719 *
*    H     103      1.81366786   1.11390567  -1.96920657 *
*    H     104      2.27792666  -0.67997970  -1.09389909 *
*    H     105      0.23439954  -0.26024797  -2.60621436 *
*    C     106      0.74452594   7.05623955  -5.87575597 *
*    H     107      1.05540170   2.10059575  -1.69889343 *
*    H     108     -0.75080987   0.97872135  -2.36795011 *
*    H     109     -0.36638832   2.52426341  -0.33651002 *
*                                                        *
**********************************************************
TOTAL:             -0.26680580  -0.42118766  -0.23549555
 
********************* Unconstrained **********************
************** Compensation density forces ***************
*                                                        *
* Element  Atom         Cartesian components (Eh/a)      *
* ------------------------------------------------------ *
*                       x            y            z      *
*                                                        *
*    Fe      1      0.03607161  -0.04002080   0.02635456 *
*    Fe      2      0.00246595   0.01136364  -0.05885445 *
*    Fe      3     -0.03967020   0.02931939   0.03449735 *
*    O       4      0.00086369   0.00080235   0.00031177 *
*    O       5      0.13244860  -0.01910726  -0.07587846 *
*    H       6      0.00175956  -0.00813804  -0.00726780 *
*    H       7      0.00956871   0.00499532   0.00271651 *
*    O       8     -0.12075545   0.08462661  -0.04757022 *
*    H       9      0.00028450   0.01180448  -0.00098681 *
*    H      10     -0.00896313  -0.00416536  -0.00484467 *
*    O      11      0.03575045  -0.00289487   0.15062884 *
*    H      12     -0.00431967  -0.00705430   0.00721053 *
*    H      13      0.00530458   0.00809182   0.00519527 *
*    O      14     -0.01315039   0.06960491  -0.11789854 *
*    O      15      0.06122309  -0.04383767   0.11343816 *
*    O      16     -0.04046027   0.03171925  -0.12361041 *
*    O      17      0.04332202  -0.08121501   0.10184455 *
*    O      18     -0.04997906   0.06243984   0.10949307 *
*    O      19      0.05351864  -0.00885149  -0.12440931 *
*    O      20     -0.08169268   0.02832605   0.10457843 *
*    O      21      0.03458120  -0.04504613  -0.12491243 *
*    O      22      0.10000270  -0.08920003   0.03021442 *
*    O      23     -0.07564219   0.11141731   0.01427938 *
*    O      24      0.06959782  -0.11460646  -0.00043962 *
*    O      25     -0.10541466   0.08500333   0.02874551 *
*    C      26     -0.00556461  -0.00198378   0.00089067 *
*    C      27     -0.00123474  -0.00013240   0.00004178 *
*    C      28      0.00005418  -0.00013290   0.00032979 *
*    H      29     -0.00472927   0.00229185  -0.00546687 *
*    H      30      0.00058685  -0.00741718  -0.00043664 *
*    H      31      0.00678629   0.00279151  -0.00152528 *
*    C      32     -0.00003751  -0.00012219   0.00023757 *
*    H      33     -0.00478912   0.00253549  -0.00524517 *
*    H      34      0.00675371   0.00298750  -0.00131673 *
*    H      35     -0.00215837   0.00248961   0.00662469 *
*    C      36      0.00006376  -0.00002693  -0.00005964 *
*    H      37      0.00061094  -0.00740780   0.00004208 *
*    H      38     -0.00207654   0.00205143   0.00686839 *
*    H      39      0.00686248   0.00273501  -0.00119066 *
*    C      40     -0.00028196   0.00533787   0.00274975 *
*    C      41     -0.00031046   0.00096088   0.00084756 *
*    C      42      0.00011606   0.00019467  -0.00001561 *
*    H      43     -0.00576301   0.00404582  -0.00254034 *
*    H      44     -0.00077613  -0.00079365   0.00745431 *
*    H      45     -0.00056249  -0.00684968  -0.00300947 *
*    C      46      0.00008034   0.00007421  -0.00006310 *
*    H      47      0.00671904   0.00292936  -0.00137521 *
*    H      48     -0.00015513  -0.00676182  -0.00335445 *
*    H      49     -0.00061762  -0.00116028   0.00740549 *
*    C      50      0.00009436  -0.00013101   0.00019276 *
*    H      51      0.00646287   0.00335935  -0.00205910 *
*    H      52     -0.00574154   0.00410944  -0.00284497 *
*    H      53     -0.00018944  -0.00675947  -0.00331114 *
*    C      54     -0.00051990  -0.00578536   0.00141353 *
*    C      55     -0.00025848  -0.00110655   0.00047327 *
*    C      56     -0.00007771   0.00003402  -0.00007910 *
*    H      57      0.00063973   0.00731758  -0.00136631 *
*    H      58     -0.00388191  -0.00300456  -0.00568710 *
*    H      59      0.00692481  -0.00290311  -0.00018748 *
*    C      60      0.00014827  -0.00016724  -0.00022001 *
*    H      61      0.00009597   0.00736305  -0.00150385 *
*    H      62     -0.00358002  -0.00085246   0.00662566 *
*    H      63     -0.00415864  -0.00322028  -0.00530366 *
*    C      64      0.00009533  -0.00013894  -0.00024118 *
*    H      65      0.00042106   0.00738384  -0.00124634 *
*    H      66      0.00708656  -0.00244162   0.00037776 *
*    H      67     -0.00314297  -0.00103586   0.00682536 *
*    C      68      0.00535789   0.00116721   0.00237982 *
*    C      69      0.00127564  -0.00004504   0.00016647 *
*    C      70      0.00003954   0.00009693   0.00018179 *
*    H      71     -0.00660278  -0.00203836  -0.00302995 *
*    H      72      0.00058123  -0.00364104   0.00654449 *
*    H      73      0.00551249  -0.00241297  -0.00449493 *
*    C      74      0.00003213   0.00008812   0.00009076 *
*    H      75     -0.00675950  -0.00160450  -0.00303016 *
*    H      76      0.00537322  -0.00222744  -0.00477908 *
*    H      77      0.00026551   0.00743763   0.00049825 *
*    C      78      0.00002992  -0.00009750  -0.00022050 *
*    H      79     -0.00672172  -0.00164859  -0.00287054 *
*    H      80      0.00008486   0.00740895   0.00113458 *
*    H      81      0.00040464  -0.00325451   0.00673201 *
*    C      82     -0.00275566  -0.00268290  -0.00453279 *
*    C      83     -0.00088010  -0.00060994  -0.00065234 *
*    C      84      0.00012523  -0.00010400  -0.00002913 *
*    H      85      0.00383069   0.00236484  -0.00604081 *
*    H      86      0.00314296   0.00318744   0.00615004 *
*    H      87     -0.00708319   0.00258058  -0.00073730 *
*    C      88     -0.00005980  -0.00004070  -0.00017012 *
*    H      89     -0.00005237  -0.00747119   0.00079154 *
*    H      90     -0.00710093   0.00235591  -0.00054063 *
*    H      91      0.00283849   0.00290847   0.00629888 *
*    C      92     -0.00003731   0.00017420  -0.00003066 *
*    H      93      0.00312785   0.00323028   0.00601157 *
*    H      94      0.00431091   0.00165273  -0.00594457 *
*    H      95      0.00029580  -0.00744627   0.00087903 *
*    C      96      0.00348345   0.00350408  -0.00337905 *
*    C      97      0.00037589   0.00079872  -0.00099198 *
*    C      98      0.00017050   0.00010607  -0.00001301 *
*    H      99     -0.00480465  -0.00463034   0.00337926 *
*    H     100      0.00338126  -0.00397857  -0.00544490 *
*    H     101     -0.00406393   0.00545864  -0.00325544 *
*    C     102      0.00008659   0.00001361   0.00005778 *
*    H     103     -0.00441572  -0.00462936   0.00392341 *
*    H     104     -0.00435020   0.00538048  -0.00286345 *
*    H     105      0.00466508   0.00313565   0.00491231 *
*    C     106     -0.00022854   0.00021744   0.00010597 *
*    H     107     -0.00454911  -0.00471919   0.00370493 *
*    H     108      0.00510055   0.00240725   0.00490026 *
*    H     109      0.00373266  -0.00395942  -0.00521422 *
*                                                        *
**********************************************************
TOTAL:              0.04386995   0.07446764   0.04316422
 
********************* Unconstrained **********************
*************** Non-local potential forces ***************
*                                                        *
* Element  Atom         Cartesian components (Eh/a)      *
* ------------------------------------------------------ *
*                       x            y            z      *
*                                                        *
*    Fe      1      0.04165059  -0.05019182   0.03476135 *
*    Fe      2      0.00580708   0.01149453  -0.07258244 *
*    Fe      3     -0.04934354   0.03814664   0.03932994 *
*    O       4      0.00477991   0.00451811   0.00166192 *
*    O       5      0.71324669  -0.10578808  -0.40541168 *
*    H       6     -0.00539022   0.02534345   0.02273183 *
*    H       7     -0.02970921  -0.01559013  -0.00857788 *
*    O       8     -0.64794527   0.45536720  -0.25964098 *
*    H       9     -0.00084305  -0.03523948   0.00307914 *
*    H      10      0.02799923   0.01303392   0.01529554 *
*    O      11      0.18880766  -0.01378956   0.81125517 *
*    H      12      0.01363594   0.02218764  -0.02237782 *
*    H      13     -0.01669687  -0.02528899  -0.01636851 *
*    O      14     -0.05714542   0.39604435  -0.66480454 *
*    O      15      0.35799608  -0.24091791   0.63220745 *
*    O      16     -0.22576573   0.16340940  -0.69942351 *
*    O      17      0.24317926  -0.47059756   0.56278102 *
*    O      18     -0.27896268   0.36651606   0.61015920 *
*    O      19      0.30133907  -0.03365730  -0.70003726 *
*    O      20     -0.47256136   0.15619667   0.58011612 *
*    O      21      0.17776036  -0.25517377  -0.70729596 *
*    O      22      0.56899279  -0.49278488   0.18195750 *
*    O      23     -0.41583441   0.63156634   0.09280753 *
*    O      24      0.38127983  -0.65163103   0.00689768 *
*    O      25     -0.60104197   0.46605325   0.17104500 *
*    C      26     -0.16212210  -0.05806242   0.02402184 *
*    C      27     -0.03949048  -0.00355124   0.00058265 *
*    C      28     -0.00045078  -0.00353419   0.01816449 *
*    H      29      0.01477531  -0.00715058   0.01697640 *
*    H      30     -0.00178831   0.02310300   0.00150382 *
*    H      31     -0.02110754  -0.00867989   0.00471905 *
*    C      32     -0.00108099  -0.01203006   0.00910163 *
*    H      33      0.01493667  -0.00798061   0.01628061 *
*    H      34     -0.02095311  -0.00933618   0.00422885 *
*    H      35      0.00677079  -0.00788877  -0.02060521 *
*    C      36     -0.00210046   0.00053956  -0.00586423 *
*    H      37     -0.00189809   0.02315716  -0.00016455 *
*    H      38      0.00645229  -0.00655607  -0.02139590 *
*    H      39     -0.02133659  -0.00854666   0.00384668 *
*    C      40     -0.00690574   0.15543441   0.08317699 *
*    C      41     -0.01059917   0.03001133   0.02762966 *
*    C      42      0.01099629   0.01083966  -0.00223313 *
*    H      43      0.01788091  -0.01264238   0.00793064 *
*    H      44      0.00247438   0.00252624  -0.02317692 *
*    H      45      0.00180917   0.02122885   0.00952472 *
*    C      46     -0.00140973   0.00731694  -0.00431516 *
*    H      47     -0.02087900  -0.00912587   0.00420586 *
*    H      48      0.00037676   0.02093932   0.01044904 *
*    H      49      0.00198204   0.00368552  -0.02304627 *
*    C      50      0.00332917  -0.00483879   0.01272571 *
*    H      51     -0.01991256  -0.01035635   0.00638272 *
*    H      52      0.01759702  -0.01286614   0.00890522 *
*    H      53      0.00053370   0.02094388   0.01031333 *
*    C      54     -0.01566697  -0.16909576   0.04216665 *
*    C      55     -0.00874520  -0.03472866   0.01584820 *
*    C      56     -0.00553311  -0.00068596   0.00238819 *
*    H      57     -0.00202899  -0.02282350   0.00447633 *
*    H      58      0.01203130   0.00928007   0.01753049 *
*    H      59     -0.02149361   0.00912102   0.00051579 *
*    C      60      0.01210093  -0.00948180  -0.00782362 *
*    H      61     -0.00043917  -0.02286875   0.00483841 *
*    H      62      0.01109938   0.00268216  -0.02060508 *
*    H      63      0.01298028   0.01003972   0.01636333 *
*    C      64      0.00023372  -0.00869767  -0.01403216 *
*    H      65     -0.00127123  -0.02298300   0.00399263 *
*    H      66     -0.02188201   0.00772963  -0.00123377 *
*    H      67      0.00991885   0.00317613  -0.02115793 *
*    C      68      0.15743165   0.03430683   0.06720696 *
*    C      69      0.04126648  -0.00248632   0.00408503 *
*    C      70      0.00210591   0.01126265   0.00800740 *
*    H      71      0.02040354   0.00628541   0.00943107 *
*    H      72     -0.00176590   0.01129326  -0.02026418 *
*    H      73     -0.01708613   0.00759357   0.01406568 *
*    C      74      0.00224523   0.00069598   0.01000500 *
*    H      75      0.02077814   0.00508007   0.00948493 *
*    H      76     -0.01657849   0.00697124   0.01492645 *
*    H      77     -0.00096581  -0.02316313  -0.00162455 *
*    C      78      0.00540094  -0.00482615  -0.01094131 *
*    H      79      0.02080399   0.00516486   0.00907166 *
*    H      80     -0.00039121  -0.02309200  -0.00375855 *
*    H      81     -0.00130121   0.01020338  -0.02098773 *
*    C      82     -0.07859694  -0.07908226  -0.13201185 *
*    C      83     -0.02887336  -0.01932349  -0.01979185 *
*    C      84      0.00459456  -0.01038716  -0.00126117 *
*    H      85     -0.01201197  -0.00739436   0.01849297 *
*    H      86     -0.00962585  -0.00989575  -0.01891349 *
*    H      87      0.02187184  -0.00827272   0.00225981 *
*    C      88      0.00177269   0.00031530  -0.01299691 *
*    H      89      0.00028410   0.02322745  -0.00263770 *
*    H      90      0.02201408  -0.00743391   0.00165777 *
*    H      91     -0.00885397  -0.00900910  -0.01960605 *
*    C      92     -0.00700169   0.00792258  -0.00257970 *
*    H      93     -0.00979657  -0.00998379  -0.01864743 *
*    H      94     -0.01337877  -0.00507717   0.01832497 *
*    H      95     -0.00086653   0.02327051  -0.00296916 *
*    C      96      0.09976939   0.10578194  -0.09810690 *
*    C      97      0.01036562   0.02575458  -0.03215435 *
*    C      98      0.01199805   0.00716162   0.00446407 *
*    H      99      0.01494887   0.01441952  -0.01056619 *
*    H     100     -0.01057693   0.01229451   0.01679611 *
*    H     101      0.01256260  -0.01695529   0.01006475 *
*    C     102      0.00731544  -0.00221274  -0.00288156 *
*    H     103      0.01376678   0.01441675  -0.01214451 *
*    H     104      0.01359074  -0.01670616   0.00899092 *
*    H     105     -0.01439870  -0.00981542  -0.01527193 *
*    C     106     -0.01048120   0.01243829   0.00169280 *
*    H     107      0.01415831   0.01458765  -0.01143093 *
*    H     108     -0.01583597  -0.00749748  -0.01526823 *
*    H     109     -0.01168969   0.01240687   0.01623627 *
*                                                        *
**********************************************************
TOTAL:              0.22379086   0.34671075   0.19115025
 
********************* Unconstrained **********************
************ NGWF non self-consistent forces *************
*                                                        *
* Element  Atom         Cartesian components (Eh/a)      *
* ------------------------------------------------------ *
*                       x            y            z      *
*                                                        *
*    Fe      1      0.00072246  -0.00098536   0.00076670 *
*    Fe      2      0.00031162  -0.00004318  -0.00124675 *
*    Fe      3     -0.00089094   0.00070540   0.00059854 *
*    O       4      0.00009532   0.00005347  -0.00008753 *
*    O       5     -0.00064111   0.00069513  -0.00045520 *
*    H       6     -0.00000163   0.00004178   0.00003584 *
*    H       7     -0.00002015   0.00000815  -0.00000264 *
*    O       8     -0.00005787  -0.00015231   0.00107625 *
*    H       9      0.00001336  -0.00004364   0.00000794 *
*    H      10      0.00001830  -0.00002021   0.00000831 *
*    O      11      0.00062738  -0.00056434  -0.00054425 *
*    H      12      0.00000008   0.00003283  -0.00003634 *
*    H      13      0.00000026  -0.00001152  -0.00001817 *
*    O      14     -0.00133760  -0.00011910   0.00014328 *
*    O      15     -0.00177916  -0.00039005   0.00051131 *
*    O      16     -0.00016040   0.00129583   0.00062654 *
*    O      17      0.00005415   0.00146127   0.00083462 *
*    O      18     -0.00000146  -0.00119268   0.00049350 *
*    O      19     -0.00006776  -0.00167006   0.00027797 *
*    O      20      0.00142315   0.00021806   0.00082514 *
*    O      21      0.00145249   0.00007766   0.00059252 *
*    O      22     -0.00049973  -0.00069044  -0.00102620 *
*    O      23     -0.00058032  -0.00047763  -0.00134912 *
*    O      24      0.00075723   0.00068793  -0.00092192 *
*    O      25      0.00095906   0.00119189  -0.00079298 *
*    C      26      0.00003748  -0.00002762   0.00003478 *
*    C      27     -0.00023875   0.00002936   0.00000460 *
*    C      28     -0.00001460   0.00000008  -0.00004555 *
*    H      29      0.00005430   0.00000781  -0.00001697 *
*    H      30      0.00000472   0.00002271  -0.00001433 *
*    H      31     -0.00001633  -0.00002494  -0.00000379 *
*    C      32     -0.00000348   0.00011405  -0.00003323 *
*    H      33      0.00007717   0.00001305  -0.00002207 *
*    H      34     -0.00003707   0.00000146   0.00000863 *
*    H      35      0.00003300   0.00000893  -0.00000925 *
*    C      36      0.00005199   0.00002494   0.00003190 *
*    H      37      0.00001894   0.00001307  -0.00000337 *
*    H      38      0.00005639   0.00002050  -0.00002245 *
*    H      39     -0.00000664  -0.00001149  -0.00001316 *
*    C      40     -0.00002694  -0.00000685   0.00002501 *
*    C      41     -0.00006068   0.00018551   0.00007887 *
*    C      42     -0.00005596  -0.00009821   0.00001719 *
*    H      43      0.00001153  -0.00004009  -0.00001520 *
*    H      44      0.00000522  -0.00005540  -0.00005147 *
*    H      45     -0.00001937   0.00003156   0.00002325 *
*    C      46      0.00005021  -0.00003670   0.00002567 *
*    H      47     -0.00000009  -0.00002539   0.00000366 *
*    H      48      0.00001637   0.00001355   0.00000968 *
*    H      49      0.00000658  -0.00002874  -0.00000128 *
*    C      50      0.00001913  -0.00004541  -0.00004313 *
*    H      51      0.00000821  -0.00002929  -0.00001260 *
*    H      52      0.00001406  -0.00005435  -0.00003428 *
*    H      53      0.00001080   0.00002461   0.00001552 *
*    C      54      0.00003526   0.00000553  -0.00005155 *
*    C      55     -0.00005033  -0.00021753   0.00007143 *
*    C      56      0.00005871   0.00002765  -0.00001728 *
*    H      57     -0.00000669  -0.00000861  -0.00000229 *
*    H      58     -0.00000383   0.00002380  -0.00000478 *
*    H      59     -0.00000585   0.00003966  -0.00001241 *
*    C      60     -0.00002651   0.00005539  -0.00000376 *
*    H      61     -0.00001222  -0.00004068   0.00000230 *
*    H      62      0.00000187   0.00006265  -0.00002768 *
*    H      63     -0.00000214   0.00002614   0.00001295 *
*    C      64     -0.00000804   0.00008700   0.00004019 *
*    H      65      0.00000111  -0.00002857   0.00002039 *
*    H      66     -0.00002025   0.00002662   0.00000142 *
*    H      67      0.00000585   0.00006081  -0.00003152 *
*    C      68      0.00000112  -0.00001207  -0.00001468 *
*    C      69      0.00021606  -0.00003768   0.00002677 *
*    C      70     -0.00001986  -0.00007809  -0.00006606 *
*    H      71      0.00003529  -0.00000786   0.00001769 *
*    H      72     -0.00002504   0.00000661  -0.00004002 *
*    H      73     -0.00005784  -0.00001053  -0.00004616 *
*    C      74     -0.00000515  -0.00000151  -0.00004110 *
*    H      75      0.00002800   0.00001253  -0.00000419 *
*    H      76     -0.00004171  -0.00000398  -0.00002380 *
*    H      77     -0.00000923  -0.00002571  -0.00001254 *
*    C      78     -0.00006677  -0.00000949  -0.00003046 *
*    H      79      0.00002350   0.00000763  -0.00000595 *
*    H      80     -0.00003107  -0.00000641  -0.00001663 *
*    H      81     -0.00006309   0.00001347  -0.00004225 *
*    C      82     -0.00004082   0.00001381   0.00003699 *
*    C      83     -0.00009391  -0.00004344  -0.00014428 *
*    C      84      0.00004353   0.00006709   0.00005731 *
*    H      85      0.00001275   0.00000939   0.00003685 *
*    H      86     -0.00001699  -0.00000535  -0.00002270 *
*    H      87      0.00003194   0.00003186   0.00004687 *
*    C      88     -0.00003452  -0.00000468   0.00010154 *
*    H      89      0.00000141   0.00002911   0.00003370 *
*    H      90      0.00002298   0.00000538   0.00005296 *
*    H      91     -0.00002750  -0.00002568  -0.00001227 *
*    C      92      0.00006671   0.00002678   0.00006367 *
*    H      93      0.00000114  -0.00001788  -0.00001017 *
*    H      94     -0.00000969   0.00002717   0.00006401 *
*    H      95      0.00002529   0.00002611   0.00006182 *
*    C      96      0.00001856   0.00000911  -0.00000711 *
*    C      97      0.00008391   0.00010958  -0.00015994 *
*    C      98     -0.00007880  -0.00003876  -0.00004618 *
*    H      99      0.00000813   0.00000978  -0.00003258 *
*    H     100     -0.00001923  -0.00001674   0.00002500 *
*    H     101     -0.00003083  -0.00004505   0.00005702 *
*    C     102     -0.00007526   0.00000613   0.00003030 *
*    H     103      0.00000137   0.00001571  -0.00000306 *
*    H     104     -0.00004393  -0.00000914   0.00001858 *
*    H     105     -0.00002535  -0.00001387   0.00001035 *
*    C     106     -0.00004514  -0.00007984   0.00002254 *
*    H     107      0.00000875   0.00001933  -0.00001326 *
*    H     108     -0.00001390  -0.00002586   0.00001649 *
*    H     109     -0.00004356  -0.00005771   0.00004616 *
*                                                        *
**********************************************************
TOTAL:              0.00007109   0.00012471   0.00028263
 
********************* Unconstrained **********************
********************** NLCC forces ***********************
*                                                        *
* Element  Atom         Cartesian components (Eh/a)      *
* ------------------------------------------------------ *
*                       x            y            z      *
*                                                        *
*    Fe      1     -0.00000000   0.00000000  -0.00000000 *
*    Fe      2     -0.00000000  -0.00000000   0.00000000 *
*    Fe      3      0.00000000  -0.00000000  -0.00000000 *
*    O       4     -0.00000005  -0.00000003  -0.00000003 *
*    O       5     -0.00000198  -0.00000022   0.00000150 *
*    H       6      0.00000000   0.00000000   0.00000000 *
*    H       7      0.00000000   0.00000000   0.00000000 *
*    O       8      0.00000215  -0.00000118   0.00000024 *
*    H       9      0.00000000   0.00000000   0.00000000 *
*    H      10      0.00000000   0.00000000   0.00000000 *
*    O      11     -0.00000110   0.00000026  -0.00000221 *
*    H      12      0.00000000   0.00000000   0.00000000 *
*    H      13      0.00000000   0.00000000   0.00000000 *
*    O      14      0.00000313   0.00000265  -0.00000330 *
*    O      15      0.00000460  -0.00000002   0.00000184 *
*    O      16     -0.00000077  -0.00000221  -0.00000431 *
*    O      17      0.00000115  -0.00000515   0.00000067 *
*    O      18     -0.00000088   0.00000487   0.00000176 *
*    O      19      0.00000155   0.00000311  -0.00000354 *
*    O      20     -0.00000478   0.00000014   0.00000099 *
*    O      21     -0.00000264  -0.00000156  -0.00000433 *
*    O      22      0.00000395  -0.00000049   0.00000329 *
*    O      23     -0.00000003   0.00000408   0.00000305 *
*    O      24     -0.00000028  -0.00000439   0.00000192 *
*    O      25     -0.00000450  -0.00000028   0.00000282 *
*    C      26      0.00401645   0.00136067  -0.00030859 *
*    C      27      0.00148153  -0.00013637   0.00017294 *
*    C      28      0.00032145   0.00005739  -0.00214071 *
*    H      29      0.00000000   0.00000000   0.00000000 *
*    H      30      0.00000000   0.00000000   0.00000000 *
*    H      31      0.00000000   0.00000000   0.00000000 *
*    C      32      0.00021358   0.00188873  -0.00055908 *
*    H      33      0.00000000   0.00000000   0.00000000 *
*    H      34      0.00000000   0.00000000   0.00000000 *
*    H      35      0.00000000   0.00000000   0.00000000 *
*    C      36      0.00101133  -0.00028731   0.00094350 *
*    H      37      0.00000000   0.00000000   0.00000000 *
*    H      38      0.00000000   0.00000000   0.00000000 *
*    H      39      0.00000000   0.00000000   0.00000000 *
*    C      40     -0.00002331  -0.00388835  -0.00219889 *
*    C      41      0.00063144  -0.00086472  -0.00116713 *
*    C      42     -0.00157739  -0.00107636   0.00024538 *
*    H      43      0.00000000   0.00000000   0.00000000 *
*    H      44      0.00000000   0.00000000   0.00000000 *
*    H      45      0.00000000   0.00000000   0.00000000 *
*    C      46      0.00082754  -0.00109521   0.00067063 *
*    H      47      0.00000000   0.00000000   0.00000000 *
*    H      48      0.00000000   0.00000000   0.00000000 *
*    H      49      0.00000000   0.00000000   0.00000000 *
*    C      50     -0.00008516   0.00041299  -0.00175210 *
*    H      51      0.00000000   0.00000000   0.00000000 *
*    H      52      0.00000000   0.00000000   0.00000000 *
*    H      53      0.00000000   0.00000000   0.00000000 *
*    C      54      0.00050488   0.00424655  -0.00117005 *
*    C      55      0.00054490   0.00100633  -0.00072513 *
*    C      56      0.00074219   0.00041826  -0.00095808 *
*    H      57      0.00000000   0.00000000   0.00000000 *
*    H      58      0.00000000   0.00000000   0.00000000 *
*    H      59      0.00000000   0.00000000   0.00000000 *
*    C      60     -0.00173244   0.00117168   0.00043685 *
*    H      61      0.00000000   0.00000000   0.00000000 *
*    H      62      0.00000000   0.00000000   0.00000000 *
*    H      63      0.00000000   0.00000000   0.00000000 *
*    C      64      0.00046162   0.00115180   0.00169927 *
*    H      65      0.00000000   0.00000000   0.00000000 *
*    H      66      0.00000000   0.00000000   0.00000000 *
*    H      67      0.00000000   0.00000000   0.00000000 *
*    C      68     -0.00410372  -0.00063091  -0.00150919 *
*    C      69     -0.00165949   0.00035951   0.00023014 *
*    C      70     -0.00032310  -0.00193903  -0.00072307 *
*    H      71      0.00000000   0.00000000   0.00000000 *
*    H      72      0.00000000   0.00000000   0.00000000 *
*    H      73      0.00000000   0.00000000   0.00000000 *
*    C      74     -0.00044598   0.00030077  -0.00158558 *
*    H      75      0.00000000   0.00000000   0.00000000 *
*    H      76      0.00000000   0.00000000   0.00000000 *
*    H      77      0.00000000   0.00000000   0.00000000 *
*    C      78     -0.00129596   0.00047224   0.00120666 *
*    H      79      0.00000000   0.00000000   0.00000000 *
*    H      80      0.00000000   0.00000000   0.00000000 *
*    H      81      0.00000000   0.00000000   0.00000000 *
*    C      82      0.00178302   0.00208785   0.00333462 *
*    C      83      0.00114655   0.00051938   0.00050165 *
*    C      84     -0.00025113   0.00176429   0.00007959 *
*    H      85      0.00000000   0.00000000   0.00000000 *
*    H      86      0.00000000   0.00000000   0.00000000 *
*    H      87      0.00000000   0.00000000   0.00000000 *
*    C      88     -0.00064478  -0.00043093   0.00178531 *
*    H      89      0.00000000   0.00000000   0.00000000 *
*    H      90      0.00000000   0.00000000   0.00000000 *
*    H      91      0.00000000   0.00000000   0.00000000 *
*    C      92      0.00135958  -0.00080631   0.00048863 *
*    H      93      0.00000000   0.00000000   0.00000000 *
*    H      94      0.00000000   0.00000000   0.00000000 *
*    H      95      0.00000000   0.00000000   0.00000000 *
*    C      96     -0.00239631  -0.00304069   0.00239268 *
*    C      97     -0.00013267  -0.00096583   0.00135667 *
*    C      98     -0.00144681  -0.00095529  -0.00098822 *
*    H      99      0.00000000   0.00000000   0.00000000 *
*    H     100      0.00000000   0.00000000   0.00000000 *
*    H     101      0.00000000   0.00000000   0.00000000 *
*    C     102     -0.00117780   0.00062584   0.00086515 *
*    H     103      0.00000000   0.00000000   0.00000000 *
*    H     104      0.00000000   0.00000000   0.00000000 *
*    H     105      0.00000000   0.00000000   0.00000000 *
*    C     106      0.00110256  -0.00165285   0.00033527 *
*    H     107      0.00000000   0.00000000   0.00000000 *
*    H     108      0.00000000   0.00000000   0.00000000 *
*    H     109      0.00000000   0.00000000   0.00000000 *
*                                                        *
**********************************************************
TOTAL:             -0.00114789   0.00007369   0.00095946
 
********************* Unconstrained **********************
****** Correction to ensure the total force is zero ******
*                                                        *
* Element  Atom         Cartesian components (Eh/a)      *
* ------------------------------------------------------ *
*                       x            y            z      *
*                                                        *
*    Fe      1      0.00000203  -0.00000174  -0.00000056 *
*    Fe      2      0.00000203  -0.00000174  -0.00000056 *
*    Fe      3      0.00000203  -0.00000174  -0.00000056 *
*    O       4      0.00000203  -0.00000174  -0.00000056 *
*    O       5      0.00000203  -0.00000174  -0.00000056 *
*    H       6      0.00000203  -0.00000174  -0.00000056 *
*    H       7      0.00000203  -0.00000174  -0.00000056 *
*    O       8      0.00000203  -0.00000174  -0.00000056 *
*    H       9      0.00000203  -0.00000174  -0.00000056 *
*    H      10      0.00000203  -0.00000174  -0.00000056 *
*    O      11      0.00000203  -0.00000174  -0.00000056 *
*    H      12      0.00000203  -0.00000174  -0.00000056 *
*    H      13      0.00000203  -0.00000174  -0.00000056 *
*    O      14      0.00000203  -0.00000174  -0.00000056 *
*    O      15      0.00000203  -0.00000174  -0.00000056 *
*    O      16      0.00000203  -0.00000174  -0.00000056 *
*    O      17      0.00000203  -0.00000174  -0.00000056 *
*    O      18      0.00000203  -0.00000174  -0.00000056 *
*    O      19      0.00000203  -0.00000174  -0.00000056 *
*    O      20      0.00000203  -0.00000174  -0.00000056 *
*    O      21      0.00000203  -0.00000174  -0.00000056 *
*    O      22      0.00000203  -0.00000174  -0.00000056 *
*    O      23      0.00000203  -0.00000174  -0.00000056 *
*    O      24      0.00000203  -0.00000174  -0.00000056 *
*    O      25      0.00000203  -0.00000174  -0.00000056 *
*    C      26      0.00000203  -0.00000174  -0.00000056 *
*    C      27      0.00000203  -0.00000174  -0.00000056 *
*    C      28      0.00000203  -0.00000174  -0.00000056 *
*    H      29      0.00000203  -0.00000174  -0.00000056 *
*    H      30      0.00000203  -0.00000174  -0.00000056 *
*    H      31      0.00000203  -0.00000174  -0.00000056 *
*    C      32      0.00000203  -0.00000174  -0.00000056 *
*    H      33      0.00000203  -0.00000174  -0.00000056 *
*    H      34      0.00000203  -0.00000174  -0.00000056 *
*    H      35      0.00000203  -0.00000174  -0.00000056 *
*    C      36      0.00000203  -0.00000174  -0.00000056 *
*    H      37      0.00000203  -0.00000174  -0.00000056 *
*    H      38      0.00000203  -0.00000174  -0.00000056 *
*    H      39      0.00000203  -0.00000174  -0.00000056 *
*    C      40      0.00000203  -0.00000174  -0.00000056 *
*    C      41      0.00000203  -0.00000174  -0.00000056 *
*    C      42      0.00000203  -0.00000174  -0.00000056 *
*    H      43      0.00000203  -0.00000174  -0.00000056 *
*    H      44      0.00000203  -0.00000174  -0.00000056 *
*    H      45      0.00000203  -0.00000174  -0.00000056 *
*    C      46      0.00000203  -0.00000174  -0.00000056 *
*    H      47      0.00000203  -0.00000174  -0.00000056 *
*    H      48      0.00000203  -0.00000174  -0.00000056 *
*    H      49      0.00000203  -0.00000174  -0.00000056 *
*    C      50      0.00000203  -0.00000174  -0.00000056 *
*    H      51      0.00000203  -0.00000174  -0.00000056 *
*    H      52      0.00000203  -0.00000174  -0.00000056 *
*    H      53      0.00000203  -0.00000174  -0.00000056 *
*    C      54      0.00000203  -0.00000174  -0.00000056 *
*    C      55      0.00000203  -0.00000174  -0.00000056 *
*    C      56      0.00000203  -0.00000174  -0.00000056 *
*    H      57      0.00000203  -0.00000174  -0.00000056 *
*    H      58      0.00000203  -0.00000174  -0.00000056 *
*    H      59      0.00000203  -0.00000174  -0.00000056 *
*    C      60      0.00000203  -0.00000174  -0.00000056 *
*    H      61      0.00000203  -0.00000174  -0.00000056 *
*    H      62      0.00000203  -0.00000174  -0.00000056 *
*    H      63      0.00000203  -0.00000174  -0.00000056 *
*    C      64      0.00000203  -0.00000174  -0.00000056 *
*    H      65      0.00000203  -0.00000174  -0.00000056 *
*    H      66      0.00000203  -0.00000174  -0.00000056 *
*    H      67      0.00000203  -0.00000174  -0.00000056 *
*    C      68      0.00000203  -0.00000174  -0.00000056 *
*    C      69      0.00000203  -0.00000174  -0.00000056 *
*    C      70      0.00000203  -0.00000174  -0.00000056 *
*    H      71      0.00000203  -0.00000174  -0.00000056 *
*    H      72      0.00000203  -0.00000174  -0.00000056 *
*    H      73      0.00000203  -0.00000174  -0.00000056 *
*    C      74      0.00000203  -0.00000174  -0.00000056 *
*    H      75      0.00000203  -0.00000174  -0.00000056 *
*    H      76      0.00000203  -0.00000174  -0.00000056 *
*    H      77      0.00000203  -0.00000174  -0.00000056 *
*    C      78      0.00000203  -0.00000174  -0.00000056 *
*    H      79      0.00000203  -0.00000174  -0.00000056 *
*    H      80      0.00000203  -0.00000174  -0.00000056 *
*    H      81      0.00000203  -0.00000174  -0.00000056 *
*    C      82      0.00000203  -0.00000174  -0.00000056 *
*    C      83      0.00000203  -0.00000174  -0.00000056 *
*    C      84      0.00000203  -0.00000174  -0.00000056 *
*    H      85      0.00000203  -0.00000174  -0.00000056 *
*    H      86      0.00000203  -0.00000174  -0.00000056 *
*    H      87      0.00000203  -0.00000174  -0.00000056 *
*    C      88      0.00000203  -0.00000174  -0.00000056 *
*    H      89      0.00000203  -0.00000174  -0.00000056 *
*    H      90      0.00000203  -0.00000174  -0.00000056 *
*    H      91      0.00000203  -0.00000174  -0.00000056 *
*    C      92      0.00000203  -0.00000174  -0.00000056 *
*    H      93      0.00000203  -0.00000174  -0.00000056 *
*    H      94      0.00000203  -0.00000174  -0.00000056 *
*    H      95      0.00000203  -0.00000174  -0.00000056 *
*    C      96      0.00000203  -0.00000174  -0.00000056 *
*    C      97      0.00000203  -0.00000174  -0.00000056 *
*    C      98      0.00000203  -0.00000174  -0.00000056 *
*    H      99      0.00000203  -0.00000174  -0.00000056 *
*    H     100      0.00000203  -0.00000174  -0.00000056 *
*    H     101      0.00000203  -0.00000174  -0.00000056 *
*    C     102      0.00000203  -0.00000174  -0.00000056 *
*    H     103      0.00000203  -0.00000174  -0.00000056 *
*    H     104      0.00000203  -0.00000174  -0.00000056 *
*    H     105      0.00000203  -0.00000174  -0.00000056 *
*    C     106      0.00000203  -0.00000174  -0.00000056 *
*    H     107      0.00000203  -0.00000174  -0.00000056 *
*    H     108      0.00000203  -0.00000174  -0.00000056 *
*    H     109      0.00000203  -0.00000174  -0.00000056 *
*                                                        *
**********************************************************
TOTAL:              0.00022178  -0.00018912  -0.00006102

********************* Unconstrained **********************
************************* Forces *************************
*                                                        *
* Element  Atom         Cartesian components (Eh/a)      *
* ------------------------------------------------------ *
*                       x            y            z      *
*                                                        *
*    Fe      1      0.00249350  -0.00421003   0.00339201 *
*    Fe      2      0.00116560   0.00050813  -0.00594612 *
*    Fe      3     -0.00412183   0.00365824   0.00237912 *
*    O       4      0.00033112   0.00026243   0.00018313 *
*    O       5     -0.00721233  -0.00013021   0.00648591 *
*    H       6      0.00181022  -0.00694396  -0.00618249 *
*    H       7      0.00834981   0.00391884   0.00200279 *
*    O       8      0.00840887  -0.00584957   0.00071557 *
*    H       9     -0.00020166   0.00963524  -0.00102667 *
*    H      10     -0.00783691  -0.00312761  -0.00440354 *
*    O      11     -0.00414688   0.00149332  -0.00883982 *
*    H      12     -0.00355122  -0.00586630   0.00644404 *
*    H      13      0.00446253   0.00676172   0.00498390 *
*    O      14      0.00043897  -0.00692870   0.01225318 *
*    O      15     -0.00903550   0.00422658  -0.01119274 *
*    O      16      0.00412298  -0.00230453   0.01414924 *
*    O      17     -0.00522766   0.01065416  -0.00987042 *
*    O      18      0.00531052  -0.00767916  -0.01125818 *
*    O      19     -0.00566214  -0.00093669   0.01375300 *
*    O      20      0.00944196  -0.00317490  -0.00973214 *
*    O      21     -0.00139564   0.00468450   0.01430880 *
*    O      22     -0.01087020   0.00891120  -0.00416365 *
*    O      23      0.00713453  -0.01258400  -0.00336926 *
*    O      24     -0.00656211   0.01199669  -0.00083600 *
*    O      25      0.01237267  -0.00754705  -0.00490889 *
*    C      26      0.01098104   0.00323462  -0.00161693 *
*    C      27      0.00159916   0.00032134  -0.00000506 *
*    C      28     -0.00003357  -0.00033285  -0.00061494 *
*    H      29     -0.00251031   0.00126787  -0.00330130 *
*    H      30      0.00036503  -0.00421019  -0.00032994 *
*    H      31      0.00396117   0.00154899  -0.00104136 *
*    C      32      0.00030901   0.00055764   0.00004534 *
*    H      33     -0.00261530   0.00174209  -0.00301693 *
*    H      34      0.00390437   0.00192927  -0.00069154 *
*    H      35     -0.00125929   0.00149725   0.00374926 *
*    C      36      0.00046560  -0.00003668   0.00006757 *
*    H      37      0.00046432  -0.00431751   0.00015106 *
*    H      38     -0.00096732   0.00110871   0.00404811 *
*    H      39      0.00406059   0.00156268  -0.00054856 *
*    C      40      0.00088144  -0.01034790  -0.00446056 *
*    C      41      0.00038473  -0.00107849  -0.00126302 *
*    C      42     -0.00058243  -0.00012944  -0.00005807 *
*    H      43     -0.00347591   0.00217919  -0.00135010 *
*    H      44     -0.00065627  -0.00059971   0.00418951 *
*    H      45     -0.00040766  -0.00404361  -0.00176474 *
*    C      46      0.00048711  -0.00024728   0.00009315 *
*    H      47      0.00386832   0.00158353  -0.00067828 *
*    H      48     -0.00005757  -0.00402417  -0.00187558 *
*    H      49     -0.00016765  -0.00083118   0.00430451 *
*    C      50      0.00017494  -0.00005617  -0.00039627 *
*    H      51      0.00370103   0.00181658  -0.00129295 *
*    H      52     -0.00330969   0.00223544  -0.00193313 *
*    H      53     -0.00019028  -0.00385204  -0.00205389 *
*    C      54      0.00103510   0.01078191  -0.00311814 *
*    C      55      0.00040289   0.00123981  -0.00055209 *
*    C      56     -0.00003921   0.00027630  -0.00026775 *
*    H      57      0.00042483   0.00425666  -0.00099138 *
*    H      58     -0.00205419  -0.00175931  -0.00338748 *
*    H      59      0.00406763  -0.00159267  -0.00034557 *
*    C      60     -0.00046119   0.00023857  -0.00015317 *
*    H      61     -0.00002064   0.00434994  -0.00089227 *
*    H      62     -0.00215970  -0.00040166   0.00375255 *
*    H      63     -0.00243798  -0.00166213  -0.00300107 *
*    C      64      0.00027176   0.00043106   0.00013179 *
*    H      65      0.00030699   0.00432950  -0.00060220 *
*    H      66      0.00413051  -0.00137893   0.00033357 *
*    H      67     -0.00166410  -0.00033579   0.00404310 *
*    C      68     -0.00998758  -0.00188571  -0.00563069 *
*    C      69     -0.00153693  -0.00035890  -0.00030148 *
*    C      70     -0.00005835  -0.00050584  -0.00011814 *
*    H      71     -0.00386534  -0.00127661  -0.00179416 *
*    H      72      0.00040924  -0.00224891   0.00369308 *
*    H      73      0.00299870  -0.00159658  -0.00265361 *
*    C      74     -0.00026379   0.00033611  -0.00032848 *
*    H      75     -0.00397999  -0.00080379  -0.00195722 *
*    H      76      0.00307914  -0.00120919  -0.00291456 *
*    H      77      0.00014370   0.00423975   0.00014710 *
*    C      78     -0.00064713   0.00009261   0.00004771 *
*    H      79     -0.00399970  -0.00085180  -0.00147619 *
*    H      80     -0.00015721   0.00425029   0.00066004 *
*    H      81     -0.00001987  -0.00187090   0.00390610 *
*    C      82      0.00506699   0.00524403   0.00865227 *
*    C      83      0.00104642   0.00085953   0.00120234 *
*    C      84      0.00031715   0.00042145  -0.00001488 *
*    H      85      0.00222975   0.00141698  -0.00337714 *
*    H      86      0.00179224   0.00195792   0.00353173 *
*    H      87     -0.00404699   0.00182337  -0.00041392 *
*    C      88     -0.00035277  -0.00043808   0.00056115 *
*    H      89     -0.00011757  -0.00420219   0.00063164 *
*    H      90     -0.00411201   0.00129451  -0.00020812 *
*    H      91      0.00166026   0.00169264   0.00372284 *
*    C      92      0.00043691  -0.00012258   0.00026061 *
*    H      93      0.00194266   0.00177516   0.00347721 *
*    H      94      0.00257913   0.00096374  -0.00334827 *
*    H      95      0.00046706  -0.00430145   0.00057947 *
*    C      96     -0.00705174  -0.00605803   0.00675121 *
*    C      97     -0.00104387  -0.00091964   0.00124805 *
*    C      98     -0.00017468  -0.00025707  -0.00038776 *
*    H      99     -0.00290727  -0.00273658   0.00180135 *
*    H     100      0.00167753  -0.00227287  -0.00318530 *
*    H     101     -0.00253232   0.00290238  -0.00194848 *
*    C     102     -0.00023515   0.00014931   0.00034263 *
*    H     103     -0.00266508  -0.00253295   0.00228559 *
*    H     104     -0.00262335   0.00321627  -0.00147354 *
*    H     105      0.00251570   0.00173125   0.00273281 *
*    C     106      0.00031945  -0.00059023   0.00051608 *
*    H     107     -0.00247850  -0.00283335   0.00217006 *
*    H     108      0.00287603   0.00132313   0.00277688 *
*    H     109      0.00210266  -0.00249676  -0.00279204 *
*                                                        *
**********************************************************
* TOTAL:            0.00000000  -0.00000000   0.00000000 *
**********************************************************
 
 
***********************************************************
********** Summary of Forces (values in Eh/a) *************
*                                                         *
* ---------------------- Minimum ------------------------ *
* Atom:        56, |F|min =    0.00038674                 *
* Components:     Fx|min       Fy|min       Fz|min        *
*              -0.00003921   0.00027630  -0.00026775      *
*                                                         *
* ---------------------- Maximum ------------------------ *
* Atom:        17, |F|max =    0.01543583                 *
* Components:     Fx|max       Fy|max       Fz|max        *
*              -0.00522766   0.01065416  -0.00987042      *
*                                                         *
* ---------------- Root Mean Square Force --------------- *
*                  |F|rms =    0.00702119                 *
* Components:     Fx|rms       Fy|rms       Fz|rms        *
*               0.00386238   0.00392979   0.00435152      *
***********************************************************
 

------------------------------ TIMING INFORMATION ------------------------------
AVERAGE TIME:   12536.623s on      6 proc(s)                                    
TOTAL TIME:     12536.623s on      6 proc(s)                                    
==================== AVERAGE TIMINGS FROM ALL PROCS (CUMULATIVE) =====================
|| TAG                                         #calls     cpu time   %total  Gflops ||
|| onetep.F90 main loop imbalance             :     1        0.00s   0.000%  ------ ||
|| hash_table_free                            :    27        0.00s   0.000%  ------ ||
|| ewald_calculate_forces_realspace           :     1        0.00s   0.000%  ------ ||
|| sparse_blacstospam3_real_fast_imbal        :    24        0.00s   0.000%  ------ ||
|| sparse_spam3toblacs_real_fast_imbal        :     6        0.00s   0.000%  ------ ||
|| onetep.F90 final imbalance                 :     1        0.00s   0.000%  ------ ||
|| density_fftbox_interp_mult_imbal           : 14112        0.00s   0.000%  ------ ||
|| sw_bessel_init_cpu                         :     1        0.01s   0.000%  ------ || (1 procs only)
|| sparse_spam3toblacs_real_fast_B2           :    36        0.00s   0.000%  ------ ||
|| sparse_set_to_garbage                      :   237        0.00s   0.000%  ------ ||
|| sparse_spam3toblacs_real_fast_B1           :    36        0.01s   0.000%  ------ ||
|| sparse_spam3toblacs_real_fast              :     6        0.02s   0.000%  ------ ||
|| ewald_calculate_energy                     :     1        0.02s   0.000%  ------ ||
|| paw_dij_hartree                            :   159        0.03s   0.000%  ------ ||
|| ewald_calculate_forces_recipspace          :     1        0.04s   0.000%  ------ ||
|| ewald_calculate_forces                     :     1        0.04s   0.000%  ------ ||
|| sparse_init                                :     1        0.05s   0.000%  ------ ||
|| paw_tcore_density                          :     1        0.05s   0.000%  ------ ||
|| linalg_dgemv                               :    80        0.05s   0.000%  ------ ||
|| sw_init                                    :   299        0.07s   0.001%  ------ ||
|| sparse_blacstospam3_real_fast              :    24        0.07s   0.001%  ------ ||
|| restart_kernel_write                       :    15        0.08s   0.001%  ------ ||
|| dense_eigensolve                           :     2        0.15s   0.001%  ------ ||
|| basis_extract_function_from_box            :  2641        0.16s   0.001%  ------ ||
|| sparse_embed_array_hotelling_invert        :    27        0.22s   0.002%  ------ ||
|| augmentation_density_forces                :     1        0.25s   0.002%  ------ ||
|| palser_mano_kernel_optimise_spam3_embed    :     2        0.29s   0.002%  ------ ||
|| ngwfs_initialise_from_radial               :     1        0.43s   0.003%  ------ ||
|| paw_tcore_hartree_on_grid                  :     1        0.65s   0.005%  ------ ||
|| pseudo_make_structure_factor               :     1        0.86s   0.007%  ------ ||
|| kernel_purify                              :   224        1.18s   0.009%  ------ ||
|| paw_sphere_density_on_grid                 :     1        1.29s   0.010%  ------ ||
|| sparse_trace                               :  6172        1.48s   0.012%  ------ ||
|| lnv_gradient_norm                          :    70        1.54s   0.012%  ------ ||
|| paw_dataset_init                           :     4        1.76s   0.014%  ------ ||
|| integrals_grad_spam3                       :     1        2.11s   0.017%  ------ ||
|| nonsc_forces_ngwfs_calc                    :     1        2.11s   0.017%  ------ ||
|| kernel_fix                                 :    70        2.23s   0.018%  ------ ||
|| paw_tcore_hartree_calc_forces              :     1        2.48s   0.020%  ------ ||
|| function_ops_brappd_ketppd_spam3           :    27        4.17s   0.033%  ------ ||
|| restart_ngwfs_tightbox_output              :    13        4.73s   0.038%  ------ ||
|| paw_species_calc_proj_prec_mat             :     1        4.78s   0.038%  ------ ||
|| ngwf_gradient_coeffs                       :    14        4.86s   0.039%  ------ ||
|| paw_nlcc_calculate_forces                  :     1        6.30s   0.050%  ------ ||
|| energy_and_force_init_cell                 :     1        7.52s   0.060%  ------ ||
|| sparse_product                             :  8483       11.21s   0.089%  ------ ||
|| projectors_func_grad_ovlp_box_spam3        :     3       12.36s   0.099%  ------ ||
|| aug_nl_calculate_forces                    :     1       12.78s   0.102%  ------ ||
|| eigenstates_calculate                      :     1       13.74s   0.110%  ------ ||
|| augmentation_screen_dij_spam3              :   151       29.48s   0.235%  ------ ||
|| integrals_kinetic_spam3                    :    27       35.49s   0.283%  ------ ||
|| basis_copy_function_to_box                 : 24290       36.26s   0.289%  ------ ||
|| aug_nonlocal_mat_spam3_embed_array         :   144       39.68s   0.316%  ------ ||
|| paw_dij_xc                                 :   159       42.22s   0.337%  ------ ||
|| fourier_apply_box_pair                     :  3313       45.18s   0.360%  83.663 ||
|| cell_grid_extract_box_real                 : 14962       66.29s   0.529%  ------ ||
|| fourier_filter_cell                        :   184       67.72s   0.540%  23.734 ||
|| aug_density_on_grid_spam3                  :   147       71.53s   0.571%  ------ ||
|| basis_dot_function_with_box                : 2.719M      77.28s   0.616%  ------ ||
|| forces_calculate                           :     1       80.96s   0.646%  ------ ||
|| projectors_init_fftbox_recip               :   199       89.54s   0.714%  ------ ||
|| hartree_on_grid_single                     :   146       96.51s   0.770%  ------ ||
|| projectors_func_ovlp_box_spam3             :    27       97.02s   0.774%  ------ ||
|| integrals_locpot_mat_els_batch             :   468      100.51s   0.802%  ------ ||
|| density_init_guess_real                    :     2      100.61s   0.803%  ------ ||
|| fourier_interpolate_cell                   :   294      114.03s   0.910%  22.522 ||
|| density_batch_row_sums                     :   882      131.03s   1.045%  ------ ||
|| cell_grid_deposit_box_real                 : 21284      134.22s   1.071%  ------ ||
|| basis_add_function_to_box                  : 5.317M     176.56s   1.408%  ------ ||
|| hamiltonian_energy_components              :     3      242.92s   1.938%  ------ ||
|| density_fftbox_deposit_to_cell             : 14112      281.31s   2.244%  ------ ||
|| properties_calculate                       :     1      289.37s   2.308%  ------ ||
|| fourier_apply_cell_forward                 :  1315      361.70s   2.885%  28.578 ||
|| fourier_filter                             :  5064      414.58s   3.307%  ------ ||
|| fourier_apply_cell_backward                :  1315      443.72s   3.539%  23.295 ||
|| xc_energy_potential                        :   146      880.24s   7.021%  ------ ||
|| fourier_interpolate                        :  5064     1022.28s   8.154%  ------ ||
|| projectors_gradient_batch                  :    84     1247.21s   9.949%  ------ ||
|| potential_apply_to_ngwf_batch              :   468     1670.84s  13.328%  ------ ||
|| integrals_locpot_dbl_grid                  :   156     1771.56s  14.131%  ------ ||
|| fourier_interpolate_product                : 13867     2328.12s  18.571%  ------ ||
|| fourier_apply_box                          : 85856     2455.70s  19.588% 118.594 ||
|| density_fftbox_interpolate_multiply        : 14112     2513.75s  20.051%  ------ ||
|| projectors_grad_precond_batch              :    84     2990.42s  23.854%  ------ ||
|| density_batch_interp_deposit               :   882     3127.20s  24.944%  ------ ||
|| density_on_dbl_grid                        :   294     3436.19s  27.409%  ------ ||
|| hamiltonian_lhxc_calculate                 :   141     4615.86s  36.819%  ------ ||
|| ngwf_gradient_build_batch                  :    84     4695.46s  37.454%  ------ ||
|| ngwf_gradient_batch                        :    84     5081.13s  40.530%  ------ ||
|| ngwf_gradient_lnv                          :    14     5275.42s  42.080%  ------ ||
|| lnv_denskernel_optimise_cg                 :    14     5825.55s  46.468%  ------ ||
|| ngwf_cg_optimise                           :     1    12008.16s  95.785%  ------ ||
|| energy_and_forces                          :     1    12528.58s  99.936%  ------ ||
|| total_time                                 :     1    12536.62s 100.000%  ------ ||
======================================================================================
Overhead of generating timer report: 
- 0 ms averaging over threads,
- 0 ms ensuring consistency across MPI ranks,
- 0 ms printing in order.

Job completed: 24-10-2025 14:29 (+0100)

onetep_launcher: ONETEP seems to have finished correctly (zero exit code).
                 Brought to you by PID 172187 on nid002075.
