==================================================================================
It's Fri 24 Oct 2025 11:00:03 AM BST.
*** Starting onetep_launcher (node nid002078, PIDs 69376 69377 69378 69379 69380 69381)...
    - ONETEP arguments: Fe3_O_piv_6_H2O_3_LowSpin_NGWFSP.dat
    - Current directory: /mnt/lustre/a2fs-work3/work/e89/e89/phsmea/onetep_ali_PBE/Fe3_O_Piv_6_H2O_3/LS/sp
    - Launcher executable directory: /mnt/lustre/a2fs-work3/work/e89/e89/phsmea/onetep_ali
    - (-e) ONETEP executable specified through command-line: /work/e89/e89/phsmea/onetep.archer2_2024_cray_2
      ... trying /work/e89/e89/phsmea/onetep.archer2_2024_cray_2
          -> looks OK
*** Setting up environment...
    - (-s) Process stack size: unlimited
    - (-t) OMP_NUM_THREADS: 8
    - (-o) OMP_STACKSIZE: 64M
    - (-c) Maximum core file size: 2048000
    - (-d) decfort_dump_flag: n
    - (-m) I_MPI_OFA_TRANSLATION_CACHE: 0
    - (-m) I_MPI_DAPL_TRANSLATION_CACHE: 0
    - (-m) I_MPI_DAPL_UD_TRANSLATION_CACHE: 0
*** Starting ONETEP...
    - /work/e89/e89/phsmea/onetep.archer2_2024_cray_2 Fe3_O_piv_6_H2O_3_LowSpin_NGWFSP.dat
=================================================================================
_________________________________________________________________________________
 +---------------------------------------------------------------+
 |                                                               |
 |        ####### #     # ####### ####### ####### ######         |
 |        #     # ##    # #          #    #       #     #        |
 |        #     # # #   # #          #    #       #     #        |
 |        #     # #  #  # #####      #    #####   ######         |
 |        #     # #   # # #          #    #       #              |
 |        #     # #    ## #          #    #       #              |
 |        ####### #     # #######    #    ####### #              |
 |                                                               |
 |        Linear-Scaling Ab Initio Total Energy Program          |
 |                                                               |
 |          Release for academic collaborators of ODG            |
 |                                             Version 7.3.0     |
 | Remote: git@github.com:Miesaz/onetep_mea.git                  |
 | Local branch: master                                          |
 | Commit ID: 4af45e89288c8df5499704252eec3e032ee3d0c8           |
 | Date: Tue Aug 6 11:28:44 2024 +0100                           |
 | Locally modified files:                                       |
 |   src/hubbard_build_mod.F90                                   |
 |   src/services_mod.F90                                        |
 |                                                               |
 +---------------------------------------------------------------+
 |                                                               |
 |  Authors:                                                     |
 |  Jacek Dziedzic, Peter D. Haynes, Nicholas D. M. Hine,        |
 |  Arash A. Mostofi, Mike C. Payne and Chris-Kriton Skylaris    |
 |                                                               |
 |  Contributors:                                                |
 |  J. Aarons, L. Andrinopoulos, P. W. Avraam, R. A. Bell,       |
 |  A. Bhandari, G. A. Bramley, R. J. Charlton, S. J. Clark,     |
 |  R. J. Clements, G. C. Constantinescu, F. Corsetti,           |
 |  N. Corsini, O. Dieguez, S. M. M. Dubois, K. K. B. Duff,      |
 |  J. M. Escartin, M. Escobar Azor, A. Greco,                   |
 |  H. Helal, Q. O. Hill, L. P. Lee, J.-H. Li,                   |
 |  T. Li, E. B. Linscott, G. Moynihan, D. D. O`Regan,           |
 |  O. K. Okan, E. Parkinson, M. J. S. Phipps,                   |
 |  C. J. Pickard, J. C. A. Prentice, M. I. J. Probert,          |
 |  L. E. Ratcliff, M. Robinson, A. Ruiz Serrano,                |
 |  M. dos Santos Dias, J. S. Spencer, E. W. Tait,               |
 |  G. Teobaldi, D. Turban, V. Vitale, K. A. Wilkinson,          |
 |  C. Weber, J. C. Womack, Chengcheng Xiao, N. Yeung,           |
 |  and T. J. Zuehlsdorff.                                       |
 |                                                               |
 |                                   Copyright (c) 2004-2025     |
 |                                                               |
 |  Please cite:                                                 |
 |  "The ONETEP linear-scaling density functional theory program"|
 |   J. Chem. Phys. 152(17) 174111 (2020)                        |
 |                                                               |
 |          in all publications arising from your use of ONETEP. |
 |                                                               |
 +---------------------------------------------------------------+
 |                                                               |
 |   ONETEP is based on developments described in the following  |
 |   publications:                                               |
 |                                                               |
 |  "Nonorthogonal generalized Wannier function pseudopotential  |
 |   plane-wave method".                                         |
 |   C.-K. Skylaris, A. A. Mostofi, P. D. Haynes, O. Dieguez,    |
 |   M. C. Payne.                                                |
 |   Phys. Rev. B 66 035119 (2002).                              |
 |                                                               |
 |  "Preconditioned iterative minimization for linear-scaling    |
 |   electronic structure calculations".                         |
 |   A. A. Mostofi, P. D. Haynes, C.-K. Skylaris, M. C. Payne.   |
 |   J. Chem. Phys. 119(17), pp.8842-8848 (2003).                |
 |                                                               |
 |  "Total-energy calculations on a real space grid with         |
 |   localized functions and a plane-wave basis".                |
 |   A. A. Mostofi, C.-K. Skylaris, P. D. Haynes, M. C. Payne.   |
 |   Comput. Phys. Commun. 147, pp.788-802 (2002).               |
 |                                                               |
 |  "Accurate kinetic energy evaluation in electronic structure  |
 |   calculations with localized functions on real space grids"  |
 |   C.-K. Skylaris, A. A. Mostofi, P. D. Haynes, C. J. Pickard, |
 |   M. C. Payne.                                                |
 |   Comput. Phys. Commun. 140, pp.315-322 (2001).               |
 |                                                               |
 |  "Accurate ionic forces and geometry optimization in linear-  |
 |   scaling density-functional theory with local orbitals"      |
 |   N. D. M. Hine, M. Robinson, P. D. Haynes, C.-K. Skylaris,   |
 |   M. C. Payne, and A. A. Mostofi.                             |
 |   Phys. Rev. B 83 195102 (2011).                              |
 |                                                               |
 +---------------------------------------------------------------+

Job started: 24-10-2025 11:00 (+0100)
 
Reading parameters from file "Fe3_O_piv_6_H2O_3_LowSpin_NGWFSP.dat" ...... done

If your calculation crashes here, before "Checking processes and threads..."
is displayed, then your stack size is insufficient.
If so, use "ulimit -s unlimited" at runtime.
You can disable this check with "check_stack_size F".

Checking processes and threads...
   Determining the default number of threads...
      No default threads set at compilation time: defaulting to 1.
      OpenMP library call suggests 8 threads.
      Hybrid MPI-OpenMP compilation detected.
      Number of MPI processes > 1.
      OMP_NUM_THREADS environment variable present and
      its value matches the one obtained from the OpenMP library call.
      Using this value as default.
      Default threads: 8
      Default applies to threads_max and threads_num_fftboxes.
      Settings in the input file override this default.
   ... done

   Running with 6 MPI processes.
   There are 6 MPI processes running on the same node as the root process.
   Each MPI process is using: 
               1 threads for simulation cell FFTs.
               1 threads for threaded FFT box operations.
               8 threads for loops over batched FFT box operations.
               8 threads in other parallel regions.
   MPI Interface: S1 (use mpi_f08) (-DMPI -DUSE_MPI_F08).
   MPI_ASYNC_PROTECTS_NONBLOCKING: Yes. MPI_SUBARRAYS_SUPPORTED: Yes.
   FFTW Interface: OMP-capable and MODERN. (-DUSE_MODERN_FFTW specified).
   GPU Interface: None.
   GPU FFT Backend: None.
... done

Basic input checks...... done

Reading geometry and species blocks from file "Fe3_O_piv_6_H2O_3_LowSpin_NGWFSP.dat" ...   
  Number of PPD points along a3 set to 1.  This is 
  the default value, it may have been provided also in the input file.
... done


--------------------------------------------------------------------------------
---------------------------------- INPUT FILE ----------------------------------
--------------------------------------------------------------------------------

charge : 1                                                                      
cutoff_energy : 800 eV                                                          
do_properties : T                                                               
edft : F                                                                        
fine_grid_scale : 4                                                             
forces_output_detail : VERBOSE                                                  
output_detail : VERBOSE                                                         
paw : T                                                                         
pseudo_path : ../../..                                                          
spin : 3                                                                        
task : SINGLEPOINT                                                              
write_denskern : T                                                              
write_forces : T                                                                
write_tightbox_ngwfs : T                                                        
xc_functional : pbe                                                             
ngwfs_spin_polarised: T                                                         
%BLOCK LATTICE_CART                                                             
ang                                                                             
32.50833397       0.00000000       0.00000000                                   
0.00000000      31.98669797       0.00000000                                    
0.00000000       0.00000000      30.19651969                                    
%ENDBLOCK LATTICE_CART                                                          
%BLOCK POSITIONS_ABS                                                            
ang                                                                             
Fe    17.232977    14.674734    15.129679                                       
Fe    16.288038    16.052617    12.445793                                       
Fe    14.867580    16.761214    15.192830                                       
O    16.117098    15.813839    14.246859                                        
O    18.480700    13.450910    16.169303                                        
H    19.218538    13.184343    15.609244                                        
H    18.838228    13.997290    16.881215                                        
O    16.525653    16.363871    10.449989                                        
H    17.412060    16.056077    10.224395                                        
H    16.535972    17.325296    10.353496                                        
O    13.484174    17.843520    16.211723                                        
H    13.687095    17.808913    17.153446                                        
H    13.618064    18.754630    15.920891                                        
O    18.850973    15.464757    14.470664                                        
O    18.223531    16.061945    12.413949                                        
O    17.350850    13.332002    13.776299                                        
O    16.281304    14.196364    12.025062                                        
O    16.319589    17.976360    12.475096                                        
O    15.001883    18.422796    14.214284                                        
O    14.423282    16.091998    12.083003                                        
O    13.440899    16.185049    14.082825                                        
O    16.092854    17.479959    16.487576                                        
O    17.448219    15.729817    16.735971                                        
O    14.416736    15.370366    16.417881                                        
O    15.797496    13.700069    15.908365                                        
C    19.082663    15.911531    13.318631                                        
C    20.509271    16.358586    13.004001                                        
C    20.879134    15.954587    11.578044                                        
H    20.216405    16.417192    10.846529                                        
H    20.839039    14.870694    11.445680                                        
H    21.898967    16.279499    11.362410                                        
C    20.515122    17.888165    13.127167                                        
H    19.797657    18.341041    12.440388                                        
H    21.509840    18.268571    12.884948                                        
H    20.271975    18.204584    14.144427                                        
C    21.502935    15.756999    13.990930                                        
H    21.514294    14.666075    13.930897                                        
H    21.271773    16.042245    15.017397                                        
H    22.508334    16.112385    13.756074                                        
C    16.815270    13.243145    12.642295                                        
C    16.775373    11.869245    11.979248                                        
C    15.412805    11.266493    12.349002                                        
H    14.593295    11.878970    11.968457                                        
H    15.306321    11.169565    13.431808                                        
H    15.327310    10.270307    11.909187                                        
C    17.893008    10.979850    12.513100                                        
H    18.877190    11.399905    12.291734                                        
H    17.833905    10.000000    12.034706                                        
H    17.813557    10.839239    13.591030                                        
C    16.889266    12.011868    10.463958                                        
H    17.846027    12.457130    10.178932                                        
H    16.089446    12.631107    10.058614                                        
H    16.831271    11.024997    10.000000                                        
C    15.682489    18.766568    13.216162                                        
C    15.760153    20.261135    12.910908                                        
C    16.445206    20.515707    11.573964                                        
H    16.509689    21.591603    11.399419                                        
H    15.881542    20.079848    10.745741                                        
H    17.457094    20.108826    11.557283                                        
C    14.344110    20.839563    12.888028                                        
H    14.392337    21.907685    12.666670                                        
H    13.844420    20.715507    13.849087                                        
H    13.730744    20.364993    12.118305                                        
C    16.570642    20.908157    14.040531                                        
H    16.624287    21.986698    13.877831                                        
H    17.592218    20.521225    14.068755                                        
H    16.108156    20.728849    15.012105                                        
C    13.423411    16.007857    12.841517                                        
C    12.093661    15.643973    12.185254                                        
C    12.192272    14.165342    11.790211                                        
H    11.271217    13.863126    11.286928                                        
H    12.317941    13.528368    12.669501                                        
H    13.029898    13.996262    11.111568                                        
C    11.904360    16.499162    10.931799                                        
H    10.966775    16.223020    10.444687                                        
H    12.719012    16.351190    10.222989                                        
H    11.849309    17.561888    11.181494                                        
C    10.932470    15.852107    13.148747                                        
H    10.000000    15.565583    12.657656                                        
H    10.847916    16.896944    13.453404                                        
H    11.046099    15.249205    14.050063                                        
C    17.023882    16.862027    17.068156                                        
C    17.669979    17.558554    18.263948                                        
C    18.200852    18.916178    17.795102                                        
H    18.969830    18.800648    17.027103                                        
H    18.648880    19.441924    18.640982                                        
H    17.399330    19.534296    17.390033                                        
C    16.587312    17.768280    19.327105                                        
H    16.165191    16.817581    19.662316                                        
H    15.779668    18.395735    18.946926                                        
H    17.020066    18.267624    20.196520                                        
C    18.807481    16.724490    18.838478                                        
H    19.252918    17.250664    19.685290                                        
H    19.592551    16.557166    18.098410                                        
H    18.454847    15.755160    19.196032                                        
C    14.768275    14.160945    16.453923                                        
C    13.882015    13.206061    17.247662                                        
C    12.445942    13.338510    16.736455                                        
H    11.793012    12.681013    17.314511                                        
H    12.370971    13.045333    15.686237                                        
H    12.083721    14.362077    16.833474                                        
C    13.950884    13.637408    18.716935                                        
H    13.319619    12.978306    19.316748                                        
H    13.595739    14.660865    18.845823                                        
H    14.970160    13.567885    19.105344                                        
C    14.364436    11.768340    17.104442                                        
H    13.718749    11.111014    17.690739                                        
H    15.388712    11.649232    17.459574                                        
H    14.330248    11.438440    16.064717                                        
%ENDBLOCK POSITIONS_ABS                                                         
%BLOCK SPECIES                                                                  
C C 6 -1 10.0                                                                   
Fe Fe 26 -1 10.0                                                                
H H 1 -1 10.0                                                                   
O O 8 -1 10.0                                                                   
%ENDBLOCK SPECIES                                                               
%BLOCK SPECIES_ATOMIC_SET                                                       
C  "SOLVE"                                                                      
Fe "SOLVE INIT SPIN=1"                                                          
H  "SOLVE"                                                                      
O  "SOLVE"                                                                      
%ENDBLOCK SPECIES_ATOMIC_SET                                                    
%BLOCK SPECIES_POT                                                              
C C.PBE-paw.abinit                                                              
Fe Fe.PBE-paw.abinit                                                            
H H.PBE-paw.abinit                                                              
O O.PBE-paw.abinit                                                              
%ENDBLOCK SPECIES_POT                                                           

--------------------------------------------------------------------------------
-------------------------------- END INPUT FILE --------------------------------
--------------------------------------------------------------------------------


 
 ESDF WARNING(1): "charge" (esdf_physical) has no units. Assume "e".
<<<<<<<<<<<<<<<<<<<<<<<<<<<<<<<<< Full system >>>>>>>>>>>>>>>>>>>>>>>>>>>>>>>>>>
<<<<<<<<<<<<<<<<<<<<<<<<<<< PAW Dataset information >>>>>>>>>>>>>>>>>>>>>>>>>>>
File: Fe.PBE-paw.abinit; rc = 2.12 bohr; shape type =  2; rshape = 1.81 bohr;
  Atomic number: 26;  ionic charge: 16.000000
    Partial Wave 1: l = 0
    Partial Wave 2: l = 0
    Partial Wave 3: l = 1
    Partial Wave 4: l = 1
    Partial Wave 5: l = 2
    Partial Wave 6: l = 2
  Core charge supplied for Nonlinear Core Corrections
File: O.PBE-paw.abinit; rc = 1.41 bohr; shape type =  2; rshape = 1.20 bohr;
  Atomic number:  8;  ionic charge:  6.000000
    Partial Wave 1: l = 0
    Partial Wave 2: l = 0
    Partial Wave 3: l = 1
    Partial Wave 4: l = 1
  Core charge supplied for Nonlinear Core Corrections
File: H.PBE-paw.abinit; rc = 0.90 bohr; shape type =  2; rshape = 0.80 bohr;
  Atomic number:  1;  ionic charge:  1.000000
    Partial Wave 1: l = 0
    Partial Wave 2: l = 0
    Partial Wave 3: l = 1
File: C.PBE-paw.abinit; rc = 1.51 bohr; shape type =  2; rshape = 1.30 bohr;
  Atomic number:  6;  ionic charge:  4.000000
    Partial Wave 1: l = 0
    Partial Wave 2: l = 0
    Partial Wave 3: l = 1
    Partial Wave 4: l = 1
  Core charge supplied for Nonlinear Core Corrections
<<<<<<<<<<<<<<<<<<<<<<<<<<<<<<<<<<<<<<< >>>>>>>>>>>>>>>>>>>>>>>>>>>>>>>>>>>>>>>

-------------------------- Atom counting information ---------------------------
Symbol    Natoms    Nngwfs    Nprojs
  Fe         3        39        54
  O         16        64       128
  H         60        60       300
  C         30       120       240
.......   ......    ......    ......
Totals:    109       283       722
--------------------------------------------------------------------------------

=============================== PSINC grid sizes ===============================
                      Simulation cell:  125 x 125 x 117
                              FFT-box:  125 x 125 x 117
                                  PPD:    5 x   5 x   1
Grid space d1=  0.491454786359a0 (KE cutoff=  31.45117Eh = 855.83000eV)
Grid space d2=  0.483568792904a0 (KE cutoff=  32.48534Eh = 883.97119eV)
Grid space d3=  0.487719251553a0 (KE cutoff=  31.93480Eh = 868.99013eV)
================================================================================

********************* Fourier parallelisation information **********************
       Coarse grid (whole simulation cell) dimensions:    125   125   117
          Real-space ('12') slabs/proc (min max mean):     19    20    19
         Recip-space ('23') slabs/proc (min max mean):     10    11    10
********************************************************************************

********************* Fourier parallelisation information **********************
       Double grid (whole simulation cell) dimensions:    250   250   234
          Real-space ('12') slabs/proc (min max mean):     39    39    39
         Recip-space ('23') slabs/proc (min max mean):     21    21    21
********************************************************************************

********************* Fourier parallelisation information **********************
         Fine grid (whole simulation cell) dimensions:    500   500   468
          Real-space ('12') slabs/proc (min max mean):     78    78    78
         Recip-space ('23') slabs/proc (min max mean):     41    42    41
********************************************************************************

Atom SCF Calculation for C  : Z (AE atom) =   6 : Z (PS atom) =   4
Config String: 2s2.0 2p2.0
Orbitals (num,occ):  2     2.00 2.00
Orbitals   (num,l):  2        0    1
Real-space Grid (nr,dr,rmax): 1503    0.0066577896   10.0000000000
Spherical Bessel Basis (nsws,lmax,cutoff):   37    2  176.3967570603
Confining potential (l,width,scale):  0    3.0000000000  100.0000000000
Confining potential (l,width,scale):  1    3.0000000000  100.0000000000
  1         -5.4381308884   -1.2721298092    4.5135250045   -1.9381135692
  2         -5.3849331102   -1.3649505469    4.4159511708   -1.9005879768
  3         -5.3930021612   -1.3849430624    4.3947033354   -1.8924421815
  4         -5.4001802281   -1.3891927246    4.3902388137   -1.8907518289
  5         -5.4037205329   -1.3915457087    4.3877695258   -1.8898885469
  6         -5.4055416859   -1.3928069742    4.3864477540   -1.8894519912
  7         -5.4065002767   -1.3934742451    4.3857498837   -1.8892319620
  8         -5.4070074727   -1.3938267709    4.3853820092   -1.8891207968
  9         -5.4072763209   -1.3940130896    4.3851880206   -1.8890645345
 10         -5.4074189962   -1.3941116277    4.3850856600   -1.8890360408
 11         -5.4074947717   -1.3941637823    4.3850316039   -1.8890216105
 12         -5.4075350443   -1.3941914082    4.3850030336   -1.8890143059
 13         -5.4075564617   -1.3942060527    4.3849879208   -1.8890106114
 14         -5.4075678586   -1.3942138217    4.3849799198   -1.8890087446
 15         -5.4075739267   -1.3942179465    4.3849756804   -1.8890078024
 16         -5.4075771595   -1.3942201380    4.3849734321   -1.8890073276
 17         -5.4075788827   -1.3942213034    4.3849722389   -1.8890070886
 18         -5.4075798017   -1.3942219235    4.3849716050   -1.8890069685
 19         -5.4075802921   -1.3942222537    4.3849712680   -1.8890069082
 20         -5.4075805539   -1.3942224296    4.3849710888   -1.8890068781
 21         -5.4075806938   -1.3942225235    4.3849709933   -1.8890068630
 22         -5.4075807686   -1.3942225735    4.3849709424   -1.8890068555
Atom SCF converged after  22 iterations to a total energy of     -5.40758077

Atom SCF Calculation for Fe : Z (AE atom) =  26 : Z (PS atom) =  16
Config String: 3s2.0 3p6.0 3d6.0 4s2.0 4p0.0 INIT SPIN=1
Orbitals (num,occ):  5     2.00 6.00 6.00 2.00 0.00
Orbitals   (num,l):  5        0    1    2    0    1
Real-space Grid (nr,dr,rmax): 1503    0.0066577896   10.0000000000
Spherical Bessel Basis (nsws,lmax,cutoff):   37    4  176.3967570603
Confining potential (l,width,scale):  0    3.0000000000  100.0000000000
Confining potential (l,width,scale):  1    3.0000000000  100.0000000000
Confining potential (l,width,scale):  2    3.0000000000  100.0000000000
  1       -111.4005172118  -52.5575611559   72.2164000725   -4.0901868950
  2       -116.6635475262  -20.5601904919   91.7007084249   -2.2962490369
  3       -121.6156136875  -23.2753453277   92.4544705195   -2.7706732816
  4       -123.0066153699  -21.4164712440   94.7136519632   -2.9394413820
  5       -123.8168122141  -22.6370400734   94.1384349420   -3.0798102909
  6       -123.9055073486  -21.7222843370   94.9342614757   -3.0846520419
  7       -124.0956886241  -22.4138747628   94.4617720360   -3.1224050559
  8       -124.0492758687  -21.8887017510   94.8692044073   -3.1096545890
  9       -124.1222324005  -22.2877514631   94.5777385101   -3.1254730624
 10       -124.0894611846  -22.0431086758   94.7620026738   -3.1177312036
 11       -124.1066906466  -22.1417456915   94.6895757605   -3.1215019185
 12       -124.1027421480  -22.1090398813   94.7144439268   -3.1205307857
 13       -124.1039552528  -22.1131641559   94.7116547863   -3.1207645739
 14       -124.1041718268  -22.1127261003   94.7121170471   -3.1207931979
 15       -124.1043563153  -22.1126782042   94.7122440208   -3.1208211382
 16       -124.1044853288  -22.1126702816   94.7123114748   -3.1208409484
 17       -124.1045734258  -22.1126674103   94.7123551926   -3.1208545095
 18       -124.1046334193  -22.1126657134   94.7123845864   -3.1208637603
 19       -124.1046742816  -22.1126645462   94.7124045128   -3.1208700757
 20       -124.1047021281  -22.1126636961   94.7124180731   -3.1208743926
 21       -124.1047211147  -22.1126630559   94.7124273290   -3.1208773473
 22       -124.1047340666  -22.1126625637   94.7124336643   -3.1208793718
 23       -124.1047429056  -22.1126621807   94.7124380116   -3.1208807606
 24       -124.1047489402  -22.1126618812   94.7124410017   -3.1208817142
 25       -124.1047530616  -22.1126616468   94.7124430628   -3.1208823696
 26       -124.1047558771  -22.1126614637   94.7124444863   -3.1208828204
 27       -124.1047578011  -22.1126613212   94.7124454714   -3.1208831306
 28       -124.1047591161  -22.1126612109   94.7124461541   -3.1208833444
 29       -124.1047600152  -22.1126611259   94.7124466281   -3.1208834917
 30       -124.1047606300  -22.1126610607   94.7124469575   -3.1208835933
 31       -124.1047610504  -22.1126610110   94.7124471869   -3.1208836634
 32       -124.1047613380  -22.1126609733   94.7124473467   -3.1208837118
 33       -124.1047615347  -22.1126609447   94.7124474583   -3.1208837453
 34       -124.1047616693  -22.1126609232   94.7124475361   -3.1208837684
 35       -124.1047617614  -22.1126609071   94.7124475906   -3.1208837843
Atom SCF converged after  35 iterations to a total energy of   -124.10476176
Adjusting orbital occupancies:
Orbitals (num,spin,occ):  5  1     1.00 3.00 3.50 1.00 0.00
Orbitals   (num,spin,l):  5  1        0    1    2    0    1
Orbitals (num,spin,occ):  5  2     1.00 3.00 3.00 0.50 0.00
Orbitals   (num,spin,l):  5  2        0    1    2    0    1

Atom SCF Calculation for H  : Z (AE atom) =   1 : Z (PS atom) =   1
Config String: 1s1.0
Orbitals (num,occ):  1     1.00
Orbitals   (num,l):  1        0
Real-space Grid (nr,dr,rmax): 1503    0.0066577896   10.0000000000
Spherical Bessel Basis (nsws,lmax,cutoff):   37    2  176.3967570603
Confining potential (l,width,scale):  0    3.0000000000  100.0000000000
  1         -0.3348525927   -0.2401819449    0.2820953128   -0.2388448411
  2         -0.4038948821   -0.2405504229    0.2866889240   -0.2416217444
  3         -0.4360732773   -0.2390089543    0.2890729861   -0.2443653791
  4         -0.4497314704   -0.2383264046    0.2899315599   -0.2456060208
  5         -0.4551901081   -0.2381357631    0.2901452306   -0.2460489407
  6         -0.4573594294   -0.2381000300    0.2901742710   -0.2461947705
  7         -0.4582326910   -0.2381004501    0.2901659451   -0.2462415077
  8         -0.4585900702   -0.2381055523    0.2901559649   -0.2462564278
  9         -0.4587384807   -0.2381092319    0.2901497571   -0.2462612174
 10         -0.4588008132   -0.2381112609    0.2901465144   -0.2462627659
 11         -0.4588272086   -0.2381122698    0.2901449456   -0.2462632682
 12         -0.4588384507   -0.2381127465    0.2901442163   -0.2462634302
 13         -0.4588432580   -0.2381129655    0.2901438848   -0.2462634814
 14         -0.4588453195   -0.2381130645    0.2901437362   -0.2462634968
 15         -0.4588462053   -0.2381131088    0.2901436700   -0.2462635011
 16         -0.4588465865   -0.2381131284    0.2901436407   -0.2462635020
 17         -0.4588467508   -0.2381131372    0.2901436278   -0.2462635020
 18         -0.4588468216   -0.2381131410    0.2901436222   -0.2462635019
Atom SCF converged after  18 iterations to a total energy of     -0.45884682

Atom SCF Calculation for O  : Z (AE atom) =   8 : Z (PS atom) =   6
Config String: 2s2.0 2p4.0
Orbitals (num,occ):  2     2.00 4.00
Orbitals   (num,l):  2        0    1
Real-space Grid (nr,dr,rmax): 1503    0.0066577896   10.0000000000
Spherical Bessel Basis (nsws,lmax,cutoff):   37    2  176.3967570603
Confining potential (l,width,scale):  0    3.0000000000  100.0000000000
Confining potential (l,width,scale):  1    3.0000000000  100.0000000000
  1         -8.3209332552   -7.4828484739   10.1554312602   -2.1270270195
  2        -15.1405599232   -3.0474882742   13.6590820486   -2.5134754209
  3        -15.5174094640   -3.1101891961   13.6243211040   -2.6472956001
  4        -15.7606118231   -3.0805775314   13.6668776248   -2.7100307789
  5        -15.8308896490   -3.0881936416   13.6633910567   -2.7338682066
  6        -15.8678540393   -3.0862312957   13.6673103078   -2.7443897972
  7        -15.8801393942   -3.0873360689   13.6669183555   -2.7485230919
  8        -15.8859601688   -3.0872977830   13.6672813272   -2.7502957173
  9        -15.8880580832   -3.0874730763   13.6672320183   -2.7510066526
 10        -15.8889924584   -3.0874981416   13.6672623218   -2.7513066537
 11        -15.8893459980   -3.0875277929   13.6672548500   -2.7514284384
 12        -15.8894977936   -3.0875355600   13.6672566096   -2.7514793465
 13        -15.8895569380   -3.0875407304   13.6672553199   -2.7515001537
 14        -15.8895817884   -3.0875424467   13.6672552475   -2.7515088021
 15        -15.8895916441   -3.0875433561   13.6672550136   -2.7515123499
 16        -15.8895957327   -3.0875436929   13.6672549605   -2.7515138192
 17        -15.8895973717   -3.0875438525   13.6672549179   -2.7515144231
 18        -15.8895980466   -3.0875439149   13.6672549044   -2.7515146726
 19        -15.8895983189   -3.0875439428   13.6672548968   -2.7515147752
 20        -15.8895984306   -3.0875439540   13.6672548940   -2.7515148175
 21        -15.8895984758   -3.0875439588   13.6672548927   -2.7515148349
Atom SCF converged after  21 iterations to a total energy of    -15.88959848

BC: Task: SINGLEPOINT
BC: +++++++++++++++ Summary of boundary conditions ++++++++++++++
BC: |       Component       |     Keyword     |   Periodicity   |
BC: |                       |                 |     X  Y  Z [1] |
BC: |-----------------------------------------------------------|
BC: | Ion-ion               | ion_ion_bc [2]  |     P  P  P     |
BC: | Local pseudopotential | pspot_bc [3]    |     P  P  P     |
BC: +++++++++++++++++++++++++++++++++++++++++++++++++++++++++++++
BC: P: Periodic, O: Open.
BC: [1] Not strictly along X, Y, Z but rather along lattice vectors A1, A2, A3.
BC: [2] Also affected by: pbc_correction_cutoff, cutoff_coulomb_type,
BC:     is_smeared_ion_rep, is_implicit_solvent, openbc_ion_ion.
BC: [3] Also affected by: is_smeared_ion_rep, is_implicit_solvent, openbc_pspot.

Determining parallel strategy ...
... using space-filling curve
... NGWF load balancing: max     48;  min     47;  average     47
... Projector load balancing: max    127;  min    116;  average    120
... done
Calculating Ewald energy ...
              Ewald: real-space energy =         2795.623670
        Ewald: reciprocal-space energy =         1067.411707
         Ewald: (sum_charge)**2 energy =          184.308480
         Ewald: (sum_charge**2) energy =           69.068407
                          Ewald energy =         3609.658490
Basis initialisation ...
... NGWF spheres initialised
... Projector spheres initialised
... NGWF tight boxes initialised
... Projector tight boxes initialised
... Tight-boxes gathered
... NGWF basis size (local,global):        743597      4474801
... PAW projector initialisation
... done

============================= Charge Augmentation ==============================
                           Aug box size:   39 x  39 x  39
================================================================================

========================== Sparse matrix information ===========================
                        Overlap matrix filling:  98.80%
                        Density kernel filling: 100.00% (known to be dense)
              NGWF-Proj overlap matrix filling:  51.57%
                    Aug Overlap matrix filling: 100.00%
                    Hamiltonian matrix filling: 100.00%
                  NGWF diagonal matrix filling:   1.63%
                             KS matrix filling: 100.00% 
                           KSKS matrix filling: 100.00% 
================================================================================

Sparse matrix initialisation ...
 done
NGWF initialisation ... done
============ Calculation of NGWF S^-1 using Hotelling algorithm ================ 
     Iteration  |  Spin  |  Frobenius norm and Maximum abs value (of I-S*S_n^-1)
         1           1      0.16625739E+02     0.99299713E+00
         1           2      0.16625739E+02     0.99299713E+00
         2           1      0.16443282E+02     0.98604744E+00
         2           2      0.16443282E+02     0.98604744E+00
         3           1      0.16115165E+02     0.97230522E+00
         3           2      0.16115165E+02     0.97230522E+00
         4           1      0.15571780E+02     0.94543796E+00
         4           2      0.15571780E+02     0.94543796E+00
         5           1      0.14765490E+02     0.89405543E+00
         5           2      0.14765490E+02     0.89405543E+00
         6           1      0.13683709E+02     0.79991412E+00
         6           2      0.13683709E+02     0.79991412E+00
         7           1      0.12351564E+02     0.71430449E+00
         7           2      0.12351564E+02     0.71430449E+00
         8           1      0.10939633E+02     0.67233158E+00
         8           2      0.10939633E+02     0.67233158E+00
         9           1      0.97026019E+01     0.63395009E+00
         9           2      0.97026019E+01     0.63395009E+00
        10           1      0.85521475E+01     0.58115350E+00
        10           2      0.85521475E+01     0.58115350E+00
        11           1      0.70488175E+01     0.52391094E+00
        11           2      0.70488175E+01     0.52391094E+00
        12           1      0.50160189E+01     0.44772334E+00
        12           2      0.50160189E+01     0.44772334E+00
        13           1      0.28341658E+01     0.35711249E+00
        13           2      0.28341658E+01     0.35711249E+00
        14           1      0.13043986E+01     0.25752238E+00
        14           2      0.13043986E+01     0.25752238E+00
        15           1      0.66038065E+00     0.15644186E+00
        15           2      0.66038065E+00     0.15644186E+00
        16           1      0.28400536E+00     0.67316640E-01
        16           2      0.28400536E+00     0.67316640E-01
        17           1      0.56676675E-01     0.13290273E-01
        17           2      0.56676675E-01     0.13290273E-01
        18           1      0.22744322E-02     0.52142133E-03
        18           2      0.22744322E-02     0.52142133E-03
        19           1      0.36785161E-05     0.80337606E-06
        19           2      0.36785161E-05     0.80337606E-06
        20           1      0.97787917E-11     0.19189095E-11
        20           2      0.97787917E-11     0.19189095E-11
        21           1      0.17862712E-13     0.44408921E-14
        21           2      0.17862712E-13     0.44408921E-14
================================================================================
Calculating core density ...
================================= Core Density =================================
               Core den box size:   39 x  39 x  39
================================================================================
 ... done
Density kernel initialisation
 
======= Optimisation of K by Palser-Manolopoulos canonical purification ======== 
         Iteration  |  Band structure energy |    c_n   
               1         -84.04009914002464    0.5662161
               2         -87.87958713302959    0.5612967
               3         -92.67380548591194    0.5534868
               4         -98.45728385322849    0.5426282
               5        -105.26799444878294    0.5286419
               6        -112.85334012580677    0.5129262
               7        -120.22155915731373    0.4964701
               8        -125.71672389760197    0.4582571
               9        -128.11637611675286    0.3568780
              10        -128.64698837006836    0.3258863
              11        -128.79556417644545    0.3747451
              12        -128.91355291178894    0.4287395
              13        -129.00200758319659    0.4710218
              14        -129.05371172307255    0.4816965
              15        -129.07735608787493    0.4614292
              16        -129.08878953298895    0.4604989
              17        -129.09496206992091    0.4852318
              18        -129.09827792878698    0.4849673
              19        -129.09940820301759    0.4813956
              20        -129.09962699297546    0.4964163
              21        -129.09968311545060    0.4999212
              22        -129.09973658886346    0.5000000
              23        -129.09980904221868    0.5000000
              24        -129.09989718841030    0.5000000
              25        -129.09998074378902    0.5000000
              26        -129.10002792286841    0.5000000
              27        -129.10003770185526    0.5000000
              28        -129.10003802694280    0.5000001
              29        -129.10003802728272    0.5000001
Termination criterion satisfied: band energy change below threshold.
Final occupancy bounds: [    0.00000000000001:    1.00000000000000]
Closest occupancy to 0.5:     1.00000000000000
================================================================================
 
======= Optimisation of K by Palser-Manolopoulos canonical purification ======== 
         Iteration  |  Band structure energy |    c_n   
               1         -82.65179144603962    0.5557347
               2         -86.70987668459875    0.5507826
               3         -91.79399189747021    0.5429088
               4         -97.91414512606741    0.5323012
               5        -105.06602245707711    0.5195538
               6        -112.87240465700404    0.5076632
               7        -120.13748858580881    0.4995946
               8        -125.24403944502320    0.4719494
               9        -127.36965366247813    0.3484136
              10        -127.78387998140374    0.2735204
              11        -127.86271872126937    0.3048637
              12        -127.92703877024813    0.3465061
              13        -127.98670587846472    0.3877970
              14        -128.03728309573165    0.4218934
              15        -128.07433433688291    0.4468714
              16        -128.09656589921229    0.4678242
              17        -128.10682070054605    0.4875167
              18        -128.10993877506883    0.4979500
              19        -128.11032497803882    0.4999336
              20        -128.11033268948509    0.5000002
              21        -128.11033269380675    0.5000002
Termination criterion satisfied: band energy change below threshold.
Final occupancy bounds: [    0.00000000000000:    1.00000000000000]
Closest occupancy to 0.5:     1.00000000000000
================================================================================

Writing density kernel to file "Fe3_O_piv_6_H2O_3_LowSpin_NGWFSP.dkn" ... done

>>> Optimising kernel for current NGWFs:
   Initial electron number for spin 1:     163.00000000
   Initial electron number for spin 2:     160.00000000
     Final electron number for spin 1:     163.00000000
     Final electron number for spin 2:     160.00000000

=================== Penalty functional idempotency correction ==================
 RMS occupancy error at iteration   1:  0.000000 (step -0.5000 Ne1=    163.0000)
                                                               Ne2=    160.0000
            Final RMS occupancy error   :  0.000000 (Ne1=    163.0000)
                                                     Ne2=    160.0000
            Final occupancy bounds spin 1: [  0.000,  1.000]
            Final occupancy bounds spin 2: [ -0.000,  1.000]
================================================================================

................................................................................
<<<<<<<<<<<<<< LNV (Original version) density kernel optimisation >>>>>>>>>>>>>>
~~~~~~~~~~~~~~~~~~~~~~~~~~~~~~~~~~~~~~~~~~~~~~~~~~~~~~~~~~~~~~~~~~~~~~~~~~~~~~~~
   iter  |      energy (Eh)       | rms gradient |  commutator  |   dE (Eh)
      ideal mu1:      -1.018973214934
      ideal mu2:      -0.972716539180
             Q0:        -815.004693244548
             G0:     -95.511095935787
   RMS gradient:       0.048837730783
========================= Kernel Line Step Protection ==========================
|  Iter |  Trial Step |   RMS Occupancy Error |   Occupancy Bounds | Accepted? |
    0        0.000000                0.000000    [ 1.0000: -0.0000]
    1        0.500000                0.271161    [ 2.0059: -1.0059]        No
    2        0.250000                0.067790    [ 1.3686: -0.3685]        No
    3        0.125000                0.016948    [ 1.1132: -0.1132]       Yes
================================================================================
     Trial step:       0.125000000000
             Q1:        -824.654577470929
 Quadratic coef:       2.289002765593
 Linear coef   :     -11.938886991973
           Qmin:        -830.572282846189
Quadratic minimum step length (  0.325984943406) accepted
========================= Kernel Line Step Protection ==========================
|  Iter |  Trial Step |   RMS Occupancy Error |   Occupancy Bounds | Accepted? |
    0        0.000000                0.000000    [ 1.0000:  0.0000]
    1        0.325985                0.115261    [ 1.5524: -0.5524]        No
    2        0.162992                0.028815    [ 1.1815: -0.1814]       Yes
================================================================================
    Initial Ne1:     163.00000000
    Initial Ne2:     160.00000000
      Final Ne1:     163.00000000
      Final Ne2:     160.00000000

=================== Penalty functional idempotency correction ==================
 RMS occupancy error at iteration   1:  0.028815 (step -0.3519 Ne1=    163.0000)
                                                               Ne2=    160.0000
 RMS occupancy error at iteration   2:  0.003262 (step -0.4994 Ne1=    163.0000)
                                                               Ne2=    160.0000
 RMS occupancy error at iteration   3:  0.000127 (step -0.5019 Ne1=    163.0000)
                                                               Ne2=    160.0000
            Final RMS occupancy error   :  0.000000 (Ne1=    163.0000)
                                                     Ne2=    160.0000
            Final occupancy bounds spin 1: [ -0.000,  1.000]
            Final occupancy bounds spin 2: [ -0.000,  1.000]
================================================================================

    1        -8.150046932445E+02     4.8838E-02     3.0238E-02
      ideal mu1:      -0.963257812708
      ideal mu2:      -0.933762547050
             Q0:        -826.423056415486
             G0:     -80.305484691263
   RMS gradient:       0.036897448514
========================= Kernel Line Step Protection ==========================
|  Iter |  Trial Step |   RMS Occupancy Error |   Occupancy Bounds | Accepted? |
    0        0.000000                0.000000    [ 1.0000: -0.0000]
    1        0.201862                0.099586    [ 1.4252: -0.4276]        No
    2        0.100931                0.032987    [ 1.1766: -0.1765]       Yes
================================================================================
     Trial step:       0.100930815321
             Q1:        -831.179554514480
 Quadratic coef:       3.348799945675
 Linear coef   :      -8.105298044669
           Qmin:        -831.327489156964
Quadratic minimum step length (  0.122144402972) accepted
    Initial Ne1:     162.99998776
    Initial Ne2:     159.99998741
      Final Ne1:     163.00000000
      Final Ne2:     160.00000000

=================== Penalty functional idempotency correction ==================
 RMS occupancy error at iteration   1:  0.044185 (step -0.3179 Ne1=    163.0000)
                                                               Ne2=    160.0000
 RMS occupancy error at iteration   2:  0.005310 (step -0.4948 Ne1=    163.0000)
                                                               Ne2=    160.0000
 RMS occupancy error at iteration   3:  0.000276 (step -0.5027 Ne1=    163.0000)
                                                               Ne2=    160.0000
            Final RMS occupancy error   :  0.000001 (Ne1=    163.0000)
                                                     Ne2=    160.0000
            Final occupancy bounds spin 1: [ -0.000,  1.000]
            Final occupancy bounds spin 2: [ -0.000,  1.000]
================================================================================

    2        -8.264230564155E+02     3.6897E-02     2.2862E-02    -1.1418E+01
      ideal mu1:      -0.861825223702
      ideal mu2:      -0.852874064699
             Q0:        -832.000775144578
             G0:     -14.668792069678
   RMS gradient:       0.016282584753
     Trial step:       0.111032131290
             Q1:        -832.971489728960
 Quadratic coef:       0.657992662568
 Linear coef   :      -1.628707246950
           Qmin:        -833.008646298458
Quadratic minimum step length (  0.137417061895) accepted
    Initial Ne1:     162.99999445
    Initial Ne2:     160.00000643
      Final Ne1:     163.00000000
      Final Ne2:     160.00000000

=================== Penalty functional idempotency correction ==================
 RMS occupancy error at iteration   1:  0.015933 (step -0.4207 Ne1=    163.0000)
                                                               Ne2=    160.0000
 RMS occupancy error at iteration   2:  0.000815 (step -0.4999 Ne1=    163.0000)
                                                               Ne2=    160.0000
 RMS occupancy error at iteration   3:  0.000006 (step -0.5000 Ne1=    163.0000)
                                                               Ne2=    160.0000
            Final RMS occupancy error   :  0.000000 (Ne1=    163.0000)
                                                     Ne2=    160.0000
            Final occupancy bounds spin 1: [  0.000,  1.000]
            Final occupancy bounds spin 2: [  0.000,  1.000]
================================================================================

    3        -8.320007751446E+02     1.6283E-02     1.0092E-02    -5.5777E+00
      ideal mu1:      -0.794012669672
      ideal mu2:      -0.793679232083
             Q0:        -833.092752018436
             G0:      -2.413983794361
   RMS gradient:       0.007029428930
     Trial step:       0.123522100281
             Q1:        -833.325024285567
 Quadratic coef:       0.065908081193
 Linear coef   :      -0.298180348324
           Qmin:        -833.430007778721
Quadratic minimum step length (  0.279418412893) accepted
    Initial Ne1:     162.99999785
    Initial Ne2:     160.00000240
      Final Ne1:     163.00000000
      Final Ne2:     160.00000000

=================== Penalty functional idempotency correction ==================
 RMS occupancy error at iteration   1:  0.009299 (step -0.4523 Ne1=    163.0000)
                                                               Ne2=    160.0000
 RMS occupancy error at iteration   2:  0.000339 (step -0.5003 Ne1=    163.0000)
                                                               Ne2=    160.0000
 RMS occupancy error at iteration   3:  0.000001 (step -0.5000 Ne1=    163.0000)
                                                               Ne2=    160.0000
            Final RMS occupancy error   :  0.000000 (Ne1=    163.0000)
                                                     Ne2=    160.0000
            Final occupancy bounds spin 1: [  0.000,  1.000]
            Final occupancy bounds spin 2: [  0.000,  1.000]
================================================================================

    4        -8.330927520184E+02     7.0294E-03     4.3555E-03    -1.0920E+00
      ideal mu1:      -0.751768595036
      ideal mu2:      -0.754285622558
    5        -8.334588931985E+02     5.8602E-03     3.6314E-03    -3.6614E-01
Finished density kernel iterations (   5)

Writing density kernel to file "Fe3_O_piv_6_H2O_3_LowSpin_NGWFSP.dkn" ... done


>>> Density kernel optimised for the current NGWF basis:
     ~~~~~~~~~~~~~~~~~~~~~~~~~~~~~~~~~~~~~~~~~~~~~~~~~~~~~~~~~~~
     Total energy                =  -8.33458893198455E+02  Eh
     Estimated bandgap (UP spin) =  -2.0389E-01  Eh
     Estimated bandgap (DN spin) =  -1.8074E-01  Eh
     RMS occupancy error         =   3.6983E-11
     [H,K] commutator            =   3.6314E-03
     UP spin occupancy bounds    = [  0.000:  1.000]
     DN spin occupancy bounds    = [  0.000:  1.000]
     ~~~~~~~~~~~~~~~~~~~~~~~~~~~~~~~~~~~~~~~~~~~~~~~~~~~~~~~~~~~




################################################################################
########################### NGWF CG iteration  001 #############################
################################################################################
****** Reciprocal space K.E. preconditioning with k_zero =  3.0000 a0^-1 *******

>>> Checking for convergence of NGWFs:   NOT CONVERGED
  ========================================================================
         NGWF RMS gradient =  8.3905E-04 >  2.0000E-06  | above tolerance
  ========================================================================

>>> Improving NGWFs using line search:
============ Calculation of NGWF S^-1 using Hotelling algorithm ================ 
     Iteration  |  Spin  |  Frobenius norm and Maximum abs value (of I-S*S_n^-1)
         1           1      0.41184184E-01     0.56227210E-02
         1           2      0.41207350E-01     0.55941942E-02
         2           1      0.10165573E-03     0.19861966E-04
         2           2      0.10288601E-03     0.19776866E-04
         3           1      0.17431203E-08     0.41068526E-09
         3           2      0.18008720E-08     0.40705928E-09
         4           1      0.23836954E-13     0.35527137E-14
         4           2      0.22954073E-13     0.31086245E-14
================================================================================
============ Calculation of NGWF S^-1 using Hotelling algorithm ================ 
     Iteration  |  Spin  |  Frobenius norm and Maximum abs value (of I-S*S_n^-1)
         1           1      0.37298701E+00     0.45854226E-01
         1           2      0.37340753E+00     0.45660881E-01
         2           1      0.75464891E-02     0.12429924E-02
         2           2      0.76460661E-02     0.12437135E-02
         3           1      0.85457480E-05     0.15536852E-05
         3           2      0.88189533E-05     0.15572798E-05
         4           1      0.15094777E-10     0.26263436E-11
         4           2      0.16535156E-10     0.29531932E-11
         5           1      0.19174626E-13     0.31086245E-14
         5           2      0.18073965E-13     0.23314684E-14
================================================================================
------------------------------- NGWF line search -------------------------------
RMS gradient                =       0.00083905296757
Trial step length           =               0.122474
Gradient along search dir.  =         -7.20015899076
Functional at step 0        =    -833.45889319845526
Functional at step 1        =    -834.29274850301704
Functional predicted        =    -837.51072021727487
Selected quadratic step     =               1.125483
Conjugate gradients coeff.  =               0.000000
--------------------------- NGWF line search finished --------------------------
                                               
Writing NGWFs to file "Fe3_O_piv_6_H2O_3_LowSpin_NGWFSP.tightbox_ngwfs".... done

>>> Optimising kernel for current NGWFs:
   Initial electron number for spin 1:     163.79543333
   Initial electron number for spin 2:     160.79902238
     Final electron number for spin 1:     163.00000000
     Final electron number for spin 2:     160.00000000

=================== Penalty functional idempotency correction ==================
 RMS occupancy error at iteration   1:  0.003965 (step -0.4901 Ne1=    163.0000)
                                                               Ne2=    160.0000
 RMS occupancy error at iteration   2:  0.000040 (step -0.5001 Ne1=    163.0000)
                                                               Ne2=    160.0000
            Final RMS occupancy error   :  0.000000 (Ne1=    163.0000)
                                                     Ne2=    160.0000
            Final occupancy bounds spin 1: [  0.000,  1.000]
            Final occupancy bounds spin 2: [  0.000,  1.000]
================================================================================

................................................................................
<<<<<<<<<<<<<< LNV (Original version) density kernel optimisation >>>>>>>>>>>>>>
~~~~~~~~~~~~~~~~~~~~~~~~~~~~~~~~~~~~~~~~~~~~~~~~~~~~~~~~~~~~~~~~~~~~~~~~~~~~~~~~
   iter  |      energy (Eh)       | rms gradient |  commutator  |   dE (Eh)
      ideal mu1:      -0.689588276753
      ideal mu2:      -0.690464125935
             Q0:        -837.442023236093
             G0:      -0.873321381337
   RMS gradient:       0.004669986325
     Trial step:       0.185780378990
             Q1:        -837.577843777680
 Quadratic coef:       0.026425435618
 Linear coef   :      -0.162245977205
           Qmin:        -837.691061298316
Quadratic minimum step length (  0.570323978193) accepted
    Initial Ne1:     162.99999377
    Initial Ne2:     159.99999420
      Final Ne1:     163.00000000
      Final Ne2:     160.00000000

=================== Penalty functional idempotency correction ==================
 RMS occupancy error at iteration   1:  0.003000 (step -0.4760 Ne1=    163.0000)
                                                               Ne2=    160.0000
 RMS occupancy error at iteration   2:  0.000073 (step -0.5003 Ne1=    163.0000)
                                                               Ne2=    160.0000
            Final RMS occupancy error   :  0.000000 (Ne1=    163.0000)
                                                     Ne2=    160.0000
            Final occupancy bounds spin 1: [  0.000,  1.000]
            Final occupancy bounds spin 2: [  0.000,  1.000]
================================================================================

    1        -8.374420232361E+02     4.6700E-03     2.8943E-03
      ideal mu1:      -0.694239632897
      ideal mu2:      -0.695311541638
             Q0:        -837.688838638693
             G0:      -0.868003096779
   RMS gradient:       0.004660458235
     Trial step:       0.325507303783
             Q1:        -837.881614257249
 Quadratic coef:       0.089765729152
 Linear coef   :      -0.282541347708
           Qmin:        -837.911166285108
Quadratic minimum step length (  0.512273855334) accepted
    Initial Ne1:     162.99997070
    Initial Ne2:     159.99997480
      Final Ne1:     163.00000000
      Final Ne2:     160.00000000

=================== Penalty functional idempotency correction ==================
 RMS occupancy error at iteration   1:  0.011850 (step -0.4071 Ne1=    163.0000)
                                                               Ne2=    160.0000
 RMS occupancy error at iteration   2:  0.000841 (step -0.4997 Ne1=    163.0000)
                                                               Ne2=    160.0000
 RMS occupancy error at iteration   3:  0.000009 (step -0.5001 Ne1=    163.0000)
                                                               Ne2=    160.0000
            Final RMS occupancy error   :  0.000000 (Ne1=    163.0000)
                                                     Ne2=    160.0000
            Final occupancy bounds spin 1: [ -0.000,  1.000]
            Final occupancy bounds spin 2: [ -0.000,  1.000]
================================================================================

    2        -8.376888386387E+02     4.6605E-03     2.8885E-03    -2.4682E-01
      ideal mu1:      -0.684896210570
      ideal mu2:      -0.687560264640
             Q0:        -837.925579583906
             G0:      -0.928422780745
   RMS gradient:       0.004556774960
     Trial step:       0.408348970181
             Q1:        -838.012606478712
 Quadratic coef:       0.292093591605
 Linear coef   :      -0.379120486410
           Qmin:        -838.048598666956
Quadratic minimum step length (  0.265006601736) accepted
    Initial Ne1:     162.99998558
    Initial Ne2:     159.99998769
      Final Ne1:     163.00000000
      Final Ne2:     160.00000000

=================== Penalty functional idempotency correction ==================
 RMS occupancy error at iteration   1:  0.010790 (step -0.4138 Ne1=    163.0000)
                                                               Ne2=    160.0000
 RMS occupancy error at iteration   2:  0.000639 (step -0.4989 Ne1=    163.0000)
                                                               Ne2=    160.0000
 RMS occupancy error at iteration   3:  0.000004 (step -0.5000 Ne1=    163.0000)
                                                               Ne2=    160.0000
            Final RMS occupancy error   :  0.000000 (Ne1=    163.0000)
                                                     Ne2=    160.0000
            Final occupancy bounds spin 1: [  0.000,  1.000]
            Final occupancy bounds spin 2: [  0.000,  1.000]
================================================================================

    3        -8.379255795839E+02     4.5568E-03     2.8242E-03    -2.3674E-01
      ideal mu1:      -0.684065485651
      ideal mu2:      -0.686851408017
             Q0:        -838.070379822854
             G0:      -0.409866718459
   RMS gradient:       0.002872988241
     Trial step:       0.328960746762
             Q1:        -838.162773855819
 Quadratic coef:       0.042436028812
 Linear coef   :      -0.134830061777
           Qmin:        -838.177477176610
Quadratic minimum step length (  0.522595999784) accepted
    Initial Ne1:     162.99998864
    Initial Ne2:     159.99999032
      Final Ne1:     163.00000000
      Final Ne2:     160.00000000

=================== Penalty functional idempotency correction ==================
 RMS occupancy error at iteration   1:  0.013337 (step -0.3963 Ne1=    163.0000)
                                                               Ne2=    160.0000
 RMS occupancy error at iteration   2:  0.000841 (step -0.4992 Ne1=    163.0000)
                                                               Ne2=    160.0000
 RMS occupancy error at iteration   3:  0.000009 (step -0.5002 Ne1=    163.0000)
                                                               Ne2=    160.0000
            Final RMS occupancy error   :  0.000000 (Ne1=    163.0000)
                                                     Ne2=    160.0000
            Final occupancy bounds spin 1: [ -0.000,  1.000]
            Final occupancy bounds spin 2: [ -0.000,  1.000]
================================================================================

    4        -8.380703798229E+02     2.8730E-03     1.7813E-03    -1.4480E-01
      ideal mu1:      -0.673957403962
      ideal mu2:      -0.677133212757
    5        -8.381981450037E+02     2.5960E-03     1.6103E-03    -1.2777E-01
Finished density kernel iterations (   5)

Writing density kernel to file "Fe3_O_piv_6_H2O_3_LowSpin_NGWFSP.dkn" ... done


>>> Density kernel optimised for the current NGWF basis:
     ~~~~~~~~~~~~~~~~~~~~~~~~~~~~~~~~~~~~~~~~~~~~~~~~~~~~~~~~~~~
     Total energy                =  -8.38198145003665E+02  Eh
     Estimated bandgap (UP spin) =  -1.8930E-01  Eh
     Estimated bandgap (DN spin) =  -1.1645E-01  Eh
     RMS occupancy error         =   1.4158E-09
     [H,K] commutator            =   1.6103E-03
     UP spin occupancy bounds    = [  0.000:  1.000]
     DN spin occupancy bounds    = [ -0.000:  1.000]
     ~~~~~~~~~~~~~~~~~~~~~~~~~~~~~~~~~~~~~~~~~~~~~~~~~~~~~~~~~~~




################################################################################
########################### NGWF CG iteration  002 #############################
################################################################################
****** Reciprocal space K.E. preconditioning with k_zero =  3.0000 a0^-1 *******

>>> Checking for convergence of NGWFs:   NOT CONVERGED
  ========================================================================
         NGWF RMS gradient =  3.3690E-04 >  2.0000E-06  | above tolerance
  ========================================================================

>>> Improving NGWFs using line search:
============ Calculation of NGWF S^-1 using Hotelling algorithm ================ 
     Iteration  |  Spin  |  Frobenius norm and Maximum abs value (of I-S*S_n^-1)
         1           1      0.56947893E-01     0.77737509E-02
         1           2      0.60196066E-01     0.10302905E-01
         2           1      0.25053164E-03     0.44954289E-04
         2           2      0.31468188E-03     0.59463091E-04
         3           1      0.16492537E-07     0.22418450E-08
         3           2      0.28933368E-07     0.51174217E-08
         4           1      0.24686634E-13     0.35527137E-14
         4           2      0.23193175E-13     0.31086245E-14
================================================================================
============ Calculation of NGWF S^-1 using Hotelling algorithm ================ 
     Iteration  |  Spin  |  Frobenius norm and Maximum abs value (of I-S*S_n^-1)
         1           1      0.12739325E+00     0.16128375E-01
         1           2      0.13372223E+00     0.21408379E-01
         2           1      0.12072635E-02     0.19483799E-03
         2           2      0.14681811E-02     0.25727716E-03
         3           1      0.34212507E-06     0.42816532E-07
         3           2      0.58582153E-06     0.10463916E-06
         4           1      0.86471775E-13     0.96589403E-14
         4           2      0.20481510E-12     0.37303494E-13
================================================================================
------------------------------- NGWF line search -------------------------------
RMS gradient                =       0.00033689979488
Trial step length           =               0.371272
Gradient along search dir.  =         -1.14067216421
Functional at step 0        =    -838.19814500366476
Functional at step 1        =    -838.55291092389484
Functional predicted        =    -838.85048827477783
Selected quadratic step     =               1.143787
Conjugate gradients coeff.  =               0.161221
--------------------------- NGWF line search finished --------------------------
                                               
Writing NGWFs to file "Fe3_O_piv_6_H2O_3_LowSpin_NGWFSP.tightbox_ngwfs".... done

>>> Optimising kernel for current NGWFs:
   Initial electron number for spin 1:     163.64913923
   Initial electron number for spin 2:     160.65421936
     Final electron number for spin 1:     163.00000000
     Final electron number for spin 2:     160.00000000

=================== Penalty functional idempotency correction ==================
 RMS occupancy error at iteration   1:  0.002787 (step -0.4940 Ne1=    163.0000)
                                                               Ne2=    160.0000
 RMS occupancy error at iteration   2:  0.000018 (step -0.5001 Ne1=    163.0000)
                                                               Ne2=    160.0000
            Final RMS occupancy error   :  0.000000 (Ne1=    163.0000)
                                                     Ne2=    160.0000
            Final occupancy bounds spin 1: [  0.000,  1.000]
            Final occupancy bounds spin 2: [  0.000,  1.000]
================================================================================

................................................................................
<<<<<<<<<<<<<< LNV (Original version) density kernel optimisation >>>>>>>>>>>>>>
~~~~~~~~~~~~~~~~~~~~~~~~~~~~~~~~~~~~~~~~~~~~~~~~~~~~~~~~~~~~~~~~~~~~~~~~~~~~~~~~
   iter  |      energy (Eh)       | rms gradient |  commutator  |   dE (Eh)
      ideal mu1:      -0.669507660264
      ideal mu2:      -0.672003114678
             Q0:        -838.848543229845
             G0:      -0.273126771453
   RMS gradient:       0.002611624282
     Trial step:       0.414624613770
             Q1:        -838.907413381277
 Quadratic coef:       0.054374930691
 Linear coef   :      -0.113245082124
           Qmin:        -838.907506287187
Quadratic minimum step length (  0.431763294593) accepted
    Initial Ne1:     162.99999878
    Initial Ne2:     159.99999876
      Final Ne1:     163.00000000
      Final Ne2:     160.00000000

=================== Penalty functional idempotency correction ==================
 RMS occupancy error at iteration   1:  0.000764 (step -0.4907 Ne1=    163.0000)
                                                               Ne2=    160.0000
 RMS occupancy error at iteration   2:  0.000004 (step -0.5000 Ne1=    163.0000)
                                                               Ne2=    160.0000
            Final RMS occupancy error   :  0.000000 (Ne1=    163.0000)
                                                     Ne2=    160.0000
            Final occupancy bounds spin 1: [  0.000,  1.000]
            Final occupancy bounds spin 2: [  0.000,  1.000]
================================================================================

    1        -8.388485432298E+02     2.6116E-03     1.6203E-03
      ideal mu1:      -0.655494400434
      ideal mu2:      -0.659090702915
             Q0:        -838.907587930560
             G0:      -0.203994855042
   RMS gradient:       0.002246873546
     Trial step:       0.423107184128
             Q1:        -838.967432733364
 Quadratic coef:       0.026466885889
 Linear coef   :      -0.086311688693
           Qmin:        -838.977956122310
Quadratic minimum step length (  0.689901632424) accepted
    Initial Ne1:     162.99999851
    Initial Ne2:     159.99999848
      Final Ne1:     163.00000000
      Final Ne2:     160.00000000

=================== Penalty functional idempotency correction ==================
 RMS occupancy error at iteration   1:  0.005380 (step -0.4383 Ne1=    163.0000)
                                                               Ne2=    160.0000
 RMS occupancy error at iteration   2:  0.000151 (step -0.4993 Ne1=    163.0000)
                                                               Ne2=    160.0000
 RMS occupancy error at iteration   3:  0.000000 (step -0.5000 Ne1=    163.0000)
                                                               Ne2=    160.0000
            Final RMS occupancy error   :  0.000000 (Ne1=    163.0000)
                                                     Ne2=    160.0000
            Final occupancy bounds spin 1: [  0.000,  1.000]
            Final occupancy bounds spin 2: [  0.000,  1.000]
================================================================================

    2        -8.389075879306E+02     2.2469E-03     1.3935E-03    -5.9045E-02
      ideal mu1:      -0.647925574956
      ideal mu2:      -0.652047051493
             Q0:        -838.979627864307
             G0:      -0.420068566178
   RMS gradient:       0.003154395551
     Trial step:       0.540279869160
             Q1:        -838.963393914839
 Quadratic coef:       0.243188539441
 Linear coef   :      -0.226954589973
           Qmin:        -839.032578947064
Quadratic minimum step length (  0.252106855976) accepted
    Initial Ne1:     162.99999893
    Initial Ne2:     159.99999890
      Final Ne1:     163.00000000
      Final Ne2:     160.00000000

=================== Penalty functional idempotency correction ==================
 RMS occupancy error at iteration   1:  0.008463 (step -0.4104 Ne1=    163.0000)
                                                               Ne2=    160.0000
 RMS occupancy error at iteration   2:  0.000337 (step -0.4984 Ne1=    163.0000)
                                                               Ne2=    160.0000
 RMS occupancy error at iteration   3:  0.000002 (step -0.5000 Ne1=    163.0000)
                                                               Ne2=    160.0000
            Final RMS occupancy error   :  0.000000 (Ne1=    163.0000)
                                                     Ne2=    160.0000
            Final occupancy bounds spin 1: [  0.000,  1.000]
            Final occupancy bounds spin 2: [  0.000,  1.000]
================================================================================

    3        -8.389796278643E+02     3.1544E-03     1.9554E-03    -7.2040E-02
      ideal mu1:      -0.651645800486
      ideal mu2:      -0.655489761577
             Q0:        -839.051011126277
             G0:      -0.186240163506
   RMS gradient:       0.001818863914
     Trial step:       0.369064031248
             Q1:        -839.079459352725
 Quadratic coef:       0.040286319076
 Linear coef   :      -0.068734545524
           Qmin:        -839.080329005502
Quadratic minimum step length (  0.314839491902) accepted
    Initial Ne1:     162.99999955
    Initial Ne2:     159.99999954
      Final Ne1:     163.00000000
      Final Ne2:     160.00000000

=================== Penalty functional idempotency correction ==================
 RMS occupancy error at iteration   1:  0.004779 (step -0.4462 Ne1=    163.0000)
                                                               Ne2=    160.0000
 RMS occupancy error at iteration   2:  0.000120 (step -0.4996 Ne1=    163.0000)
                                                               Ne2=    160.0000
 RMS occupancy error at iteration   3:  0.000000 (step -0.5000 Ne1=    163.0000)
                                                               Ne2=    160.0000
            Final RMS occupancy error   :  0.000000 (Ne1=    163.0000)
                                                     Ne2=    160.0000
            Final occupancy bounds spin 1: [  0.000,  1.000]
            Final occupancy bounds spin 2: [  0.000,  1.000]
================================================================================

    4        -8.390510111263E+02     1.8189E-03     1.1269E-03    -7.1383E-02
      ideal mu1:      -0.656427531777
      ideal mu2:      -0.660037304666
    5        -8.390836669732E+02     1.7913E-03     1.1099E-03    -3.2656E-02
Finished density kernel iterations (   5)

Writing density kernel to file "Fe3_O_piv_6_H2O_3_LowSpin_NGWFSP.dkn" ... done


>>> Density kernel optimised for the current NGWF basis:
     ~~~~~~~~~~~~~~~~~~~~~~~~~~~~~~~~~~~~~~~~~~~~~~~~~~~~~~~~~~~
     Total energy                =  -8.39083666973240E+02  Eh
     Estimated bandgap (UP spin) =  -1.2354E-01  Eh
     Estimated bandgap (DN spin) =  -4.2693E-02  Eh
     RMS occupancy error         =   2.1758E-12
     [H,K] commutator            =   1.1099E-03
     UP spin occupancy bounds    = [  0.000:  1.000]
     DN spin occupancy bounds    = [  0.000:  1.000]
     ~~~~~~~~~~~~~~~~~~~~~~~~~~~~~~~~~~~~~~~~~~~~~~~~~~~~~~~~~~~




################################################################################
########################### NGWF CG iteration  003 #############################
################################################################################
****** Reciprocal space K.E. preconditioning with k_zero =  3.0000 a0^-1 *******

>>> Checking for convergence of NGWFs:   NOT CONVERGED
  ========================================================================
         NGWF RMS gradient =  1.6888E-04 >  2.0000E-06  | above tolerance
  ========================================================================

>>> Improving NGWFs using line search:
============ Calculation of NGWF S^-1 using Hotelling algorithm ================ 
     Iteration  |  Spin  |  Frobenius norm and Maximum abs value (of I-S*S_n^-1)
         1           1      0.81653586E-01     0.23676484E-01
         1           2      0.85273094E-01     0.29692609E-01
         2           1      0.86498201E-03     0.39404166E-03
         2           2      0.98848655E-03     0.49121586E-03
         3           1      0.29862217E-06     0.15717028E-06
         3           2      0.44278486E-06     0.24416232E-06
         4           1      0.54228430E-13     0.25757174E-13
         4           2      0.11329966E-12     0.60840222E-13
================================================================================
============ Calculation of NGWF S^-1 using Hotelling algorithm ================ 
     Iteration  |  Spin  |  Frobenius norm and Maximum abs value (of I-S*S_n^-1)
         1           1      0.39794040E-01     0.11062479E-01
         1           2      0.41425481E-01     0.13854377E-01
         2           1      0.19365026E-03     0.86373821E-04
         2           2      0.21994157E-03     0.10757098E-03
         3           1      0.14419208E-07     0.75719198E-08
         3           2      0.21222934E-07     0.11715296E-07
         4           1      0.24117864E-13     0.32439329E-14
         4           2      0.24518860E-13     0.37747583E-14
================================================================================
------------------------------- NGWF line search -------------------------------
RMS gradient                =       0.00016887652435
Trial step length           =               0.651657
Gradient along search dir.  =         -0.29787475188
Functional at step 0        =    -839.08366697324027
Functional at step 1        =    -839.21164621794958
Functional predicted        =    -839.22610569847404
Selected quadratic step     =               0.956367
Conjugate gradients coeff.  =               0.251268
--------------------------- NGWF line search finished --------------------------
                                               
Writing NGWFs to file "Fe3_O_piv_6_H2O_3_LowSpin_NGWFSP.tightbox_ngwfs".... done

>>> Optimising kernel for current NGWFs:
   Initial electron number for spin 1:     163.23021271
   Initial electron number for spin 2:     160.23113560
     Final electron number for spin 1:     163.00000000
     Final electron number for spin 2:     160.00000000

=================== Penalty functional idempotency correction ==================
 RMS occupancy error at iteration   1:  0.001213 (step -0.4961 Ne1=    163.0000)
                                                               Ne2=    160.0000
 RMS occupancy error at iteration   2:  0.000009 (step -0.5001 Ne1=    163.0000)
                                                               Ne2=    160.0000
            Final RMS occupancy error   :  0.000000 (Ne1=    163.0000)
                                                     Ne2=    160.0000
            Final occupancy bounds spin 1: [  0.000,  1.000]
            Final occupancy bounds spin 2: [  0.000,  1.000]
================================================================================

................................................................................
<<<<<<<<<<<<<< LNV (Original version) density kernel optimisation >>>>>>>>>>>>>>
~~~~~~~~~~~~~~~~~~~~~~~~~~~~~~~~~~~~~~~~~~~~~~~~~~~~~~~~~~~~~~~~~~~~~~~~~~~~~~~~
   iter  |      energy (Eh)       | rms gradient |  commutator  |   dE (Eh)
      ideal mu1:      -0.649818187495
      ideal mu2:      -0.653725784229
             Q0:        -839.225807162456
             G0:      -0.074973553545
   RMS gradient:       0.001368304043
     Trial step:       0.340875244155
             Q1:        -839.235560321770
 Quadratic coef:       0.015803469056
 Linear coef   :      -0.025556628370
           Qmin:        -839.236139407410
Quadratic minimum step length (  0.275623722376) accepted
    Initial Ne1:     162.99999982
    Initial Ne2:     159.99999973
      Final Ne1:     163.00000000
      Final Ne2:     160.00000000

=================== Penalty functional idempotency correction ==================
 RMS occupancy error at iteration   1:  0.000085 (step -0.4989 Ne1=    163.0000)
                                                               Ne2=    160.0000
            Final RMS occupancy error   :  0.000000 (Ne1=    163.0000)
                                                     Ne2=    160.0000
            Final occupancy bounds spin 1: [ -0.000,  1.000]
            Final occupancy bounds spin 2: [ -0.000,  1.000]
================================================================================

    1        -8.392258071625E+02     1.3683E-03     8.4734E-04
      ideal mu1:      -0.652568756261
      ideal mu2:      -0.656165479740
             Q0:        -839.236158231446
             G0:      -0.058451234768
   RMS gradient:       0.001207128839
     Trial step:       0.306518031541
             Q1:        -839.251256923623
 Quadratic coef:       0.002817665245
 Linear coef   :      -0.017916357422
           Qmin:        -839.264638891444
Quadratic minimum step length (  0.974510123227) accepted
    Initial Ne1:     162.99998363
    Initial Ne2:     160.00000279
      Final Ne1:     163.00000000
      Final Ne2:     160.00000000

=================== Penalty functional idempotency correction ==================
 RMS occupancy error at iteration   1:  0.003256 (step -0.4408 Ne1=    163.0000)
                                                               Ne2=    160.0000
 RMS occupancy error at iteration   2:  0.000113 (step -0.4991 Ne1=    163.0000)
                                                               Ne2=    160.0000
 RMS occupancy error at iteration   3:  0.000000 (step -0.5000 Ne1=    163.0000)
                                                               Ne2=    160.0000
            Final RMS occupancy error   :  0.000000 (Ne1=    163.0000)
                                                     Ne2=    160.0000
            Final occupancy bounds spin 1: [  0.000,  1.000]
            Final occupancy bounds spin 2: [  0.000,  1.000]
================================================================================

    2        -8.392361582314E+02     1.2071E-03     7.4705E-04    -1.0351E-02
      ideal mu1:      -0.653960539296
      ideal mu2:      -0.657196724980
             Q0:        -839.263707698733
             G0:      -0.137036657592
   RMS gradient:       0.001867064839
     Trial step:       0.546539042236
             Q1:        -839.273909002713
 Quadratic coef:       0.064694579612
 Linear coef   :      -0.074895883591
           Qmin:        -839.285384141384
Quadratic minimum step length (  0.316359768709) accepted
    Initial Ne1:     162.99998729
    Initial Ne2:     160.00000217
      Final Ne1:     163.00000000
      Final Ne2:     160.00000000

=================== Penalty functional idempotency correction ==================
 RMS occupancy error at iteration   1:  0.006937 (step -0.3876 Ne1=    163.0000)
                                                               Ne2=    160.0000
 RMS occupancy error at iteration   2:  0.000410 (step -0.4955 Ne1=    163.0000)
                                                               Ne2=    160.0000
 RMS occupancy error at iteration   3:  0.000003 (step -0.5000 Ne1=    163.0000)
                                                               Ne2=    160.0000
            Final RMS occupancy error   :  0.000000 (Ne1=    163.0000)
                                                     Ne2=    160.0000
            Final occupancy bounds spin 1: [  0.000,  1.000]
            Final occupancy bounds spin 2: [  0.000,  1.000]
================================================================================

    3        -8.392637076987E+02     1.8671E-03     1.1557E-03    -2.7549E-02
      ideal mu1:      -0.653497097377
      ideal mu2:      -0.656691954197
             Q0:        -839.290289206010
             G0:      -0.087459634435
   RMS gradient:       0.001293044743
     Trial step:       0.415816023010
             Q1:        -839.305150945202
 Quadratic coef:       0.021505378173
 Linear coef   :      -0.036367117365
           Qmin:        -839.305664048698
Quadratic minimum step length (  0.351587170174) accepted
    Initial Ne1:     162.99999321
    Initial Ne2:     160.00000115
      Final Ne1:     163.00000000
      Final Ne2:     160.00000000

=================== Penalty functional idempotency correction ==================
 RMS occupancy error at iteration   1:  0.005529 (step -0.4050 Ne1=    163.0000)
                                                               Ne2=    160.0000
 RMS occupancy error at iteration   2:  0.000269 (step -0.4968 Ne1=    163.0000)
                                                               Ne2=    160.0000
 RMS occupancy error at iteration   3:  0.000001 (step -0.5000 Ne1=    163.0000)
                                                               Ne2=    160.0000
            Final RMS occupancy error   :  0.000000 (Ne1=    163.0000)
                                                     Ne2=    160.0000
            Final occupancy bounds spin 1: [  0.000,  1.000]
            Final occupancy bounds spin 2: [  0.000,  1.000]
================================================================================

    4        -8.392902892060E+02     1.2930E-03     7.9967E-04    -2.6582E-02
      ideal mu1:      -0.651022319639
      ideal mu2:      -0.654378296502
    5        -8.393078477589E+02     1.2107E-03     7.4917E-04    -1.7559E-02
Finished density kernel iterations (   5)

Writing density kernel to file "Fe3_O_piv_6_H2O_3_LowSpin_NGWFSP.dkn" ... done


>>> Density kernel optimised for the current NGWF basis:
     ~~~~~~~~~~~~~~~~~~~~~~~~~~~~~~~~~~~~~~~~~~~~~~~~~~~~~~~~~~~
     Total energy                =  -8.39307847758905E+02  Eh
     Estimated bandgap (UP spin) =  -2.9276E-02  Eh
     Estimated bandgap (DN spin) =  -8.0180E-03  Eh
     RMS occupancy error         =   4.4396E-11
     [H,K] commutator            =   7.4917E-04
     UP spin occupancy bounds    = [  0.000:  1.000]
     DN spin occupancy bounds    = [  0.000:  1.000]
     ~~~~~~~~~~~~~~~~~~~~~~~~~~~~~~~~~~~~~~~~~~~~~~~~~~~~~~~~~~~




################################################################################
########################### NGWF CG iteration  004 #############################
################################################################################
****** Reciprocal space K.E. preconditioning with k_zero =  3.0000 a0^-1 *******

>>> Checking for convergence of NGWFs:   NOT CONVERGED
  ========================================================================
         NGWF RMS gradient =  1.1121E-04 >  2.0000E-06  | above tolerance
  ========================================================================

>>> Improving NGWFs using line search:
============ Calculation of NGWF S^-1 using Hotelling algorithm ================ 
     Iteration  |  Spin  |  Frobenius norm and Maximum abs value (of I-S*S_n^-1)
         1           1      0.98564941E-01     0.26565090E-01
         1           2      0.99944401E-01     0.31413207E-01
         2           1      0.95896168E-03     0.36178208E-03
         2           2      0.98572183E-03     0.43801764E-03
         3           1      0.31082959E-06     0.13926069E-06
         3           2      0.39142511E-06     0.20290655E-06
         4           1      0.54308024E-13     0.22204460E-13
         4           2      0.93368304E-13     0.45519144E-13
================================================================================
============ Calculation of NGWF S^-1 using Hotelling algorithm ================ 
     Iteration  |  Spin  |  Frobenius norm and Maximum abs value (of I-S*S_n^-1)
         1           1      0.51455510E-02     0.13248335E-02
         1           2      0.52138530E-02     0.15671152E-02
         2           1      0.25060674E-05     0.90563529E-06
         2           2      0.25709989E-05     0.10965530E-05
         3           1      0.19576056E-11     0.87374552E-12
         3           2      0.24533308E-11     0.12703172E-11
         4           1      0.16929611E-13     0.26645353E-14
         4           2      0.17355701E-13     0.28449850E-14
================================================================================
------------------------------- NGWF line search -------------------------------
RMS gradient                =       0.00011121081633
Trial step length           =               0.789444
Gradient along search dir.  =         -0.13257540701
Functional at step 0        =    -839.30784775890481
Functional at step 1        =    -839.35742236868350
Functional predicted        =    -839.35756023797728
Selected quadratic step     =               0.749950
Conjugate gradients coeff.  =               0.433666
--------------------------- NGWF line search finished --------------------------
                                               
Writing NGWFs to file "Fe3_O_piv_6_H2O_3_LowSpin_NGWFSP.tightbox_ngwfs".... done

>>> Optimising kernel for current NGWFs:
   Initial electron number for spin 1:     163.09781997
   Initial electron number for spin 2:     160.09391734
     Final electron number for spin 1:     163.00000000
     Final electron number for spin 2:     160.00000000

=================== Penalty functional idempotency correction ==================
 RMS occupancy error at iteration   1:  0.000795 (step -0.4954 Ne1=    163.0000)
                                                               Ne2=    160.0000
 RMS occupancy error at iteration   2:  0.000008 (step -0.5001 Ne1=    163.0000)
                                                               Ne2=    160.0000
            Final RMS occupancy error   :  0.000000 (Ne1=    163.0000)
                                                     Ne2=    160.0000
            Final occupancy bounds spin 1: [  0.000,  1.000]
            Final occupancy bounds spin 2: [  0.000,  1.000]
================================================================================

................................................................................
<<<<<<<<<<<<<< LNV (Original version) density kernel optimisation >>>>>>>>>>>>>>
~~~~~~~~~~~~~~~~~~~~~~~~~~~~~~~~~~~~~~~~~~~~~~~~~~~~~~~~~~~~~~~~~~~~~~~~~~~~~~~~
   iter  |      energy (Eh)       | rms gradient |  commutator  |   dE (Eh)
      ideal mu1:      -0.653845828498
      ideal mu2:      -0.656707281610
             Q0:        -839.357376853027
             G0:      -0.053547590892
   RMS gradient:       0.001156374565
     Trial step:       0.382355304453
             Q1:        -839.367250125363
 Quadratic coef:       0.010600933083
 Linear coef   :      -0.020474205418
           Qmin:        -839.367262612239
Quadratic minimum step length (  0.369232641371) accepted
    Initial Ne1:     162.99999969
    Initial Ne2:     159.99999978
      Final Ne1:     163.00000000
      Final Ne2:     160.00000000

=================== Penalty functional idempotency correction ==================
 RMS occupancy error at iteration   1:  0.000128 (step -0.4976 Ne1=    163.0000)
                                                               Ne2=    160.0000
 RMS occupancy error at iteration   2:  0.000000 (step -0.5000 Ne1=    163.0000)
                                                               Ne2=    160.0000
            Final RMS occupancy error   :  0.000000 (Ne1=    163.0000)
                                                     Ne2=    160.0000
            Final occupancy bounds spin 1: [  0.000,  1.000]
            Final occupancy bounds spin 2: [  0.000,  1.000]
================================================================================

    1        -8.393573768530E+02     1.1564E-03     7.1488E-04
      ideal mu1:      -0.647843640979
      ideal mu2:      -0.651142898174
             Q0:        -839.367266916558
             G0:      -0.045355910754
   RMS gradient:       0.001061645160
     Trial step:       0.375736688394
             Q1:        -839.376496508543
 Quadratic coef:       0.007812287721
 Linear coef   :      -0.017041879706
           Qmin:        -839.376560790333
Quadratic minimum step length (  0.409819739973) accepted
    Initial Ne1:     162.99999971
    Initial Ne2:     159.99999980
      Final Ne1:     163.00000000
      Final Ne2:     160.00000000

=================== Penalty functional idempotency correction ==================
 RMS occupancy error at iteration   1:  0.000623 (step -0.4863 Ne1=    163.0000)
                                                               Ne2=    160.0000
 RMS occupancy error at iteration   2:  0.000004 (step -0.5000 Ne1=    163.0000)
                                                               Ne2=    160.0000
            Final RMS occupancy error   :  0.000000 (Ne1=    163.0000)
                                                     Ne2=    160.0000
            Final occupancy bounds spin 1: [  0.000,  1.000]
            Final occupancy bounds spin 2: [  0.000,  1.000]
================================================================================

    2        -8.393672669166E+02     1.0616E-03     6.5688E-04    -9.8901E-03
      ideal mu1:      -0.642536704968
      ideal mu2:      -0.646157388715
             Q0:        -839.376620619102
             G0:      -0.035243475340
   RMS gradient:       0.000929347153
     Trial step:       0.392408348454
             Q1:        -839.385874707782
 Quadratic coef:       0.004575745272
 Linear coef   :      -0.013829833952
           Qmin:        -839.387070518285
Quadratic minimum step length (  0.593011845897) accepted
    Initial Ne1:     162.99999967
    Initial Ne2:     159.99999979
      Final Ne1:     163.00000000
      Final Ne2:     160.00000000

=================== Penalty functional idempotency correction ==================
 RMS occupancy error at iteration   1:  0.002207 (step -0.4520 Ne1=    163.0000)
                                                               Ne2=    160.0000
 RMS occupancy error at iteration   2:  0.000032 (step -0.4998 Ne1=    163.0000)
                                                               Ne2=    160.0000
            Final RMS occupancy error   :  0.000000 (Ne1=    163.0000)
                                                     Ne2=    160.0000
            Final occupancy bounds spin 1: [ -0.000,  1.000]
            Final occupancy bounds spin 2: [ -0.000,  1.000]
================================================================================

    3        -8.393766206191E+02     9.2935E-04     5.7508E-04    -9.3537E-03
      ideal mu1:      -0.645375618225
      ideal mu2:      -0.648585543725
             Q0:        -839.387264397350
             G0:      -0.041318846468
   RMS gradient:       0.000996991996
     Trial step:       0.482392785043
             Q1:        -839.396112210183
 Quadratic coef:       0.011084100590
 Linear coef   :      -0.019931913422
           Qmin:        -839.396225006500
Quadratic minimum step length (  0.433729879526) accepted
    Initial Ne1:     163.00000046
    Initial Ne2:     160.00000074
      Final Ne1:     163.00000000
      Final Ne2:     160.00000000

=================== Penalty functional idempotency correction ==================
 RMS occupancy error at iteration   1:  0.003877 (step -0.4209 Ne1=    163.0000)
                                                               Ne2=    160.0000
 RMS occupancy error at iteration   2:  0.000073 (step -0.4995 Ne1=    163.0000)
                                                               Ne2=    160.0000
            Final RMS occupancy error   :  0.000000 (Ne1=    163.0000)
                                                     Ne2=    160.0000
            Final occupancy bounds spin 1: [ -0.000,  1.000]
            Final occupancy bounds spin 2: [ -0.000,  1.000]
================================================================================

    4        -8.393872643974E+02     9.9699E-04     6.1683E-04    -1.0644E-02
      ideal mu1:      -0.649338294182
      ideal mu2:      -0.652192528062
    5        -8.393975913459E+02     8.3913E-04     5.1933E-04    -1.0327E-02
Finished density kernel iterations (   5)

Writing density kernel to file "Fe3_O_piv_6_H2O_3_LowSpin_NGWFSP.dkn" ... done


>>> Density kernel optimised for the current NGWF basis:
     ~~~~~~~~~~~~~~~~~~~~~~~~~~~~~~~~~~~~~~~~~~~~~~~~~~~~~~~~~~~
     Total energy                =  -8.39397591345920E+02  Eh
     Estimated bandgap (UP spin) =   1.3842E-02  Eh
     Estimated bandgap (DN spin) =  -8.2358E-03  Eh
     RMS occupancy error         =   4.0394E-08
     [H,K] commutator            =   5.1933E-04
     UP spin occupancy bounds    = [ -0.000:  1.000]
     DN spin occupancy bounds    = [ -0.000:  1.000]
     ~~~~~~~~~~~~~~~~~~~~~~~~~~~~~~~~~~~~~~~~~~~~~~~~~~~~~~~~~~~




################################################################################
########################### NGWF CG iteration  005 #############################
################################################################################
****** Reciprocal space K.E. preconditioning with k_zero =  3.0000 a0^-1 *******

>>> Checking for convergence of NGWFs:   NOT CONVERGED
  ========================================================================
         NGWF RMS gradient =  6.2503E-05 >  2.0000E-06  | above tolerance
  ========================================================================

>>> Improving NGWFs using line search:
============ Calculation of NGWF S^-1 using Hotelling algorithm ================ 
     Iteration  |  Spin  |  Frobenius norm and Maximum abs value (of I-S*S_n^-1)
         1           1      0.43914039E-01     0.40445935E-02
         1           2      0.41794289E-01     0.41902366E-02
         2           1      0.16322547E-03     0.20179762E-04
         2           2      0.12415010E-03     0.26702830E-04
         3           1      0.90698521E-08     0.13328537E-08
         3           2      0.29510853E-08     0.90001706E-09
         4           1      0.23846930E-13     0.35527137E-14
         4           2      0.24554681E-13     0.33306691E-14
================================================================================
============ Calculation of NGWF S^-1 using Hotelling algorithm ================ 
     Iteration  |  Spin  |  Frobenius norm and Maximum abs value (of I-S*S_n^-1)
         1           1      0.39075587E-02     0.34937613E-03
         1           2      0.37290679E-02     0.36210634E-03
         2           1      0.12655851E-05     0.15172629E-06
         2           2      0.98441890E-06     0.20114422E-06
         3           1      0.51476205E-12     0.75162099E-13
         3           2      0.18124040E-12     0.52402527E-13
================================================================================
------------------------------- NGWF line search -------------------------------
RMS gradient                =       0.00006250252345
Trial step length           =               0.769444
Gradient along search dir.  =         -0.03995383156
Functional at step 0        =    -839.39759134591998
Functional at step 1        =    -839.41418717578063
Functional predicted        =    -839.41429320409179
Selected quadratic step     =               0.836058
Conjugate gradients coeff.  =               0.000000
--------------------------- NGWF line search finished --------------------------
                                               
Writing NGWFs to file "Fe3_O_piv_6_H2O_3_LowSpin_NGWFSP.tightbox_ngwfs".... done

>>> Optimising kernel for current NGWFs:
   Initial electron number for spin 1:     163.00881589
   Initial electron number for spin 2:     160.00806680
     Final electron number for spin 1:     163.00000000
     Final electron number for spin 2:     160.00000000

=================== Penalty functional idempotency correction ==================
 RMS occupancy error at iteration   1:  0.000330 (step -0.4998 Ne1=    163.0000)
                                                               Ne2=    160.0000
 RMS occupancy error at iteration   2:  0.000001 (step -0.5000 Ne1=    163.0000)
                                                               Ne2=    160.0000
            Final RMS occupancy error   :  0.000000 (Ne1=    163.0000)
                                                     Ne2=    160.0000
            Final occupancy bounds spin 1: [  0.000,  1.000]
            Final occupancy bounds spin 2: [  0.000,  1.000]
================================================================================

................................................................................
<<<<<<<<<<<<<< LNV (Original version) density kernel optimisation >>>>>>>>>>>>>>
~~~~~~~~~~~~~~~~~~~~~~~~~~~~~~~~~~~~~~~~~~~~~~~~~~~~~~~~~~~~~~~~~~~~~~~~~~~~~~~~
   iter  |      energy (Eh)       | rms gradient |  commutator  |   dE (Eh)
      ideal mu1:      -0.647090821708
      ideal mu2:      -0.650166456230
             Q0:        -839.414308385061
             G0:      -0.016278080701
   RMS gradient:       0.000637573358
     Trial step:       0.457414652740
             Q1:        -839.418758531680
 Quadratic coef:       0.002995686012
 Linear coef   :      -0.007445832631
           Qmin:        -839.418935073517
Quadratic minimum step length (  0.568456262286) accepted
    Initial Ne1:     163.00000000
    Initial Ne2:     160.00000000
      Final Ne1:     163.00000000
      Final Ne2:     160.00000000

=================== Penalty functional idempotency correction ==================
 RMS occupancy error at iteration   1:  0.000089 (step -0.4981 Ne1=    163.0000)
                                                               Ne2=    160.0000
            Final RMS occupancy error   :  0.000000 (Ne1=    163.0000)
                                                     Ne2=    160.0000
            Final occupancy bounds spin 1: [ -0.000,  1.000]
            Final occupancy bounds spin 2: [ -0.000,  1.000]
================================================================================

    1        -8.394143083851E+02     6.3757E-04     3.9424E-04
      ideal mu1:      -0.647796143250
      ideal mu2:      -0.650807342370
             Q0:        -839.418939023905
             G0:      -0.022240458082
   RMS gradient:       0.000743617249
     Trial step:       0.509921782052
             Q1:        -839.422336542921
 Quadratic coef:       0.007943375002
 Linear coef   :      -0.011340894019
           Qmin:        -839.422986921590
Quadratic minimum step length (  0.364012078394) accepted
    Initial Ne1:     163.00001257
    Initial Ne2:     160.00001773
      Final Ne1:     163.00000000
      Final Ne2:     160.00000000

=================== Penalty functional idempotency correction ==================
 RMS occupancy error at iteration   1:  0.000329 (step -0.4927 Ne1=    163.0000)
                                                               Ne2=    160.0000
 RMS occupancy error at iteration   2:  0.000001 (step -0.5000 Ne1=    163.0000)
                                                               Ne2=    160.0000
            Final RMS occupancy error   :  0.000000 (Ne1=    163.0000)
                                                     Ne2=    160.0000
            Final occupancy bounds spin 1: [  0.000,  1.000]
            Final occupancy bounds spin 2: [  0.000,  1.000]
================================================================================

    2        -8.394189390239E+02     7.4362E-04     4.6023E-04    -4.6306E-03
      ideal mu1:      -0.647331030810
      ideal mu2:      -0.650396352570
             Q0:        -839.422999544196
             G0:      -0.013760505081
   RMS gradient:       0.000583370311
     Trial step:       0.430833712357
             Q1:        -839.426503565927
 Quadratic coef:       0.002424467757
 Linear coef   :      -0.005928489488
           Qmin:        -839.426623740425
Quadratic minimum step length (  0.526753372509) accepted
    Initial Ne1:     163.00001119
    Initial Ne2:     160.00001579
      Final Ne1:     163.00000000
      Final Ne2:     160.00000000

=================== Penalty functional idempotency correction ==================
 RMS occupancy error at iteration   1:  0.000784 (step -0.4820 Ne1=    163.0000)
                                                               Ne2=    160.0000
 RMS occupancy error at iteration   2:  0.000005 (step -0.5000 Ne1=    163.0000)
                                                               Ne2=    160.0000
            Final RMS occupancy error   :  0.000000 (Ne1=    163.0000)
                                                     Ne2=    160.0000
            Final occupancy bounds spin 1: [  0.000,  1.000]
            Final occupancy bounds spin 2: [  0.000,  1.000]
================================================================================

    3        -8.394229995442E+02     5.8337E-04     3.6096E-04    -4.0605E-03
      ideal mu1:      -0.647616137512
      ideal mu2:      -0.650622812506
             Q0:        -839.426659764376
             G0:      -0.016107861971
   RMS gradient:       0.000628486756
     Trial step:       0.476385464697
             Q1:        -839.431745130800
 Quadratic coef:       0.002588184886
 Linear coef   :      -0.007673551310
           Qmin:        -839.432347475291
Quadratic minimum step length (  0.706203085871) accepted
    Initial Ne1:     163.00001738
    Initial Ne2:     160.00002447
      Final Ne1:     163.00000000
      Final Ne2:     160.00000000

=================== Penalty functional idempotency correction ==================
 RMS occupancy error at iteration   1:  0.003033 (step -0.4365 Ne1=    163.0000)
                                                               Ne2=    160.0000
 RMS occupancy error at iteration   2:  0.000057 (step -0.4994 Ne1=    163.0000)
                                                               Ne2=    160.0000
            Final RMS occupancy error   :  0.000000 (Ne1=    163.0000)
                                                     Ne2=    160.0000
            Final occupancy bounds spin 1: [ -0.000,  1.000]
            Final occupancy bounds spin 2: [ -0.000,  1.000]
================================================================================

    4        -8.394266597644E+02     6.2849E-04     3.8896E-04    -3.6602E-03
      ideal mu1:      -0.647921452810
      ideal mu2:      -0.650769285261
    5        -8.394327893218E+02     6.9110E-04     4.2800E-04    -6.1296E-03
Finished density kernel iterations (   5)

Writing density kernel to file "Fe3_O_piv_6_H2O_3_LowSpin_NGWFSP.dkn" ... done


>>> Density kernel optimised for the current NGWF basis:
     ~~~~~~~~~~~~~~~~~~~~~~~~~~~~~~~~~~~~~~~~~~~~~~~~~~~~~~~~~~~
     Total energy                =  -8.39432789321765E+02  Eh
     Estimated bandgap (UP spin) =   3.0383E-02  Eh
     Estimated bandgap (DN spin) =  -2.7340E-03  Eh
     RMS occupancy error         =   4.0531E-08
     [H,K] commutator            =   4.2800E-04
     UP spin occupancy bounds    = [ -0.000:  1.000]
     DN spin occupancy bounds    = [ -0.000:  1.000]
     ~~~~~~~~~~~~~~~~~~~~~~~~~~~~~~~~~~~~~~~~~~~~~~~~~~~~~~~~~~~


================================================================================
           ---------------- ENERGY COMPONENTS (Eh) ----------------
           | Kinetic                    :      294.19852514857678 |
           | Core Hartree               :    -8861.37301183990530 |
           | CoreHart (non-coul chg cor):        0.00142678223254
           | Hartree                    :     4253.74834507397281 |
           | Exchange-correlation       :     -142.39408023340064 |
           | Ewald                      :     3609.65848956015998 |
           | Dij0                       :       19.59945333718158 |
           | Dijhartree                 :       32.79652032021173 |
           | Exc [AE core]              :     -458.48253757656391 |
           | Exc DC [AE core]           :     -199.69576812027606 |
           | Exc [PS core]              :     -112.99954483883540 |
           | Exc DC [PS core]           :     -132.13484044454958 |
           | Exc [Core]                 :     -299.81596204920010 |
           | Total [Sphere]             :        6.72894296886489 |
           | Total                      :     -839.43278932173189 |
           --------------------------------------------------------
           ------ LOCAL ENERGY COMPONENTS FROM MATRIX TRACES ------
           | Core Hartree               :    -8861.37301183991258 |
           | Hartree (Valence)          :     4253.74834507398373 |
           --------------------------------------------------------
           Integrated compensation chrg.:       39.87166344602468
           Integrated density           :      322.99999658101041
           Integrated spin density      :        2.99999998810981
           Integrated |spin density|    :        3.41691832230641
           Local density approx. <S^2>  :        3.95845916709629
           Integrated density tr(KS)    :      323.00000000000000
           Integrated spin tr(KS)       :        3.00000000000003
================================================================================




################################################################################
########################### NGWF CG iteration  006 #############################
################################################################################
****** Reciprocal space K.E. preconditioning with k_zero =  3.0000 a0^-1 *******

>>> Checking for convergence of NGWFs:   NOT CONVERGED
  ========================================================================
         NGWF RMS gradient =  4.4093E-05 >  2.0000E-06  | above tolerance
  ========================================================================

>>> Improving NGWFs using line search:
============ Calculation of NGWF S^-1 using Hotelling algorithm ================ 
     Iteration  |  Spin  |  Frobenius norm and Maximum abs value (of I-S*S_n^-1)
         1           1      0.57037208E-01     0.46095424E-02
         1           2      0.55691972E-01     0.30372961E-02
         2           1      0.24729323E-03     0.27899501E-04
         2           2      0.22621918E-03     0.26646596E-04
         3           1      0.11859095E-07     0.14435757E-08
         3           2      0.89129984E-08     0.12185640E-08
         4           1      0.24376681E-13     0.39968029E-14
         4           2      0.24760788E-13     0.39968029E-14
================================================================================
============ Calculation of NGWF S^-1 using Hotelling algorithm ================ 
     Iteration  |  Spin  |  Frobenius norm and Maximum abs value (of I-S*S_n^-1)
         1           1      0.16285563E-01     0.12185189E-02
         1           2      0.15958054E-01     0.81674600E-03
         2           1      0.20509226E-04     0.19786876E-05
         2           2      0.19287227E-04     0.18833118E-05
         3           1      0.72215851E-10     0.72403195E-11
         3           2      0.61017533E-10     0.64750427E-11
         4           1      0.22091747E-13     0.28865799E-14
         4           2      0.22923456E-13     0.36637360E-14
================================================================================
------------------------------- NGWF line search -------------------------------
RMS gradient                =       0.00004409264879
Trial step length           =               0.802060
Gradient along search dir.  =         -0.01944571222
Functional at step 0        =    -839.43278932176531
Functional at step 1        =    -839.44221801158392
Functional predicted        =    -839.44264897218704
Selected quadratic step     =               1.014069
Conjugate gradients coeff.  =               0.497665
--------------------------- NGWF line search finished --------------------------
                                               
Writing NGWFs to file "Fe3_O_piv_6_H2O_3_LowSpin_NGWFSP.tightbox_ngwfs".... done

>>> Optimising kernel for current NGWFs:
   Initial electron number for spin 1:     163.00903117
   Initial electron number for spin 2:     160.00511147
     Final electron number for spin 1:     163.00000000
     Final electron number for spin 2:     160.00000000

=================== Penalty functional idempotency correction ==================
 RMS occupancy error at iteration   1:  0.000518 (step -0.4991 Ne1=    163.0000)
                                                               Ne2=    160.0000
 RMS occupancy error at iteration   2:  0.000002 (step -0.5000 Ne1=    163.0000)
                                                               Ne2=    160.0000
            Final RMS occupancy error   :  0.000000 (Ne1=    163.0000)
                                                     Ne2=    160.0000
            Final occupancy bounds spin 1: [  0.000,  1.000]
            Final occupancy bounds spin 2: [  0.000,  1.000]
================================================================================

................................................................................
<<<<<<<<<<<<<< LNV (Original version) density kernel optimisation >>>>>>>>>>>>>>
~~~~~~~~~~~~~~~~~~~~~~~~~~~~~~~~~~~~~~~~~~~~~~~~~~~~~~~~~~~~~~~~~~~~~~~~~~~~~~~~
   iter  |      energy (Eh)       | rms gradient |  commutator  |   dE (Eh)
      ideal mu1:      -0.648180411624
      ideal mu2:      -0.651009943217
             Q0:        -839.442647252807
             G0:      -0.012521148269
   RMS gradient:       0.000559178727
     Trial step:       0.580021452390
             Q1:        -839.442826590026
 Quadratic coef:       0.007083197385
 Linear coef   :      -0.007262534604
           Qmin:        -839.444508855908
Quadratic minimum step length (  0.297353415433) accepted
    Initial Ne1:     162.99999998
    Initial Ne2:     160.00000000
      Final Ne1:     163.00000000
      Final Ne2:     160.00000000

=================== Penalty functional idempotency correction ==================
 RMS occupancy error at iteration   1:  0.000012 (step -0.4999 Ne1=    163.0000)
                                                               Ne2=    160.0000
            Final RMS occupancy error   :  0.000000 (Ne1=    163.0000)
                                                     Ne2=    160.0000
            Final occupancy bounds spin 1: [ -0.000,  1.000]
            Final occupancy bounds spin 2: [ -0.000,  1.000]
================================================================================

    1        -8.394426472528E+02     5.5918E-04     3.4640E-04
      ideal mu1:      -0.647092587613
      ideal mu2:      -0.650057496203
             Q0:        -839.444510410633
             G0:      -0.008212972237
   RMS gradient:       0.000453696321
     Trial step:       0.415296713077
             Q1:        -839.446427522221
 Quadratic coef:       0.001493708786
 Linear coef   :      -0.003410820375
           Qmin:        -839.446457526385
Quadratic minimum step length (  0.474156175424) accepted
    Initial Ne1:     163.00000009
    Initial Ne2:     160.00000023
      Final Ne1:     163.00000000
      Final Ne2:     160.00000000

=================== Penalty functional idempotency correction ==================
 RMS occupancy error at iteration   1:  0.000064 (step -0.4992 Ne1=    163.0000)
                                                               Ne2=    160.0000
            Final RMS occupancy error   :  0.000000 (Ne1=    163.0000)
                                                     Ne2=    160.0000
            Final occupancy bounds spin 1: [  0.000,  1.000]
            Final occupancy bounds spin 2: [ -0.000,  1.000]
================================================================================

    2        -8.394445104106E+02     4.5370E-04     2.8102E-04    -1.8632E-03
      ideal mu1:      -0.645964736597
      ideal mu2:      -0.649077297046
             Q0:        -839.446456790728
             G0:      -0.005551746671
   RMS gradient:       0.000374198608
     Trial step:       0.443751620999
             Q1:        -839.447793887696
 Quadratic coef:       0.001126499616
 Linear coef   :      -0.002463596584
           Qmin:        -839.447803730408
Quadratic minimum step length (  0.485230958789) accepted
    Initial Ne1:     163.00000219
    Initial Ne2:     160.00000842
      Final Ne1:     163.00000000
      Final Ne2:     160.00000000

=================== Penalty functional idempotency correction ==================
 RMS occupancy error at iteration   1:  0.000130 (step -0.4978 Ne1=    163.0000)
                                                               Ne2=    160.0000
 RMS occupancy error at iteration   2:  0.000000 (step -0.5000 Ne1=    163.0000)
                                                               Ne2=    160.0000
            Final RMS occupancy error   :  0.000000 (Ne1=    163.0000)
                                                     Ne2=    160.0000
            Final occupancy bounds spin 1: [  0.000,  1.000]
            Final occupancy bounds spin 2: [  0.000,  1.000]
================================================================================

    3        -8.394464567907E+02     3.7420E-04     2.3176E-04    -1.9464E-03
      ideal mu1:      -0.646906515111
      ideal mu2:      -0.649915070971
             Q0:        -839.447804526012
             G0:      -0.005169577114
   RMS gradient:       0.000361601893
     Trial step:       0.464028042818
             Q1:        -839.449264232751
 Quadratic coef:       0.000939122011
 Linear coef   :      -0.002398828750
           Qmin:        -839.449336376854
Quadratic minimum step length (  0.592640677729) accepted
    Initial Ne1:     163.00000250
    Initial Ne2:     160.00000960
      Final Ne1:     163.00000000
      Final Ne2:     160.00000000

=================== Penalty functional idempotency correction ==================
 RMS occupancy error at iteration   1:  0.000369 (step -0.4931 Ne1=    163.0000)
                                                               Ne2=    160.0000
 RMS occupancy error at iteration   2:  0.000002 (step -0.5000 Ne1=    163.0000)
                                                               Ne2=    160.0000
            Final RMS occupancy error   :  0.000000 (Ne1=    163.0000)
                                                     Ne2=    160.0000
            Final occupancy bounds spin 1: [  0.000,  1.000]
            Final occupancy bounds spin 2: [  0.000,  1.000]
================================================================================

    4        -8.394478045260E+02     3.6160E-04     2.2388E-04    -1.3477E-03
      ideal mu1:      -0.647725940347
      ideal mu2:      -0.650627048316
    5        -8.394493381423E+02     4.1156E-04     2.5492E-04    -1.5336E-03
Finished density kernel iterations (   5)

Writing density kernel to file "Fe3_O_piv_6_H2O_3_LowSpin_NGWFSP.dkn" ... done


>>> Density kernel optimised for the current NGWF basis:
     ~~~~~~~~~~~~~~~~~~~~~~~~~~~~~~~~~~~~~~~~~~~~~~~~~~~~~~~~~~~
     Total energy                =  -8.39449338142271E+02  Eh
     Estimated bandgap (UP spin) =   3.5424E-02  Eh
     Estimated bandgap (DN spin) =  -1.0137E-03  Eh
     RMS occupancy error         =   6.8842E-11
     [H,K] commutator            =   2.5492E-04
     UP spin occupancy bounds    = [  0.000:  1.000]
     DN spin occupancy bounds    = [  0.000:  1.000]
     ~~~~~~~~~~~~~~~~~~~~~~~~~~~~~~~~~~~~~~~~~~~~~~~~~~~~~~~~~~~




################################################################################
########################### NGWF CG iteration  007 #############################
################################################################################
****** Reciprocal space K.E. preconditioning with k_zero =  3.0000 a0^-1 *******

>>> Checking for convergence of NGWFs:   NOT CONVERGED
  ========================================================================
         NGWF RMS gradient =  3.0884E-05 >  2.0000E-06  | above tolerance
  ========================================================================

>>> Improving NGWFs using line search:
============ Calculation of NGWF S^-1 using Hotelling algorithm ================ 
     Iteration  |  Spin  |  Frobenius norm and Maximum abs value (of I-S*S_n^-1)
         1           1      0.67106425E-01     0.52147175E-02
         1           2      0.66282005E-01     0.32687925E-02
         2           1      0.37981696E-03     0.38147007E-04
         2           2      0.37169615E-03     0.39102601E-04
         3           1      0.25605974E-07     0.25672460E-08
         3           2      0.24847054E-07     0.25948701E-08
         4           1      0.24229818E-13     0.37747583E-14
         4           2      0.23819259E-13     0.28865799E-14
================================================================================
============ Calculation of NGWF S^-1 using Hotelling algorithm ================ 
     Iteration  |  Spin  |  Frobenius norm and Maximum abs value (of I-S*S_n^-1)
         1           1      0.67854886E-02     0.47758773E-03
         1           2      0.67200347E-02     0.35578810E-03
         2           1      0.40063696E-05     0.35183000E-06
         2           2      0.39565739E-05     0.36208043E-06
         3           1      0.26720425E-11     0.23758773E-12
         3           2      0.26461407E-11     0.24202862E-12
================================================================================
------------------------------- NGWF line search -------------------------------
RMS gradient                =       0.00003088442591
Trial step length           =               0.901856
Gradient along search dir.  =         -0.01008905512
Functional at step 0        =    -839.44933814227090
Functional at step 1        =    -839.45427001984785
Functional predicted        =    -839.45430511963002
Selected quadratic step     =               0.984627
Conjugate gradients coeff.  =               0.490622
--------------------------- NGWF line search finished --------------------------
                                               
Writing NGWFs to file "Fe3_O_piv_6_H2O_3_LowSpin_NGWFSP.tightbox_ngwfs".... done

>>> Optimising kernel for current NGWFs:
   Initial electron number for spin 1:     163.01238308
   Initial electron number for spin 2:     160.00963527
     Final electron number for spin 1:     163.00000000
     Final electron number for spin 2:     160.00000000

=================== Penalty functional idempotency correction ==================
 RMS occupancy error at iteration   1:  0.000489 (step -0.4993 Ne1=    163.0000)
                                                               Ne2=    160.0000
 RMS occupancy error at iteration   2:  0.000002 (step -0.5000 Ne1=    163.0000)
                                                               Ne2=    160.0000
            Final RMS occupancy error   :  0.000000 (Ne1=    163.0000)
                                                     Ne2=    160.0000
            Final occupancy bounds spin 1: [  0.000,  1.000]
            Final occupancy bounds spin 2: [  0.000,  1.000]
================================================================================

................................................................................
<<<<<<<<<<<<<< LNV (Original version) density kernel optimisation >>>>>>>>>>>>>>
~~~~~~~~~~~~~~~~~~~~~~~~~~~~~~~~~~~~~~~~~~~~~~~~~~~~~~~~~~~~~~~~~~~~~~~~~~~~~~~~
   iter  |      energy (Eh)       | rms gradient |  commutator  |   dE (Eh)
      ideal mu1:      -0.647704147371
      ideal mu2:      -0.650614633258
             Q0:        -839.454292866370
             G0:      -0.005730401963
   RMS gradient:       0.000378286729
     Trial step:       0.524406229731
             Q1:        -839.454157897463
 Quadratic coef:       0.003140027395
 Linear coef   :      -0.003005058488
           Qmin:        -839.455011839119
Quadratic minimum step length (  0.250932745770) accepted
    Initial Ne1:     162.99999999
    Initial Ne2:     160.00000000
      Final Ne1:     163.00000000
      Final Ne2:     160.00000000

=================== Penalty functional idempotency correction ==================
 RMS occupancy error at iteration   1:  0.000005 (step -0.4999 Ne1=    163.0000)
                                                               Ne2=    160.0000
            Final RMS occupancy error   :  0.000000 (Ne1=    163.0000)
                                                     Ne2=    160.0000
            Final occupancy bounds spin 1: [ -0.000,  1.000]
            Final occupancy bounds spin 2: [ -0.000,  1.000]
================================================================================

    1        -8.394542928664E+02     3.7829E-04     2.3447E-04
      ideal mu1:      -0.647272496869
      ideal mu2:      -0.650214459694
             Q0:        -839.455013211485
             G0:      -0.003330643103
   RMS gradient:       0.000288722513
     Trial step:       0.362754317859
             Q1:        -839.455889878663
 Quadratic coef:       0.000331537988
 Linear coef   :      -0.001208205167
           Qmin:        -839.456113959948
Quadratic minimum step length (  0.660982536438) accepted
    Initial Ne1:     163.00000002
    Initial Ne2:     160.00000006
      Final Ne1:     163.00000000
      Final Ne2:     160.00000000

=================== Penalty functional idempotency correction ==================
 RMS occupancy error at iteration   1:  0.000042 (step -0.4995 Ne1=    163.0000)
                                                               Ne2=    160.0000
            Final RMS occupancy error   :  0.000000 (Ne1=    163.0000)
                                                     Ne2=    160.0000
            Final occupancy bounds spin 1: [ -0.000,  1.000]
            Final occupancy bounds spin 2: [ -0.000,  1.000]
================================================================================

    2        -8.394550132115E+02     2.8872E-04     1.7896E-04    -7.2035E-04
      ideal mu1:      -0.646150177934
      ideal mu2:      -0.649165119865
             Q0:        -839.456103397795
             G0:      -0.002904878908
   RMS gradient:       0.000272333327
     Trial step:       0.489667508747
             Q1:        -839.456900950907
 Quadratic coef:       0.000624871706
 Linear coef   :      -0.001422424818
           Qmin:        -839.456912880903
Quadratic minimum step length (  0.557326576220) accepted
    Initial Ne1:     163.00000052
    Initial Ne2:     160.00000235
      Final Ne1:     163.00000000
      Final Ne2:     160.00000000

=================== Penalty functional idempotency correction ==================
 RMS occupancy error at iteration   1:  0.000100 (step -0.4987 Ne1=    163.0000)
                                                               Ne2=    160.0000
            Final RMS occupancy error   :  0.000000 (Ne1=    163.0000)
                                                     Ne2=    160.0000
            Final occupancy bounds spin 1: [  0.000,  1.000]
            Final occupancy bounds spin 2: [ -0.000,  1.000]
================================================================================

    3        -8.394561033978E+02     2.7233E-04     1.6883E-04    -1.0902E-03
      ideal mu1:      -0.645972190742
      ideal mu2:      -0.648987720133
             Q0:        -839.456911142068
             G0:      -0.003460839573
   RMS gradient:       0.000297941463
     Trial step:       0.522402829372
             Q1:        -839.457842311277
 Quadratic coef:       0.000876783176
 Linear coef   :      -0.001807952385
           Qmin:        -839.457843154655
Quadratic minimum step length (  0.538604906487) accepted
    Initial Ne1:     163.00000514
    Initial Ne2:     160.00001902
      Final Ne1:     163.00000000
      Final Ne2:     160.00000000

=================== Penalty functional idempotency correction ==================
 RMS occupancy error at iteration   1:  0.000266 (step -0.4964 Ne1=    163.0000)
                                                               Ne2=    160.0000
 RMS occupancy error at iteration   2:  0.000001 (step -0.5000 Ne1=    163.0000)
                                                               Ne2=    160.0000
            Final RMS occupancy error   :  0.000000 (Ne1=    163.0000)
                                                     Ne2=    160.0000
            Final occupancy bounds spin 1: [  0.000,  1.000]
            Final occupancy bounds spin 2: [  0.000,  1.000]
================================================================================

    4        -8.394569111421E+02     2.9794E-04     1.8463E-04    -8.0774E-04
      ideal mu1:      -0.646842132916
      ideal mu2:      -0.649798475791
    5        -8.394578467323E+02     3.6899E-04     2.2862E-04    -9.3559E-04
Finished density kernel iterations (   5)

Writing density kernel to file "Fe3_O_piv_6_H2O_3_LowSpin_NGWFSP.dkn" ... done


>>> Density kernel optimised for the current NGWF basis:
     ~~~~~~~~~~~~~~~~~~~~~~~~~~~~~~~~~~~~~~~~~~~~~~~~~~~~~~~~~~~
     Total energy                =  -8.39457846732275E+02  Eh
     Estimated bandgap (UP spin) =   3.7206E-02  Eh
     Estimated bandgap (DN spin) =   1.2129E-03  Eh
     RMS occupancy error         =   7.4951E-12
     [H,K] commutator            =   2.2862E-04
     UP spin occupancy bounds    = [  0.000:  1.000]
     DN spin occupancy bounds    = [  0.000:  1.000]
     ~~~~~~~~~~~~~~~~~~~~~~~~~~~~~~~~~~~~~~~~~~~~~~~~~~~~~~~~~~~




################################################################################
########################### NGWF CG iteration  008 #############################
################################################################################
****** Reciprocal space K.E. preconditioning with k_zero =  3.0000 a0^-1 *******

>>> Checking for convergence of NGWFs:   NOT CONVERGED
  ========================================================================
         NGWF RMS gradient =  2.0728E-05 >  2.0000E-06  | above tolerance
  ========================================================================

>>> Improving NGWFs using line search:
============ Calculation of NGWF S^-1 using Hotelling algorithm ================ 
     Iteration  |  Spin  |  Frobenius norm and Maximum abs value (of I-S*S_n^-1)
         1           1      0.64428798E-01     0.49303382E-02
         1           2      0.64650491E-01     0.47047913E-02
         2           1      0.39539415E-03     0.38931536E-04
         2           2      0.39845088E-03     0.39164162E-04
         3           1      0.31129449E-07     0.29897502E-08
         3           2      0.31387219E-07     0.30295526E-08
         4           1      0.24267186E-13     0.31086245E-14
         4           2      0.23898786E-13     0.31086245E-14
================================================================================
============ Calculation of NGWF S^-1 using Hotelling algorithm ================ 
     Iteration  |  Spin  |  Frobenius norm and Maximum abs value (of I-S*S_n^-1)
         1           1      0.91484893E-02     0.64374453E-03
         1           2      0.91784150E-02     0.61487017E-03
         2           1      0.81310202E-05     0.70493658E-06
         2           2      0.81894226E-05     0.72147352E-06
         3           1      0.12398350E-10     0.10786927E-11
         3           2      0.12535992E-10     0.10973444E-11
         4           1      0.20490325E-13     0.26645353E-14
         4           2      0.21067479E-13     0.26645353E-14
================================================================================
------------------------------- NGWF line search -------------------------------
RMS gradient                =       0.00002072821947
Trial step length           =               0.942333
Gradient along search dir.  =         -0.00460924948
Functional at step 0        =    -839.45784673227502
Functional at step 1        =    -839.45969121562882
Functional predicted        =    -839.45973406796895
Selected quadratic step     =               0.818934
Conjugate gradients coeff.  =               0.450448
--------------------------- NGWF line search finished --------------------------
                                               
Writing NGWFs to file "Fe3_O_piv_6_H2O_3_LowSpin_NGWFSP.tightbox_ngwfs".... done

>>> Optimising kernel for current NGWFs:
   Initial electron number for spin 1:     163.01183407
   Initial electron number for spin 2:     160.01081777
     Final electron number for spin 1:     163.00000000
     Final electron number for spin 2:     160.00000000

=================== Penalty functional idempotency correction ==================
 RMS occupancy error at iteration   1:  0.000360 (step -0.4996 Ne1=    163.0000)
                                                               Ne2=    160.0000
 RMS occupancy error at iteration   2:  0.000001 (step -0.5000 Ne1=    163.0000)
                                                               Ne2=    160.0000
            Final RMS occupancy error   :  0.000000 (Ne1=    163.0000)
                                                     Ne2=    160.0000
            Final occupancy bounds spin 1: [  0.000,  1.000]
            Final occupancy bounds spin 2: [  0.000,  1.000]
================================================================================

................................................................................
<<<<<<<<<<<<<< LNV (Original version) density kernel optimisation >>>>>>>>>>>>>>
~~~~~~~~~~~~~~~~~~~~~~~~~~~~~~~~~~~~~~~~~~~~~~~~~~~~~~~~~~~~~~~~~~~~~~~~~~~~~~~~
   iter  |      energy (Eh)       | rms gradient |  commutator  |   dE (Eh)
      ideal mu1:      -0.646567743082
      ideal mu2:      -0.649585424395
             Q0:        -839.459732900600
             G0:      -0.003669386683
   RMS gradient:       0.000302708978
     Trial step:       0.530442011027
             Q1:        -839.459786482271
 Quadratic coef:       0.001892815180
 Linear coef   :      -0.001946396851
           Qmin:        -839.460233274427
Quadratic minimum step length (  0.272728861945) accepted
    Initial Ne1:     163.00000000
    Initial Ne2:     160.00000000
      Final Ne1:     163.00000000
      Final Ne2:     160.00000000

=================== Penalty functional idempotency correction ==================
 RMS occupancy error at iteration   1:  0.000003 (step -0.5000 Ne1=    163.0000)
                                                               Ne2=    160.0000
            Final RMS occupancy error   :  0.000000 (Ne1=    163.0000)
                                                     Ne2=    160.0000
            Final occupancy bounds spin 1: [  0.000,  1.000]
            Final occupancy bounds spin 2: [  0.000,  1.000]
================================================================================

    1        -8.394597329006E+02     3.0271E-04     1.8770E-04
      ideal mu1:      -0.646645910793
      ideal mu2:      -0.649639399093
             Q0:        -839.460234531064
             G0:      -0.002235712037
   RMS gradient:       0.000236492376
     Trial step:       0.380350951090
             Q1:        -839.460771968319
 Quadratic coef:       0.000312917944
 Linear coef   :      -0.000850355200
           Qmin:        -839.460812241594
Quadratic minimum step length (  0.516802272014) accepted
    Initial Ne1:     163.00000003
    Initial Ne2:     160.00000003
      Final Ne1:     163.00000000
      Final Ne2:     160.00000000

=================== Penalty functional idempotency correction ==================
 RMS occupancy error at iteration   1:  0.000017 (step -0.4999 Ne1=    163.0000)
                                                               Ne2=    160.0000
            Final RMS occupancy error   :  0.000000 (Ne1=    163.0000)
                                                     Ne2=    160.0000
            Final occupancy bounds spin 1: [ -0.000,  1.000]
            Final occupancy bounds spin 2: [  0.000,  1.000]
================================================================================

    2        -8.394602345311E+02     2.3649E-04     1.4665E-04    -5.0163E-04
      ideal mu1:      -0.646609302107
      ideal mu2:      -0.649579988194
             Q0:        -839.460809390672
             G0:      -0.001786043234
   RMS gradient:       0.000213259015
     Trial step:       0.443357909241
             Q1:        -839.461289003858
 Quadratic coef:       0.000312243208
 Linear coef   :      -0.000791856394
           Qmin:        -839.461311432456
Quadratic minimum step length (  0.562183237638) accepted
    Initial Ne1:     163.00000035
    Initial Ne2:     160.00000013
      Final Ne1:     163.00000000
      Final Ne2:     160.00000000

=================== Penalty functional idempotency correction ==================
 RMS occupancy error at iteration   1:  0.000048 (step -0.4994 Ne1=    163.0000)
                                                               Ne2=    160.0000
            Final RMS occupancy error   :  0.000000 (Ne1=    163.0000)
                                                     Ne2=    160.0000
            Final occupancy bounds spin 1: [ -0.000,  1.000]
            Final occupancy bounds spin 2: [ -0.000,  1.000]
================================================================================

    3        -8.394608093907E+02     2.1326E-04     1.3231E-04    -5.7486E-04
      ideal mu1:      -0.646364690010
      ideal mu2:      -0.649366189422
             Q0:        -839.461306611235
             G0:      -0.001841105001
   RMS gradient:       0.000219553297
     Trial step:       0.499247819073
             Q1:        -839.461810104711
 Quadratic coef:       0.000415674180
 Linear coef   :      -0.000919167656
           Qmin:        -839.461814743097
Quadratic minimum step length (  0.551985749837) accepted
    Initial Ne1:     163.00000361
    Initial Ne2:     160.00000172
      Final Ne1:     163.00000000
      Final Ne2:     160.00000000

=================== Penalty functional idempotency correction ==================
 RMS occupancy error at iteration   1:  0.000123 (step -0.4983 Ne1=    163.0000)
                                                               Ne2=    160.0000
            Final RMS occupancy error   :  0.000000 (Ne1=    163.0000)
                                                     Ne2=    160.0000
            Final occupancy bounds spin 1: [ -0.000,  1.000]
            Final occupancy bounds spin 2: [ -0.000,  1.000]
================================================================================

    4        -8.394613066112E+02     2.1955E-04     1.3611E-04    -4.9722E-04
      ideal mu1:      -0.646590544185
      ideal mu2:      -0.649602802345
    5        -8.394618126675E+02     2.8014E-04     1.7354E-04    -5.0606E-04
Finished density kernel iterations (   5)

Writing density kernel to file "Fe3_O_piv_6_H2O_3_LowSpin_NGWFSP.dkn" ... done


>>> Density kernel optimised for the current NGWF basis:
     ~~~~~~~~~~~~~~~~~~~~~~~~~~~~~~~~~~~~~~~~~~~~~~~~~~~~~~~~~~~
     Total energy                =  -8.39461812667479E+02  Eh
     Estimated bandgap (UP spin) =   3.9550E-02  Eh
     Estimated bandgap (DN spin) =   5.5669E-03  Eh
     RMS occupancy error         =   1.2742E-07
     [H,K] commutator            =   1.7354E-04
     UP spin occupancy bounds    = [ -0.000:  1.000]
     DN spin occupancy bounds    = [ -0.000:  1.000]
     ~~~~~~~~~~~~~~~~~~~~~~~~~~~~~~~~~~~~~~~~~~~~~~~~~~~~~~~~~~~




################################################################################
########################### NGWF CG iteration  009 #############################
################################################################################
****** Reciprocal space K.E. preconditioning with k_zero =  3.0000 a0^-1 *******

>>> Checking for convergence of NGWFs:   NOT CONVERGED
  ========================================================================
         NGWF RMS gradient =  1.5614E-05 >  2.0000E-06  | above tolerance
  ========================================================================

>>> Improving NGWFs using line search:
============ Calculation of NGWF S^-1 using Hotelling algorithm ================ 
     Iteration  |  Spin  |  Frobenius norm and Maximum abs value (of I-S*S_n^-1)
         1           1      0.26530198E-01     0.27438235E-02
         1           2      0.25855644E-01     0.15966037E-02
         2           1      0.66661019E-04     0.98572512E-05
         2           2      0.65078258E-04     0.99571733E-05
         3           1      0.95403777E-09     0.13465584E-09
         3           2      0.93053938E-09     0.13621460E-09
         4           1      0.23700111E-13     0.33306691E-14
         4           2      0.23400172E-13     0.28865799E-14
================================================================================
============ Calculation of NGWF S^-1 using Hotelling algorithm ================ 
     Iteration  |  Spin  |  Frobenius norm and Maximum abs value (of I-S*S_n^-1)
         1           1      0.85733770E-02     0.87219339E-03
         1           2      0.83636944E-02     0.50845623E-03
         2           1      0.69713085E-05     0.10009564E-05
         2           2      0.68179200E-05     0.10113691E-05
         3           1      0.10449829E-10     0.14233059E-11
         3           2      0.10243242E-10     0.14397372E-11
         4           1      0.21030607E-13     0.44408921E-14
         4           2      0.20509222E-13     0.31086245E-14
================================================================================
------------------------------- NGWF line search -------------------------------
RMS gradient                =       0.00001561390491
Trial step length           =               0.878469
Gradient along search dir.  =         -0.00249336805
Functional at step 0        =    -839.46181266747885
Functional at step 1        =    -839.46239767216503
Functional predicted        =    -839.46255980112471
Selected quadratic step     =               0.599297
Conjugate gradients coeff.  =               0.000000
--------------------------- NGWF line search finished --------------------------
                                               
Writing NGWFs to file "Fe3_O_piv_6_H2O_3_LowSpin_NGWFSP.tightbox_ngwfs".... done

>>> Optimising kernel for current NGWFs:
   Initial electron number for spin 1:     163.00116748
   Initial electron number for spin 2:     160.00115381
     Final electron number for spin 1:     163.00000000
     Final electron number for spin 2:     160.00000000

=================== Penalty functional idempotency correction ==================
 RMS occupancy error at iteration   1:  0.000134 (step -0.4999 Ne1=    163.0000)
                                                               Ne2=    160.0000
            Final RMS occupancy error   :  0.000000 (Ne1=    163.0000)
                                                     Ne2=    160.0000
            Final occupancy bounds spin 1: [  0.000,  1.000]
            Final occupancy bounds spin 2: [  0.000,  1.000]
================================================================================

................................................................................
<<<<<<<<<<<<<< LNV (Original version) density kernel optimisation >>>>>>>>>>>>>>
~~~~~~~~~~~~~~~~~~~~~~~~~~~~~~~~~~~~~~~~~~~~~~~~~~~~~~~~~~~~~~~~~~~~~~~~~~~~~~~~
   iter  |      energy (Eh)       | rms gradient |  commutator  |   dE (Eh)
      ideal mu1:      -0.647191405211
      ideal mu2:      -0.650124940897
             Q0:        -839.462569762413
             G0:      -0.002224952084
   RMS gradient:       0.000235715908
     Trial step:       0.524954933080
             Q1:        -839.462699152425
 Quadratic coef:       0.001038609560
 Linear coef   :      -0.001167999572
           Qmin:        -839.462898139662
Quadratic minimum step length (  0.295176917646) accepted
    Initial Ne1:     162.99998823
    Initial Ne2:     159.99999077
      Final Ne1:     163.00000000
      Final Ne2:     160.00000000

=================== Penalty functional idempotency correction ==================
 RMS occupancy error at iteration   1:  0.000002 (step -0.5000 Ne1=    163.0000)
                                                               Ne2=    160.0000
            Final RMS occupancy error   :  0.000000 (Ne1=    163.0000)
                                                     Ne2=    160.0000
            Final occupancy bounds spin 1: [  0.000,  1.000]
            Final occupancy bounds spin 2: [  0.000,  1.000]
================================================================================

    1        -8.394625697624E+02     2.3572E-04     1.4627E-04
      ideal mu1:      -0.646653192359
      ideal mu2:      -0.649639575921
             Q0:        -839.462899172136
             G0:      -0.001441144181
   RMS gradient:       0.000190179141
     Trial step:       0.393642704810
             Q1:        -839.463255502382
 Quadratic coef:       0.000210965647
 Linear coef   :      -0.000567295893
           Qmin:        -839.463280543031
Quadratic minimum step length (  0.529261264445) accepted
    Initial Ne1:     162.99998628
    Initial Ne2:     159.99998924
      Final Ne1:     163.00000000
      Final Ne2:     160.00000000

=================== Penalty functional idempotency correction ==================
 RMS occupancy error at iteration   1:  0.000013 (step -0.4999 Ne1=    163.0000)
                                                               Ne2=    160.0000
            Final RMS occupancy error   :  0.000000 (Ne1=    163.0000)
                                                     Ne2=    160.0000
            Final occupancy bounds spin 1: [ -0.000,  1.000]
            Final occupancy bounds spin 2: [  0.000,  1.000]
================================================================================

    2        -8.394628991721E+02     1.9018E-04     1.1802E-04    -3.2941E-04
      ideal mu1:      -0.646158140791
      ideal mu2:      -0.649185847749
             Q0:        -839.463277618134
             G0:      -0.001369831552
   RMS gradient:       0.000187830911
     Trial step:       0.456442587504
             Q1:        -839.463619524173
 Quadratic coef:       0.000283343419
 Linear coef   :      -0.000625249458
           Qmin:        -839.463622550165
Quadratic minimum step length (  0.503612332225) accepted
    Initial Ne1:     162.99998747
    Initial Ne2:     159.99999001
      Final Ne1:     163.00000000
      Final Ne2:     160.00000000

=================== Penalty functional idempotency correction ==================
 RMS occupancy error at iteration   1:  0.000039 (step -0.4994 Ne1=    163.0000)
                                                               Ne2=    160.0000
            Final RMS occupancy error   :  0.000000 (Ne1=    163.0000)
                                                     Ne2=    160.0000
            Final occupancy bounds spin 1: [ -0.000,  1.000]
            Final occupancy bounds spin 2: [ -0.000,  1.000]
================================================================================

    3        -8.394632776181E+02     1.8783E-04     1.1655E-04    -3.7845E-04
      ideal mu1:      -0.646145506358
      ideal mu2:      -0.649169370429
             Q0:        -839.463621303373
             G0:      -0.001240842440
   RMS gradient:       0.000179771170
     Trial step:       0.479447719798
             Q1:        -839.463971834970
 Quadratic coef:       0.000244387481
 Linear coef   :      -0.000594919078
           Qmin:        -839.463983360288
Quadratic minimum step length (  0.583566298107) accepted
    Initial Ne1:     162.99998915
    Initial Ne2:     159.99999065
      Final Ne1:     163.00000000
      Final Ne2:     160.00000000

=================== Penalty functional idempotency correction ==================
 RMS occupancy error at iteration   1:  0.000099 (step -0.4984 Ne1=    163.0000)
                                                               Ne2=    160.0000
            Final RMS occupancy error   :  0.000000 (Ne1=    163.0000)
                                                     Ne2=    160.0000
            Final occupancy bounds spin 1: [ -0.000,  1.000]
            Final occupancy bounds spin 2: [ -0.000,  1.000]
================================================================================

    4        -8.394636213034E+02     1.7977E-04     1.1147E-04    -3.4369E-04
      ideal mu1:      -0.646489284192
      ideal mu2:      -0.649493213740
    5        -8.394639790950E+02     2.3939E-04     1.4833E-04    -3.5779E-04
Finished density kernel iterations (   5)

Writing density kernel to file "Fe3_O_piv_6_H2O_3_LowSpin_NGWFSP.dkn" ... done


>>> Density kernel optimised for the current NGWF basis:
     ~~~~~~~~~~~~~~~~~~~~~~~~~~~~~~~~~~~~~~~~~~~~~~~~~~~~~~~~~~~
     Total energy                =  -8.39463979095000E+02  Eh
     Estimated bandgap (UP spin) =   3.9928E-02  Eh
     Estimated bandgap (DN spin) =   7.0262E-03  Eh
     RMS occupancy error         =   8.8071E-08
     [H,K] commutator            =   1.4833E-04
     UP spin occupancy bounds    = [ -0.000:  1.000]
     DN spin occupancy bounds    = [ -0.000:  1.000]
     ~~~~~~~~~~~~~~~~~~~~~~~~~~~~~~~~~~~~~~~~~~~~~~~~~~~~~~~~~~~




################################################################################
########################### NGWF CG iteration  010 #############################
################################################################################
****** Reciprocal space K.E. preconditioning with k_zero =  3.0000 a0^-1 *******

>>> Checking for convergence of NGWFs:   NOT CONVERGED
  ========================================================================
         NGWF RMS gradient =  1.0608E-05 >  2.0000E-06  | above tolerance
  ========================================================================

>>> Improving NGWFs using line search:
============ Calculation of NGWF S^-1 using Hotelling algorithm ================ 
     Iteration  |  Spin  |  Frobenius norm and Maximum abs value (of I-S*S_n^-1)
         1           1      0.31009037E-01     0.33830678E-02
         1           2      0.30211185E-01     0.19503317E-02
         2           1      0.95602729E-04     0.13670949E-04
         2           2      0.94116629E-04     0.13915945E-04
         3           1      0.20430142E-08     0.27028957E-09
         3           2      0.20252354E-08     0.27594727E-09
         4           1      0.23902544E-13     0.35527137E-14
         4           2      0.24879752E-13     0.35527137E-14
================================================================================
============ Calculation of NGWF S^-1 using Hotelling algorithm ================ 
     Iteration  |  Spin  |  Frobenius norm and Maximum abs value (of I-S*S_n^-1)
         1           1      0.95644098E-02     0.99501626E-03
         1           2      0.93429664E-02     0.57473140E-03
         2           1      0.91961241E-05     0.12034927E-05
         2           2      0.90811620E-05     0.12256990E-05
         3           1      0.18941796E-10     0.22595259E-11
         3           2      0.18889524E-10     0.23070434E-11
         4           1      0.21943871E-13     0.35527137E-14
         4           2      0.21150283E-13     0.19984014E-14
================================================================================
------------------------------- NGWF line search -------------------------------
RMS gradient                =       0.00001060783279
Trial step length           =               0.725578
Gradient along search dir.  =         -0.00114135108
Functional at step 0        =    -839.46397909500013
Functional at step 1        =    -839.46448730172983
Functional predicted        =    -839.46451500055275
Selected quadratic step     =               0.939072
Conjugate gradients coeff.  =               0.461562
--------------------------- NGWF line search finished --------------------------
                                               
Writing NGWFs to file "Fe3_O_piv_6_H2O_3_LowSpin_NGWFSP.tightbox_ngwfs".... done

>>> Optimising kernel for current NGWFs:
   Initial electron number for spin 1:     163.00241848
   Initial electron number for spin 2:     160.00247283
     Final electron number for spin 1:     163.00000000
     Final electron number for spin 2:     160.00000000

=================== Penalty functional idempotency correction ==================
 RMS occupancy error at iteration   1:  0.000287 (step -0.4999 Ne1=    163.0000)
                                                               Ne2=    160.0000
 RMS occupancy error at iteration   2:  0.000000 (step -0.5000 Ne1=    163.0000)
                                                               Ne2=    160.0000
            Final RMS occupancy error   :  0.000000 (Ne1=    163.0000)
                                                     Ne2=    160.0000
            Final occupancy bounds spin 1: [  0.000,  1.000]
            Final occupancy bounds spin 2: [  0.000,  1.000]
================================================================================

................................................................................
<<<<<<<<<<<<<< LNV (Original version) density kernel optimisation >>>>>>>>>>>>>>
~~~~~~~~~~~~~~~~~~~~~~~~~~~~~~~~~~~~~~~~~~~~~~~~~~~~~~~~~~~~~~~~~~~~~~~~~~~~~~~~
   iter  |      energy (Eh)       | rms gradient |  commutator  |   dE (Eh)
      ideal mu1:      -0.646260840386
      ideal mu2:      -0.649265272533
             Q0:        -839.464516962588
             G0:      -0.002252409356
   RMS gradient:       0.000237165888
     Trial step:       0.528951350294
             Q1:        -839.464428809199
 Quadratic coef:       0.001279568359
 Linear coef   :      -0.001191414970
           Qmin:        -839.464794296273
Quadratic minimum step length (  0.246255134774) accepted
    Initial Ne1:     163.00000000
    Initial Ne2:     160.00000000
      Final Ne1:     163.00000000
      Final Ne2:     160.00000000

=================== Penalty functional idempotency correction ==================
 RMS occupancy error at iteration   1:  0.000002 (step -0.5000 Ne1=    163.0000)
                                                               Ne2=    160.0000
            Final RMS occupancy error   :  0.000000 (Ne1=    163.0000)
                                                     Ne2=    160.0000
            Final occupancy bounds spin 1: [  0.000,  1.000]
            Final occupancy bounds spin 2: [  0.000,  1.000]
================================================================================

    1        -8.394645169626E+02     2.3717E-04     1.4705E-04
      ideal mu1:      -0.646203218453
      ideal mu2:      -0.649215529992
             Q0:        -839.464795375145
             G0:      -0.001157350269
   RMS gradient:       0.000170296973
     Trial step:       0.360911327137
             Q1:        -839.465071164254
 Quadratic coef:       0.000141911712
 Linear coef   :      -0.000417700821
           Qmin:        -839.465102738740
Quadratic minimum step length (  0.531150515286) accepted
    Initial Ne1:     163.00000001
    Initial Ne2:     160.00000001
      Final Ne1:     163.00000000
      Final Ne2:     160.00000000

=================== Penalty functional idempotency correction ==================
 RMS occupancy error at iteration   1:  0.000009 (step -0.4999 Ne1=    163.0000)
                                                               Ne2=    160.0000
            Final RMS occupancy error   :  0.000000 (Ne1=    163.0000)
                                                     Ne2=    160.0000
            Final occupancy bounds spin 1: [ -0.000,  1.000]
            Final occupancy bounds spin 2: [ -0.000,  1.000]
================================================================================

    2        -8.394647953751E+02     1.7030E-04     1.0558E-04    -2.7841E-04
      ideal mu1:      -0.646049636060
      ideal mu2:      -0.649081236941
             Q0:        -839.465099920223
             G0:      -0.000922849788
   RMS gradient:       0.000154031792
     Trial step:       0.437833572698
             Q1:        -839.465332741617
 Quadratic coef:       0.000171233225
 Linear coef   :      -0.000404054620
           Qmin:        -839.465338279536
Quadratic minimum step length (  0.516572287280) accepted
    Initial Ne1:     163.00000011
    Initial Ne2:     160.00000003
      Final Ne1:     163.00000000
      Final Ne2:     160.00000000

=================== Penalty functional idempotency correction ==================
 RMS occupancy error at iteration   1:  0.000023 (step -0.4997 Ne1=    163.0000)
                                                               Ne2=    160.0000
            Final RMS occupancy error   :  0.000000 (Ne1=    163.0000)
                                                     Ne2=    160.0000
            Final occupancy bounds spin 1: [ -0.000,  1.000]
            Final occupancy bounds spin 2: [ -0.000,  1.000]
================================================================================

    3        -8.394650999202E+02     1.5403E-04     9.5582E-05    -3.0455E-04
      ideal mu1:      -0.646251890254
      ideal mu2:      -0.649267155150
             Q0:        -839.465336596164
             G0:      -0.000966394979
   RMS gradient:       0.000159058514
     Trial step:       0.475576166451
             Q1:        -839.465573072610
 Quadratic coef:       0.000223117973
 Linear coef   :      -0.000459594419
           Qmin:        -839.465573272559
Quadratic minimum step length (  0.489812966028) accepted
    Initial Ne1:     163.00000085
    Initial Ne2:     160.00000057
      Final Ne1:     163.00000000
      Final Ne2:     160.00000000

=================== Penalty functional idempotency correction ==================
 RMS occupancy error at iteration   1:  0.000056 (step -0.4991 Ne1=    163.0000)
                                                               Ne2=    160.0000
            Final RMS occupancy error   :  0.000000 (Ne1=    163.0000)
                                                     Ne2=    160.0000
            Final occupancy bounds spin 1: [ -0.000,  1.000]
            Final occupancy bounds spin 2: [ -0.000,  1.000]
================================================================================

    4        -8.394653365962E+02     1.5906E-04     9.8619E-05    -2.3668E-04
      ideal mu1:      -0.646412331451
      ideal mu2:      -0.649413911039
    5        -8.394655730452E+02     1.8970E-04     1.1763E-04    -2.3645E-04
Finished density kernel iterations (   5)

Writing density kernel to file "Fe3_O_piv_6_H2O_3_LowSpin_NGWFSP.dkn" ... done


>>> Density kernel optimised for the current NGWF basis:
     ~~~~~~~~~~~~~~~~~~~~~~~~~~~~~~~~~~~~~~~~~~~~~~~~~~~~~~~~~~~
     Total energy                =  -8.39465573045190E+02  Eh
     Estimated bandgap (UP spin) =   4.1008E-02  Eh
     Estimated bandgap (DN spin) =   6.4442E-03  Eh
     RMS occupancy error         =   2.8337E-08
     [H,K] commutator            =   1.1763E-04
     UP spin occupancy bounds    = [ -0.000:  1.000]
     DN spin occupancy bounds    = [ -0.000:  1.000]
     ~~~~~~~~~~~~~~~~~~~~~~~~~~~~~~~~~~~~~~~~~~~~~~~~~~~~~~~~~~~


================================================================================
           ---------------- ENERGY COMPONENTS (Eh) ----------------
           | Kinetic                    :      294.41890092561732 |
           | Core Hartree               :    -8862.10497341192422 |
           | CoreHart (non-coul chg cor):        0.00142678223254
           | Hartree                    :     4254.38743864530534 |
           | Exchange-correlation       :     -142.44545354569752 |
           | Ewald                      :     3609.65848956015998 |
           | Dij0                       :       19.56687088846458 |
           | Dijhartree                 :       32.65839642784972 |
           | Exc [AE core]              :     -458.48962180940845 |
           | Exc DC [AE core]           :     -199.71641722609746 |
           | Exc [PS core]              :     -113.06841722527733 |
           | Exc DC [PS core]           :     -132.22875162003874 |
           | Exc [Core]                 :     -299.81596204920010 |
           | Total [Sphere]             :        6.62002478138322 |
           | Total                      :     -839.46557304515579 |
           --------------------------------------------------------
           ------ LOCAL ENERGY COMPONENTS FROM MATRIX TRACES ------
           | Core Hartree               :    -8862.10497341196242 |
           | Hartree (Valence)          :     4254.38743864532171 |
           --------------------------------------------------------
           Integrated compensation chrg.:       39.84625419467073
           Integrated density           :      322.99999658036563
           Integrated spin density      :        2.99999998467030
           Integrated |spin density|    :        3.43523446856524
           Local density approx. <S^2>  :        3.96761724194615
           Integrated density tr(KS)    :      323.00000000000000
           Integrated spin tr(KS)       :        3.00000000000000
================================================================================




################################################################################
########################### NGWF CG iteration  011 #############################
################################################################################
****** Reciprocal space K.E. preconditioning with k_zero =  3.0000 a0^-1 *******

>>> Checking for convergence of NGWFs:   NOT CONVERGED
  ========================================================================
         NGWF RMS gradient =  7.9056E-06 >  2.0000E-06  | above tolerance
  ========================================================================

>>> Improving NGWFs using line search:
============ Calculation of NGWF S^-1 using Hotelling algorithm ================ 
     Iteration  |  Spin  |  Frobenius norm and Maximum abs value (of I-S*S_n^-1)
         1           1      0.43989557E-01     0.21613312E-02
         1           2      0.44334985E-01     0.21667079E-02
         2           1      0.20806107E-03     0.28769447E-04
         2           2      0.21004320E-03     0.29188249E-04
         3           1      0.98652623E-08     0.12454811E-08
         3           2      0.10031234E-07     0.12740617E-08
         4           1      0.24018069E-13     0.33306691E-14
         4           2      0.24625009E-13     0.37747583E-14
================================================================================
============ Calculation of NGWF S^-1 using Hotelling algorithm ================ 
     Iteration  |  Spin  |  Frobenius norm and Maximum abs value (of I-S*S_n^-1)
         1           1      0.20935584E-02     0.99276318E-04
         1           2      0.21086849E-02     0.99549829E-04
         2           1      0.47429550E-06     0.59402490E-07
         2           2      0.47859526E-06     0.60603237E-07
         3           1      0.56467249E-13     0.66613381E-14
         3           2      0.56952875E-13     0.73274720E-14
================================================================================
------------------------------- NGWF line search -------------------------------
RMS gradient                =       0.00000790559335
Trial step length           =               0.825452
Gradient along search dir.  =         -0.00074078671
Functional at step 0        =    -839.46557304519001
Functional at step 1        =    -839.46586436447592
Functional predicted        =    -839.46586501417096
Selected quadratic step     =               0.788267
Conjugate gradients coeff.  =               0.555412
--------------------------- NGWF line search finished --------------------------
                                               
Writing NGWFs to file "Fe3_O_piv_6_H2O_3_LowSpin_NGWFSP.tightbox_ngwfs".... done

>>> Optimising kernel for current NGWFs:
   Initial electron number for spin 1:     163.00214670
   Initial electron number for spin 2:     160.00228161
     Final electron number for spin 1:     163.00000000
     Final electron number for spin 2:     160.00000000

=================== Penalty functional idempotency correction ==================
 RMS occupancy error at iteration   1:  0.000280 (step -0.4999 Ne1=    163.0000)
                                                               Ne2=    160.0000
 RMS occupancy error at iteration   2:  0.000000 (step -0.5000 Ne1=    163.0000)
                                                               Ne2=    160.0000
            Final RMS occupancy error   :  0.000000 (Ne1=    163.0000)
                                                     Ne2=    160.0000
            Final occupancy bounds spin 1: [  0.000,  1.000]
            Final occupancy bounds spin 2: [  0.000,  1.000]
================================================================================

................................................................................
<<<<<<<<<<<<<< LNV (Original version) density kernel optimisation >>>>>>>>>>>>>>
~~~~~~~~~~~~~~~~~~~~~~~~~~~~~~~~~~~~~~~~~~~~~~~~~~~~~~~~~~~~~~~~~~~~~~~~~~~~~~~~
   iter  |      energy (Eh)       | rms gradient |  commutator  |   dE (Eh)
      ideal mu1:      -0.646133642052
      ideal mu2:      -0.649145665071
             Q0:        -839.465864212029
             G0:      -0.001711512983
   RMS gradient:       0.000206737215
     Trial step:       0.482642075105
             Q1:        -839.465801670001
 Quadratic coef:       0.000888590206
 Linear coef   :      -0.000826048178
           Qmin:        -839.466056189047
Quadratic minimum step length (  0.224336034693) accepted
    Initial Ne1:     163.00000000
    Initial Ne2:     160.00000000
      Final Ne1:     163.00000000
      Final Ne2:     160.00000000

=================== Penalty functional idempotency correction ==================
 RMS occupancy error at iteration   1:  0.000001 (step -0.5000 Ne1=    163.0000)
                                                               Ne2=    160.0000
            Final RMS occupancy error   :  0.000000 (Ne1=    163.0000)
                                                     Ne2=    160.0000
            Final occupancy bounds spin 1: [  0.000,  1.000]
            Final occupancy bounds spin 2: [  0.000,  1.000]
================================================================================

    1        -8.394658642120E+02     2.0674E-04     1.2813E-04
      ideal mu1:      -0.646133652004
      ideal mu2:      -0.649146415637
             Q0:        -839.466056712915
             G0:      -0.000725557249
   RMS gradient:       0.000134751698
     Trial step:       0.329050162293
             Q1:        -839.466222516865
 Quadratic coef:       0.000072940781
 Linear coef   :      -0.000238744731
           Qmin:        -839.466252073610
Quadratic minimum step length (  0.538512143879) accepted
    Initial Ne1:     163.00000001
    Initial Ne2:     160.00000000
      Final Ne1:     163.00000000
      Final Ne2:     160.00000000

=================== Penalty functional idempotency correction ==================
 RMS occupancy error at iteration   1:  0.000006 (step -0.4999 Ne1=    163.0000)
                                                               Ne2=    160.0000
            Final RMS occupancy error   :  0.000000 (Ne1=    163.0000)
                                                     Ne2=    160.0000
            Final occupancy bounds spin 1: [ -0.000,  1.000]
            Final occupancy bounds spin 2: [ -0.000,  1.000]
================================================================================

    2        -8.394660567129E+02     1.3475E-04     8.3538E-05    -1.9250E-04
      ideal mu1:      -0.646025646514
      ideal mu2:      -0.649052210231
             Q0:        -839.466249630458
             G0:      -0.000740877129
   RMS gradient:       0.000138250982
     Trial step:       0.420948344028
             Q1:        -839.466453340807
 Quadratic coef:       0.000108160652
 Linear coef   :      -0.000311871001
           Qmin:        -839.466474443086
Quadratic minimum step length (  0.606882351393) accepted
    Initial Ne1:     163.00000003
    Initial Ne2:     159.99999999
      Final Ne1:     163.00000000
      Final Ne2:     160.00000000

=================== Penalty functional idempotency correction ==================
 RMS occupancy error at iteration   1:  0.000028 (step -0.4996 Ne1=    163.0000)
                                                               Ne2=    160.0000
            Final RMS occupancy error   :  0.000000 (Ne1=    163.0000)
                                                     Ne2=    160.0000
            Final occupancy bounds spin 1: [ -0.000,  1.000]
            Final occupancy bounds spin 2: [ -0.000,  1.000]
================================================================================

    3        -8.394662496305E+02     1.3825E-04     8.5810E-05    -1.9292E-04
      ideal mu1:      -0.646071422317
      ideal mu2:      -0.649101459394
             Q0:        -839.466469884153
             G0:      -0.000801547826
   RMS gradient:       0.000146214069
     Trial step:       0.505436564604
             Q1:        -839.466676940537
 Quadratic coef:       0.000198075196
 Linear coef   :      -0.000405131580
           Qmin:        -839.466677042344
Quadratic minimum step length (  0.516895397338) accepted
    Initial Ne1:     163.00000074
    Initial Ne2:     160.00000066
      Final Ne1:     163.00000000
      Final Ne2:     160.00000000

=================== Penalty functional idempotency correction ==================
 RMS occupancy error at iteration   1:  0.000067 (step -0.4988 Ne1=    163.0000)
                                                               Ne2=    160.0000
            Final RMS occupancy error   :  0.000000 (Ne1=    163.0000)
                                                     Ne2=    160.0000
            Final occupancy bounds spin 1: [ -0.000,  1.000]
            Final occupancy bounds spin 2: [ -0.000,  1.000]
================================================================================

    4        -8.394664698842E+02     1.4621E-04     9.0698E-05    -2.2025E-04
      ideal mu1:      -0.645983882859
      ideal mu2:      -0.649025448257
    5        -8.394666769008E+02     1.8395E-04     1.1408E-04    -2.0702E-04
Finished density kernel iterations (   5)

Writing density kernel to file "Fe3_O_piv_6_H2O_3_LowSpin_NGWFSP.dkn" ... done


>>> Density kernel optimised for the current NGWF basis:
     ~~~~~~~~~~~~~~~~~~~~~~~~~~~~~~~~~~~~~~~~~~~~~~~~~~~~~~~~~~~
     Total energy                =  -8.39466676900777E+02  Eh
     Estimated bandgap (UP spin) =   4.1229E-02  Eh
     Estimated bandgap (DN spin) =   7.1251E-03  Eh
     RMS occupancy error         =   3.4695E-08
     [H,K] commutator            =   1.1408E-04
     UP spin occupancy bounds    = [ -0.000:  1.000]
     DN spin occupancy bounds    = [ -0.000:  1.000]
     ~~~~~~~~~~~~~~~~~~~~~~~~~~~~~~~~~~~~~~~~~~~~~~~~~~~~~~~~~~~




################################################################################
########################### NGWF CG iteration  012 #############################
################################################################################
****** Reciprocal space K.E. preconditioning with k_zero =  3.0000 a0^-1 *******

>>> Checking for convergence of NGWFs:   NOT CONVERGED
  ========================================================================
         NGWF RMS gradient =  7.2964E-06 >  2.0000E-06  | above tolerance
  ========================================================================

>>> Improving NGWFs using line search:
============ Calculation of NGWF S^-1 using Hotelling algorithm ================ 
     Iteration  |  Spin  |  Frobenius norm and Maximum abs value (of I-S*S_n^-1)
         1           1      0.64241566E-01     0.31347555E-02
         1           2      0.64604376E-01     0.31071845E-02
         2           1      0.45132775E-03     0.56056044E-04
         2           2      0.45485346E-03     0.56996671E-04
         3           1      0.45411038E-07     0.51089173E-08
         3           2      0.46190295E-07     0.52470321E-08
         4           1      0.23882515E-13     0.33306691E-14
         4           2      0.23511474E-13     0.27755576E-14
================================================================================
============ Calculation of NGWF S^-1 using Hotelling algorithm ================ 
     Iteration  |  Spin  |  Frobenius norm and Maximum abs value (of I-S*S_n^-1)
         1           1      0.21372907E-01     0.10049704E-02
         1           2      0.21485240E-01     0.99653987E-03
         2           1      0.50278901E-04     0.57253033E-05
         2           2      0.50650344E-04     0.58042029E-05
         3           1      0.54712580E-09     0.56107119E-10
         3           2      0.55677232E-09     0.57700511E-10
         4           1      0.23584932E-13     0.26645353E-14
         4           2      0.25968007E-13     0.53290705E-14
================================================================================
------------------------------- NGWF line search -------------------------------
RMS gradient                =       0.00000729637800
Trial step length           =               0.806645
Gradient along search dir.  =         -0.00073454891
Functional at step 0        =    -839.46667690077720
Functional at step 1        =    -839.46683645418955
Functional predicted        =    -839.46687961855616
Selected quadratic step     =               0.551952
Conjugate gradients coeff.  =               0.851816
--------------------------- NGWF line search finished --------------------------
                                               
Writing NGWFs to file "Fe3_O_piv_6_H2O_3_LowSpin_NGWFSP.tightbox_ngwfs".... done

>>> Optimising kernel for current NGWFs:
   Initial electron number for spin 1:     163.00227731
   Initial electron number for spin 2:     160.00253347
     Final electron number for spin 1:     163.00000000
     Final electron number for spin 2:     160.00000000

=================== Penalty functional idempotency correction ==================
 RMS occupancy error at iteration   1:  0.000265 (step -0.4999 Ne1=    163.0000)
                                                               Ne2=    160.0000
 RMS occupancy error at iteration   2:  0.000000 (step -0.5000 Ne1=    163.0000)
                                                               Ne2=    160.0000
            Final RMS occupancy error   :  0.000000 (Ne1=    163.0000)
                                                     Ne2=    160.0000
            Final occupancy bounds spin 1: [  0.000,  1.000]
            Final occupancy bounds spin 2: [  0.000,  1.000]
================================================================================

................................................................................
<<<<<<<<<<<<<< LNV (Original version) density kernel optimisation >>>>>>>>>>>>>>
~~~~~~~~~~~~~~~~~~~~~~~~~~~~~~~~~~~~~~~~~~~~~~~~~~~~~~~~~~~~~~~~~~~~~~~~~~~~~~~~
   iter  |      energy (Eh)       | rms gradient |  commutator  |   dE (Eh)
      ideal mu1:      -0.646122007061
      ideal mu2:      -0.649139145093
             Q0:        -839.466874976336
             G0:      -0.001329338638
   RMS gradient:       0.000182199162
     Trial step:       0.511133870811
             Q1:        -839.466886352874
 Quadratic coef:       0.000668093466
 Linear coef   :      -0.000679470004
           Qmin:        -839.467047736403
Quadratic minimum step length (  0.259918821909) accepted
    Initial Ne1:     163.00000000
    Initial Ne2:     160.00000000
      Final Ne1:     163.00000000
      Final Ne2:     160.00000000

=================== Penalty functional idempotency correction ==================
 RMS occupancy error at iteration   1:  0.000001 (step -0.5000 Ne1=    163.0000)
                                                               Ne2=    160.0000
            Final RMS occupancy error   :  0.000000 (Ne1=    163.0000)
                                                     Ne2=    160.0000
            Final occupancy bounds spin 1: [  0.000,  1.000]
            Final occupancy bounds spin 2: [  0.000,  1.000]
================================================================================

    1        -8.394668749763E+02     1.8220E-04     1.1308E-04
      ideal mu1:      -0.645978484447
      ideal mu2:      -0.649009631120
             Q0:        -839.467048476309
             G0:      -0.000672074040
   RMS gradient:       0.000129862432
     Trial step:       0.364490484840
             Q1:        -839.467213494270
 Quadratic coef:       0.000079946631
 Linear coef   :      -0.000244964593
           Qmin:        -839.467236125403
Quadratic minimum step length (  0.558417920875) accepted
    Initial Ne1:     163.00000000
    Initial Ne2:     160.00000001
      Final Ne1:     163.00000000
      Final Ne2:     160.00000000

=================== Penalty functional idempotency correction ==================
 RMS occupancy error at iteration   1:  0.000006 (step -0.4999 Ne1=    163.0000)
                                                               Ne2=    160.0000
            Final RMS occupancy error   :  0.000000 (Ne1=    163.0000)
                                                     Ne2=    160.0000
            Final occupancy bounds spin 1: [ -0.000,  1.000]
            Final occupancy bounds spin 2: [ -0.000,  1.000]
================================================================================

    2        -8.394670484763E+02     1.2986E-04     8.0628E-05    -1.7350E-04
      ideal mu1:      -0.645822875134
      ideal mu2:      -0.648869972017
             Q0:        -839.467233482227
             G0:      -0.000611332774
   RMS gradient:       0.000126124876
     Trial step:       0.451151879884
             Q1:        -839.467378469406
 Quadratic coef:       0.000130816751
 Linear coef   :      -0.000275803930
           Qmin:        -839.467378853151
Quadratic minimum step length (  0.475586880711) accepted
    Initial Ne1:     163.00000004
    Initial Ne2:     160.00000000
      Final Ne1:     163.00000000
      Final Ne2:     160.00000000

=================== Penalty functional idempotency correction ==================
 RMS occupancy error at iteration   1:  0.000015 (step -0.4998 Ne1=    163.0000)
                                                               Ne2=    160.0000
            Final RMS occupancy error   :  0.000000 (Ne1=    163.0000)
                                                     Ne2=    160.0000
            Final occupancy bounds spin 1: [ -0.000,  1.000]
            Final occupancy bounds spin 2: [ -0.000,  1.000]
================================================================================

    3        -8.394672334822E+02     1.2612E-04     7.8320E-05    -1.8501E-04
      ideal mu1:      -0.645996840009
      ideal mu2:      -0.649030991593
             Q0:        -839.467378488776
             G0:      -0.000458550237
   RMS gradient:       0.000109788602
     Trial step:       0.463208284988
             Q1:        -839.467514327266
 Quadratic coef:       0.000076565779
 Linear coef   :      -0.000212404269
           Qmin:        -839.467525798625
Quadratic minimum step length (  0.642502552843) accepted
    Initial Ne1:     163.00000048
    Initial Ne2:     160.00000020
      Final Ne1:     163.00000000
      Final Ne2:     160.00000000

=================== Penalty functional idempotency correction ==================
 RMS occupancy error at iteration   1:  0.000040 (step -0.4993 Ne1=    163.0000)
                                                               Ne2=    160.0000
            Final RMS occupancy error   :  0.000000 (Ne1=    163.0000)
                                                     Ne2=    160.0000
            Final occupancy bounds spin 1: [ -0.000,  1.000]
            Final occupancy bounds spin 2: [ -0.000,  1.000]
================================================================================

    4        -8.394673784888E+02     1.0979E-04     6.8113E-05    -1.4501E-04
      ideal mu1:      -0.646129013084
      ideal mu2:      -0.649155091751
    5        -8.394675215817E+02     1.6994E-04     1.0526E-04    -1.4309E-04
Finished density kernel iterations (   5)

Writing density kernel to file "Fe3_O_piv_6_H2O_3_LowSpin_NGWFSP.dkn" ... done


>>> Density kernel optimised for the current NGWF basis:
     ~~~~~~~~~~~~~~~~~~~~~~~~~~~~~~~~~~~~~~~~~~~~~~~~~~~~~~~~~~~
     Total energy                =  -8.39467521581722E+02  Eh
     Estimated bandgap (UP spin) =   4.1763E-02  Eh
     Estimated bandgap (DN spin) =   6.8002E-03  Eh
     RMS occupancy error         =   1.2770E-08
     [H,K] commutator            =   1.0526E-04
     UP spin occupancy bounds    = [ -0.000:  1.000]
     DN spin occupancy bounds    = [ -0.000:  1.000]
     ~~~~~~~~~~~~~~~~~~~~~~~~~~~~~~~~~~~~~~~~~~~~~~~~~~~~~~~~~~~




################################################################################
########################### NGWF CG iteration  013 #############################
################################################################################
****** Reciprocal space K.E. preconditioning with k_zero =  3.0000 a0^-1 *******

>>> Checking for convergence of NGWFs:   NOT CONVERGED
  ========================================================================
         NGWF RMS gradient =  5.3744E-06 >  2.0000E-06  | above tolerance
  ========================================================================

>>> Improving NGWFs using line search:
============ Calculation of NGWF S^-1 using Hotelling algorithm ================ 
     Iteration  |  Spin  |  Frobenius norm and Maximum abs value (of I-S*S_n^-1)
         1           1      0.18905973E-01     0.16027812E-02
         1           2      0.18640900E-01     0.11083938E-02
         2           1      0.39146720E-04     0.61587408E-05
         2           2      0.39379424E-04     0.62762309E-05
         3           1      0.34766812E-09     0.52631899E-10
         3           2      0.36138151E-09     0.55760285E-10
         4           1      0.23554094E-13     0.31086245E-14
         4           2      0.22279081E-13     0.24424907E-14
================================================================================
============ Calculation of NGWF S^-1 using Hotelling algorithm ================ 
     Iteration  |  Spin  |  Frobenius norm and Maximum abs value (of I-S*S_n^-1)
         1           1      0.36094722E-02     0.30195012E-03
         1           2      0.35604695E-02     0.21107752E-03
         2           1      0.14161865E-05     0.21915344E-06
         2           2      0.14226603E-05     0.22389556E-06
         3           1      0.44665154E-12     0.65725203E-13
         3           2      0.46057072E-12     0.69277917E-13
================================================================================
------------------------------- NGWF line search -------------------------------
RMS gradient                =       0.00000537435281
Trial step length           =               0.667255
Gradient along search dir.  =         -0.00029540353
Functional at step 0        =    -839.46752158172194
Functional at step 1        =    -839.46763577702609
Functional predicted        =    -839.46763872739155
Selected quadratic step     =               0.793123
Conjugate gradients coeff.  =               0.000000
--------------------------- NGWF line search finished --------------------------
                                               
Writing NGWFs to file "Fe3_O_piv_6_H2O_3_LowSpin_NGWFSP.tightbox_ngwfs".... done

>>> Optimising kernel for current NGWFs:
   Initial electron number for spin 1:     163.00196538
   Initial electron number for spin 2:     160.00192442
     Final electron number for spin 1:     163.00000000
     Final electron number for spin 2:     160.00000000

=================== Penalty functional idempotency correction ==================
 RMS occupancy error at iteration   1:  0.000142 (step -0.5000 Ne1=    163.0000)
                                                               Ne2=    160.0000
            Final RMS occupancy error   :  0.000000 (Ne1=    163.0000)
                                                     Ne2=    160.0000
            Final occupancy bounds spin 1: [  0.000,  1.000]
            Final occupancy bounds spin 2: [  0.000,  1.000]
================================================================================

................................................................................
<<<<<<<<<<<<<< LNV (Original version) density kernel optimisation >>>>>>>>>>>>>>
~~~~~~~~~~~~~~~~~~~~~~~~~~~~~~~~~~~~~~~~~~~~~~~~~~~~~~~~~~~~~~~~~~~~~~~~~~~~~~~~
   iter  |      energy (Eh)       | rms gradient |  commutator  |   dE (Eh)
      ideal mu1:      -0.646320156895
      ideal mu2:      -0.649331806845
             Q0:        -839.467639151097
             G0:      -0.000797494445
   RMS gradient:       0.000141121244
     Trial step:       0.545538729700
             Q1:        -839.467627252618
 Quadratic coef:       0.000446962585
 Linear coef   :      -0.000435064106
           Qmin:        -839.467745021690
Quadratic minimum step length (  0.265508039931) accepted
    Initial Ne1:     162.99998109
    Initial Ne2:     159.99998276
      Final Ne1:     163.00000000
      Final Ne2:     160.00000000

=================== Penalty functional idempotency correction ==================
 RMS occupancy error at iteration   1:  0.000001 (step -0.5000 Ne1=    163.0000)
                                                               Ne2=    160.0000
            Final RMS occupancy error   :  0.000000 (Ne1=    163.0000)
                                                     Ne2=    160.0000
            Final occupancy bounds spin 1: [  0.000,  1.000]
            Final occupancy bounds spin 2: [  0.000,  1.000]
================================================================================

    1        -8.394676391511E+02     1.4112E-04     8.7648E-05
      ideal mu1:      -0.646138033415
      ideal mu2:      -0.649166992687
             Q0:        -839.467745485475
             G0:      -0.000394554288
   RMS gradient:       0.000099494409
     Trial step:       0.380584969263
             Q1:        -839.467846498062
 Quadratic coef:       0.000049148845
 Linear coef   :      -0.000150161432
           Qmin:        -839.467860180213
Quadratic minimum step length (  0.581388879030) accepted
    Initial Ne1:     162.99997941
    Initial Ne2:     159.99998123
      Final Ne1:     163.00000000
      Final Ne2:     160.00000000

=================== Penalty functional idempotency correction ==================
 RMS occupancy error at iteration   1:  0.000005 (step -0.5000 Ne1=    163.0000)
                                                               Ne2=    160.0000
            Final RMS occupancy error   :  0.000000 (Ne1=    163.0000)
                                                     Ne2=    160.0000
            Final occupancy bounds spin 1: [  0.000,  1.000]
            Final occupancy bounds spin 2: [  0.000,  1.000]
================================================================================

    2        -8.394677454855E+02     9.9494E-05     6.1834E-05    -1.0633E-04
      ideal mu1:      -0.645899935792
      ideal mu2:      -0.648950695278
             Q0:        -839.467858164840
             G0:      -0.000445448579
   RMS gradient:       0.000108238363
     Trial step:       0.470391186838
             Q1:        -839.467991277590
 Quadratic coef:       0.000076422335
 Linear coef   :      -0.000209535086
           Qmin:        -839.468001790888
Quadratic minimum step length (  0.644860285374) accepted
    Initial Ne1:     162.99997299
    Initial Ne2:     159.99997529
      Final Ne1:     163.00000000
      Final Ne2:     160.00000000

=================== Penalty functional idempotency correction ==================
 RMS occupancy error at iteration   1:  0.000024 (step -0.4996 Ne1=    163.0000)
                                                               Ne2=    160.0000
            Final RMS occupancy error   :  0.000000 (Ne1=    163.0000)
                                                     Ne2=    160.0000
            Final occupancy bounds spin 1: [ -0.000,  1.000]
            Final occupancy bounds spin 2: [ -0.000,  1.000]
================================================================================

    3        -8.394678581648E+02     1.0824E-04     6.7251E-05    -1.1268E-04
      ideal mu1:      -0.645890014411
      ideal mu2:      -0.648942136965
             Q0:        -839.467998663206
             G0:      -0.000474210274
   RMS gradient:       0.000113196522
     Trial step:       0.550760015780
             Q1:        -839.468150707262
 Quadratic coef:       0.000109132002
 Linear coef   :      -0.000261176058
           Qmin:        -839.468154925650
Quadratic minimum step length (  0.659042844329) accepted
    Initial Ne1:     162.99997055
    Initial Ne2:     159.99997264
      Final Ne1:     163.00000000
      Final Ne2:     160.00000000

=================== Penalty functional idempotency correction ==================
 RMS occupancy error at iteration   1:  0.000071 (step -0.4987 Ne1=    163.0000)
                                                               Ne2=    160.0000
            Final RMS occupancy error   :  0.000000 (Ne1=    163.0000)
                                                     Ne2=    160.0000
            Final occupancy bounds spin 1: [ -0.000,  1.000]
            Final occupancy bounds spin 2: [ -0.000,  1.000]
================================================================================

    4        -8.394679986632E+02     1.1320E-04     7.0212E-05    -1.4050E-04
      ideal mu1:      -0.646038338035
      ideal mu2:      -0.649080300920
    5        -8.394681524542E+02     1.6709E-04     1.0349E-04    -1.5379E-04
Finished density kernel iterations (   5)

Writing density kernel to file "Fe3_O_piv_6_H2O_3_LowSpin_NGWFSP.dkn" ... done


>>> Density kernel optimised for the current NGWF basis:
     ~~~~~~~~~~~~~~~~~~~~~~~~~~~~~~~~~~~~~~~~~~~~~~~~~~~~~~~~~~~
     Total energy                =  -8.39468152454153E+02  Eh
     Estimated bandgap (UP spin) =   4.1577E-02  Eh
     Estimated bandgap (DN spin) =   7.2018E-03  Eh
     RMS occupancy error         =   3.3678E-08
     [H,K] commutator            =   1.0349E-04
     UP spin occupancy bounds    = [ -0.000:  1.000]
     DN spin occupancy bounds    = [ -0.000:  1.000]
     ~~~~~~~~~~~~~~~~~~~~~~~~~~~~~~~~~~~~~~~~~~~~~~~~~~~~~~~~~~~




################################################################################
########################### NGWF CG iteration  014 #############################
################################################################################
****** Reciprocal space K.E. preconditioning with k_zero =  3.0000 a0^-1 *******

>>> Checking for convergence of NGWFs:   NOT CONVERGED
  ========================================================================
         NGWF RMS gradient =  4.5732E-06 >  2.0000E-06  | above tolerance
  ========================================================================

>>> Improving NGWFs using line search:
============ Calculation of NGWF S^-1 using Hotelling algorithm ================ 
     Iteration  |  Spin  |  Frobenius norm and Maximum abs value (of I-S*S_n^-1)
         1           1      0.35556839E-01     0.20865508E-02
         1           2      0.35561085E-01     0.20990077E-02
         2           1      0.14148685E-03     0.21567249E-04
         2           2      0.14346209E-03     0.22025977E-04
         3           1      0.44701317E-08     0.65916572E-09
         3           2      0.46619422E-08     0.69349348E-09
         4           1      0.23981311E-13     0.35527137E-14
         4           2      0.23743269E-13     0.31086245E-14
================================================================================
============ Calculation of NGWF S^-1 using Hotelling algorithm ================ 
     Iteration  |  Spin  |  Frobenius norm and Maximum abs value (of I-S*S_n^-1)
         1           1      0.12096208E-01     0.70531075E-03
         1           2      0.12098813E-01     0.70958288E-03
         2           1      0.16272806E-04     0.24237806E-05
         2           2      0.16485072E-04     0.24809954E-05
         3           1      0.58106438E-10     0.83175689E-11
         3           2      0.60384732E-10     0.87536645E-11
         4           1      0.23071269E-13     0.37747583E-14
         4           2      0.21601976E-13     0.26645353E-14
================================================================================
------------------------------- NGWF line search -------------------------------
RMS gradient                =       0.00000457315083
Trial step length           =               0.727472
Gradient along search dir.  =         -0.00022915926
Functional at step 0        =    -839.46815245415291
Functional at step 1        =    -839.46819383983484
Functional predicted        =    -839.46820789407116
Selected quadratic step     =               0.483855
Conjugate gradients coeff.  =               0.724067
--------------------------- NGWF line search finished --------------------------
                                               
Writing NGWFs to file "Fe3_O_piv_6_H2O_3_LowSpin_NGWFSP.tightbox_ngwfs".... done

>>> Optimising kernel for current NGWFs:
   Initial electron number for spin 1:     163.00167511
   Initial electron number for spin 2:     160.00168854
     Final electron number for spin 1:     163.00000000
     Final electron number for spin 2:     160.00000000

=================== Penalty functional idempotency correction ==================
 RMS occupancy error at iteration   1:  0.000147 (step -0.5000 Ne1=    163.0000)
                                                               Ne2=    160.0000
            Final RMS occupancy error   :  0.000000 (Ne1=    163.0000)
                                                     Ne2=    160.0000
            Final occupancy bounds spin 1: [  0.000,  1.000]
            Final occupancy bounds spin 2: [  0.000,  1.000]
================================================================================

................................................................................
<<<<<<<<<<<<<< LNV (Original version) density kernel optimisation >>>>>>>>>>>>>>
~~~~~~~~~~~~~~~~~~~~~~~~~~~~~~~~~~~~~~~~~~~~~~~~~~~~~~~~~~~~~~~~~~~~~~~~~~~~~~~~
   iter  |      energy (Eh)       | rms gradient |  commutator  |   dE (Eh)
      ideal mu1:      -0.646054971593
      ideal mu2:      -0.649099409555
             Q0:        -839.468206610255
             G0:      -0.000917473005
   RMS gradient:       0.000151364911
     Trial step:       0.602473607175
             Q1:        -839.468096953994
 Quadratic coef:       0.000662409532
 Linear coef   :      -0.000552753271
           Qmin:        -839.468321922672
Quadratic minimum step length (  0.251369614294) accepted
    Initial Ne1:     162.99997900
    Initial Ne2:     159.99998057
      Final Ne1:     163.00000000
      Final Ne2:     160.00000000

=================== Penalty functional idempotency correction ==================
 RMS occupancy error at iteration   1:  0.000001 (step -0.5000 Ne1=    163.0000)
                                                               Ne2=    160.0000
            Final RMS occupancy error   :  0.000000 (Ne1=    163.0000)
                                                     Ne2=    160.0000
            Final occupancy bounds spin 1: [  0.000,  1.000]
            Final occupancy bounds spin 2: [  0.000,  1.000]
================================================================================

    1        -8.394682066103E+02     1.5136E-04     9.3834E-05
      ideal mu1:      -0.645998236692
      ideal mu2:      -0.649049172305
             Q0:        -839.468322444557
             G0:      -0.000495151766
   RMS gradient:       0.000111386921
     Trial step:       0.389157498011
             Q1:        -839.468443650505
 Quadratic coef:       0.000071486075
 Linear coef   :      -0.000192692022
           Qmin:        -839.468452295775
Quadratic minimum step length (  0.524490575812) accepted
    Initial Ne1:     162.99997628
    Initial Ne2:     159.99997804
      Final Ne1:     163.00000000
      Final Ne2:     160.00000000

=================== Penalty functional idempotency correction ==================
 RMS occupancy error at iteration   1:  0.000004 (step -0.5000 Ne1=    163.0000)
                                                               Ne2=    160.0000
            Final RMS occupancy error   :  0.000000 (Ne1=    163.0000)
                                                     Ne2=    160.0000
            Final occupancy bounds spin 1: [  0.000,  1.000]
            Final occupancy bounds spin 2: [  0.000,  1.000]
================================================================================

    2        -8.394683224446E+02     1.1139E-04     6.9022E-05    -1.1583E-04
      ideal mu1:      -0.646002017593
      ideal mu2:      -0.649056041543
             Q0:        -839.468451199683
             G0:      -0.000331610617
   RMS gradient:       0.000092524596
     Trial step:       0.451784727733
             Q1:        -839.468529440644
 Quadratic coef:       0.000071575652
 Linear coef   :      -0.000149816612
           Qmin:        -839.468529595817
Quadratic minimum step length (  0.472820405217) accepted
    Initial Ne1:     162.99998526
    Initial Ne2:     159.99998632
      Final Ne1:     163.00000000
      Final Ne2:     160.00000000

=================== Penalty functional idempotency correction ==================
 RMS occupancy error at iteration   1:  0.000007 (step -0.4999 Ne1=    163.0000)
                                                               Ne2=    160.0000
            Final RMS occupancy error   :  0.000000 (Ne1=    163.0000)
                                                     Ne2=    160.0000
            Final occupancy bounds spin 1: [ -0.000,  1.000]
            Final occupancy bounds spin 2: [ -0.000,  1.000]
================================================================================

    3        -8.394684511997E+02     9.2525E-05     5.7446E-05    -1.2876E-04
      ideal mu1:      -0.646083968988
      ideal mu2:      -0.649132813613
             Q0:        -839.468529400624
             G0:      -0.000266970351
   RMS gradient:       0.000084064348
     Trial step:       0.462182905393
             Q1:        -839.468594225136
 Quadratic coef:       0.000058564620
 Linear coef   :      -0.000123389132
           Qmin:        -839.468594392414
Quadratic minimum step length (  0.486883954853) accepted
    Initial Ne1:     162.99998754
    Initial Ne2:     159.99998841
      Final Ne1:     163.00000000
      Final Ne2:     160.00000000

=================== Penalty functional idempotency correction ==================
 RMS occupancy error at iteration   1:  0.000013 (step -0.4998 Ne1=    163.0000)
                                                               Ne2=    160.0000
            Final RMS occupancy error   :  0.000000 (Ne1=    163.0000)
                                                     Ne2=    160.0000
            Final occupancy bounds spin 1: [ -0.000,  1.000]
            Final occupancy bounds spin 2: [ -0.000,  1.000]
================================================================================

    4        -8.394685294006E+02     8.4064E-05     5.2178E-05    -7.8201E-05
      ideal mu1:      -0.646169934806
      ideal mu2:      -0.649210828805
    5        -8.394685940963E+02     1.0448E-04     6.4815E-05    -6.4696E-05
Finished density kernel iterations (   5)

Writing density kernel to file "Fe3_O_piv_6_H2O_3_LowSpin_NGWFSP.dkn" ... done


>>> Density kernel optimised for the current NGWF basis:
     ~~~~~~~~~~~~~~~~~~~~~~~~~~~~~~~~~~~~~~~~~~~~~~~~~~~~~~~~~~~
     Total energy                =  -8.39468594096312E+02  Eh
     Estimated bandgap (UP spin) =   4.1785E-02  Eh
     Estimated bandgap (DN spin) =   7.0733E-03  Eh
     RMS occupancy error         =   1.6089E-09
     [H,K] commutator            =   6.4815E-05
     UP spin occupancy bounds    = [ -0.000:  1.000]
     DN spin occupancy bounds    = [ -0.000:  1.000]
     ~~~~~~~~~~~~~~~~~~~~~~~~~~~~~~~~~~~~~~~~~~~~~~~~~~~~~~~~~~~




################################################################################
########################### NGWF CG iteration  015 #############################
################################################################################
****** Reciprocal space K.E. preconditioning with k_zero =  3.0000 a0^-1 *******

>>> Checking for convergence of NGWFs:   NOT CONVERGED
  ========================================================================
         NGWF RMS gradient =  2.8964E-06 >  2.0000E-06  | above tolerance
  ========================================================================

>>> Improving NGWFs using line search:
============ Calculation of NGWF S^-1 using Hotelling algorithm ================ 
     Iteration  |  Spin  |  Frobenius norm and Maximum abs value (of I-S*S_n^-1)
         1           1      0.28178501E-01     0.17137808E-02
         1           2      0.28327465E-01     0.17334428E-02
         2           1      0.91291818E-04     0.14088626E-04
         2           2      0.92409718E-04     0.14420078E-04
         3           1      0.18636986E-08     0.28146174E-09
         3           2      0.19297008E-08     0.29573732E-09
         4           1      0.23544280E-13     0.37747583E-14
         4           2      0.23756958E-13     0.42188475E-14
================================================================================
============ Calculation of NGWF S^-1 using Hotelling algorithm ================ 
     Iteration  |  Spin  |  Frobenius norm and Maximum abs value (of I-S*S_n^-1)
         1           1      0.13836205E-01     0.83860138E-03
         1           2      0.13908497E-01     0.84825594E-03
         2           1      0.21906564E-04     0.33451125E-05
         2           2      0.22166490E-04     0.34246628E-05
         3           1      0.10609111E-09     0.15811463E-10
         3           2      0.10967891E-09     0.16616153E-10
         4           1      0.24183853E-13     0.44408921E-14
         4           2      0.23750029E-13     0.44408921E-14
================================================================================
------------------------------- NGWF line search -------------------------------
RMS gradient                =       0.00000289636794
Trial step length           =               0.593288
Gradient along search dir.  =         -0.00010509145
Functional at step 0        =    -839.46859409631224
Functional at step 1        =    -839.46859572027643
Functional predicted        =    -839.46861010053863
Selected quadratic step     =               0.304577
Conjugate gradients coeff.  =               0.401122
--------------------------- NGWF line search finished --------------------------
                                               
Writing NGWFs to file "Fe3_O_piv_6_H2O_3_LowSpin_NGWFSP.tightbox_ngwfs".... done

>>> Optimising kernel for current NGWFs:
   Initial electron number for spin 1:     163.00084437
   Initial electron number for spin 2:     160.00086551
     Final electron number for spin 1:     163.00000000
     Final electron number for spin 2:     160.00000000

=================== Penalty functional idempotency correction ==================
 RMS occupancy error at iteration   1:  0.000089 (step -0.5000 Ne1=    163.0000)
                                                               Ne2=    160.0000
            Final RMS occupancy error   :  0.000000 (Ne1=    163.0000)
                                                     Ne2=    160.0000
            Final occupancy bounds spin 1: [  0.000,  1.000]
            Final occupancy bounds spin 2: [  0.000,  1.000]
================================================================================

................................................................................
<<<<<<<<<<<<<< LNV (Original version) density kernel optimisation >>>>>>>>>>>>>>
~~~~~~~~~~~~~~~~~~~~~~~~~~~~~~~~~~~~~~~~~~~~~~~~~~~~~~~~~~~~~~~~~~~~~~~~~~~~~~~~
   iter  |      energy (Eh)       | rms gradient |  commutator  |   dE (Eh)
      ideal mu1:      -0.646142625549
      ideal mu2:      -0.649186194271
             Q0:        -839.468609783366
             G0:      -0.000427131756
   RMS gradient:       0.000103278398
     Trial step:       0.474372681384
             Q1:        -839.468628883219
 Quadratic coef:       0.000183519784
 Linear coef   :      -0.000202619636
           Qmin:        -839.468665710194
Quadratic minimum step length (  0.261871549116) accepted
    Initial Ne1:     162.99999197
    Initial Ne2:     159.99999248
      Final Ne1:     163.00000000
      Final Ne2:     160.00000000

=================== Penalty functional idempotency correction ==================
 RMS occupancy error at iteration   1:  0.000000 (step -0.5000 Ne1=    163.0000)
                                                               Ne2=    160.0000
            Final RMS occupancy error   :  0.000000 (Ne1=    163.0000)
                                                     Ne2=    160.0000
            Final occupancy bounds spin 1: [  0.000,  1.000]
            Final occupancy bounds spin 2: [  0.000,  1.000]
================================================================================

    1        -8.394686097834E+02     1.0328E-04     6.4111E-05
      ideal mu1:      -0.646087151469
      ideal mu2:      -0.649135446678
             Q0:        -839.468665930355
             G0:      -0.000232141911
   RMS gradient:       0.000076325474
     Trial step:       0.352455258057
             Q1:        -839.468722803658
 Quadratic coef:       0.000024946335
 Linear coef   :      -0.000081819637
           Qmin:        -839.468733018899
Quadratic minimum step length (  0.577995961375) accepted
    Initial Ne1:     162.99999032
    Initial Ne2:     159.99999094
      Final Ne1:     163.00000000
      Final Ne2:     160.00000000

=================== Penalty functional idempotency correction ==================
 RMS occupancy error at iteration   1:  0.000003 (step -0.5000 Ne1=    163.0000)
                                                               Ne2=    160.0000
            Final RMS occupancy error   :  0.000000 (Ne1=    163.0000)
                                                     Ne2=    160.0000
            Final occupancy bounds spin 1: [  0.000,  1.000]
            Final occupancy bounds spin 2: [  0.000,  1.000]
================================================================================

    2        -8.394686659304E+02     7.6325E-05     4.7361E-05    -5.6147E-05
      ideal mu1:      -0.646022739026
      ideal mu2:      -0.649077352484
             Q0:        -839.468731469463
             G0:      -0.000276669803
   RMS gradient:       0.000085670769
     Trial step:       0.451350989500
             Q1:        -839.468809821447
 Quadratic coef:       0.000046523205
 Linear coef   :      -0.000124875189
           Qmin:        -839.468815265350
Quadratic minimum step length (  0.605746533401) accepted
    Initial Ne1:     162.99998722
    Initial Ne2:     159.99998800
      Final Ne1:     163.00000000
      Final Ne2:     160.00000000

=================== Penalty functional idempotency correction ==================
 RMS occupancy error at iteration   1:  0.000015 (step -0.4997 Ne1=    163.0000)
                                                               Ne2=    160.0000
            Final RMS occupancy error   :  0.000000 (Ne1=    163.0000)
                                                     Ne2=    160.0000
            Final occupancy bounds spin 1: [ -0.000,  1.000]
            Final occupancy bounds spin 2: [ -0.000,  1.000]
================================================================================

    3        -8.394687314695E+02     8.5671E-05     5.3146E-05    -6.5539E-05
      ideal mu1:      -0.645995340633
      ideal mu2:      -0.649055226422
             Q0:        -839.468813065533
             G0:      -0.000332545908
   RMS gradient:       0.000095861412
     Trial step:       0.522880767706
             Q1:        -839.468896046546
 Quadratic coef:       0.000090900847
 Linear coef   :      -0.000173881860
           Qmin:        -839.468896219052
Quadratic minimum step length (  0.500102494429) accepted
    Initial Ne1:     162.99998697
    Initial Ne2:     159.99998770
      Final Ne1:     163.00000000
      Final Ne2:     160.00000000

=================== Penalty functional idempotency correction ==================
 RMS occupancy error at iteration   1:  0.000038 (step -0.4993 Ne1=    163.0000)
                                                               Ne2=    160.0000
            Final RMS occupancy error   :  0.000000 (Ne1=    163.0000)
                                                     Ne2=    160.0000
            Final occupancy bounds spin 1: [ -0.000,  1.000]
            Final occupancy bounds spin 2: [ -0.000,  1.000]
================================================================================

    4        -8.394688130655E+02     9.5861E-05     5.9411E-05    -8.1596E-05
      ideal mu1:      -0.646017405837
      ideal mu2:      -0.649077788475
    5        -8.394688966524E+02     1.1852E-04     7.3518E-05    -8.3587E-05
Finished density kernel iterations (   5)

Writing density kernel to file "Fe3_O_piv_6_H2O_3_LowSpin_NGWFSP.dkn" ... done


>>> Density kernel optimised for the current NGWF basis:
     ~~~~~~~~~~~~~~~~~~~~~~~~~~~~~~~~~~~~~~~~~~~~~~~~~~~~~~~~~~~
     Total energy                =  -8.39468896652385E+02  Eh
     Estimated bandgap (UP spin) =   4.1584E-02  Eh
     Estimated bandgap (DN spin) =   7.6183E-03  Eh
     RMS occupancy error         =   9.3012E-09
     [H,K] commutator            =   7.3518E-05
     UP spin occupancy bounds    = [ -0.000:  1.000]
     DN spin occupancy bounds    = [ -0.000:  1.000]
     ~~~~~~~~~~~~~~~~~~~~~~~~~~~~~~~~~~~~~~~~~~~~~~~~~~~~~~~~~~~


================================================================================
           ---------------- ENERGY COMPONENTS (Eh) ----------------
           | Kinetic                    :      294.39781669112642 |
           | Core Hartree               :    -8862.21429051609994 |
           | CoreHart (non-coul chg cor):        0.00142678223254
           | Hartree                    :     4254.50247835580831 |
           | Exchange-correlation       :     -142.44428296748816 |
           | Ewald                      :     3609.65848956015998 |
           | Dij0                       :       19.57196201747520 |
           | Dijhartree                 :       32.66400628411220 |
           | Exc [AE core]              :     -458.48889272732242 |
           | Exc DC [AE core]           :     -199.71398733707454 |
           | Exc [PS core]              :     -113.06785460060874 |
           | Exc DC [PS core]           :     -132.22723608765526 |
           | Exc [Core]                 :     -299.81596204920010 |
           | Total [Sphere]             :        6.63089222407382 |
           | Total                      :     -839.46889665242031 |
           --------------------------------------------------------
           ------ LOCAL ENERGY COMPONENTS FROM MATRIX TRACES ------
           | Core Hartree               :    -8862.21429051611449 |
           | Hartree (Valence)          :     4254.50247835579921 |
           --------------------------------------------------------
           Integrated compensation chrg.:       39.84478540588973
           Integrated density           :      322.99999658133743
           Integrated spin density      :        2.99999998291520
           Integrated |spin density|    :        3.43613443349926
           Local density approx. <S^2>  :        3.96806722529236
           Integrated density tr(KS)    :      323.00000000000000
           Integrated spin tr(KS)       :        3.00000000000000
================================================================================




################################################################################
########################### NGWF CG iteration  016 #############################
################################################################################
****** Reciprocal space K.E. preconditioning with k_zero =  3.0000 a0^-1 *******

>>> Checking for convergence of NGWFs:   NOT CONVERGED
  ========================================================================
         NGWF RMS gradient =  3.1410E-06 >  2.0000E-06  | above tolerance
  ========================================================================

>>> Improving NGWFs using line search:
============ Calculation of NGWF S^-1 using Hotelling algorithm ================ 
     Iteration  |  Spin  |  Frobenius norm and Maximum abs value (of I-S*S_n^-1)
         1           1      0.36193687E-01     0.22047993E-02
         1           2      0.36364942E-01     0.22168442E-02
         2           1      0.14973475E-03     0.22816968E-04
         2           2      0.15171640E-03     0.23357307E-04
         3           1      0.49464813E-08     0.73467044E-09
         3           2      0.51287521E-08     0.77172180E-09
         4           1      0.23406942E-13     0.36637360E-14
         4           2      0.24116836E-13     0.42188475E-14
================================================================================
============ Calculation of NGWF S^-1 using Hotelling algorithm ================ 
     Iteration  |  Spin  |  Frobenius norm and Maximum abs value (of I-S*S_n^-1)
         1           1      0.21787484E-01     0.13219375E-02
         1           2      0.21889337E-01     0.13292546E-02
         2           1      0.54036939E-04     0.81442935E-05
         2           2      0.54734119E-04     0.83394591E-05
         3           1      0.63729944E-09     0.93385966E-10
         3           2      0.65999292E-09     0.98130504E-10
         4           1      0.23875046E-13     0.39968029E-14
         4           2      0.24367157E-13     0.39968029E-14
================================================================================
------------------------------- NGWF line search -------------------------------
RMS gradient                =       0.00000314096962
Trial step length           =               0.425091
Gradient along search dir.  =         -0.00017045211
Functional at step 0        =    -839.46889665238496
Functional at step 1        =    -839.46887932761274
Functional predicted        =    -839.46891127135370
Selected quadratic step     =               0.171532
Conjugate gradients coeff.  =               1.176034
--------------------------- NGWF line search finished --------------------------
                                               
Writing NGWFs to file "Fe3_O_piv_6_H2O_3_LowSpin_NGWFSP.tightbox_ngwfs".... done

>>> Optimising kernel for current NGWFs:
   Initial electron number for spin 1:     163.00079595
   Initial electron number for spin 2:     160.00084549
     Final electron number for spin 1:     163.00000000
     Final electron number for spin 2:     160.00000000

=================== Penalty functional idempotency correction ==================
 RMS occupancy error at iteration   1:  0.000089 (step -0.5000 Ne1=    163.0000)
                                                               Ne2=    160.0000
            Final RMS occupancy error   :  0.000000 (Ne1=    163.0000)
                                                     Ne2=    160.0000
            Final occupancy bounds spin 1: [  0.000,  1.000]
            Final occupancy bounds spin 2: [  0.000,  1.000]
================================================================================

................................................................................
<<<<<<<<<<<<<< LNV (Original version) density kernel optimisation >>>>>>>>>>>>>>
~~~~~~~~~~~~~~~~~~~~~~~~~~~~~~~~~~~~~~~~~~~~~~~~~~~~~~~~~~~~~~~~~~~~~~~~~~~~~~~~
   iter  |      energy (Eh)       | rms gradient |  commutator  |   dE (Eh)
      ideal mu1:      -0.646010506273
      ideal mu2:      -0.649071118514
             Q0:        -839.468911075433
             G0:      -0.000536128587
   RMS gradient:       0.000115707909
     Trial step:       0.511364817150
             Q1:        -839.468925783669
 Quadratic coef:       0.000259449061
 Linear coef   :      -0.000274157297
           Qmin:        -839.468983500269
Quadratic minimum step length (  0.270177112342) accepted
    Initial Ne1:     162.99999176
    Initial Ne2:     159.99999220
      Final Ne1:     163.00000000
      Final Ne2:     160.00000000

=================== Penalty functional idempotency correction ==================
 RMS occupancy error at iteration   1:  0.000001 (step -0.5000 Ne1=    163.0000)
                                                               Ne2=    160.0000
            Final RMS occupancy error   :  0.000000 (Ne1=    163.0000)
                                                     Ne2=    160.0000
            Final occupancy bounds spin 1: [  0.000,  1.000]
            Final occupancy bounds spin 2: [  0.000,  1.000]
================================================================================

    1        -8.394689110754E+02     1.1571E-04     7.1819E-05
      ideal mu1:      -0.645980699210
      ideal mu2:      -0.649043309508
             Q0:        -839.468983863453
             G0:      -0.000292815856
   RMS gradient:       0.000085752547
     Trial step:       0.371697551311
             Q1:        -839.469054599846
 Quadratic coef:       0.000038102544
 Linear coef   :      -0.000108838937
           Qmin:        -839.469061587358
Quadratic minimum step length (  0.530872240399) accepted
    Initial Ne1:     162.99999111
    Initial Ne2:     159.99999158
      Final Ne1:     163.00000000
      Final Ne2:     160.00000000

=================== Penalty functional idempotency correction ==================
 RMS occupancy error at iteration   1:  0.000002 (step -0.5000 Ne1=    163.0000)
                                                               Ne2=    160.0000
            Final RMS occupancy error   :  0.000000 (Ne1=    163.0000)
                                                     Ne2=    160.0000
            Final occupancy bounds spin 1: [  0.000,  1.000]
            Final occupancy bounds spin 2: [  0.000,  1.000]
================================================================================

    2        -8.394689838635E+02     8.5753E-05     5.3195E-05    -7.2788E-05
      ideal mu1:      -0.646008174833
      ideal mu2:      -0.649068614750
             Q0:        -839.469060507784
             G0:      -0.000246753238
   RMS gradient:       0.000080363780
     Trial step:       0.444211562001
             Q1:        -839.469109789721
 Quadratic coef:       0.000060328705
 Linear coef   :      -0.000109610641
           Qmin:        -839.469110295413
Quadratic minimum step length (  0.403541850363) accepted
    Initial Ne1:     162.99999406
    Initial Ne2:     159.99999437
      Final Ne1:     163.00000000
      Final Ne2:     160.00000000

=================== Penalty functional idempotency correction ==================
 RMS occupancy error at iteration   1:  0.000004 (step -0.5000 Ne1=    163.0000)
                                                               Ne2=    160.0000
            Final RMS occupancy error   :  0.000000 (Ne1=    163.0000)
                                                     Ne2=    160.0000
            Final occupancy bounds spin 1: [  0.000,  1.000]
            Final occupancy bounds spin 2: [  0.000,  1.000]
================================================================================

    3        -8.394690605078E+02     8.0364E-05     4.9860E-05    -7.6644E-05
      ideal mu1:      -0.646054481959
      ideal mu2:      -0.649113545862
             Q0:        -839.469110629984
             G0:      -0.000137945373
   RMS gradient:       0.000060606528
     Trial step:       0.423388657952
             Q1:        -839.469146100713
 Quadratic coef:       0.000022933777
 Linear coef   :      -0.000058404506
           Qmin:        -839.469147814072
Quadratic minimum step length (  0.539113241251) accepted
    Initial Ne1:     162.99999549
    Initial Ne2:     159.99999565
      Final Ne1:     163.00000000
      Final Ne2:     160.00000000

=================== Penalty functional idempotency correction ==================
 RMS occupancy error at iteration   1:  0.000007 (step -0.4999 Ne1=    163.0000)
                                                               Ne2=    160.0000
            Final RMS occupancy error   :  0.000000 (Ne1=    163.0000)
                                                     Ne2=    160.0000
            Final occupancy bounds spin 1: [ -0.000,  1.000]
            Final occupancy bounds spin 2: [ -0.000,  1.000]
================================================================================

    4        -8.394691106300E+02     6.0607E-05     3.7590E-05    -5.0122E-05
      ideal mu1:      -0.646100230218
      ideal mu2:      -0.649157694040
    5        -8.394691465601E+02     9.0512E-05     5.6126E-05    -3.5930E-05
Finished density kernel iterations (   5)

Writing density kernel to file "Fe3_O_piv_6_H2O_3_LowSpin_NGWFSP.dkn" ... done


>>> Density kernel optimised for the current NGWF basis:
     ~~~~~~~~~~~~~~~~~~~~~~~~~~~~~~~~~~~~~~~~~~~~~~~~~~~~~~~~~~~
     Total energy                =  -8.39469146560143E+02  Eh
     Estimated bandgap (UP spin) =   4.4933E-02  Eh
     Estimated bandgap (DN spin) =   7.5636E-03  Eh
     RMS occupancy error         =   5.2662E-10
     [H,K] commutator            =   5.6126E-05
     UP spin occupancy bounds    = [ -0.000:  1.000]
     DN spin occupancy bounds    = [ -0.000:  1.000]
     ~~~~~~~~~~~~~~~~~~~~~~~~~~~~~~~~~~~~~~~~~~~~~~~~~~~~~~~~~~~




################################################################################
########################### NGWF CG iteration  017 #############################
################################################################################
****** Reciprocal space K.E. preconditioning with k_zero =  3.0000 a0^-1 *******

>>> Checking for convergence of NGWFs:   NOT CONVERGED
  ========================================================================
         NGWF RMS gradient =  2.0564E-06 >  2.0000E-06  | above tolerance
  ========================================================================

>>> Improving NGWFs using line search:
============ Calculation of NGWF S^-1 using Hotelling algorithm ================ 
     Iteration  |  Spin  |  Frobenius norm and Maximum abs value (of I-S*S_n^-1)
         1           1      0.75054934E-02     0.47604121E-03
         1           2      0.74950216E-02     0.48191088E-03
         2           1      0.66486044E-05     0.10729035E-05
         2           2      0.67220884E-05     0.10973074E-05
         3           1      0.10410550E-10     0.16743273E-11
         3           2      0.10784393E-10     0.17571500E-11
         4           1      0.20709313E-13     0.29976022E-14
         4           2      0.20245405E-13     0.21094237E-14
================================================================================
============ Calculation of NGWF S^-1 using Hotelling algorithm ================ 
     Iteration  |  Spin  |  Frobenius norm and Maximum abs value (of I-S*S_n^-1)
         1           1      0.33371400E-02     0.21169702E-03
         1           2      0.33324661E-02     0.21430698E-03
         2           1      0.13077160E-05     0.21038295E-06
         2           2      0.13217118E-05     0.21519029E-06
         3           1      0.39797442E-12     0.63393735E-13
         3           2      0.41254970E-12     0.68167694E-13
================================================================================
------------------------------- NGWF line search -------------------------------
RMS gradient                =       0.00000205635928
Trial step length           =               0.270031
Gradient along search dir.  =         -0.00004324753
Functional at step 0        =    -839.46914656014292
Functional at step 1        =    -839.46915419169932
Functional predicted        =    -839.46915498569456
Selected quadratic step     =               0.389643
Conjugate gradients coeff.  =               0.000000
--------------------------- NGWF line search finished --------------------------
                                               
Writing NGWFs to file "Fe3_O_piv_6_H2O_3_LowSpin_NGWFSP.tightbox_ngwfs".... done

>>> Optimising kernel for current NGWFs:
   Initial electron number for spin 1:     163.00062602
   Initial electron number for spin 2:     160.00063470
     Final electron number for spin 1:     163.00000000
     Final electron number for spin 2:     160.00000000

=================== Penalty functional idempotency correction ==================
 RMS occupancy error at iteration   1:  0.000067 (step -0.5000 Ne1=    163.0000)
                                                               Ne2=    160.0000
            Final RMS occupancy error   :  0.000000 (Ne1=    163.0000)
                                                     Ne2=    160.0000
            Final occupancy bounds spin 1: [  0.000,  1.000]
            Final occupancy bounds spin 2: [  0.000,  1.000]
================================================================================

................................................................................
<<<<<<<<<<<<<< LNV (Original version) density kernel optimisation >>>>>>>>>>>>>>
~~~~~~~~~~~~~~~~~~~~~~~~~~~~~~~~~~~~~~~~~~~~~~~~~~~~~~~~~~~~~~~~~~~~~~~~~~~~~~~~
   iter  |      energy (Eh)       | rms gradient |  commutator  |   dE (Eh)
      ideal mu1:      -0.646140136818
      ideal mu2:      -0.649192002689
             Q0:        -839.469154457309
             G0:      -0.000301799680
   RMS gradient:       0.000086813637
     Trial step:       0.477759805444
             Q1:        -839.469152864798
 Quadratic coef:       0.000145780267
 Linear coef   :      -0.000144187756
           Qmin:        -839.469190110470
Quadratic minimum step length (  0.236270366779) accepted
    Initial Ne1:     162.99999620
    Initial Ne2:     159.99999633
      Final Ne1:     163.00000000
      Final Ne2:     160.00000000

=================== Penalty functional idempotency correction ==================
 RMS occupancy error at iteration   1:  0.000000 (step -0.5000 Ne1=    163.0000)
                                                               Ne2=    160.0000
            Final RMS occupancy error   :  0.000000 (Ne1=    163.0000)
                                                     Ne2=    160.0000
            Final occupancy bounds spin 1: [  0.000,  1.000]
            Final occupancy bounds spin 2: [  0.000,  1.000]
================================================================================

    1        -8.394691544573E+02     8.6814E-05     5.3902E-05
      ideal mu1:      -0.646069650282
      ideal mu2:      -0.649127341820
             Q0:        -839.469190318578
             G0:      -0.000132808427
   RMS gradient:       0.000057757937
     Trial step:       0.335976910612
             Q1:        -839.469223386899
 Quadratic coef:       0.000011552244
 Linear coef   :      -0.000044620565
           Qmin:        -839.469233405332
Quadratic minimum step length (  0.648855721255) accepted
    Initial Ne1:     162.99999539
    Initial Ne2:     159.99999554
      Final Ne1:     163.00000000
      Final Ne2:     160.00000000

=================== Penalty functional idempotency correction ==================
 RMS occupancy error at iteration   1:  0.000002 (step -0.5000 Ne1=    163.0000)
                                                               Ne2=    160.0000
            Final RMS occupancy error   :  0.000000 (Ne1=    163.0000)
                                                     Ne2=    160.0000
            Final occupancy bounds spin 1: [  0.000,  1.000]
            Final occupancy bounds spin 2: [  0.000,  1.000]
================================================================================

    2        -8.394691903186E+02     5.7758E-05     3.5854E-05    -3.5861E-05
      ideal mu1:      -0.645966947855
      ideal mu2:      -0.649033001977
             Q0:        -839.469231485675
             G0:      -0.000185931314
   RMS gradient:       0.000071490580
     Trial step:       0.466905280180
             Q1:        -839.469283804531
 Quadratic coef:       0.000034493455
 Linear coef   :      -0.000086812312
           Qmin:        -839.469286107467
Quadratic minimum step length (  0.587548077638) accepted
    Initial Ne1:     162.99999360
    Initial Ne2:     159.99999379
      Final Ne1:     163.00000000
      Final Ne2:     160.00000000

=================== Penalty functional idempotency correction ==================
 RMS occupancy error at iteration   1:  0.000011 (step -0.4998 Ne1=    163.0000)
                                                               Ne2=    160.0000
            Final RMS occupancy error   :  0.000000 (Ne1=    163.0000)
                                                     Ne2=    160.0000
            Final occupancy bounds spin 1: [ -0.000,  1.000]
            Final occupancy bounds spin 2: [ -0.000,  1.000]
================================================================================

    3        -8.394692314857E+02     7.1491E-05     4.4349E-05    -4.1167E-05
      ideal mu1:      -0.645924429293
      ideal mu2:      -0.648995631707
             Q0:        -839.469284738856
             G0:      -0.000208922608
   RMS gradient:       0.000076580068
     Trial step:       0.523764546155
             Q1:        -839.469336205399
 Quadratic coef:       0.000057959711
 Linear coef   :      -0.000109426255
           Qmin:        -839.469336387255
Quadratic minimum step length (  0.494426141627) accepted
    Initial Ne1:     162.99999390
    Initial Ne2:     159.99999404
      Final Ne1:     163.00000000
      Final Ne2:     160.00000000

=================== Penalty functional idempotency correction ==================
 RMS occupancy error at iteration   1:  0.000024 (step -0.4996 Ne1=    163.0000)
                                                               Ne2=    160.0000
            Final RMS occupancy error   :  0.000000 (Ne1=    163.0000)
                                                     Ne2=    160.0000
            Final occupancy bounds spin 1: [ -0.000,  1.000]
            Final occupancy bounds spin 2: [ -0.000,  1.000]
================================================================================

    4        -8.394692847389E+02     7.6580E-05     4.7451E-05    -5.3253E-05
      ideal mu1:      -0.645983804423
      ideal mu2:      -0.649052450879
    5        -8.394693368040E+02     9.7077E-05     6.0217E-05    -5.2065E-05
Finished density kernel iterations (   5)

Writing density kernel to file "Fe3_O_piv_6_H2O_3_LowSpin_NGWFSP.dkn" ... done


>>> Density kernel optimised for the current NGWF basis:
     ~~~~~~~~~~~~~~~~~~~~~~~~~~~~~~~~~~~~~~~~~~~~~~~~~~~~~~~~~~~
     Total energy                =  -8.39469336804025E+02  Eh
     Estimated bandgap (UP spin) =   4.4280E-02  Eh
     Estimated bandgap (DN spin) =   1.0450E-02  Eh
     RMS occupancy error         =   3.7253E-09
     [H,K] commutator            =   6.0217E-05
     UP spin occupancy bounds    = [ -0.000:  1.000]
     DN spin occupancy bounds    = [ -0.000:  1.000]
     ~~~~~~~~~~~~~~~~~~~~~~~~~~~~~~~~~~~~~~~~~~~~~~~~~~~~~~~~~~~




################################################################################
########################### NGWF CG iteration  018 #############################
################################################################################
****** Reciprocal space K.E. preconditioning with k_zero =  3.0000 a0^-1 *******

>>> Checking for convergence of NGWFs:   NOT CONVERGED
  ========================================================================
         NGWF RMS gradient =  2.7752E-06 >  2.0000E-06  | above tolerance
  ========================================================================

>>> Improving NGWFs using line search:
============ Calculation of NGWF S^-1 using Hotelling algorithm ================ 
     Iteration  |  Spin  |  Frobenius norm and Maximum abs value (of I-S*S_n^-1)
         1           1      0.25819142E-01     0.16326548E-02
         1           2      0.25807155E-01     0.16434473E-02
         2           1      0.77402849E-04     0.12312559E-04
         2           2      0.78331693E-04     0.12589655E-04
         3           1      0.13613656E-08     0.21656943E-09
         3           2      0.14114002E-08     0.22674029E-09
         4           1      0.23814525E-13     0.38857806E-14
         4           2      0.22808596E-13     0.31086245E-14
================================================================================
============ Calculation of NGWF S^-1 using Hotelling algorithm ================ 
     Iteration  |  Spin  |  Frobenius norm and Maximum abs value (of I-S*S_n^-1)
         1           1      0.14067883E-01     0.88873895E-03
         1           2      0.14061576E-01     0.89464772E-03
         2           1      0.22888216E-04     0.36239987E-05
         2           2      0.23157037E-04     0.37061741E-05
         3           1      0.11786033E-09     0.18683499E-10
         3           2      0.12209668E-09     0.19561464E-10
         4           1      0.23800254E-13     0.26645353E-14
         4           2      0.23368723E-13     0.33861802E-14
================================================================================
------------------------------- NGWF line search -------------------------------
RMS gradient                =       0.00000277522536
Trial step length           =               0.324369
Gradient along search dir.  =         -0.00013017831
Functional at step 0        =    -839.46933680402549
Functional at step 1        =    -839.46933293233326
Functional predicted        =    -839.46934647386490
Selected quadratic step     =               0.148563
Conjugate gradients coeff.  =               1.821371
--------------------------- NGWF line search finished --------------------------
                                               
Writing NGWFs to file "Fe3_O_piv_6_H2O_3_LowSpin_NGWFSP.tightbox_ngwfs".... done

>>> Optimising kernel for current NGWFs:
   Initial electron number for spin 1:     163.00068181
   Initial electron number for spin 2:     160.00070543
     Final electron number for spin 1:     163.00000000
     Final electron number for spin 2:     160.00000000

=================== Penalty functional idempotency correction ==================
 RMS occupancy error at iteration   1:  0.000072 (step -0.5000 Ne1=    163.0000)
                                                               Ne2=    160.0000
            Final RMS occupancy error   :  0.000000 (Ne1=    163.0000)
                                                     Ne2=    160.0000
            Final occupancy bounds spin 1: [  0.000,  1.000]
            Final occupancy bounds spin 2: [  0.000,  1.000]
================================================================================

................................................................................
<<<<<<<<<<<<<< LNV (Original version) density kernel optimisation >>>>>>>>>>>>>>
~~~~~~~~~~~~~~~~~~~~~~~~~~~~~~~~~~~~~~~~~~~~~~~~~~~~~~~~~~~~~~~~~~~~~~~~~~~~~~~~
   iter  |      energy (Eh)       | rms gradient |  commutator  |   dE (Eh)
      ideal mu1:      -0.646023384549
      ideal mu2:      -0.649086842247
             Q0:        -839.469346846492
             G0:      -0.000362244208
   RMS gradient:       0.000095110680
     Trial step:       0.508883958950
             Q1:        -839.469356613128
 Quadratic coef:       0.000174573631
 Linear coef   :      -0.000184340267
           Qmin:        -839.469395509818
Quadratic minimum step length (  0.268676901743) accepted
    Initial Ne1:     162.99999490
    Initial Ne2:     159.99999501
      Final Ne1:     163.00000000
      Final Ne2:     160.00000000

=================== Penalty functional idempotency correction ==================
 RMS occupancy error at iteration   1:  0.000000 (step -0.5000 Ne1=    163.0000)
                                                               Ne2=    160.0000
            Final RMS occupancy error   :  0.000000 (Ne1=    163.0000)
                                                     Ne2=    160.0000
            Final occupancy bounds spin 1: [  0.000,  1.000]
            Final occupancy bounds spin 2: [  0.000,  1.000]
================================================================================

    1        -8.394693468465E+02     9.5111E-05     5.9044E-05
      ideal mu1:      -0.645973378248
      ideal mu2:      -0.649041692348
             Q0:        -839.469395874490
             G0:      -0.000189867394
   RMS gradient:       0.000069152112
     Trial step:       0.369763932040
             Q1:        -839.469441860193
 Quadratic coef:       0.000024220411
 Linear coef   :      -0.000070206114
           Qmin:        -839.469446749952
Quadratic minimum step length (  0.535905201112) accepted
    Initial Ne1:     162.99999462
    Initial Ne2:     159.99999474
      Final Ne1:     163.00000000
      Final Ne2:     160.00000000

=================== Penalty functional idempotency correction ==================
 RMS occupancy error at iteration   1:  0.000002 (step -0.5000 Ne1=    163.0000)
                                                               Ne2=    160.0000
            Final RMS occupancy error   :  0.000000 (Ne1=    163.0000)
                                                     Ne2=    160.0000
            Final occupancy bounds spin 1: [  0.000,  1.000]
            Final occupancy bounds spin 2: [  0.000,  1.000]
================================================================================

    2        -8.394693958745E+02     6.9152E-05     4.2901E-05    -4.9028E-05
      ideal mu1:      -0.645954932762
      ideal mu2:      -0.649026170262
             Q0:        -839.469445725950
             G0:      -0.000165105671
   RMS gradient:       0.000066381527
     Trial step:       0.445149878539
             Q1:        -839.469478121517
 Quadratic coef:       0.000041101203
 Linear coef   :      -0.000073496769
           Qmin:        -839.469478582502
Quadratic minimum step length (  0.398006332731) accepted
    Initial Ne1:     162.99999632
    Initial Ne2:     159.99999640
      Final Ne1:     163.00000000
      Final Ne2:     160.00000000

=================== Penalty functional idempotency correction ==================
 RMS occupancy error at iteration   1:  0.000003 (step -0.5000 Ne1=    163.0000)
                                                               Ne2=    160.0000
            Final RMS occupancy error   :  0.000000 (Ne1=    163.0000)
                                                     Ne2=    160.0000
            Final occupancy bounds spin 1: [  0.000,  1.000]
            Final occupancy bounds spin 2: [  0.000,  1.000]
================================================================================

    3        -8.394694457260E+02     6.6382E-05     4.1187E-05    -4.9851E-05
      ideal mu1:      -0.646015861835
      ideal mu2:      -0.649083267185
             Q0:        -839.469478891675
             G0:      -0.000083986078
   RMS gradient:       0.000047572208
     Trial step:       0.420918603382
             Q1:        -839.469501429429
 Quadratic coef:       0.000012813549
 Linear coef   :      -0.000035351303
           Qmin:        -839.469503274354
Quadratic minimum step length (  0.580636224226) accepted
    Initial Ne1:     162.99999724
    Initial Ne2:     159.99999727
      Final Ne1:     163.00000000
      Final Ne2:     160.00000000

=================== Penalty functional idempotency correction ==================
 RMS occupancy error at iteration   1:  0.000005 (step -0.5000 Ne1=    163.0000)
                                                               Ne2=    160.0000
            Final RMS occupancy error   :  0.000000 (Ne1=    163.0000)
                                                     Ne2=    160.0000
            Final occupancy bounds spin 1: [  0.000,  1.000]
            Final occupancy bounds spin 2: [  0.000,  1.000]
================================================================================

    4        -8.394694788917E+02     4.7572E-05     2.9509E-05    -3.3166E-05
      ideal mu1:      -0.646078879742
      ideal mu2:      -0.649141622275
    5        -8.394695018878E+02     7.6919E-05     4.7695E-05    -2.2996E-05
Finished density kernel iterations (   5)

Writing density kernel to file "Fe3_O_piv_6_H2O_3_LowSpin_NGWFSP.dkn" ... done


>>> Density kernel optimised for the current NGWF basis:
     ~~~~~~~~~~~~~~~~~~~~~~~~~~~~~~~~~~~~~~~~~~~~~~~~~~~~~~~~~~~
     Total energy                =  -8.39469501887752E+02  Eh
     Estimated bandgap (UP spin) =   4.1485E-02  Eh
     Estimated bandgap (DN spin) =   7.7895E-03  Eh
     RMS occupancy error         =   8.1643E-10
     [H,K] commutator            =   4.7695E-05
     UP spin occupancy bounds    = [  0.000:  1.000]
     DN spin occupancy bounds    = [  0.000:  1.000]
     ~~~~~~~~~~~~~~~~~~~~~~~~~~~~~~~~~~~~~~~~~~~~~~~~~~~~~~~~~~~




################################################################################
########################### NGWF CG iteration  019 #############################
################################################################################
****** Reciprocal space K.E. preconditioning with k_zero =  3.0000 a0^-1 *******

>>> Checking for convergence of NGWFs: 
           ........................................................
           |         *** NGWF optimisation converged ***          |
           | RMS NGWF gradient =    0.00000099560811              |
           | Criteria satisfied:                                  |
           | -> RMS NGWF gradient lower than set threshold.       |
           ========================================================

================================================================================
           ---------------- ENERGY COMPONENTS (Eh) ----------------
           | Kinetic                    :      294.41530066860895 |
           | Core Hartree               :    -8862.21197891101838 |
           | CoreHart (non-coul chg cor):        0.00142678223254
           | Hartree                    :     4254.48715232239374 |
           | Exchange-correlation       :     -142.44609100088141 |
           | Ewald                      :     3609.65848956015998 |
           | Dij0                       :       19.57252638452768 |
           | Dijhartree                 :       32.66014819321004 |
           | Exc [AE core]              :     -458.49327981104119 |
           | Exc DC [AE core]           :     -199.71982634398043 |
           | Exc [PS core]              :     -113.07226865708326 |
           | Exc DC [PS core]           :     -132.23315272148147 |
           | Exc [Core]                 :     -299.81596204920010 |
           | Total [Sphere]             :        6.62762547297990 |
           | Total                      :     -839.46950188775759 |
           --------------------------------------------------------
           ------ LOCAL ENERGY COMPONENTS FROM MATRIX TRACES ------
           | Core Hartree               :    -8862.21197891102202 |
           | Hartree (Valence)          :     4254.48715232241739 |
           --------------------------------------------------------
           Integrated compensation chrg.:       39.84612380926761
           Integrated density           :      322.99999658104548
           Integrated spin density      :        2.99999998240592
           Integrated |spin density|    :        3.43822426639074
           Local density approx. <S^2>  :        3.96911214199093
           Integrated density tr(KS)    :      323.00000000000000
           Integrated spin tr(KS)       :        3.00000000000000
================================================================================

Calculating NGWF non self-consistent forces...done.

                        <<<<< CALCULATION SUMMARY >>>>>                         
|ITER|    RMS GRADIENT   |     TOTAL ENERGY    |   step   |     Epredicted              
   0     0.00083905296757   -833.45889319845526   1.125483   -837.51072021727487        
   1     0.00033689979488   -838.19814500366476   1.143787   -838.85048827477783        
   2     0.00016887652435   -839.08366697324027   0.956367   -839.22610569847404        
   3     0.00011121081633   -839.30784775890481   0.749950   -839.35756023797728        
   4     0.00006250252345   -839.39759134591998   0.836058   -839.41429320409179        
   5     0.00004409264879   -839.43278932176531   1.014069   -839.44264897218704        
   6     0.00003088442591   -839.44933814227090   0.984627   -839.45430511963002        
   7     0.00002072821947   -839.45784673227502   0.818934   -839.45973406796895        
   8     0.00001561390491   -839.46181266747885   0.599297   -839.46255980112471        
   9     0.00001060783279   -839.46397909500013   0.939072   -839.46451500055275        
  10     0.00000790559335   -839.46557304519001   0.788267   -839.46586501417096        
  11     0.00000729637800   -839.46667690077720   0.551952   -839.46687961855616        
  12     0.00000537435281   -839.46752158172194   0.793123   -839.46763872739155        
  13     0.00000457315083   -839.46815245415291   0.483855   -839.46820789407116        
  14     0.00000289636794   -839.46859409631224   0.304577   -839.46861010053863        
  15     0.00000314096962   -839.46889665238496   0.171532   -839.46891127135370        
  16     0.00000205635928   -839.46914656014292   0.389643   -839.46915498569456        
  17     0.00000277522536   -839.46933680402549   0.148563   -839.46934647386490        
  18     0.00000099560811   -839.46950188775236  <-- CG                                 

======================== Writing density and potential =========================
Writing "Fe3_O_piv_6_H2O_3_LowSpin_NGWFSP_ps_density.cube" ... done
Writing "Fe3_O_piv_6_H2O_3_LowSpin_NGWFSP_ps_spindensity.cube" ... done
Writing "Fe3_O_piv_6_H2O_3_LowSpin_NGWFSP_ae_density.cube" ... done
Writing "Fe3_O_piv_6_H2O_3_LowSpin_NGWFSP_ae_spindensity.cube" ... done
Writing "Fe3_O_piv_6_H2O_3_LowSpin_NGWFSP_potential.cube" ... done
Writing "Fe3_O_piv_6_H2O_3_LowSpin_NGWFSP_electrostatic_potential.cube" ... done
================================================================================

    Mulliken Atomic Populations
    ---------------------------
Species  Ion    Total   Charge (e)    Spin (hbar)
=================================================
  Fe     1      15.026      0.974      0.47
  Fe     2      15.202      0.798      0.47
  Fe     3      15.110      0.890      0.46
  O      4       6.459     -0.459      0.10
  O      5       6.802     -0.802     -0.00
  H      6       0.514      0.486     -0.00
  H      7       0.517      0.483      0.00
  O      8       6.788     -0.788     -0.00
  H      9       0.518      0.482     -0.00
  H     10       0.518      0.482      0.00
  O     11       6.796     -0.796     -0.00
  H     12       0.515      0.485     -0.00
  H     13       0.519      0.481      0.00
  O     14       6.484     -0.484      0.00
  O     15       6.486     -0.486      0.00
  O     16       6.491     -0.491      0.00
  O     17       6.455     -0.455      0.01
  O     18       6.471     -0.471      0.00
  O     19       6.501     -0.501      0.00
  O     20       6.466     -0.466      0.01
  O     21       6.451     -0.451      0.01
  O     22       6.483     -0.483      0.01
  O     23       6.500     -0.500      0.00
  O     24       6.483     -0.483      0.01
  O     25       6.469     -0.469      0.01
  C     26       3.429      0.571     -0.01
  C     27       4.022     -0.022     -0.00
  C     28       4.777     -0.777     -0.00
  H     29       0.740      0.260      0.00
  H     30       0.730      0.270     -0.00
  H     31       0.718      0.282     -0.00
  C     32       4.770     -0.770     -0.00
  H     33       0.736      0.264     -0.00
  H     34       0.716      0.284     -0.00
  H     35       0.736      0.264      0.00
  C     36       4.779     -0.779     -0.00
  H     37       0.739      0.261     -0.00
  H     38       0.729      0.271      0.00
  H     39       0.721      0.279     -0.00
  C     40       3.417      0.583     -0.01
  C     41       4.019     -0.019     -0.00
  C     42       4.764     -0.764     -0.00
  H     43       0.735      0.265      0.00
  H     44       0.735      0.265      0.00
  H     45       0.719      0.281     -0.00
  C     46       4.782     -0.782     -0.00
  H     47       0.738      0.262     -0.00
  H     48       0.723      0.277     -0.00
  H     49       0.723      0.277      0.00
  C     50       4.782     -0.782     -0.00
  H     51       0.739      0.261     -0.00
  H     52       0.720      0.280      0.00
  H     53       0.723      0.277     -0.00
  C     54       3.410      0.590     -0.00
  C     55       4.021     -0.021     -0.00
  C     56       4.778     -0.778     -0.00
  H     57       0.719      0.281     -0.00
  H     58       0.741      0.259     -0.00
  H     59       0.735      0.265      0.00
  C     60       4.775     -0.775     -0.00
  H     61       0.719      0.281     -0.00
  H     62       0.738      0.262      0.00
  H     63       0.729      0.271     -0.00
  C     64       4.771     -0.771     -0.00
  H     65       0.718      0.282     -0.00
  H     66       0.733      0.267     -0.00
  H     67       0.737      0.263      0.00
  C     68       3.416      0.584     -0.01
  C     69       4.017     -0.017     -0.00
  C     70       4.767     -0.767     -0.00
  H     71       0.721      0.279     -0.00
  H     72       0.744      0.256      0.00
  H     73       0.732      0.268     -0.00
  C     74       4.780     -0.780     -0.00
  H     75       0.724      0.276     -0.00
  H     76       0.721      0.279      0.00
  H     77       0.737      0.263     -0.00
  C     78       4.778     -0.778     -0.00
  H     79       0.727      0.273     -0.00
  H     80       0.728      0.272     -0.00
  H     81       0.729      0.271      0.00
  C     82       3.420      0.580     -0.01
  C     83       4.022     -0.022     -0.00
  C     84       4.772     -0.772     -0.00
  H     85       0.738      0.262      0.00
  H     86       0.720      0.280     -0.00
  H     87       0.729      0.271      0.00
  C     88       4.774     -0.774     -0.00
  H     89       0.729      0.271     -0.00
  H     90       0.744      0.256     -0.00
  H     91       0.716      0.284     -0.00
  C     92       4.779     -0.779     -0.00
  H     93       0.720      0.280     -0.00
  H     94       0.739      0.261      0.00
  H     95       0.734      0.266      0.00
  C     96       3.423      0.577     -0.01
  C     97       4.021     -0.021     -0.00
  C     98       4.771     -0.771     -0.00
  H     99       0.723      0.277     -0.00
  H    100       0.743      0.257     -0.00
  H    101       0.725      0.275     -0.00
  C    102       4.778     -0.778     -0.00
  H    103       0.719      0.281     -0.00
  H    104       0.732      0.268      0.00
  H    105       0.733      0.267     -0.00
  C    106       4.776     -0.776     -0.00
  H    107       0.726      0.274     -0.00
  H    108       0.722      0.278      0.00
  H    109       0.738      0.262      0.00
=================================================

        Bond         Population      Spin       Length (bohr)
=============================================================
 O     5 -- H     6        0.58      0.00      1.82153
 O    11 -- H    12        0.58      0.00      1.82162
 O     8 -- H     9        0.58      0.00      1.82371
 O    11 -- H    13        0.58     -0.00      1.82496
 O     5 -- H     7        0.58      0.00      1.82550
 O     8 -- H    10        0.58     -0.00      1.82606
 C    50 -- H    52        0.82     -0.00      2.05926
 C    74 -- H    76        0.82     -0.00      2.05968
 C    46 -- H    49        0.82     -0.00      2.05973
 C    98 -- H   101        0.83     -0.00      2.05998
 C    28 -- H    29        0.82      0.00      2.06000
 C    36 -- H    38        0.82     -0.00      2.06009
 C    84 -- H    87        0.83     -0.00      2.06022
 C    60 -- H    62        0.82      0.00      2.06033
 C    78 -- H    81        0.83      0.00      2.06038
 C   106 -- H   108        0.82      0.00      2.06097
 C    56 -- H    59        0.83     -0.00      2.06123
 C    64 -- H    67        0.83     -0.00      2.06145
 C   102 -- H   104        0.82     -0.00      2.06162
 C    88 -- H    90        0.82     -0.00      2.06190
 C    70 -- H    73        0.83     -0.00      2.06211
 C   106 -- H   109        0.83      0.00      2.06234
 C    32 -- H    33        0.83     -0.00      2.06276
 C    42 -- H    43        0.83     -0.00      2.06278
 C    78 -- H    80        0.82     -0.00      2.06288
 C    92 -- H    95        0.82      0.00      2.06300
 C    92 -- H    94        0.82     -0.00      2.06321
 C    28 -- H    31        0.83     -0.00      2.06329
 C    56 -- H    57        0.83     -0.00      2.06333
 C    60 -- H    61        0.82     -0.00      2.06336
 C    36 -- H    39        0.83     -0.00      2.06342
 C    92 -- H    93        0.83     -0.00      2.06349
 C    46 -- H    48        0.82     -0.00      2.06358
 C    88 -- H    91        0.83      0.00      2.06361
 C    50 -- H    53        0.83     -0.00      2.06364
 C    74 -- H    75        0.82     -0.00      2.06370
 C    64 -- H    65        0.83      0.00      2.06370
 C    84 -- H    86        0.83      0.00      2.06374
 C   102 -- H   103        0.82      0.00      2.06377
 C   106 -- H   107        0.83     -0.00      2.06381
 C    78 -- H    79        0.82     -0.00      2.06384
 C    98 -- H    99        0.83     -0.00      2.06384
 C    32 -- H    34        0.82      0.00      2.06391
 C    70 -- H    71        0.83      0.00      2.06402
 C    42 -- H    45        0.82      0.00      2.06416
 C    42 -- H    44        0.83     -0.00      2.06422
 C    56 -- H    58        0.82      0.00      2.06460
 C    36 -- H    37        0.82      0.00      2.06478
 C    60 -- H    63        0.82     -0.00      2.06483
 C    28 -- H    30        0.82     -0.00      2.06487
 C    32 -- H    35        0.82     -0.00      2.06496
 C    46 -- H    47        0.82      0.00      2.06496
 C    64 -- H    66        0.82     -0.00      2.06502
 C    88 -- H    89        0.82     -0.00      2.06524
 C    84 -- H    85        0.82     -0.00      2.06534
 C    98 -- H   100        0.82     -0.00      2.06537
 C   102 -- H   105        0.82     -0.00      2.06544
 C    70 -- H    72        0.82     -0.00      2.06550
 C    74 -- H    77        0.82     -0.00      2.06557
 C    50 -- H    51        0.82     -0.00      2.06568
 O    25 -- C    96        0.94     -0.00      2.36732
 O    23 -- C    82        0.93      0.00      2.36956
 O    21 -- C    68        0.95      0.00      2.36974
 O    17 -- C    40        0.95     -0.00      2.37138
 O    19 -- C    54        0.94      0.00      2.37358
 O    15 -- C    26        0.93      0.00      2.37473
 O    18 -- C    54        0.94      0.00      2.37498
 O    14 -- C    26        0.93      0.00      2.37570
 O    16 -- C    40        0.92      0.00      2.37588
 O    20 -- C    68        0.93      0.00      2.37698
 O    22 -- C    82        0.93      0.00      2.37965
 O    24 -- C    96        0.92      0.00      2.38104
 C    83 -- C    92        0.71      0.00      2.87813
 C    69 -- C    78        0.71      0.00      2.87835
 C    97 -- C   106        0.71      0.00      2.87852
 C    55 -- C    56        0.71      0.00      2.87929
 C    27 -- C    36        0.71      0.00      2.88039
 C    41 -- C    46        0.71      0.00      2.88153
 C    96 -- C    97        0.77     -0.00      2.88286
 C    40 -- C    41        0.77     -0.00      2.88381
 C    41 -- C    50        0.71      0.00      2.88418
 C    68 -- C    69        0.77     -0.00      2.88536
 C    82 -- C    83        0.77     -0.00      2.88609
 C    54 -- C    55        0.77     -0.00      2.88636
 C    27 -- C    28        0.70      0.00      2.88663
 C    26 -- C    27        0.77     -0.00      2.88705
 C    69 -- C    74        0.70      0.00      2.88969
 C    55 -- C    60        0.70      0.00      2.89090
 C    97 -- C    98        0.70      0.00      2.89145
 C    83 -- C    84        0.70      0.00      2.89368
 C    83 -- C    88        0.69      0.00      2.89471
 C    97 -- C   102        0.69      0.00      2.89663
 C    55 -- C    64        0.69      0.00      2.89787
 C    69 -- C    70        0.69      0.00      2.89821
 C    27 -- C    32        0.69      0.00      2.89986
 C    41 -- C    42        0.69      0.00      2.90097
 H     9 -- H    10       -0.11      0.00      2.92457
 H    12 -- H    13       -0.11      0.00      2.93871
 H     6 -- H     7       -0.11      0.00      2.94181
 H    57 -- H    58       -0.11      0.00      3.33110
 H    80 -- H    81       -0.11     -0.00      3.33274
 H   108 -- H   109       -0.11     -0.00      3.33279
 H    37 -- H    39       -0.10      0.00      3.33283
 H    51 -- H    53       -0.10      0.00      3.33404
 H    93 -- H    95       -0.10      0.00      3.33408
 H    47 -- H    48       -0.10      0.00      3.33484
 H    75 -- H    77       -0.10      0.00      3.33488
 H    93 -- H    94       -0.11      0.00      3.33497
 H    30 -- H    31       -0.10      0.00      3.33531
 H    29 -- H    31       -0.11     -0.00      3.33584
 H    90 -- H    91       -0.11      0.00      3.33604
 H   103 -- H   105       -0.10      0.00      3.33609
 H    99 -- H   100       -0.11      0.00      3.33687
 H    61 -- H    63       -0.10      0.00      3.33702
 H    89 -- H    91       -0.10      0.00      3.33729
 H    85 -- H    86       -0.10      0.00      3.33731
 H    71 -- H    72       -0.11      0.00      3.33750
 H    61 -- H    62       -0.10      0.00      3.33771
 H    65 -- H    66       -0.10      0.00      3.33843
 H    57 -- H    59       -0.10      0.00      3.33852
 H    34 -- H    35       -0.10      0.00      3.33936
 H    79 -- H    80       -0.10      0.00      3.34043
 H    38 -- H    39       -0.10      0.00      3.34056
 H   107 -- H   109       -0.10     -0.00      3.34064
 H    48 -- H    49       -0.10      0.00      3.34160
 H    44 -- H    45       -0.10      0.00      3.34192
 H   103 -- H   104       -0.10      0.00      3.34274
 H    43 -- H    45       -0.10      0.00      3.34331
 H    51 -- H    52       -0.10     -0.00      3.34344
 H    62 -- H    63       -0.11     -0.00      3.34401
 H   107 -- H   108       -0.10      0.00      3.34428
 H   100 -- H   101       -0.10     -0.00      3.34459
 H    37 -- H    38       -0.10     -0.00      3.34494
 H    79 -- H    81       -0.10      0.00      3.34498
 H    52 -- H    53       -0.10      0.00      3.34504
 H    47 -- H    49       -0.10     -0.00      3.34531
 H    33 -- H    34       -0.10      0.00      3.34565
 H    86 -- H    87       -0.10      0.00      3.34582
 H    65 -- H    67       -0.10      0.00      3.34602
 H    66 -- H    67       -0.10     -0.00      3.34618
 H    75 -- H    76       -0.10      0.00      3.34642
 H    85 -- H    87       -0.11     -0.00      3.34670
 H    29 -- H    30       -0.11     -0.00      3.34770
 H    76 -- H    77       -0.10     -0.00      3.34909
 H    71 -- H    73       -0.10      0.00      3.34937
 H    58 -- H    59       -0.10      0.00      3.34957
 H    99 -- H   101       -0.10      0.00      3.34961
 H    94 -- H    95       -0.10      0.00      3.34986
 H    33 -- H    35       -0.11     -0.00      3.35252
 H    89 -- H    90       -0.10     -0.00      3.35445
 H   104 -- H   105       -0.10     -0.00      3.35446
 H    72 -- H    73       -0.10     -0.00      3.35551
 H    43 -- H    44       -0.11     -0.00      3.35556
 Fe    1 -- O     4        0.27     -0.02      3.44434
 Fe    2 -- O     4        0.32     -0.03      3.44846
 Fe    3 -- O     4        0.29     -0.02      3.46066
 Fe    3 -- O    21        0.26     -0.01      3.58525
 Fe    2 -- O    20        0.30     -0.01      3.59072
 Fe    1 -- O    25        0.23     -0.01      3.59392
 Fe    2 -- O    17        0.28     -0.01      3.59681
 Fe    3 -- O    24        0.29     -0.01      3.60461
 Fe    1 -- O    16        0.27     -0.01      3.60956
 Fe    1 -- O    14        0.26     -0.01      3.62332
 Fe    3 -- O    22        0.28     -0.01      3.63214
 Fe    2 -- O    18        0.29     -0.01      3.63626
 Fe    3 -- O    19        0.29     -0.01      3.65282
 Fe    1 -- O    23        0.27     -0.01      3.65441
 Fe    2 -- O    15        0.32     -0.01      3.65809
 Fe    3 -- O    11        0.07     -0.00      3.83728
 Fe    1 -- O     5        0.06     -0.00      3.84288
 Fe    2 -- O     8        0.08     -0.00      3.84343
 C    97 -- H   107       -0.11      0.00      4.05838
 C    69 -- H    79       -0.11      0.00      4.05861
 C    55 -- H    57       -0.11      0.00      4.06029
 C    41 -- H    48       -0.11      0.00      4.06078
 C    83 -- H    93       -0.11      0.00      4.06212
 C    27 -- H    39       -0.11      0.00      4.06290
 C    27 -- H    31       -0.11      0.00      4.06723
 C    41 -- H    53       -0.11      0.00      4.06766
 C    69 -- H    75       -0.11      0.00      4.06829
 C    55 -- H    61       -0.11      0.00      4.07134
 C    97 -- H    99       -0.11      0.00      4.07238
 C    83 -- H    86       -0.11      0.00      4.07388
 C    97 -- H   103       -0.11      0.00      4.07466
 C    69 -- H    71       -0.11      0.00      4.07709
 C    41 -- H    45       -0.11      0.00      4.07866
 C    55 -- H    65       -0.11      0.00      4.07902
 C    83 -- H    91       -0.11      0.00      4.07936
 C    27 -- H    34       -0.11      0.00      4.08083
 C    97 -- H   109       -0.12     -0.00      4.10760
 C    83 -- H    94       -0.12     -0.00      4.10835
 C    69 -- H    80       -0.12      0.00      4.10989
 C    69 -- H    81       -0.11     -0.00      4.11020
 C    41 -- H    51       -0.12      0.00      4.11121
 C    27 -- H    37       -0.12      0.00      4.11153
 C    55 -- H    59       -0.12     -0.00      4.11210
 C    27 -- H    38       -0.11     -0.00      4.11216
 C    55 -- H    58       -0.12      0.00      4.11229
 C    41 -- H    47       -0.12      0.00      4.11230
 C    41 -- H    49       -0.11     -0.00      4.11274
 C    83 -- H    95       -0.12     -0.00      4.11294
 C    97 -- H   108       -0.11     -0.00      4.11369
 C    41 -- H    52       -0.11     -0.00      4.11412
 C    83 -- H    87       -0.12     -0.00      4.11446
 C    83 -- H    90       -0.12      0.00      4.11449
 C    69 -- H    76       -0.11     -0.00      4.11496
 C    97 -- H   101       -0.11      0.00      4.11500
 C    27 -- H    29       -0.12     -0.00      4.11591
 C    69 -- H    73       -0.12     -0.00      4.11609
 C    69 -- H    77       -0.12      0.00      4.11667
 C    97 -- H   100       -0.12      0.00      4.11732
 C    27 -- H    30       -0.12      0.00      4.11897
 C    97 -- H   104       -0.12     -0.00      4.11966
 C    27 -- H    33       -0.12      0.00      4.12038
 C    55 -- H    67       -0.12      0.00      4.12068
 C    55 -- H    62       -0.11     -0.00      4.12145
 C    55 -- H    63       -0.12      0.00      4.12182
 C    41 -- H    44       -0.12      0.00      4.12185
 C    69 -- H    72       -0.12      0.00      4.12315
 C    41 -- H    43       -0.12     -0.00      4.12362
 C    83 -- H    85       -0.12      0.00      4.12385
 C    27 -- H    35       -0.12      0.00      4.12488
 C    55 -- H    66       -0.12      0.00      4.12494
 C    97 -- H   105       -0.12      0.00      4.12548
 C    83 -- H    89       -0.12      0.00      4.12673
 H    13 -- O    19       -0.00      0.00      4.19910
 H     7 -- O    23       -0.00      0.00      4.20644
 O    24 -- O    25       -0.17     -0.00      4.20692
 O    16 -- O    17       -0.17     -0.00      4.20772
 O    18 -- O    19       -0.17     -0.00      4.20880
 O    22 -- O    23       -0.17     -0.00      4.20935
 H    10 -- O    18       -0.00      0.00      4.21366
 O    20 -- O    21       -0.16     -0.00      4.21414
 O    14 -- O    15       -0.17     -0.00      4.21726
 H     9 -- O    15       -0.00      0.00      4.41269
 O    20 -- C    69       -0.18      0.00      4.48718
 O    22 -- C    83       -0.18      0.00      4.49143
 O    19 -- C    55       -0.18      0.00      4.49312
 O    24 -- C    97       -0.18      0.00      4.49528
 O    15 -- C    27       -0.18      0.00      4.49610
 O    17 -- C    41       -0.18      0.00      4.49647
 O    14 -- C    27       -0.18      0.00      4.51165
 O    16 -- C    41       -0.18      0.00      4.51175
 O    25 -- C    97       -0.18      0.00      4.51436
 O    21 -- C    69       -0.18      0.00      4.51506
 O    18 -- C    55       -0.18      0.00      4.52079
 O    23 -- C    83       -0.18      0.00      4.52279
 C    40 -- C    42       -0.17      0.00      4.61344
 C    26 -- C    32       -0.17      0.00      4.62720
 C    68 -- C    70       -0.17      0.00      4.63496
 C    54 -- C    64       -0.17      0.00      4.64996
 Fe    2 -- H    10       -0.13     -0.00      4.65153
 C    96 -- C   102       -0.17      0.00      4.65327
 Fe    3 -- H    13       -0.13     -0.00      4.65390
 Fe    1 -- H     7       -0.13     -0.00      4.66867
 C    82 -- C    88       -0.17      0.00      4.67291
 H    31 -- H    39       -0.02     -0.00      4.67832
 C    82 -- C    84       -0.17      0.00      4.67998
 C    96 -- C    98       -0.17      0.00      4.68616
 H    57 -- H    61       -0.02     -0.00      4.70121
 C    68 -- C    74       -0.17      0.00      4.70383
 H    48 -- H    53       -0.02     -0.00      4.70383
 C    54 -- C    60       -0.17      0.00      4.70395
 Fe    2 -- H     9       -0.13     -0.00      4.70464
 C    56 -- C    60       -0.17      0.00      4.72290
 C    28 -- C    36       -0.17     -0.00      4.72439
 C    56 -- C    64       -0.17     -0.00      4.72572
 H    86 -- H    93       -0.01     -0.00      4.72698
 C    88 -- C    92       -0.17     -0.00      4.72711
 C    26 -- C    28       -0.17      0.00      4.72764
 C    84 -- C    92       -0.17      0.00      4.72814
 C    42 -- C    46       -0.17      0.00      4.72828
 C    32 -- C    36       -0.17      0.00      4.72950
 H    75 -- H    79       -0.01     -0.00      4.72964
 C   102 -- C   106       -0.17      0.00      4.72982
 C    70 -- C    74       -0.17      0.00      4.73054
 C    40 -- C    50       -0.17      0.00      4.73061
 C    84 -- C    88       -0.16      0.00      4.73119
 C    28 -- C    32       -0.17      0.00      4.73225
 C    46 -- C    50       -0.17     -0.00      4.73245
 C    98 -- C   102       -0.16      0.00      4.73432
 C    70 -- C    78       -0.17      0.00      4.73485
 C    74 -- C    78       -0.17     -0.00      4.73493
 H    91 -- H    93       -0.01      0.00      4.73609
 C    98 -- C   106       -0.17     -0.00      4.73619
 C    42 -- C    50       -0.17      0.00      4.73900
 H   103 -- H   107       -0.01      0.00      4.73941
 C    60 -- C    64       -0.16      0.00      4.73956
 C    40 -- C    46       -0.17      0.00      4.74344
 C    96 -- C   106       -0.18      0.00      4.74725
 H    57 -- H    65       -0.01     -0.00      4.74760
 H    99 -- H   107       -0.01     -0.00      4.74878
 C    68 -- C    78       -0.17      0.00      4.75199
 C    26 -- C    36       -0.17      0.00      4.75580
 C    82 -- C    92       -0.17      0.00      4.75603
 Fe    3 -- H    12       -0.12     -0.00      4.75642
 C    54 -- C    56       -0.17      0.00      4.75747
 H    12 -- O    22       -0.00      0.00      4.75793
 H    87 -- H    90       -0.01      0.00      4.75954
 O    17 -- H    52       -0.01      0.00      4.76337
 H    71 -- H    75       -0.01     -0.00      4.76989
 H    45 -- H    48       -0.01     -0.00      4.77014
 H    71 -- H    79       -0.01     -0.00      4.77815
 Fe    1 -- H     6       -0.12     -0.00      4.77832
 H    34 -- H    39       -0.01     -0.00      4.78253
 H    29 -- H    33       -0.01      0.00      4.78699
 H    44 -- H    49       -0.01      0.00      4.78840
 H   101 -- H   104       -0.01      0.00      4.79001
 H    31 -- H    34       -0.01     -0.00      4.79035
 H    99 -- H   103       -0.01     -0.00      4.79107
 O    20 -- H    76       -0.01     -0.00      4.79237
 H    73 -- H    76       -0.01      0.00      4.79257
 H    35 -- H    38       -0.01     -0.00      4.79461
 H    43 -- H    52       -0.01      0.00      4.79993
 H    86 -- H    91       -0.01     -0.00      4.79995
 H    61 -- H    65       -0.01     -0.00      4.80108
 O    16 -- H    49       -0.01      0.00      4.80388
 H    45 -- H    53       -0.01     -0.00      4.80914
 H    62 -- H    67       -0.01      0.00      4.80945
 H    72 -- H    81       -0.01      0.00      4.81224
 O    14 -- H    38       -0.01      0.00      4.81516
 H    59 -- H    66       -0.01      0.00      4.81633
 O    15 -- H    29       -0.01     -0.00      4.83805
 H   100 -- H   109       -0.01      0.00      4.84158
 H   105 -- H   108       -0.01      0.00      4.84190
 H    85 -- H    94       -0.01      0.00      4.84327
 O     5 -- O    23       -0.05      0.00      4.84763
 H    89 -- H    95       -0.01      0.00      4.85063
 H    58 -- H    63       -0.01     -0.00      4.85155
 H    77 -- H    80       -0.01     -0.00      4.85719
 O    21 -- H    81       -0.01     -0.00      4.85919
 O    11 -- O    19       -0.05      0.00      4.86536
 H     6 -- O    14       -0.00      0.00      4.86646
 O    24 -- H   101       -0.00     -0.00      4.86667
 H    47 -- H    51       -0.01     -0.00      4.87130
 H    30 -- H    37       -0.01     -0.00      4.88199
 O    18 -- H    59       -0.01      0.00      4.88548
 O    19 -- H    62       -0.00     -0.00      4.90223
 O    22 -- H    87       -0.00     -0.00      4.90660
 O     8 -- O    18       -0.05      0.00      4.90734
 O    25 -- H   108       -0.01     -0.00      4.92029
 O     8 -- O    15       -0.05      0.00      4.93905
 H     6 -- O    16       -0.01     -0.00      4.95301
 O    22 -- H    90       -0.00     -0.00      4.99443
 O    11 -- O    22       -0.04      0.00      5.00456
 O     5 -- O    16       -0.03      0.00      5.00587
 H    12 -- O    24       -0.01     -0.00      5.00686
 O    11 -- O    24       -0.03      0.00      5.00997
 O    17 -- O    20       -0.03      0.00      5.01723
 O    23 -- H    95       -0.01     -0.00      5.02320
 O    21 -- O    24       -0.03      0.00      5.02413
 O    24 -- H   104       -0.00     -0.00      5.02551
 O     5 -- O    14       -0.04      0.00      5.02754
 O    16 -- O    25       -0.03      0.00      5.03323
 O    23 -- H    94       -0.01      0.00      5.04911
 O     8 -- O    20       -0.03      0.00      5.05678
 O    14 -- O    23       -0.03      0.00      5.05995
 O    19 -- H    67       -0.00     -0.00      5.06300
 C    26 -- H    33       -0.04      0.00      5.06540
 C    68 -- H    73       -0.04      0.00      5.06859
 C    40 -- H    44       -0.04      0.00      5.07066
 O    25 -- C   106       -0.05     -0.00      5.07624
 O     8 -- O    17       -0.03      0.00      5.08426
 O    19 -- O    22       -0.03      0.00      5.08720
 C    40 -- H    43       -0.04      0.00      5.08902
 C    54 -- H    67       -0.04      0.00      5.09075
 O    23 -- C    92       -0.04     -0.00      5.09088
 O    22 -- O    24       -0.03      0.00      5.09337
 O    21 -- C    78       -0.04     -0.00      5.09721
 O    18 -- C    56       -0.04     -0.00      5.09739
 O    20 -- H    73       -0.00      0.00      5.09782
 O    14 -- O    16       -0.02      0.00      5.09916
 O    11 -- O    21       -0.03      0.00      5.10037
 O    25 -- H   109       -0.01     -0.00      5.10304
 O    15 -- O    18       -0.03      0.00      5.10356
 O    18 -- O    20       -0.02      0.00      5.10595
 O     4 -- O    21       -0.02     -0.00      5.11510
 O     5 -- O    25       -0.03      0.00      5.11615
 O     4 -- O    25       -0.02      0.00      5.11651
 H    31 -- C    36       -0.04     -0.00      5.11937
 C    56 -- H    61       -0.04     -0.00      5.12178
 C    96 -- H   104       -0.04      0.00      5.12180
 O    14 -- C    36       -0.05     -0.00      5.12268
 C    26 -- H    35       -0.04      0.00      5.12478
 C    82 -- H    87       -0.04      0.00      5.13560
 C    96 -- H   101       -0.04      0.00      5.13760
 C    68 -- H    72       -0.04      0.00      5.14044
 O    15 -- O    17       -0.02      0.00      5.14196
 H    48 -- C    50       -0.04     -0.00      5.14311
 H    91 -- C    92       -0.04      0.00      5.14769
 O    16 -- C    46       -0.04     -0.00      5.14833
 C    96 -- H   105       -0.04      0.00      5.14842
 C    28 -- H    39       -0.04      0.00      5.14860
 C    82 -- H    90       -0.04      0.00      5.15106
 C    46 -- H    53       -0.04      0.00      5.15622
 H    57 -- C    64       -0.04     -0.00      5.15666
 H    86 -- C    92       -0.04      0.00      5.15747
 H   103 -- C   106       -0.04      0.00      5.15793
 H    75 -- C    78       -0.04      0.00      5.15819
 H    45 -- C    46       -0.04     -0.00      5.15828
 C    54 -- H    66       -0.04      0.00      5.15892
 C    84 -- H    93       -0.04      0.00      5.15919
 H    29 -- C    32       -0.04      0.00      5.15944
 C    84 -- H    90       -0.04      0.00      5.16130
 C    28 -- H    34       -0.04     -0.00      5.16152
 O    19 -- O    21       -0.02      0.00      5.16192
 C    82 -- H    89       -0.04      0.00      5.16452
 C    68 -- H    76       -0.03      0.00      5.16512
 H    57 -- C    60       -0.04      0.00      5.16530
 H    71 -- C    74       -0.04     -0.00      5.16683
 C    74 -- H    79       -0.04      0.00      5.16720
 C    42 -- H    49       -0.04      0.00      5.17136
 H    99 -- C   106       -0.04      0.00      5.17154
 C   102 -- H   107       -0.04     -0.00      5.17165
 C    98 -- H   107       -0.04     -0.00      5.17262
 C    60 -- H    65       -0.04     -0.00      5.17345
 C    88 -- H    93       -0.04     -0.00      5.17581
 C    56 -- H    65       -0.04      0.00      5.17650
 H    62 -- C    64       -0.04      0.00      5.17732
 C    70 -- H    76       -0.04      0.00      5.17922
 C    70 -- H    79       -0.04     -0.00      5.18185
 C    98 -- H   104       -0.04      0.00      5.18215
 C    32 -- H    39       -0.04     -0.00      5.18275
 H    86 -- C    88       -0.04     -0.00      5.18278
 H    35 -- C    36       -0.04      0.00      5.18539
 O    23 -- O    25       -0.02      0.00      5.18546
 H    58 -- C    60       -0.04      0.00      5.18566
 H    87 -- C    88       -0.04      0.00      5.18572
 H    34 -- C    36       -0.04     -0.00      5.18599
 H    71 -- C    78       -0.04      0.00      5.18803
 H    99 -- C   102       -0.04     -0.00      5.18829
 C    56 -- H    66       -0.04     -0.00      5.18889
 C    70 -- H    75       -0.04      0.00      5.19118
 C    82 -- H    85       -0.04      0.00      5.19130
 H    72 -- C    78       -0.04      0.00      5.19210
 C    98 -- H   103       -0.04     -0.00      5.19278
 H    43 -- C    50       -0.04      0.00      5.19337
 C    32 -- H    38       -0.04     -0.00      5.19345
 C    88 -- H    95       -0.04      0.00      5.19504
 H   101 -- C   102       -0.04      0.00      5.19550
 H    45 -- C    50       -0.04     -0.00      5.19638
 H    73 -- C    74       -0.04      0.00      5.19715
 C    42 -- H    48       -0.04      0.00      5.19744
 C    42 -- H    52       -0.04      0.00      5.19791
 C    54 -- H    63       -0.04      0.00      5.19917
 H    44 -- C    46       -0.04      0.00      5.19965
 C    40 -- H    52       -0.03      0.00      5.20166
 C    54 -- H    62       -0.03      0.00      5.20188
 O    17 -- C    50       -0.04     -0.00      5.20231
 O     4 -- O    17       -0.01      0.00      5.20261
 C    96 -- H   100       -0.04      0.00      5.20310
 C    84 -- H    91       -0.04     -0.00      5.20333
 C    42 -- H    53       -0.04     -0.00      5.20556
 H    59 -- C    64       -0.04      0.00      5.20661
 C    84 -- H    94       -0.04      0.00      5.20748
 C    70 -- H    81       -0.04      0.00      5.20804
 C    28 -- H    37       -0.04      0.00      5.20948
 C   102 -- H   108       -0.04      0.00      5.21001
 O    18 -- H    58       -0.00     -0.00      5.21209
 C    28 -- H    33       -0.04      0.00      5.21249
 H   105 -- C   106       -0.04     -0.00      5.21266
 C    98 -- H   109       -0.04      0.00      5.21376
 H   100 -- C   106       -0.04     -0.00      5.21507
 H    31 -- C    32       -0.04      0.00      5.21551
 H    85 -- C    92       -0.04     -0.00      5.21574
 O    21 -- H    80       -0.00     -0.00      5.21870
 O     4 -- O    20       -0.01      0.00      5.21943
 H    61 -- C    64       -0.04     -0.00      5.22042
 C    74 -- H    80       -0.04      0.00      5.22084
 C    46 -- H    51       -0.04     -0.00      5.22088
 H    77 -- C    78       -0.04     -0.00      5.22127
 C    60 -- H    67       -0.04      0.00      5.22188
 O     4 -- O    14       -0.01     -0.00      5.22536
 C    68 -- H    77       -0.03      0.00      5.22621
 C    26 -- H    29       -0.03      0.00      5.22753
 H    43 -- H    73       -0.01     -0.00      5.23062
 H    47 -- C    50       -0.04      0.00      5.23256
 H    89 -- C    92       -0.04     -0.00      5.23324
 O    15 -- H    33       -0.00     -0.00      5.23452
 C    40 -- H    49       -0.03      0.00      5.23541
 C    26 -- H    30       -0.04      0.00      5.23565
 C    56 -- H    63       -0.04     -0.00      5.23946
 C    68 -- H    81       -0.03      0.00      5.23960
 C    26 -- H    38       -0.03      0.00      5.24211
 C    54 -- H    59       -0.03      0.00      5.24472
 H    30 -- C    36       -0.03     -0.00      5.24534
 C    96 -- H   108       -0.03      0.00      5.24547
 C    40 -- H    51       -0.03      0.00      5.26024
 C    82 -- H    94       -0.03      0.00      5.26160
 C    96 -- H   109       -0.03      0.00      5.26260
 O    15 -- C    28       -0.04     -0.00      5.26501
 C    40 -- H    47       -0.03     -0.00      5.26822
 O     4 -- O    22       -0.01      0.00      5.27682
 C    68 -- H    80       -0.03      0.00      5.27706
 C    82 -- H    95       -0.03      0.00      5.27795
 O     4 -- O    24       -0.01      0.00      5.27814
 O    20 -- C    74       -0.04     -0.00      5.28989
 C    26 -- H    37       -0.03      0.00      5.29085
 O     4 -- O    18       -0.01      0.00      5.29685
 O     4 -- O    15       -0.01     -0.00      5.29736
 C    54 -- H    58       -0.03      0.00      5.30044
 O     4 -- O    16       -0.01      0.00      5.31248
 H    12 -- H    90       -0.01     -0.00      5.32480
 H    44 -- H   109       -0.01     -0.00      5.33064
 H     7 -- O    14       -0.00      0.00      5.33304
 O     4 -- O    23       -0.01     -0.00      5.33647
 H     9 -- O    17       -0.00     -0.00      5.33811
 O    14 -- H    37       -0.00     -0.00      5.35247
 O    19 -- C    60       -0.04     -0.00      5.35576
 O     4 -- O    19       -0.01     -0.00      5.36210
 H    13 -- O    22       -0.00      0.00      5.36845
 Fe    1 -- C    96       -0.21      0.00      5.37572
 O    24 -- C    98       -0.04     -0.00      5.38289
 H    10 -- H    58       -0.01     -0.00      5.40134
 Fe    3 -- C    82       -0.21      0.00      5.40364
 Fe    3 -- C    68       -0.21      0.00      5.40536
 H    13 -- H    62       -0.01     -0.00      5.40760
 Fe    2 -- C    40       -0.21      0.00      5.41456
 O    22 -- C    84       -0.03     -0.00      5.41663
 O    17 -- H    43       -0.00     -0.00      5.41890
 Fe    1 -- C    26       -0.21      0.00      5.42154
 O    16 -- H    47       -0.00     -0.00      5.43330
 Fe    2 -- C    54       -0.21      0.00      5.45267
 Fe    3 -- C    96       -0.20      0.00      5.46442
 Fe    2 -- C    68       -0.20     -0.00      5.46542
 H     9 -- H    29       -0.01     -0.00      5.47101
 H    43 -- H    72       -0.01      0.00      5.47343
 O    22 -- C    88       -0.03     -0.00      5.47386
 Fe    1 -- C    40       -0.20     -0.00      5.48053
 O    24 -- C   102       -0.03     -0.00      5.51133
 Fe    1 -- C    82       -0.20     -0.00      5.53714
 Fe    2 -- C    26       -0.20     -0.00      5.53908
 Fe    3 -- C    54       -0.20     -0.00      5.53942
 H     7 -- H    95       -0.01     -0.00      5.54030
 H     7 -- H    94       -0.01     -0.00      5.54290
 O    19 -- C    64       -0.03     -0.00      5.56370
 H    10 -- O    15       -0.00      0.00      5.57049
 H    67 -- H    87       -0.01     -0.00      5.58945
 O    20 -- C    70       -0.02     -0.00      5.59791
 O    17 -- H    51       -0.00     -0.00      5.63173
 O    16 -- H    44       -0.00     -0.00      5.66127
 H    10 -- O    20       -0.00     -0.00      5.66151
=============================================================


============== Orbital energy and occupancy information for spin 1 =============

      Total number of orbitals:     283
   Number of occupied orbitals:     163.000000000
   Occupancy sum (eigenvalues):     163.000000000
                 HOMO-LUMO gap:       0.041440503 Eh
                 Mid-gap level:      -0.189095340 Eh

                        Orbital | Energy (Eh) | Occupancy
                            1    -3.433641315   0.9999998
                        .......   ...........   .........
                          154    -0.285766681   0.9999995
                          155    -0.258895225   0.9999951
                          156    -0.250583018   0.9999985
                          157    -0.249973417   0.9999985
                          158    -0.234237730   0.9999980
                          159    -0.233534291   0.9999975
                          160    -0.229575080   0.9999990
                          161    -0.228834745   0.9999992
                          162    -0.221368352   0.9999995
                          163    -0.209815591   0.9999626
                        .......   --- gap ---   .........
                          164    -0.168375089   0.0000390
                          165    -0.165737632   0.0000035
                          166    -0.151949160   0.0000034
                          167    -0.151270326   0.0000028
                          168    -0.133389785   0.0000036
                          169    -0.132942877   0.0000025
                          170    -0.076787616   0.0000033
                          171    -0.072837388   0.0000021
                          172    -0.071976361   0.0000018
                          173    -0.066650425   0.0000024
                        .......   ...........   .........
                          283     0.440193806   0.0000004

================================================================================

============== Orbital energy and occupancy information for spin 2 =============

      Total number of orbitals:     283
   Number of occupied orbitals:     160.000000000
   Occupancy sum (eigenvalues):     160.000000000
                 HOMO-LUMO gap:       0.007067184 Eh
                 Mid-gap level:      -0.197431217 Eh

                        Orbital | Energy (Eh) | Occupancy
                            1    -3.394310890   0.9999999
                        .......   ...........   .........
                          151    -0.298580426   0.9999998
                          152    -0.297403952   0.9999999
                          153    -0.297026417   0.9999998
                          154    -0.282403937   0.9999996
                          155    -0.218058970   0.9999793
                          156    -0.212384843   0.9965626
                          157    -0.211774674   0.9962184
                          158    -0.204657001   0.9900847
                          159    -0.204389828   0.9791496
                          160    -0.200964809   0.9962488
                        .......   --- gap ---   .........
                          161    -0.193897625   0.0171561
                          162    -0.193171884   0.0245498
                          163    -0.165130039   0.0000324
                          164    -0.146343972   0.0000104
                          165    -0.144682152   0.0000018
                          166    -0.132678576   0.0000043
                          167    -0.132038123   0.0000041
                          168    -0.113521092   0.0000019
                          169    -0.113248000   0.0000011
                          170    -0.075799521   0.0000015
                        .......   ...........   .........
                          283     0.440941508   0.0000001

================================================================================

===================== Writing canonical molecular orbitals =====================
    Spin 1
| Orbital  Energy (eV)  Norm     |
| HOMO-5   -6.37393296  1.000000 | Writing "Fe3_O_piv_6_H2O_3_LowSpin_NGWFSP_HOMO-5_UP.cube" ... done
| HOMO-4   -6.35479142  1.000000 | Writing "Fe3_O_piv_6_H2O_3_LowSpin_NGWFSP_HOMO-4_UP.cube" ... done
| HOMO-3   -6.24705579  1.000000 | Writing "Fe3_O_piv_6_H2O_3_LowSpin_NGWFSP_HOMO-3_UP.cube" ... done
| HOMO-2   -6.22691025  1.000000 | Writing "Fe3_O_piv_6_H2O_3_LowSpin_NGWFSP_HOMO-2_UP.cube" ... done
| HOMO-1   -6.02373936  1.000000 | Writing "Fe3_O_piv_6_H2O_3_LowSpin_NGWFSP_HOMO-1_UP.cube" ... done
| HOMO     -5.70937275  1.000000 | Writing "Fe3_O_piv_6_H2O_3_LowSpin_NGWFSP_HOMO_UP.cube" ... done
| LUMO     -4.58171929  1.000000 | Writing "Fe3_O_piv_6_H2O_3_LowSpin_NGWFSP_LUMO_UP.cube" ... done
| LUMO+1   -4.50995045  1.000000 | Writing "Fe3_O_piv_6_H2O_3_LowSpin_NGWFSP_LUMO+1_UP.cube" ... done
| LUMO+2   -4.13474704  1.000000 | Writing "Fe3_O_piv_6_H2O_3_LowSpin_NGWFSP_LUMO+2_UP.cube" ... done
| LUMO+3   -4.11627501  1.000000 | Writing "Fe3_O_piv_6_H2O_3_LowSpin_NGWFSP_LUMO+3_UP.cube" ... done
| LUMO+4   -3.62972075  1.000000 | Writing "Fe3_O_piv_6_H2O_3_LowSpin_NGWFSP_LUMO+4_UP.cube" ... done
| LUMO+5   -3.61755976  1.000000 | Writing "Fe3_O_piv_6_H2O_3_LowSpin_NGWFSP_LUMO+5_UP.cube" ... done
================================================================================

===================== Writing canonical molecular orbitals =====================
    Spin 2
| Orbital  Energy (eV)  Norm     |
| HOMO-5   -5.93368651  1.000000 | Writing "Fe3_O_piv_6_H2O_3_LowSpin_NGWFSP_HOMO-5_DN.cube" ... done
| HOMO-4   -5.77928566  1.000000 | Writing "Fe3_O_piv_6_H2O_3_LowSpin_NGWFSP_HOMO-4_DN.cube" ... done
| HOMO-3   -5.76268211  1.000000 | Writing "Fe3_O_piv_6_H2O_3_LowSpin_NGWFSP_HOMO-3_DN.cube" ... done
| HOMO-2   -5.56900036  1.000000 | Writing "Fe3_O_piv_6_H2O_3_LowSpin_NGWFSP_HOMO-2_DN.cube" ... done
| HOMO-1   -5.56173022  1.000000 | Writing "Fe3_O_piv_6_H2O_3_LowSpin_NGWFSP_HOMO-1_DN.cube" ... done
| HOMO     -5.46853071  1.000000 | Writing "Fe3_O_piv_6_H2O_3_LowSpin_NGWFSP_HOMO_DN.cube" ... done
| LUMO     -5.27622284  1.000000 | Writing "Fe3_O_piv_6_H2O_3_LowSpin_NGWFSP_LUMO_DN.cube" ... done
| LUMO+1   -5.25647444  1.000000 | Writing "Fe3_O_piv_6_H2O_3_LowSpin_NGWFSP_LUMO+1_DN.cube" ... done
| LUMO+2   -4.49341700  1.000000 | Writing "Fe3_O_piv_6_H2O_3_LowSpin_NGWFSP_LUMO+2_DN.cube" ... done
| LUMO+3   -3.98222211  1.000000 | Writing "Fe3_O_piv_6_H2O_3_LowSpin_NGWFSP_LUMO+3_DN.cube" ... done
| LUMO+4   -3.93700168  1.000000 | Writing "Fe3_O_piv_6_H2O_3_LowSpin_NGWFSP_LUMO+4_DN.cube" ... done
| LUMO+5   -3.61036776  1.000000 | Writing "Fe3_O_piv_6_H2O_3_LowSpin_NGWFSP_LUMO+5_DN.cube" ... done
================================================================================
 
=============== Density of States (DOS) calculation for UP spin ================
Writing "Fe3_O_piv_6_H2O_3_LowSpin_NGWFSP_UP_DOS.txt" ... done
================================================================================
 
============== Density of States (DOS) calculation for DOWN spin ===============
Writing "Fe3_O_piv_6_H2O_3_LowSpin_NGWFSP_DN_DOS.txt" ... done
================================================================================
 
Writing bands to file "Fe3_O_piv_6_H2O_3_LowSpin_NGWFSP.val_bands" ... done

================================= Core Density =================================
               Core den box size:   39 x  39 x  39
================================================================================
 
********************* Unconstrained **********************
********************** Ewald forces **********************
*                                                        *
* Element  Atom         Cartesian components (Eh/a)      *
* ------------------------------------------------------ *
*                       x            y            z      *
*                                                        *
*    Fe      1     17.17747830 -18.08825829  13.43708314 *
*    Fe      2      2.55161562   3.51346042 -27.82930752 *
*    Fe      3    -19.36988430  14.77299029  13.97802908 *
*    O       4     -0.13776185  -0.08014271  -0.15964688 *
*    O       5     10.50806121 -13.27072014   9.88995543 *
*    H       6      3.42163020  -2.35314912  -0.09185362 *
*    H       7      2.57217497  -0.40320141   3.12511072 *
*    O       8      0.44088655   1.62922178 -19.57172638 *
*    H       9      2.44250775  -0.44253794  -3.26023444 *
*    H      10      0.27440605   2.73442866  -2.99404226 *
*    O      11    -14.85410677   9.17206682   9.08282696 *
*    H      12     -1.40414785   1.27383061   3.66219002 *
*    H      13     -1.61212882   3.70642871   0.67627852 *
*    O      14     16.53100362  -0.11492683   4.36014097 *
*    O      15     11.68177069   2.64016267 -12.08804247 *
*    O      16      7.60760688 -15.64867808  -1.05410102 *
*    O      17     -2.64762432  -9.35812072 -14.12348904 *
*    O      18      4.67925254  12.34524403 -10.54891397 *
*    O      19     -6.93996818  15.38561694   1.64594063 *
*    O      20     -9.48167217   0.85104515 -14.62224191 *
*    O      21    -17.19627542  -0.24123068   1.24637382 *
*    O      22      0.35181929  13.19772617  10.71844719 *
*    O      23      9.25572396  -1.72382853  14.13735505 *
*    O      24    -11.55531866  -1.54576807  12.92760151 *
*    O      25     -1.94200282 -15.76133762   6.85053997 *
*    C      26     10.05248772   1.18758660  -2.68660577 *
*    C      27      8.49345099   1.39900453  -2.16597608 *
*    C      28      7.29343026  -0.48746566  -6.16446403 *
*    H      29      0.91404807   0.67531643  -2.44838098 *
*    H      30      1.65307388  -1.64642706  -1.43756529 *
*    H      31      2.63259227   0.38466234  -1.33073660 *
*    C      32      6.86271370   6.23915774  -1.24993468 *
*    H      33      0.84644014   2.00923017  -1.40438413 *
*    H      34      2.55349495   1.55119242  -0.57096042 *
*    H      35      1.44918377   1.79040708   1.14438457 *
*    C      36      9.39045512  -1.01102225   1.45541894 *
*    H      37      2.13848786  -1.78379497   0.07307353 *
*    H      38      1.99579432   0.33490266   1.69748217 *
*    H      39      2.95956054   0.32584487  -0.08312174 *
*    C      40      1.48452290  -9.03187129  -5.18608153 *
*    C      41      0.92854596  -7.74714248  -4.26679928 *
*    C      42     -3.83255525  -8.23644071  -2.15956448 *
*    H      43     -1.91304154  -1.19598053  -1.21496332 *
*    H      44     -0.88134662  -2.23463618   0.90771258 *
*    H      45     -0.73081181  -2.77393154  -0.99381886 *
*    C      46      4.39436119  -8.39625937  -1.42188175 *
*    H      47      2.33371174  -1.26084609  -0.77514667 *
*    H      48      0.64709068  -2.75927658  -0.89573825 *
*    H      49      0.79620641  -2.31602153   1.11683806 *
*    C      50      1.19452907  -5.11858869  -7.96907867 *
*    H      51      1.69355091  -0.60907727  -2.08763491 *
*    H      52     -0.92717987  -0.52084889  -2.44745633 *
*    H      53      0.11199031  -2.22488262  -1.96627776 *
*    C      54     -0.58386859   9.94371707  -3.05726890 *
*    C      55     -0.30815551   8.48130771  -2.40383966 *
*    C      56      1.84149005   7.08823894  -6.05832387 *
*    H      57      0.39257931   2.67063644  -1.25378340 *
*    H      58     -0.54383905   1.06925041  -2.49849435 *
*    H      59      1.87090706   1.28150249  -1.32880662 *
*    C      60     -4.95448624   7.90593134  -1.91608641 *
*    H      61     -0.75494378   2.80329018  -0.61362179 *
*    H      62     -1.76870449   1.82980729   0.93182375 *
*    H      63     -1.86056496   1.15290920  -1.60145312 *
*    C      64      2.50550627   8.80977885   1.77524086 *
*    H      65      0.46030561   2.97974087   0.05940889 *
*    H      66      2.00161850   1.59253126   0.26317109 *
*    H      67     -0.22088949   2.02506185   1.65929268 *
*    C      68     -9.42808171  -0.40367101  -4.63726409 *
*    C      69     -7.99866324  -0.76265328  -3.93253127 *
*    C      70     -6.18307599  -5.53312838  -4.44721007 *
*    H      71     -2.33533496  -1.32117698  -1.46807422 *
*    H      72     -1.47567453  -2.09018202   0.22012979 *
*    H      73     -0.49248066  -1.39578923  -2.17724427 *
*    C      74     -6.31315736   2.39068593  -6.84717405 *
*    H      75     -2.35827437   0.00426929  -1.82343654 *
*    H      76     -0.44982476   0.21917898  -2.66221906 *
*    H      77     -1.57886616   1.98303778  -1.06506849 *
*    C      78     -9.60657756   0.26914420   0.09956559 *
*    H      79     -2.89806709  -0.35107722  -0.66980708 *
*    H      80     -2.27712349   1.61387411   0.30618638 *
*    H      81     -2.19097504  -0.89657939   1.11343343 *
*    C      82      3.83958470   4.15107819   8.75669698 *
*    C      83      3.35138894   3.57625498   7.34419982 *
*    C      84      4.38181888   7.17329825   4.11934440 *
*    H      85      2.15343820   1.41355920   0.04980809 *
*    H      86      1.33813480   1.92800700   1.89234650 *
*    H      87     -0.13761617   2.55148388   0.65205786 *
*    C      88     -1.19316530   3.17250572   8.87906719 *
*    H      89     -0.70481874  -0.63881041   2.51468607 *
*    H      90     -1.29357544   1.76521572   1.59939247 *
*    H      91      0.40796719   1.23574170   2.66937674 *
*    C      92      6.05511412  -0.05290518   7.37588498 *
*    H      93      1.62414418   0.71765215   2.39681028 *
*    H      94      2.54715182  -0.03594104   0.74682458 *
*    H      95      0.76008754  -1.32235347   2.31281143 *
*    C      96     -5.22689387  -6.39393167   6.52105835 *
*    C      97     -4.58331131  -5.47232657   5.37176121 *
*    C      98     -8.25443760  -3.88434956   2.62377280 *
*    H      99     -2.28586885  -1.55285044   1.27132717 *
*    H     100     -1.93374256  -1.52926708  -0.73820733 *
*    H     101     -2.48402112   0.48894031   1.02278062 *
*    C     102     -2.97596566  -2.48528203   8.73729060 *
*    H     103     -1.38963592  -1.33301867   2.28057429 *
*    H     104     -1.36777225   0.78701824   2.20189462 *
*    H     105      0.75795414  -0.82404757   2.47139308 *
*    C     106     -1.85578855  -8.63299989   3.66108107 *
*    H     107     -1.20264923  -2.34672273   1.43727611 *
*    H     108      0.98916555  -2.09984580   1.53623466 *
*    H     109     -0.69729939  -2.44885318  -0.53670171 *
*                                                        *
**********************************************************
TOTAL:             -0.00000000  -0.00000000   0.00000000
 
********************* Unconstrained **********************
***************** Local potential forces *****************
*                                                        *
* Element  Atom         Cartesian components (Eh/a)      *
* ------------------------------------------------------ *
*                       x            y            z      *
*                                                        *
*    Fe      1    -17.24675015  18.12465684 -13.48883198 *
*    Fe      2     -2.58410412  -3.54273561  27.91420257 *
*    Fe      3     19.41438528 -14.83828524 -14.02550158 *
*    O       4      0.12509355   0.07256357   0.15773779 *
*    O       5    -11.41018777  12.86307627  -9.89368555 *
*    H       6     -3.39625303   2.34369303   0.07219830 *
*    H       7     -2.56058700   0.42245210  -3.10061207 *
*    O       8     -1.26599970  -2.20227446  19.64157643 *
*    H       9     -2.41159776   0.43145452   3.25259123 *
*    H      10     -0.27455633  -2.70068685   2.99097480 *
*    O      11     14.36162927  -9.86999453  -9.59601344 *
*    H      12      1.41114805  -1.27539528  -3.62907429 *
*    H      13      1.61682843  -3.67486156  -0.68722335 *
*    O      14    -16.37434119  -0.14325162  -3.44675650 *
*    O      15    -12.05986140  -2.46632977  11.24801673 *
*    O      16     -7.10153883  15.39177018   1.81615716 *
*    O      17      2.16157999   9.81915125  13.41785492 *
*    O      18     -4.10016159 -12.65475006   9.86681103 *
*    O      19      6.35811796 -15.34456088  -0.92071490 *
*    O      20      9.96776211  -0.79790254  13.79643598 *
*    O      21     16.84377327   0.29592737  -0.33540035 *
*    O      22     -0.95211210 -12.48460055 -10.95593314 *
*    O      23     -8.78604406   0.91491378 -14.11595532 *
*    O      24     11.08031590   2.33083812 -12.70521965 *
*    O      25      2.59534942  15.08220158  -7.14825592 *
*    C      26     -9.88017240  -1.14719563   2.64935835 *
*    C      27     -8.44882826  -1.39790953   2.15973895 *
*    C      28     -7.29061377   0.48883185   6.15476986 *
*    H      29     -0.92614914  -0.66695932   2.43447287 *
*    H      30     -1.65366689   1.62654177   1.43467286 *
*    H      31     -2.61362050  -0.37876004   1.32632110 *
*    C      32     -6.85885940  -6.22750626   1.24605400 *
*    H      33     -0.85957941  -2.00038796   1.39172568 *
*    H      34     -2.53501561  -1.54370862   0.56653835 *
*    H      35     -1.45354973  -1.78416624  -1.12572935 *
*    C      36     -9.38650426   1.01261636  -1.44585061 *
*    H      37     -2.13790166   1.76379550  -0.07383806 *
*    H      38     -1.99970429  -0.32987078  -1.67819620 *
*    H      39     -2.94071487  -0.31946244   0.07906094 *
*    C      40     -1.48257103   8.86619067   5.10179945 *
*    C      41     -0.91803093   7.70418683   4.24053709 *
*    C      42      3.81972006   8.22860063   2.15990020 *
*    H      43      1.89754557   1.20700188   1.20799153 *
*    H      44      0.87900277   2.23261326  -0.88768210 *
*    H      45      0.72892025   2.75533022   0.98577081 *
*    C      46     -4.39137755   8.38898456   1.43252943 *
*    H      47     -2.31546117   1.26813837   0.77135638 *
*    H      48     -0.64794359   2.74094833   0.88714013 *
*    H      49     -0.79732473   2.31318961  -1.09659980 *
*    C      50     -1.20452934   5.12229902   7.95747122 *
*    H      51     -1.67611988   0.61709163   2.08193498 *
*    H      52      0.91236618   0.53240615   2.43950051 *
*    H      53     -0.11309119   2.20671143   1.95744215 *
*    C      54      0.58902817  -9.76539721   3.01292204 *
*    C      55      0.31072486  -8.43928008   2.38515930 *
*    C      56     -1.83425566  -7.08672098   6.05428149 *
*    H      57     -0.39122701  -2.65072273   1.25014734 *
*    H      58      0.53385447  -1.07704927   2.48307403 *
*    H      59     -1.85203964  -1.28884084   1.32802285 *
*    C      60      4.94472997  -7.89890467   1.91807556 *
*    H      61      0.75539614  -2.78333123   0.60955143 *
*    H      62      1.75900490  -1.83200536  -0.91410201 *
*    H      63      1.84898568  -1.16124410   1.58737557 *
*    C      64     -2.50314807  -8.80081747  -1.76581639 *
*    H      65     -0.45909767  -2.95953994  -0.06202903 *
*    H      66     -1.98261995  -1.59934302  -0.26235971 *
*    H      67      0.21253553  -2.02808786  -1.64101281 *
*    C      68      9.26446411   0.36221840   4.55855922 *
*    C      69      7.94815449   0.75990321   3.91924150 *
*    C      70      6.18412739   5.52432410   4.43662448 *
*    H      71      2.31833017   1.31519668   1.45864970 *
*    H      72      1.47794926   2.07809524  -0.20433493 *
*    H      73      0.50785997   1.39225603   2.16452992 *
*    C      74      6.31721684  -2.39001661   6.83158012 *
*    H      75      2.34088769  -0.00919398   1.81412244 *
*    H      76      0.46498403  -0.22164392   2.64879430 *
*    H      77      1.57777197  -1.96344400   1.06911475 *
*    C      78      9.60097701  -0.26895076  -0.08660767 *
*    H      79      2.88064500   0.34589279   0.66105928 *
*    H      80      2.27526273  -1.59465674  -0.30024699 *
*    H      81      2.19258255   0.88554645  -1.09638682 *
*    C      82     -3.76561246  -4.06592147  -8.61462182 *
*    C      83     -3.32517636  -3.56288251  -7.31051975 *
*    C      84     -4.38334419  -7.15816781  -4.12019731 *
*    H      85     -2.13923350  -1.41534416  -0.06384311 *
*    H      86     -1.32967834  -1.91788542  -1.87695338 *
*    H      87      0.12295802  -2.53962046  -0.65985787 *
*    C      88      1.19014497  -3.16786579  -8.87047314 *
*    H      89      0.69682071   0.62156619  -2.50818655 *
*    H      90      1.27855806  -1.75352086  -1.60604005 *
*    H      91     -0.40024493  -1.22653978  -2.65305687 *
*    C      92     -6.05064645   0.04928549  -7.37272527 *
*    H      93     -1.61570557  -0.70816606  -2.38113414 *
*    H      94     -2.53250904   0.03264737  -0.76014424 *
*    H      95     -0.76616660   1.30439767  -2.30616779 *
*    C      96      5.11660826   6.27479863  -6.43054054 *
*    C      97      4.55805867   5.43071662  -5.35513424 *
*    C      98      8.24095641   3.89274086  -2.62244468 *
*    H      99      2.27341523   1.54087714  -1.26084941 *
*    H     100      1.93192617   1.52394728   0.71898916 *
*    H     101      2.47683854  -0.46982790  -1.02128682 *
*    C     102      2.96987013   2.48773673  -8.72734615 *
*    H     103      1.37795954   1.32099989  -2.26910244 *
*    H     104      1.36118564  -0.76802311  -2.19913958 *
*    H     105     -0.73937448   0.82278867  -2.46391014 *
*    C     106      1.86566992   8.62305133  -3.66238398 *
*    H     107      1.19097071   2.33427340  -1.42660467 *
*    H     108     -0.97009499   2.09724171  -1.52980460 *
*    H     109      0.69684211   2.44230357   0.51746223 *
*                                                        *
**********************************************************
TOTAL:             -2.26780546  -1.73352974  -0.49445854
 
********************* Unconstrained **********************
************** Compensation density forces ***************
*                                                        *
* Element  Atom         Cartesian components (Eh/a)      *
* ------------------------------------------------------ *
*                       x            y            z      *
*                                                        *
*    Fe      1      0.01804125  -0.00582242   0.01345104 *
*    Fe      2      0.01120251   0.00964628  -0.01974141 *
*    Fe      3     -0.00854208   0.01809215   0.01143344 *
*    O       4      0.00175677   0.00109391   0.00028682 *
*    O       5      0.14001925   0.06351069   0.00017311 *
*    H       6      0.00827298  -0.00326692  -0.00656508 *
*    H       7      0.00366281   0.00625518   0.00825443 *
*    O       8      0.12793049   0.08873406  -0.01050826 *
*    H       9      0.01021534  -0.00385321  -0.00253987 *
*    H      10     -0.00022261   0.01189852  -0.00102986 *
*    O      11      0.07676609   0.10805575   0.07967759 *
*    H      12      0.00230825  -0.00074696   0.01142076 *
*    H      13      0.00140751   0.01056396  -0.00370059 *
*    O      14     -0.02765231   0.03762404  -0.13554640 *
*    O      15      0.05219769  -0.02683669   0.12659237 *
*    O      16     -0.07614160   0.04254971  -0.11161916 *
*    O      17      0.07244987  -0.06477389   0.10763820 *
*    O      18     -0.08662653   0.04201724   0.10301633 *
*    O      19      0.08703023  -0.01036376  -0.10723226 *
*    O      20     -0.06840317  -0.00742031   0.12563606 *
*    O      21      0.05689591  -0.00737819  -0.13401981 *
*    O      22      0.08798028  -0.10853676   0.03218004 *
*    O      23     -0.07193750   0.11879009  -0.00693108 *
*    O      24      0.07343974  -0.11471757  -0.03592444 *
*    O      25     -0.09476967   0.10435278   0.04191103 *
*    C      26     -0.00563254  -0.00132291   0.00123347 *
*    C      27     -0.00132517  -0.00003656   0.00019407 *
*    C      28     -0.00002666  -0.00006578   0.00012440 *
*    H      29     -0.00450696   0.00314210  -0.00511398 *
*    H      30     -0.00023335  -0.00742307  -0.00100016 *
*    H      31      0.00702335   0.00215667  -0.00154668 *
*    C      32     -0.00010278  -0.00014341   0.00011417 *
*    H      33     -0.00497144   0.00322653  -0.00476705 *
*    H      34      0.00687496   0.00264395  -0.00160024 *
*    H      35     -0.00155967   0.00217499   0.00701052 *
*    C      36     -0.00000566  -0.00008911  -0.00019323 *
*    H      37      0.00021910  -0.00741643  -0.00032870 *
*    H      38     -0.00148206   0.00189927   0.00712986 *
*    H      39      0.00700441   0.00234984  -0.00153045 *
*    C      40     -0.00008672   0.00542554   0.00270990 *
*    C      41     -0.00030087   0.00128444   0.00078068 *
*    C      42      0.00019882   0.00014051   0.00002909 *
*    H      43     -0.00577970   0.00415127  -0.00264936 *
*    H      44     -0.00071124  -0.00064669   0.00749161 *
*    H      45     -0.00064871  -0.00691735  -0.00296678 *
*    C      46      0.00000700   0.00010793  -0.00026522 *
*    H      47      0.00680317   0.00274514  -0.00142163 *
*    H      48     -0.00028652  -0.00681688  -0.00314984 *
*    H      49     -0.00047691  -0.00094824   0.00753871 *
*    C      50      0.00028902  -0.00010696   0.00018572 *
*    H      51      0.00658038   0.00301626  -0.00206171 *
*    H      52     -0.00557452   0.00431323  -0.00284457 *
*    H      53     -0.00033285  -0.00678852  -0.00320722 *
*    C      54     -0.00016747  -0.00582875   0.00144815 *
*    C      55     -0.00007083  -0.00125982   0.00054180 *
*    C      56     -0.00014871   0.00000998  -0.00000532 *
*    H      57      0.00046437   0.00736535  -0.00127451 *
*    H      58     -0.00382817  -0.00290573  -0.00571232 *
*    H      59      0.00700190  -0.00270853  -0.00011688 *
*    C      60      0.00012717  -0.00011726  -0.00006321 *
*    H      61      0.00015620   0.00737887  -0.00147156 *
*    H      62     -0.00353946  -0.00079570   0.00663965 *
*    H      63     -0.00426957  -0.00314058  -0.00527058 *
*    C      64      0.00002291  -0.00016370  -0.00013555 *
*    H      65      0.00042770   0.00746908  -0.00093071 *
*    H      66      0.00710329  -0.00253566   0.00026190 *
*    H      67     -0.00307936  -0.00119592   0.00673241 *
*    C      68      0.00530796   0.00134930   0.00260057 *
*    C      69      0.00149684   0.00008696   0.00041008 *
*    C      70     -0.00002769   0.00007546   0.00024372 *
*    H      71     -0.00639224  -0.00219937  -0.00342038 *
*    H      72      0.00078069  -0.00439714   0.00594745 *
*    H      73      0.00583436  -0.00117061  -0.00472033 *
*    C      74     -0.00014646   0.00005892   0.00030732 *
*    H      75     -0.00650924  -0.00183512  -0.00342850 *
*    H      76      0.00575720  -0.00097274  -0.00491762 *
*    H      77     -0.00037812   0.00728369   0.00147116 *
*    C      78      0.00005065   0.00000344  -0.00030226 *
*    H      79     -0.00648970  -0.00189217  -0.00325836 *
*    H      80     -0.00057058   0.00718666   0.00207199 *
*    H      81      0.00075497  -0.00405343   0.00629421 *
*    C      82     -0.00242929  -0.00280395  -0.00465512 *
*    C      83     -0.00076934  -0.00041263  -0.00100566 *
*    C      84      0.00010063  -0.00027158  -0.00001370 *
*    H      85      0.00530893  -0.00067149  -0.00523864 *
*    H      86      0.00314619   0.00371879   0.00573442 *
*    H      87     -0.00552628   0.00428920  -0.00286649 *
*    C      88     -0.00003487  -0.00008861  -0.00010929 *
*    H      89     -0.00295177  -0.00643484   0.00234289 *
*    H      90     -0.00551861   0.00436826  -0.00256739 *
*    H      91      0.00286797   0.00340741   0.00601933 *
*    C      92     -0.00001692   0.00004989  -0.00001895 *
*    H      93      0.00313561   0.00350908   0.00582478 *
*    H      94      0.00539602  -0.00112056  -0.00505703 *
*    H      95     -0.00232091  -0.00665004   0.00243447 *
*    C      96      0.00366460   0.00381219  -0.00296707 *
*    C      97      0.00076772   0.00122846  -0.00050699 *
*    C      98      0.00022244  -0.00023414  -0.00007810 *
*    H      99     -0.00463577  -0.00449304   0.00390337 *
*    H     100     -0.00058071  -0.00189593  -0.00716881 *
*    H     101     -0.00247940   0.00713805   0.00054975 *
*    C     102      0.00016003  -0.00003069  -0.00010081 *
*    H     103     -0.00438312  -0.00446342   0.00426105 *
*    H     104     -0.00243446   0.00704633   0.00090014 *
*    H     105      0.00698536  -0.00048092   0.00269267 *
*    C     106     -0.00026221   0.00015455   0.00004079 *
*    H     107     -0.00433373  -0.00464850   0.00401791 *
*    H     108      0.00713114  -0.00085526   0.00233866 *
*    H     109     -0.00018233  -0.00222214  -0.00720266 *
*                                                        *
**********************************************************
TOTAL:              0.39793294   0.31156339   0.08765419
 
********************* Unconstrained **********************
*************** Non-local potential forces ***************
*                                                        *
* Element  Atom         Cartesian components (Eh/a)      *
* ------------------------------------------------------ *
*                       x            y            z      *
*                                                        *
*    Fe      1      0.04258803  -0.02224812   0.03109919 *
*    Fe      2      0.01956874   0.01722410  -0.05008369 *
*    Fe      3     -0.02599492   0.03939701   0.02833301 *
*    O       4      0.01102322   0.00699062   0.00172589 *
*    O       5      0.75300161   0.33684969   0.00464684 *
*    H       6     -0.02571259   0.01028798   0.02065232 *
*    H       7     -0.01142532  -0.01953874  -0.02579261 *
*    O       8      0.68728627   0.47715900  -0.06147607 *
*    H       9     -0.03150806   0.01214448   0.00793618 *
*    H      10      0.00080776  -0.03530552   0.00316719 *
*    O      11      0.40728795   0.58227951   0.42859107 *
*    H      12     -0.00706947   0.00243146  -0.03449723 *
*    H      13     -0.00442913  -0.03240211   0.01168259 *
*    O      14     -0.12940547   0.21445192  -0.75848392 *
*    O      15      0.31132100  -0.14343619   0.69444353 *
*    O      16     -0.41838624   0.21382849  -0.62919478 *
*    O      17      0.40412857  -0.38225468   0.58497687 *
*    O      18     -0.47998633   0.25657981   0.56605416 *
*    O      19      0.48147279  -0.03452052  -0.59874615 *
*    O      20     -0.40107261  -0.04354833   0.68290982 *
*    O      21      0.29192665  -0.04447219  -0.75550666 *
*    O      22      0.49908909  -0.59227313   0.19704919 *
*    O      23     -0.38741719   0.66742763  -0.01967712 *
*    O      24      0.39223460  -0.64875050  -0.18404581 *
*    O      25     -0.54074406   0.56327613   0.24799650 *
*    C      26     -0.16069599  -0.03722026   0.03656889 *
*    C      27     -0.04367348  -0.00030579   0.00605614 *
*    C      28     -0.00340157  -0.00144710   0.01081073 *
*    H      29      0.01409007  -0.00983798   0.01584734 *
*    H      30      0.00068414   0.02306658   0.00313667 *
*    H      31     -0.02182343  -0.00678209   0.00490306 *
*    C      32     -0.00399858  -0.01301842   0.00395058 *
*    H      33      0.01534461  -0.00995207   0.01470727 *
*    H      34     -0.02122150  -0.00836049   0.00508584 *
*    H      35      0.00498413  -0.00695877  -0.02164011 *
*    C      36     -0.00501381  -0.00161900  -0.01061527 *
*    H      37     -0.00058078   0.02313075   0.00107295 *
*    H      38      0.00481594  -0.00595942  -0.02219726 *
*    H      39     -0.02168198  -0.00738037   0.00474423 *
*    C      40     -0.00299582   0.15494340   0.07926990 *
*    C      41     -0.01084564   0.04186491   0.02577562 *
*    C      42      0.01389872   0.00843970  -0.00055591 *
*    H      43      0.01781879  -0.01293281   0.00815643 *
*    H      44      0.00240743   0.00217886  -0.02320550 *
*    H      45      0.00208154   0.02136112   0.00925364 *
*    C      46     -0.00336178   0.00846859  -0.01110497 *
*    H      47     -0.02103373  -0.00857738   0.00452211 *
*    H      48      0.00095297   0.02109944   0.00995470 *
*    H      49      0.00153208   0.00302447  -0.02341505 *
*    C      50      0.01038908  -0.00364214   0.01291971 *
*    H      51     -0.02020706  -0.00933636   0.00639715 *
*    H      52      0.01724757  -0.01350106   0.00889633 *
*    H      53      0.00116449   0.02098710   0.01016161 *
*    C      54     -0.00332456  -0.16662043   0.04109064 *
*    C      55     -0.00258619  -0.04093079   0.01891209 *
*    C      56     -0.00808604  -0.00208133   0.00482561 *
*    H      57     -0.00151713  -0.02298986   0.00402614 *
*    H      58      0.01183150   0.00901780   0.01774335 *
*    H      59     -0.02175252   0.00862449   0.00050191 *
*    C      60      0.01089816  -0.00789226  -0.00220133 *
*    H      61     -0.00061841  -0.02293688   0.00468309 *
*    H      62      0.01096649   0.00253260  -0.02054928 *
*    H      63      0.01332367   0.00980651   0.01633213 *
*    C      64     -0.00282069  -0.00969113  -0.01070734 *
*    H      65     -0.00132383  -0.02317464   0.00311749 *
*    H      66     -0.02191992   0.00794146  -0.00083046 *
*    H      67      0.00968849   0.00374385  -0.02097320 *
*    C      68      0.15309094   0.03777878   0.07370939 *
*    C      69      0.04965357   0.00208100   0.01250917 *
*    C      70     -0.00109551   0.00998879   0.01140634 *
*    H      71      0.01962280   0.00675914   0.01073053 *
*    H      72     -0.00251786   0.01374528  -0.01847204 *
*    H      73     -0.01803560   0.00372792   0.01466321 *
*    C      74     -0.00389772  -0.00074615   0.01706459 *
*    H      75      0.02002125   0.00567847   0.01064536 *
*    H      76     -0.01772452   0.00306201   0.01538336 *
*    H      77      0.00125741  -0.02262620  -0.00482490 *
*    C      78      0.00680708  -0.00005051  -0.01361061 *
*    H      79      0.02009591   0.00597565   0.01013873 *
*    H      80      0.00194436  -0.02227822  -0.00668869 *
*    H      81     -0.00233913   0.01270169  -0.01960726 *
*    C      82     -0.06970175  -0.07682782  -0.13369935 *
*    C      83     -0.02605478  -0.01264066  -0.03258213 *
*    C      84      0.00146568  -0.01649291   0.00102740 *
*    H      85     -0.01642590   0.00207506   0.01626556 *
*    H      86     -0.00968038  -0.01151979  -0.01786246 *
*    H      87      0.01718584  -0.01342943   0.00886120 *
*    C      88      0.00372868  -0.00522764  -0.00929993 *
*    H      89      0.00912999   0.02004870  -0.00739702 *
*    H      90      0.01722809  -0.01352610   0.00792741 *
*    H      91     -0.00894986  -0.01064771  -0.01874705 *
*    C      92     -0.00533857   0.00392877  -0.00367126 *
*    H      93     -0.00975576  -0.01095333  -0.01814580 *
*    H      94     -0.01683235   0.00359563   0.01563177 *
*    H      95      0.00727915   0.02070952  -0.00769276 *
*    C      96      0.10223084   0.11118322  -0.08622155 *
*    C      97      0.02419420   0.04118412  -0.01590496 *
*    C      98      0.01476462  -0.00907142  -0.00114922 *
*    H      99      0.01425779   0.01394055  -0.01214452 *
*    H     100      0.00191503   0.00610016   0.02227323 *
*    H     101      0.00788361  -0.02220003  -0.00186293 *
*    C     102      0.00635100  -0.00283931  -0.01090043 *
*    H     103      0.01347056   0.01391770  -0.01311699 *
*    H     104      0.00762643  -0.02195350  -0.00290709 *
*    H     105     -0.02157297   0.00150187  -0.00851991 *
*    C     106     -0.01026892   0.01119412   0.00152062 *
*    H     107      0.01352592   0.01436098  -0.01241785 *
*    H     108     -0.02215383   0.00275662  -0.00736632 *
*    H     109      0.00052622   0.00718541   0.02223294 *
*                                                        *
**********************************************************
TOTAL:              1.87113185   1.42081100   0.40636574
 
********************* Unconstrained **********************
************ NGWF non self-consistent forces *************
*                                                        *
* Element  Atom         Cartesian components (Eh/a)      *
* ------------------------------------------------------ *
*                       x            y            z      *
*                                                        *
*    Fe      1     -0.00020123   0.00016238  -0.00005026 *
*    Fe      2     -0.00007443   0.00020539  -0.00023989 *
*    Fe      3     -0.00006623  -0.00007802  -0.00011573 *
*    O       4     -0.00058032  -0.00022115   0.00002666 *
*    O       5      0.00071618  -0.00060447   0.00038831 *
*    H       6      0.00003234  -0.00002941   0.00013406 *
*    H       7      0.00009896  -0.00011496  -0.00003189 *
*    O       8      0.00014755   0.00033986  -0.00089726 *
*    H       9     -0.00003313   0.00009270  -0.00011409 *
*    H      10      0.00004645  -0.00008920  -0.00007547 *
*    O      11     -0.00044454   0.00050380   0.00057404 *
*    H      12     -0.00009906   0.00008318  -0.00003291 *
*    H      13     -0.00002071   0.00000793   0.00013587 *
*    O      14      0.00036150  -0.00004402  -0.00043075 *
*    O      15      0.00074983   0.00000199   0.00036160 *
*    O      16      0.00000171  -0.00025758  -0.00086117 *
*    O      17      0.00026324  -0.00008252   0.00027772 *
*    O      18     -0.00042459   0.00016427   0.00010807 *
*    O      19      0.00034267   0.00036686  -0.00066893 *
*    O      20     -0.00051746   0.00030047   0.00044154 *
*    O      21      0.00010049  -0.00003522  -0.00053884 *
*    O      22      0.00005811  -0.00022544   0.00045296 *
*    O      23     -0.00009852   0.00089525   0.00067927 *
*    O      24      0.00033944  -0.00061509   0.00024720 *
*    O      25     -0.00039887   0.00032605   0.00021791 *
*    C      26      0.00013866   0.00000787  -0.00000986 *
*    C      27     -0.00011650   0.00006551   0.00002342 *
*    C      28      0.00006942   0.00002119  -0.00003626 *
*    H      29      0.00002055   0.00002927  -0.00001160 *
*    H      30      0.00003756   0.00003315   0.00002056 *
*    H      31     -0.00001938  -0.00001981   0.00000938 *
*    C      32     -0.00001090   0.00011894   0.00002076 *
*    H      33      0.00009265  -0.00001756   0.00000126 *
*    H      34     -0.00004906   0.00001175   0.00002110 *
*    H      35      0.00004213  -0.00000855  -0.00005644 *
*    C      36      0.00002567   0.00004087   0.00004819 *
*    H      37     -0.00000839   0.00001548  -0.00001063 *
*    H      38      0.00002701   0.00001855  -0.00003516 *
*    H      39     -0.00002446   0.00000540   0.00000620 *
*    C      40     -0.00000427   0.00001933  -0.00006110 *
*    C      41     -0.00007891   0.00008593  -0.00003188 *
*    C      42     -0.00005699  -0.00013362   0.00010864 *
*    H      43      0.00002719  -0.00004153  -0.00000356 *
*    H      44     -0.00000227  -0.00006190  -0.00007512 *
*    H      45     -0.00002585   0.00003735   0.00003643 *
*    C      46      0.00000654  -0.00014390  -0.00007903 *
*    H      47     -0.00002461  -0.00003382  -0.00002334 *
*    H      48     -0.00000236   0.00004075   0.00000212 *
*    H      49     -0.00000574  -0.00009062  -0.00004627 *
*    C      50     -0.00005759  -0.00004983  -0.00007135 *
*    H      51     -0.00001806  -0.00002448   0.00000436 *
*    H      52     -0.00000654  -0.00006892  -0.00002893 *
*    H      53     -0.00000636   0.00003441   0.00000875 *
*    C      54      0.00000735   0.00005863  -0.00005377 *
*    C      55     -0.00001942  -0.00010071   0.00003399 *
*    C      56      0.00004599   0.00001596  -0.00003802 *
*    H      57     -0.00000552  -0.00001207   0.00002627 *
*    H      58     -0.00001030   0.00000596  -0.00000172 *
*    H      59     -0.00002411   0.00003504  -0.00001660 *
*    C      60     -0.00002176   0.00003473  -0.00002114 *
*    H      61     -0.00000112  -0.00003374   0.00000180 *
*    H      62      0.00001270   0.00002715  -0.00001147 *
*    H      63      0.00002415   0.00002355   0.00000515 *
*    C      64      0.00000177   0.00005637   0.00002958 *
*    H      65      0.00001633  -0.00004595   0.00000573 *
*    H      66     -0.00004468   0.00002370  -0.00001033 *
*    H      67     -0.00002502   0.00004550  -0.00002222 *
*    C      68     -0.00000748   0.00010660   0.00004295 *
*    C      69      0.00006203  -0.00007823   0.00003722 *
*    C      70      0.00000180  -0.00012573   0.00000038 *
*    H      71      0.00004495  -0.00000165   0.00001847 *
*    H      72     -0.00000630   0.00000163  -0.00002807 *
*    H      73     -0.00007634  -0.00001496  -0.00004972 *
*    C      74     -0.00004851   0.00001603  -0.00006329 *
*    H      75      0.00003842   0.00002187   0.00001673 *
*    H      76     -0.00009023  -0.00001114  -0.00004529 *
*    H      77     -0.00001934  -0.00003994   0.00000940 *
*    C      78     -0.00009279   0.00001400  -0.00009570 *
*    H      79      0.00003255   0.00000879   0.00000462 *
*    H      80     -0.00004053  -0.00001580  -0.00003009 *
*    H      81     -0.00003259  -0.00000256  -0.00006623 *
*    C      82     -0.00006310   0.00007579   0.00016453 *
*    C      83     -0.00008449   0.00001237  -0.00008602 *
*    C      84      0.00005720   0.00008302  -0.00001886 *
*    H      85     -0.00001399   0.00001965   0.00006236 *
*    H      86     -0.00001139  -0.00000537  -0.00002671 *
*    H      87      0.00001909   0.00000255   0.00006095 *
*    C      88     -0.00002702   0.00004479   0.00006352 *
*    H      89      0.00002608   0.00002410   0.00000535 *
*    H      90      0.00000895   0.00000915   0.00001215 *
*    H      91     -0.00001111  -0.00000899  -0.00000156 *
*    C      92      0.00010027   0.00002292   0.00009776 *
*    H      93     -0.00001253   0.00001330  -0.00000454 *
*    H      94      0.00002296   0.00003191   0.00005020 *
*    H      95      0.00000789   0.00001428   0.00003568 *
*    C      96      0.00003703  -0.00002272   0.00007722 *
*    C      97     -0.00001445   0.00004202  -0.00002924 *
*    C      98     -0.00010512  -0.00004169   0.00000531 *
*    H      99      0.00002011   0.00001122  -0.00001398 *
*    H     100      0.00000725  -0.00004675   0.00004008 *
*    H     101     -0.00005523  -0.00005560   0.00007059 *
*    C     102     -0.00000712   0.00002802   0.00010758 *
*    H     103      0.00002871   0.00001688  -0.00001106 *
*    H     104     -0.00000304  -0.00002588   0.00002737 *
*    H     105     -0.00003514  -0.00001415  -0.00000064 *
*    C     106     -0.00004571  -0.00006951   0.00000449 *
*    H     107      0.00000242   0.00002986  -0.00000951 *
*    H     108     -0.00005506  -0.00004966   0.00005556 *
*    H     109     -0.00003929  -0.00000679   0.00006019 *
*                                                        *
**********************************************************
TOTAL:             -0.00025530   0.00109200   0.00019600
 
********************* Unconstrained **********************
********************** NLCC forces ***********************
*                                                        *
* Element  Atom         Cartesian components (Eh/a)      *
* ------------------------------------------------------ *
*                       x            y            z      *
*                                                        *
*    Fe      1     -0.00000000   0.00000000  -0.00000000 *
*    Fe      2     -0.00000000  -0.00000000   0.00000000 *
*    Fe      3      0.00000000  -0.00000000  -0.00000000 *
*    O       4      0.00000015   0.00000004   0.00000002 *
*    O       5     -0.00000208  -0.00000160   0.00000072 *
*    H       6      0.00000000   0.00000000   0.00000000 *
*    H       7      0.00000000   0.00000000   0.00000000 *
*    O       8     -0.00000215  -0.00000130  -0.00000062 *
*    H       9      0.00000000   0.00000000   0.00000000 *
*    H      10      0.00000000   0.00000000   0.00000000 *
*    O      11     -0.00000205  -0.00000135  -0.00000125 *
*    H      12      0.00000000   0.00000000   0.00000000 *
*    H      13      0.00000000   0.00000000   0.00000000 *
*    O      14      0.00000502   0.00000179  -0.00000312 *
*    O      15      0.00000621   0.00000067   0.00000066 *
*    O      16     -0.00000041  -0.00000457  -0.00000438 *
*    O      17      0.00000129  -0.00000616  -0.00000130 *
*    O      18     -0.00000115   0.00000603   0.00000023 *
*    O      19      0.00000138   0.00000515  -0.00000318 *
*    O      20     -0.00000627  -0.00000072  -0.00000108 *
*    O      21     -0.00000467  -0.00000106  -0.00000439 *
*    O      22      0.00000353   0.00000094   0.00000462 *
*    O      23      0.00000111   0.00000444   0.00000449 *
*    O      24     -0.00000205  -0.00000496   0.00000291 *
*    O      25     -0.00000475  -0.00000237   0.00000386 *
*    C      26      0.00365516   0.00099964  -0.00073771 *
*    C      27      0.00183634  -0.00023163  -0.00011539 *
*    C      28      0.00075785   0.00003222  -0.00159777 *
*    H      29      0.00000000   0.00000000   0.00000000 *
*    H      30      0.00000000   0.00000000   0.00000000 *
*    H      31      0.00000000   0.00000000   0.00000000 *
*    C      32      0.00021369   0.00194676  -0.00023090 *
*    H      33      0.00000000   0.00000000   0.00000000 *
*    H      34      0.00000000   0.00000000   0.00000000 *
*    H      35      0.00000000   0.00000000   0.00000000 *
*    C      36      0.00103079  -0.00008479   0.00116926 *
*    H      37      0.00000000   0.00000000   0.00000000 *
*    H      38      0.00000000   0.00000000   0.00000000 *
*    H      39      0.00000000   0.00000000   0.00000000 *
*    C      40     -0.00001157  -0.00345627  -0.00196543 *
*    C      41      0.00057680  -0.00176035  -0.00095136 *
*    C      42     -0.00178708  -0.00105073   0.00022810 *
*    H      43      0.00000000   0.00000000   0.00000000 *
*    H      44      0.00000000   0.00000000   0.00000000 *
*    H      45      0.00000000   0.00000000   0.00000000 *
*    C      46      0.00108316  -0.00122035   0.00097006 *
*    H      47      0.00000000   0.00000000   0.00000000 *
*    H      48      0.00000000   0.00000000   0.00000000 *
*    H      49      0.00000000   0.00000000   0.00000000 *
*    C      50     -0.00054495   0.00013860  -0.00185710 *
*    H      51      0.00000000   0.00000000   0.00000000 *
*    H      52      0.00000000   0.00000000   0.00000000 *
*    H      53      0.00000000   0.00000000   0.00000000 *
*    C      54      0.00001067   0.00384844  -0.00086019 *
*    C      55      0.00024701   0.00166610  -0.00096142 *
*    C      56      0.00094387   0.00033354  -0.00108000 *
*    H      57      0.00000000   0.00000000   0.00000000 *
*    H      58      0.00000000   0.00000000   0.00000000 *
*    H      59      0.00000000   0.00000000   0.00000000 *
*    C      60     -0.00164963   0.00098247   0.00009997 *
*    H      61      0.00000000   0.00000000   0.00000000 *
*    H      62      0.00000000   0.00000000   0.00000000 *
*    H      63      0.00000000   0.00000000   0.00000000 *
*    C      64      0.00074615   0.00113054   0.00150923 *
*    H      65      0.00000000   0.00000000   0.00000000 *
*    H      66      0.00000000   0.00000000   0.00000000 *
*    H      67      0.00000000   0.00000000   0.00000000 *
*    C      68     -0.00354695  -0.00110335  -0.00133613 *
*    C      69     -0.00213354   0.00014853  -0.00040372 *
*    C      70      0.00013436  -0.00170382  -0.00097913 *
*    H      71      0.00000000   0.00000000   0.00000000 *
*    H      72      0.00000000   0.00000000   0.00000000 *
*    H      73      0.00000000   0.00000000   0.00000000 *
*    C      74      0.00000502   0.00057502  -0.00192986 *
*    H      75      0.00000000   0.00000000   0.00000000 *
*    H      76      0.00000000   0.00000000   0.00000000 *
*    H      77      0.00000000   0.00000000   0.00000000 *
*    C      78     -0.00115669   0.00009957   0.00122000 *
*    H      79      0.00000000   0.00000000   0.00000000 *
*    H      80      0.00000000   0.00000000   0.00000000 *
*    H      81      0.00000000   0.00000000   0.00000000 *
*    C      82      0.00150335   0.00157497   0.00297063 *
*    C      83      0.00117523   0.00022534   0.00131026 *
*    C      84      0.00047545   0.00199667  -0.00013096 *
*    H      85      0.00000000   0.00000000   0.00000000 *
*    H      86      0.00000000   0.00000000   0.00000000 *
*    H      87      0.00000000   0.00000000   0.00000000 *
*    C      88     -0.00092642   0.00055376   0.00132426 *
*    H      89      0.00000000   0.00000000   0.00000000 *
*    H      90      0.00000000   0.00000000   0.00000000 *
*    H      91      0.00000000   0.00000000   0.00000000 *
*    C      92      0.00124813  -0.00058518   0.00086997 *
*    H      93      0.00000000   0.00000000   0.00000000 *
*    H      94      0.00000000   0.00000000   0.00000000 *
*    H      95      0.00000000   0.00000000   0.00000000 *
*    C      96     -0.00198028  -0.00269140   0.00197846 *
*    C      97     -0.00080823  -0.00176354   0.00045296 *
*    C      98     -0.00182997   0.00056332  -0.00019145 *
*    H      99      0.00000000   0.00000000   0.00000000 *
*    H     100      0.00000000   0.00000000   0.00000000 *
*    H     101      0.00000000   0.00000000   0.00000000 *
*    C     102     -0.00039780   0.00050082   0.00181166 *
*    H     103      0.00000000   0.00000000   0.00000000 *
*    H     104      0.00000000   0.00000000   0.00000000 *
*    H     105      0.00000000   0.00000000   0.00000000 *
*    C     106      0.00087921  -0.00162560  -0.00018650 *
*    H     107      0.00000000   0.00000000   0.00000000 *
*    H     108      0.00000000   0.00000000   0.00000000 *
*    H     109      0.00000000   0.00000000   0.00000000 *
*                                                        *
**********************************************************
TOTAL:             -0.00025777   0.00003426   0.00039800
 
********************* Unconstrained **********************
****** Correction to ensure the total force is zero ******
*                                                        *
* Element  Atom         Cartesian components (Eh/a)      *
* ------------------------------------------------------ *
*                       x            y            z      *
*                                                        *
*    Fe      1     -0.00000685   0.00000027  -0.00000143 *
*    Fe      2     -0.00000685   0.00000027  -0.00000143 *
*    Fe      3     -0.00000685   0.00000027  -0.00000143 *
*    O       4     -0.00000685   0.00000027  -0.00000143 *
*    O       5     -0.00000685   0.00000027  -0.00000143 *
*    H       6     -0.00000685   0.00000027  -0.00000143 *
*    H       7     -0.00000685   0.00000027  -0.00000143 *
*    O       8     -0.00000685   0.00000027  -0.00000143 *
*    H       9     -0.00000685   0.00000027  -0.00000143 *
*    H      10     -0.00000685   0.00000027  -0.00000143 *
*    O      11     -0.00000685   0.00000027  -0.00000143 *
*    H      12     -0.00000685   0.00000027  -0.00000143 *
*    H      13     -0.00000685   0.00000027  -0.00000143 *
*    O      14     -0.00000685   0.00000027  -0.00000143 *
*    O      15     -0.00000685   0.00000027  -0.00000143 *
*    O      16     -0.00000685   0.00000027  -0.00000143 *
*    O      17     -0.00000685   0.00000027  -0.00000143 *
*    O      18     -0.00000685   0.00000027  -0.00000143 *
*    O      19     -0.00000685   0.00000027  -0.00000143 *
*    O      20     -0.00000685   0.00000027  -0.00000143 *
*    O      21     -0.00000685   0.00000027  -0.00000143 *
*    O      22     -0.00000685   0.00000027  -0.00000143 *
*    O      23     -0.00000685   0.00000027  -0.00000143 *
*    O      24     -0.00000685   0.00000027  -0.00000143 *
*    O      25     -0.00000685   0.00000027  -0.00000143 *
*    C      26     -0.00000685   0.00000027  -0.00000143 *
*    C      27     -0.00000685   0.00000027  -0.00000143 *
*    C      28     -0.00000685   0.00000027  -0.00000143 *
*    H      29     -0.00000685   0.00000027  -0.00000143 *
*    H      30     -0.00000685   0.00000027  -0.00000143 *
*    H      31     -0.00000685   0.00000027  -0.00000143 *
*    C      32     -0.00000685   0.00000027  -0.00000143 *
*    H      33     -0.00000685   0.00000027  -0.00000143 *
*    H      34     -0.00000685   0.00000027  -0.00000143 *
*    H      35     -0.00000685   0.00000027  -0.00000143 *
*    C      36     -0.00000685   0.00000027  -0.00000143 *
*    H      37     -0.00000685   0.00000027  -0.00000143 *
*    H      38     -0.00000685   0.00000027  -0.00000143 *
*    H      39     -0.00000685   0.00000027  -0.00000143 *
*    C      40     -0.00000685   0.00000027  -0.00000143 *
*    C      41     -0.00000685   0.00000027  -0.00000143 *
*    C      42     -0.00000685   0.00000027  -0.00000143 *
*    H      43     -0.00000685   0.00000027  -0.00000143 *
*    H      44     -0.00000685   0.00000027  -0.00000143 *
*    H      45     -0.00000685   0.00000027  -0.00000143 *
*    C      46     -0.00000685   0.00000027  -0.00000143 *
*    H      47     -0.00000685   0.00000027  -0.00000143 *
*    H      48     -0.00000685   0.00000027  -0.00000143 *
*    H      49     -0.00000685   0.00000027  -0.00000143 *
*    C      50     -0.00000685   0.00000027  -0.00000143 *
*    H      51     -0.00000685   0.00000027  -0.00000143 *
*    H      52     -0.00000685   0.00000027  -0.00000143 *
*    H      53     -0.00000685   0.00000027  -0.00000143 *
*    C      54     -0.00000685   0.00000027  -0.00000143 *
*    C      55     -0.00000685   0.00000027  -0.00000143 *
*    C      56     -0.00000685   0.00000027  -0.00000143 *
*    H      57     -0.00000685   0.00000027  -0.00000143 *
*    H      58     -0.00000685   0.00000027  -0.00000143 *
*    H      59     -0.00000685   0.00000027  -0.00000143 *
*    C      60     -0.00000685   0.00000027  -0.00000143 *
*    H      61     -0.00000685   0.00000027  -0.00000143 *
*    H      62     -0.00000685   0.00000027  -0.00000143 *
*    H      63     -0.00000685   0.00000027  -0.00000143 *
*    C      64     -0.00000685   0.00000027  -0.00000143 *
*    H      65     -0.00000685   0.00000027  -0.00000143 *
*    H      66     -0.00000685   0.00000027  -0.00000143 *
*    H      67     -0.00000685   0.00000027  -0.00000143 *
*    C      68     -0.00000685   0.00000027  -0.00000143 *
*    C      69     -0.00000685   0.00000027  -0.00000143 *
*    C      70     -0.00000685   0.00000027  -0.00000143 *
*    H      71     -0.00000685   0.00000027  -0.00000143 *
*    H      72     -0.00000685   0.00000027  -0.00000143 *
*    H      73     -0.00000685   0.00000027  -0.00000143 *
*    C      74     -0.00000685   0.00000027  -0.00000143 *
*    H      75     -0.00000685   0.00000027  -0.00000143 *
*    H      76     -0.00000685   0.00000027  -0.00000143 *
*    H      77     -0.00000685   0.00000027  -0.00000143 *
*    C      78     -0.00000685   0.00000027  -0.00000143 *
*    H      79     -0.00000685   0.00000027  -0.00000143 *
*    H      80     -0.00000685   0.00000027  -0.00000143 *
*    H      81     -0.00000685   0.00000027  -0.00000143 *
*    C      82     -0.00000685   0.00000027  -0.00000143 *
*    C      83     -0.00000685   0.00000027  -0.00000143 *
*    C      84     -0.00000685   0.00000027  -0.00000143 *
*    H      85     -0.00000685   0.00000027  -0.00000143 *
*    H      86     -0.00000685   0.00000027  -0.00000143 *
*    H      87     -0.00000685   0.00000027  -0.00000143 *
*    C      88     -0.00000685   0.00000027  -0.00000143 *
*    H      89     -0.00000685   0.00000027  -0.00000143 *
*    H      90     -0.00000685   0.00000027  -0.00000143 *
*    H      91     -0.00000685   0.00000027  -0.00000143 *
*    C      92     -0.00000685   0.00000027  -0.00000143 *
*    H      93     -0.00000685   0.00000027  -0.00000143 *
*    H      94     -0.00000685   0.00000027  -0.00000143 *
*    H      95     -0.00000685   0.00000027  -0.00000143 *
*    C      96     -0.00000685   0.00000027  -0.00000143 *
*    C      97     -0.00000685   0.00000027  -0.00000143 *
*    C      98     -0.00000685   0.00000027  -0.00000143 *
*    H      99     -0.00000685   0.00000027  -0.00000143 *
*    H     100     -0.00000685   0.00000027  -0.00000143 *
*    H     101     -0.00000685   0.00000027  -0.00000143 *
*    C     102     -0.00000685   0.00000027  -0.00000143 *
*    H     103     -0.00000685   0.00000027  -0.00000143 *
*    H     104     -0.00000685   0.00000027  -0.00000143 *
*    H     105     -0.00000685   0.00000027  -0.00000143 *
*    C     106     -0.00000685   0.00000027  -0.00000143 *
*    H     107     -0.00000685   0.00000027  -0.00000143 *
*    H     108     -0.00000685   0.00000027  -0.00000143 *
*    H     109     -0.00000685   0.00000027  -0.00000143 *
*                                                        *
**********************************************************
TOTAL:             -0.00074626   0.00002910  -0.00015541

********************* Unconstrained **********************
************************* Forces *************************
*                                                        *
* Element  Atom         Cartesian components (Eh/a)      *
* ------------------------------------------------------ *
*                       x            y            z      *
*                                                        *
*    Fe      1     -0.00885064   0.00849067  -0.00725031 *
*    Fe      2     -0.00179852  -0.00219915   0.01482864 *
*    Fe      3      0.00989091  -0.00788354  -0.00782320 *
*    O       4     -0.00047531   0.00028455   0.00012887 *
*    O       5     -0.00839845  -0.00788930   0.00147744 *
*    H       6      0.00796305  -0.00246417  -0.00543545 *
*    H       7      0.00391758   0.00585245   0.00692716 *
*    O       8     -0.00975785  -0.00682078  -0.00303360 *
*    H       9      0.00957728  -0.00269918  -0.00236241 *
*    H      10      0.00047447   0.01024589  -0.00100702 *
*    O      11     -0.00887688  -0.00708973  -0.00434645 *
*    H      12      0.00213307   0.00020328   0.01000493 *
*    H      13      0.00165045   0.00973719  -0.00282838 *
*    O      14     -0.00003567  -0.00614446   0.01891885 *
*    O      15     -0.01382282   0.00356295  -0.01862901 *
*    O      16      0.01153468  -0.00079159   0.02037521 *
*    O      17     -0.00920819   0.01391354  -0.01274405 *
*    O      18      0.01204549  -0.01073840  -0.01292558 *
*    O      19     -0.01301002  -0.00345595   0.01857379 *
*    O      20      0.01608359   0.00247398  -0.01682101 *
*    O      21     -0.00359061   0.00281028   0.02090235 *
*    O      22     -0.01316865   0.01209150  -0.00780057 *
*    O      23      0.01022096  -0.02179706  -0.00452614 *
*    O      24     -0.00899788   0.02098219   0.00266029 *
*    O      25      0.01742241  -0.01118317  -0.00758808 *
*    C      26      0.00977376   0.00285557  -0.00019405 *
*    C      27      0.00133707   0.00058679  -0.00008033 *
*    C      28      0.00020867  -0.00009302  -0.00039449 *
*    H      29     -0.00250426   0.00169076  -0.00318777 *
*    H      30     -0.00011151  -0.00420835  -0.00073679 *
*    H      31      0.00414546   0.00125734  -0.00105117 *
*    C      32     -0.00005112   0.00055563  -0.00002750 *
*    H      33     -0.00268029   0.00209937  -0.00271840 *
*    H      34      0.00407689   0.00177928  -0.00091679 *
*    H      35     -0.00090621   0.00144878   0.00396776 *
*    C      36     -0.00001900  -0.00015765  -0.00002414 *
*    H      37      0.00020928  -0.00426939  -0.00003233 *
*    H      38     -0.00055593   0.00099055   0.00418198 *
*    H      39      0.00413679   0.00135757  -0.00084223 *
*    C      40     -0.00115336  -0.00874835  -0.00433023 *
*    C      41     -0.00014044  -0.00148046  -0.00069055 *
*    C      42     -0.00058857  -0.00044396   0.00014423 *
*    H      43     -0.00343654   0.00219854  -0.00146971 *
*    H      44     -0.00065677  -0.00055240   0.00424004 *
*    H      45     -0.00049143  -0.00411994  -0.00172618 *
*    C      46      0.00071171  -0.00006227   0.00016710 *
*    H      47      0.00398855   0.00142650  -0.00071458 *
*    H      48     -0.00019568  -0.00400468  -0.00179258 *
*    H      49     -0.00007573  -0.00084606   0.00431422 *
*    C      50      0.00006844   0.00005026  -0.00043189 *
*    H      51      0.00377944   0.00167005  -0.00136155 *
*    H      52     -0.00315404   0.00230078  -0.00193442 *
*    H      53     -0.00028245  -0.00393793  -0.00187390 *
*    C      54      0.00167874   0.00977801  -0.00272345 *
*    C      55      0.00013306   0.00140268  -0.00015532 *
*    C      56     -0.00001735  -0.00020363  -0.00034153 *
*    H      57      0.00028717   0.00427740  -0.00085959 *
*    H      58     -0.00199839  -0.00168057  -0.00339245 *
*    H      59      0.00408585  -0.00138708  -0.00041676 *
*    C      60     -0.00040917   0.00003463  -0.00019799 *
*    H      61     -0.00001781   0.00436746  -0.00085847 *
*    H      62     -0.00226670  -0.00043376   0.00379921 *
*    H      63     -0.00250788  -0.00164516  -0.00301228 *
*    C      64      0.00030149   0.00029373   0.00011895 *
*    H      65      0.00032130   0.00444970  -0.00042907 *
*    H      66      0.00413039  -0.00138200   0.00023108 *
*    H      67     -0.00177670  -0.00043232   0.00401543 *
*    C      68     -0.00877997  -0.00332101  -0.00368951 *
*    C      69     -0.00143671  -0.00051153  -0.00073845 *
*    C      70      0.00005751  -0.00056932   0.00008429 *
*    H      71     -0.00373613  -0.00142192  -0.00209734 *
*    H      72      0.00052440  -0.00273675   0.00324077 *
*    H      73      0.00309488  -0.00099057  -0.00282261 *
*    C      74     -0.00003505   0.00057341  -0.00021660 *
*    H      75     -0.00384310  -0.00105922  -0.00208193 *
*    H      76      0.00309488  -0.00038653  -0.00300574 *
*    H      77     -0.00024110   0.00421160   0.00070049 *
*    C      78      0.00000085   0.00026021   0.00016792 *
*    H      79     -0.00379017  -0.00109190  -0.00186423 *
*    H      80     -0.00053435   0.00411028   0.00129117 *
*    H      81     -0.00001608  -0.00238697   0.00366591 *
*    C      82      0.00327460   0.00717598   0.00685443 *
*    C      83      0.00047236   0.00055715   0.00131509 *
*    C      84      0.00056681   0.00044591   0.00000954 *
*    H      85      0.00306689  -0.00036148  -0.00294716 *
*    H      86      0.00190403   0.00231546   0.00323694 *
*    H      87     -0.00298635   0.00272600  -0.00174578 *
*    C      88     -0.00028681  -0.00007751   0.00057119 *
*    H      89     -0.00180058  -0.00360600   0.00144931 *
*    H      90     -0.00330580   0.00254643  -0.00127683 *
*    H      91      0.00162242   0.00195289   0.00358917 *
*    C      92      0.00045373  -0.00020303   0.00043580 *
*    H      93      0.00179908   0.00205541   0.00334916 *
*    H      94      0.00322255  -0.00078643  -0.00269615 *
*    H      95     -0.00111978  -0.00388177   0.00141961 *
*    C      96     -0.00634026  -0.00685149   0.00338345 *
*    C      97     -0.00112024  -0.00091862   0.00063732 *
*    C      98     -0.00043607  -0.00039237  -0.00008676 *
*    H      99     -0.00281833  -0.00251430   0.00222121 *
*    H     100     -0.00048166  -0.00116205  -0.00407509 *
*    H     101     -0.00184044   0.00399510   0.00024978 *
*    C     102      0.00000373   0.00011381   0.00086101 *
*    H     103     -0.00256707  -0.00254736   0.00260342 *
*    H     104     -0.00140453   0.00406235   0.00077404 *
*    H     105      0.00395006  -0.00025182   0.00165363 *
*    C     106      0.00017689  -0.00029474   0.00007507 *
*    H     107     -0.00249076  -0.00270673   0.00226057 *
*    H     108      0.00398597  -0.00075211   0.00145653 *
*    H     109     -0.00015952  -0.00159287  -0.00415044 *
*                                                        *
**********************************************************
* TOTAL:           -0.00000000  -0.00000000   0.00000000 *
**********************************************************
 
 
***********************************************************
********** Summary of Forces (values in Eh/a) *************
*                                                         *
* ---------------------- Minimum ------------------------ *
* Atom:        36, |F|min =    0.00016061                 *
* Components:     Fx|min       Fy|min       Fz|min        *
*              -0.00001900  -0.00015765  -0.00002414      *
*                                                         *
* ---------------------- Maximum ------------------------ *
* Atom:        23, |F|max =    0.02449624                 *
* Components:     Fx|max       Fy|max       Fz|max        *
*               0.01022096  -0.02179706  -0.00452614      *
*                                                         *
* ---------------- Root Mean Square Force --------------- *
*                  |F|rms =    0.00921632                 *
* Components:     Fx|rms       Fy|rms       Fz|rms        *
*               0.00510405   0.00503801   0.00578858      *
***********************************************************
 

------------------------------ TIMING INFORMATION ------------------------------
AVERAGE TIME:   17288.303s on      6 proc(s)                                    
TOTAL TIME:     17288.303s on      6 proc(s)                                    
==================== AVERAGE TIMINGS FROM ALL PROCS (CUMULATIVE) =====================
|| TAG                                         #calls     cpu time   %total  Gflops ||
|| onetep.F90 main loop imbalance             :     1        0.00s   0.000%  ------ ||
|| hash_table_free                            :    37        0.00s   0.000%  ------ ||
|| sparse_blacstospam3_real_fast_imbal        :    24        0.00s   0.000%  ------ ||
|| sparse_spam3toblacs_real_fast_imbal        :     6        0.00s   0.000%  ------ ||
|| onetep.F90 final imbalance                 :     1        0.00s   0.000%  ------ ||
|| density_fftbox_interp_mult_imbal           : 19008        0.00s   0.000%  ------ ||
|| sw_bessel_init_cpu                         :     1        0.01s   0.000%  ------ || (1 procs only)
|| sparse_spam3toblacs_real_fast_B2           :    36        0.00s   0.000%  ------ ||
|| ewald_calculate_forces_realspace           :     1        0.01s   0.000%  ------ ||
|| ewald_calculate_energy                     :     1        0.02s   0.000%  ------ ||
|| sparse_set_to_garbage                      :   438        0.03s   0.000%  ------ ||
|| ewald_calculate_forces_recipspace          :     1        0.04s   0.000%  ------ ||
|| paw_dij_hartree                            :   215        0.04s   0.000%  ------ ||
|| linalg_dgemv                               :    80        0.05s   0.000%  ------ ||
|| paw_tcore_density                          :     1        0.05s   0.000%  ------ ||
|| sparse_init                                :     1        0.05s   0.000%  ------ ||
|| sparse_spam3toblacs_real_fast_B1           :    36        0.06s   0.000%  ------ ||
|| sw_init                                    :   403        0.07s   0.000%  ------ ||
|| sparse_spam3toblacs_real_fast              :     6        0.08s   0.000%  ------ ||
|| sparse_blacstospam3_real_fast              :    24        0.09s   0.001%  ------ ||
|| ewald_calculate_forces                     :     1        0.10s   0.001%  ------ ||
|| dense_eigensolve                           :     2        0.20s   0.001%  ------ ||
|| basis_extract_function_from_box            :  3584        0.22s   0.001%  ------ ||
|| augmentation_density_forces                :     1        0.23s   0.001%  ------ ||
|| palser_mano_kernel_optimise_spam3_embed    :     2        0.27s   0.002%  ------ ||
|| restart_kernel_write                       :    20        0.43s   0.003%  ------ ||
|| sparse_embed_array_hotelling_invert        :    37        0.61s   0.004%  ------ ||
|| paw_tcore_hartree_on_grid                  :     1        0.65s   0.004%  ------ ||
|| ngwfs_initialise_from_radial               :     2        0.85s   0.005%  ------ ||
|| pseudo_make_structure_factor               :     1        0.87s   0.005%  ------ ||
|| paw_sphere_density_on_grid                 :     1        1.27s   0.007%  ------ ||
|| kernel_purify                              :   304        1.70s   0.010%  ------ ||
|| paw_dataset_init                           :     4        1.78s   0.010%  ------ ||
|| lnv_gradient_norm                          :    95        2.10s   0.012%  ------ ||
|| sparse_trace                               :  9050        2.16s   0.012%  ------ ||
|| paw_tcore_hartree_calc_forces              :     1        2.51s   0.015%  ------ ||
|| kernel_fix                                 :    95        3.44s   0.020%  ------ ||
|| integrals_grad_spam3                       :     2        4.32s   0.025%  ------ ||
|| nonsc_forces_ngwfs_calc                    :     1        4.38s   0.025%  ------ ||
|| paw_species_calc_proj_prec_mat             :     1        4.78s   0.028%  ------ ||
|| paw_nlcc_calculate_forces                  :     1        6.32s   0.037%  ------ ||
|| ngwf_gradient_coeffs                       :    19        6.83s   0.040%  ------ ||
|| energy_and_force_init_cell                 :     1        7.31s   0.042%  ------ ||
|| function_ops_brappd_ketppd_spam3           :    74       11.51s   0.067%  ------ ||
|| eigenstates_calculate                      :     1       14.19s   0.082%  ------ ||
|| sparse_product                             : 12032       17.01s   0.098%  ------ ||
|| restart_ngwfs_tightbox_output              :    18       20.38s   0.118%  ------ ||
|| projectors_func_grad_ovlp_box_spam3        :     6       24.60s   0.142%  ------ ||
|| aug_nl_calculate_forces                    :     1       25.09s   0.145%  ------ ||
|| augmentation_screen_dij_spam3              :   204       40.32s   0.233%  ------ ||
|| basis_copy_function_to_box                 : 34997       50.74s   0.293%  ------ ||
|| aug_nonlocal_mat_spam3_embed_array         :   195       54.26s   0.314%  ------ ||
|| paw_dij_xc                                 :   215       57.27s   0.331%  ------ ||
|| fourier_apply_box_pair                     :  5408       72.07s   0.417%  85.613 ||
|| cell_grid_extract_box_real                 : 20154       87.33s   0.505%  ------ ||
|| forces_calculate                           :     1       93.61s   0.541%  ------ ||
|| aug_density_on_grid_spam3                  :   198       96.20s   0.556%  ------ ||
|| fourier_filter_cell                        :   248       97.04s   0.561%  22.325 ||
|| integrals_kinetic_spam3                    :    74       97.16s   0.562%  ------ ||
|| density_init_guess_real                    :     2      100.91s   0.584%  ------ ||
|| hartree_on_grid_single                     :   197      132.44s   0.766%  ------ ||
|| basis_dot_function_with_box                : 4.665M     133.09s   0.770%  ------ ||
|| projectors_init_fftbox_recip               :   309      138.15s   0.799%  ------ ||
|| integrals_locpot_mat_els_batch             :   630      139.03s   0.804%  ------ ||
|| fourier_interpolate_cell                   :   396      158.62s   0.918%  21.808 ||
|| density_batch_row_sums                     :  1188      176.29s   1.020%  ------ ||
|| cell_grid_deposit_box_real                 : 28220      182.59s   1.056%  ------ ||
|| basis_add_function_to_box                  : 7.227M     240.08s   1.389%  ------ ||
|| projectors_func_ovlp_box_spam3             :    74      264.51s   1.530%  ------ ||
|| properties_calculate                       :     1      295.20s   1.708%  ------ ||
|| hamiltonian_energy_components              :     4      332.51s   1.923%  ------ ||
|| density_fftbox_deposit_to_cell             : 19008      404.15s   2.338%  ------ ||
|| fourier_apply_cell_forward                 :  1774      499.81s   2.891%  27.899 ||
|| fourier_filter                             :  6832      562.98s   3.256%  ------ ||
|| fourier_apply_cell_backward                :  1774      602.05s   3.482%  23.162 ||
|| xc_energy_potential                        :   197     1193.39s   6.903%  ------ ||
|| fourier_interpolate                        :  6832     1403.66s   8.119%  ------ ||
|| projectors_gradient_batch                  :   114     1700.50s   9.836%  ------ ||
|| potential_apply_to_ngwf_batch              :   630     2279.10s  13.183%  ------ ||
|| integrals_locpot_dbl_grid                  :   210     2418.50s  13.989%  ------ ||
|| fourier_interpolate_product                : 18678     3139.67s  18.161%  ------ ||
|| density_fftbox_interpolate_multiply        : 19008     3387.52s  19.594%  ------ ||
|| fourier_apply_box                          : 121.5k    3424.71s  19.809% 116.539 ||
|| density_batch_interp_deposit               :  1188     4246.06s  24.560%  ------ ||
|| projectors_grad_precond_batch              :   114     4311.37s  24.938%  ------ ||
|| density_on_dbl_grid                        :   396     4750.28s  27.477%  ------ ||
|| hamiltonian_lhxc_calculate                 :   191     6386.49s  36.941%  ------ ||
|| ngwf_gradient_build_batch                  :   114     6633.64s  38.371%  ------ ||
|| ngwf_gradient_batch                        :   114     7052.28s  40.792%  ------ ||
|| ngwf_gradient_lnv                          :    19     7215.71s  41.738%  ------ ||
|| lnv_denskernel_optimise_cg                 :    19     8070.66s  46.683%  ------ ||
|| ngwf_cg_optimise                           :     1    16734.34s  96.796%  ------ ||
|| energy_and_forces                          :     1    17280.32s  99.954%  ------ ||
|| total_time                                 :     1    17288.30s 100.000%  ------ ||
======================================================================================
Overhead of generating timer report: 
- 0 ms averaging over threads,
- 1 ms ensuring consistency across MPI ranks,
- 23 ms printing in order.

Job completed: 24-10-2025 15:48 (+0100)

onetep_launcher: ONETEP seems to have finished correctly (zero exit code).
                 Brought to you by PID 69376 on nid002078.
