==================================================================================
It's Fri 24 Oct 2025 11:00:09 AM BST.
*** Starting onetep_launcher (node nid002081, PIDs 78210 78211 78212 78213 78214 78215)...
    - ONETEP arguments: Fe3_O_piv_6_H2O_3_LowSpin.dat
    - Current directory: /mnt/lustre/a2fs-work3/work/e89/e89/phsmea/onetep_ali_PBE/Fe3_O_Piv_6_H2O_3/LS/nsp
    - Launcher executable directory: /mnt/lustre/a2fs-work3/work/e89/e89/phsmea/onetep_ali
    - (-e) ONETEP executable specified through command-line: /work/e89/e89/phsmea/onetep.archer2_2024_cray_2
      ... trying /work/e89/e89/phsmea/onetep.archer2_2024_cray_2
          -> looks OK
*** Setting up environment...
    - (-s) Process stack size: unlimited
    - (-t) OMP_NUM_THREADS: 8
    - (-o) OMP_STACKSIZE: 64M
    - (-c) Maximum core file size: 2048000
    - (-d) decfort_dump_flag: n
    - (-m) I_MPI_OFA_TRANSLATION_CACHE: 0
    - (-m) I_MPI_DAPL_TRANSLATION_CACHE: 0
    - (-m) I_MPI_DAPL_UD_TRANSLATION_CACHE: 0
*** Starting ONETEP...
    - /work/e89/e89/phsmea/onetep.archer2_2024_cray_2 Fe3_O_piv_6_H2O_3_LowSpin.dat
=================================================================================
_________________________________________________________________________________
 +---------------------------------------------------------------+
 |                                                               |
 |        ####### #     # ####### ####### ####### ######         |
 |        #     # ##    # #          #    #       #     #        |
 |        #     # # #   # #          #    #       #     #        |
 |        #     # #  #  # #####      #    #####   ######         |
 |        #     # #   # # #          #    #       #              |
 |        #     # #    ## #          #    #       #              |
 |        ####### #     # #######    #    ####### #              |
 |                                                               |
 |        Linear-Scaling Ab Initio Total Energy Program          |
 |                                                               |
 |          Release for academic collaborators of ODG            |
 |                                             Version 7.3.0     |
 | Remote: git@github.com:Miesaz/onetep_mea.git                  |
 | Local branch: master                                          |
 | Commit ID: 4af45e89288c8df5499704252eec3e032ee3d0c8           |
 | Date: Tue Aug 6 11:28:44 2024 +0100                           |
 | Locally modified files:                                       |
 |   src/hubbard_build_mod.F90                                   |
 |   src/services_mod.F90                                        |
 |                                                               |
 +---------------------------------------------------------------+
 |                                                               |
 |  Authors:                                                     |
 |  Jacek Dziedzic, Peter D. Haynes, Nicholas D. M. Hine,        |
 |  Arash A. Mostofi, Mike C. Payne and Chris-Kriton Skylaris    |
 |                                                               |
 |  Contributors:                                                |
 |  J. Aarons, L. Andrinopoulos, P. W. Avraam, R. A. Bell,       |
 |  A. Bhandari, G. A. Bramley, R. J. Charlton, S. J. Clark,     |
 |  R. J. Clements, G. C. Constantinescu, F. Corsetti,           |
 |  N. Corsini, O. Dieguez, S. M. M. Dubois, K. K. B. Duff,      |
 |  J. M. Escartin, M. Escobar Azor, A. Greco,                   |
 |  H. Helal, Q. O. Hill, L. P. Lee, J.-H. Li,                   |
 |  T. Li, E. B. Linscott, G. Moynihan, D. D. O`Regan,           |
 |  O. K. Okan, E. Parkinson, M. J. S. Phipps,                   |
 |  C. J. Pickard, J. C. A. Prentice, M. I. J. Probert,          |
 |  L. E. Ratcliff, M. Robinson, A. Ruiz Serrano,                |
 |  M. dos Santos Dias, J. S. Spencer, E. W. Tait,               |
 |  G. Teobaldi, D. Turban, V. Vitale, K. A. Wilkinson,          |
 |  C. Weber, J. C. Womack, Chengcheng Xiao, N. Yeung,           |
 |  and T. J. Zuehlsdorff.                                       |
 |                                                               |
 |                                   Copyright (c) 2004-2025     |
 |                                                               |
 |  Please cite:                                                 |
 |  "The ONETEP linear-scaling density functional theory program"|
 |   J. Chem. Phys. 152(17) 174111 (2020)                        |
 |                                                               |
 |          in all publications arising from your use of ONETEP. |
 |                                                               |
 +---------------------------------------------------------------+
 |                                                               |
 |   ONETEP is based on developments described in the following  |
 |   publications:                                               |
 |                                                               |
 |  "Nonorthogonal generalized Wannier function pseudopotential  |
 |   plane-wave method".                                         |
 |   C.-K. Skylaris, A. A. Mostofi, P. D. Haynes, O. Dieguez,    |
 |   M. C. Payne.                                                |
 |   Phys. Rev. B 66 035119 (2002).                              |
 |                                                               |
 |  "Preconditioned iterative minimization for linear-scaling    |
 |   electronic structure calculations".                         |
 |   A. A. Mostofi, P. D. Haynes, C.-K. Skylaris, M. C. Payne.   |
 |   J. Chem. Phys. 119(17), pp.8842-8848 (2003).                |
 |                                                               |
 |  "Total-energy calculations on a real space grid with         |
 |   localized functions and a plane-wave basis".                |
 |   A. A. Mostofi, C.-K. Skylaris, P. D. Haynes, M. C. Payne.   |
 |   Comput. Phys. Commun. 147, pp.788-802 (2002).               |
 |                                                               |
 |  "Accurate kinetic energy evaluation in electronic structure  |
 |   calculations with localized functions on real space grids"  |
 |   C.-K. Skylaris, A. A. Mostofi, P. D. Haynes, C. J. Pickard, |
 |   M. C. Payne.                                                |
 |   Comput. Phys. Commun. 140, pp.315-322 (2001).               |
 |                                                               |
 |  "Accurate ionic forces and geometry optimization in linear-  |
 |   scaling density-functional theory with local orbitals"      |
 |   N. D. M. Hine, M. Robinson, P. D. Haynes, C.-K. Skylaris,   |
 |   M. C. Payne, and A. A. Mostofi.                             |
 |   Phys. Rev. B 83 195102 (2011).                              |
 |                                                               |
 +---------------------------------------------------------------+

Job started: 24-10-2025 11:01 (+0100)
 
Reading parameters from file "Fe3_O_piv_6_H2O_3_LowSpin.dat" ...... done

If your calculation crashes here, before "Checking processes and threads..."
is displayed, then your stack size is insufficient.
If so, use "ulimit -s unlimited" at runtime.
You can disable this check with "check_stack_size F".

Checking processes and threads...
   Determining the default number of threads...
      No default threads set at compilation time: defaulting to 1.
      OpenMP library call suggests 8 threads.
      Hybrid MPI-OpenMP compilation detected.
      Number of MPI processes > 1.
      OMP_NUM_THREADS environment variable present and
      its value matches the one obtained from the OpenMP library call.
      Using this value as default.
      Default threads: 8
      Default applies to threads_max and threads_num_fftboxes.
      Settings in the input file override this default.
   ... done

   Running with 6 MPI processes.
   There are 6 MPI processes running on the same node as the root process.
   Each MPI process is using: 
               1 threads for simulation cell FFTs.
               1 threads for threaded FFT box operations.
               8 threads for loops over batched FFT box operations.
               8 threads in other parallel regions.
   MPI Interface: S1 (use mpi_f08) (-DMPI -DUSE_MPI_F08).
   MPI_ASYNC_PROTECTS_NONBLOCKING: Yes. MPI_SUBARRAYS_SUPPORTED: Yes.
   FFTW Interface: OMP-capable and MODERN. (-DUSE_MODERN_FFTW specified).
   GPU Interface: None.
   GPU FFT Backend: None.
... done

Basic input checks...... done

Reading geometry and species blocks from file "Fe3_O_piv_6_H2O_3_LowSpin.dat" ...   
  Number of PPD points along a3 set to 1.  This is 
  the default value, it may have been provided also in the input file.
... done


--------------------------------------------------------------------------------
---------------------------------- INPUT FILE ----------------------------------
--------------------------------------------------------------------------------

charge : 1                                                                      
cutoff_energy : 800 eV                                                          
do_properties : T                                                               
edft : F                                                                        
fine_grid_scale : 4                                                             
forces_output_detail : VERBOSE                                                  
output_detail : VERBOSE                                                         
paw : T                                                                         
pseudo_path : ../../..                                                          
spin : 3                                                                        
task : SINGLEPOINT                                                              
write_denskern : T                                                              
write_forces : T                                                                
write_tightbox_ngwfs : T                                                        
xc_functional : pbe                                                             
%BLOCK LATTICE_CART                                                             
ang                                                                             
32.50833397       0.00000000       0.00000000                                   
0.00000000      31.98669797       0.00000000                                    
0.00000000       0.00000000      30.19651969                                    
%ENDBLOCK LATTICE_CART                                                          
%BLOCK POSITIONS_ABS                                                            
ang                                                                             
Fe    17.232977    14.674734    15.129679                                       
Fe    16.288038    16.052617    12.445793                                       
Fe    14.867580    16.761214    15.192830                                       
O    16.117098    15.813839    14.246859                                        
O    18.480700    13.450910    16.169303                                        
H    19.218538    13.184343    15.609244                                        
H    18.838228    13.997290    16.881215                                        
O    16.525653    16.363871    10.449989                                        
H    17.412060    16.056077    10.224395                                        
H    16.535972    17.325296    10.353496                                        
O    13.484174    17.843520    16.211723                                        
H    13.687095    17.808913    17.153446                                        
H    13.618064    18.754630    15.920891                                        
O    18.850973    15.464757    14.470664                                        
O    18.223531    16.061945    12.413949                                        
O    17.350850    13.332002    13.776299                                        
O    16.281304    14.196364    12.025062                                        
O    16.319589    17.976360    12.475096                                        
O    15.001883    18.422796    14.214284                                        
O    14.423282    16.091998    12.083003                                        
O    13.440899    16.185049    14.082825                                        
O    16.092854    17.479959    16.487576                                        
O    17.448219    15.729817    16.735971                                        
O    14.416736    15.370366    16.417881                                        
O    15.797496    13.700069    15.908365                                        
C    19.082663    15.911531    13.318631                                        
C    20.509271    16.358586    13.004001                                        
C    20.879134    15.954587    11.578044                                        
H    20.216405    16.417192    10.846529                                        
H    20.839039    14.870694    11.445680                                        
H    21.898967    16.279499    11.362410                                        
C    20.515122    17.888165    13.127167                                        
H    19.797657    18.341041    12.440388                                        
H    21.509840    18.268571    12.884948                                        
H    20.271975    18.204584    14.144427                                        
C    21.502935    15.756999    13.990930                                        
H    21.514294    14.666075    13.930897                                        
H    21.271773    16.042245    15.017397                                        
H    22.508334    16.112385    13.756074                                        
C    16.815270    13.243145    12.642295                                        
C    16.775373    11.869245    11.979248                                        
C    15.412805    11.266493    12.349002                                        
H    14.593295    11.878970    11.968457                                        
H    15.306321    11.169565    13.431808                                        
H    15.327310    10.270307    11.909187                                        
C    17.893008    10.979850    12.513100                                        
H    18.877190    11.399905    12.291734                                        
H    17.833905    10.000000    12.034706                                        
H    17.813557    10.839239    13.591030                                        
C    16.889266    12.011868    10.463958                                        
H    17.846027    12.457130    10.178932                                        
H    16.089446    12.631107    10.058614                                        
H    16.831271    11.024997    10.000000                                        
C    15.682489    18.766568    13.216162                                        
C    15.760153    20.261135    12.910908                                        
C    16.445206    20.515707    11.573964                                        
H    16.509689    21.591603    11.399419                                        
H    15.881542    20.079848    10.745741                                        
H    17.457094    20.108826    11.557283                                        
C    14.344110    20.839563    12.888028                                        
H    14.392337    21.907685    12.666670                                        
H    13.844420    20.715507    13.849087                                        
H    13.730744    20.364993    12.118305                                        
C    16.570642    20.908157    14.040531                                        
H    16.624287    21.986698    13.877831                                        
H    17.592218    20.521225    14.068755                                        
H    16.108156    20.728849    15.012105                                        
C    13.423411    16.007857    12.841517                                        
C    12.093661    15.643973    12.185254                                        
C    12.192272    14.165342    11.790211                                        
H    11.271217    13.863126    11.286928                                        
H    12.317941    13.528368    12.669501                                        
H    13.029898    13.996262    11.111568                                        
C    11.904360    16.499162    10.931799                                        
H    10.966775    16.223020    10.444687                                        
H    12.719012    16.351190    10.222989                                        
H    11.849309    17.561888    11.181494                                        
C    10.932470    15.852107    13.148747                                        
H    10.000000    15.565583    12.657656                                        
H    10.847916    16.896944    13.453404                                        
H    11.046099    15.249205    14.050063                                        
C    17.023882    16.862027    17.068156                                        
C    17.669979    17.558554    18.263948                                        
C    18.200852    18.916178    17.795102                                        
H    18.969830    18.800648    17.027103                                        
H    18.648880    19.441924    18.640982                                        
H    17.399330    19.534296    17.390033                                        
C    16.587312    17.768280    19.327105                                        
H    16.165191    16.817581    19.662316                                        
H    15.779668    18.395735    18.946926                                        
H    17.020066    18.267624    20.196520                                        
C    18.807481    16.724490    18.838478                                        
H    19.252918    17.250664    19.685290                                        
H    19.592551    16.557166    18.098410                                        
H    18.454847    15.755160    19.196032                                        
C    14.768275    14.160945    16.453923                                        
C    13.882015    13.206061    17.247662                                        
C    12.445942    13.338510    16.736455                                        
H    11.793012    12.681013    17.314511                                        
H    12.370971    13.045333    15.686237                                        
H    12.083721    14.362077    16.833474                                        
C    13.950884    13.637408    18.716935                                        
H    13.319619    12.978306    19.316748                                        
H    13.595739    14.660865    18.845823                                        
H    14.970160    13.567885    19.105344                                        
C    14.364436    11.768340    17.104442                                        
H    13.718749    11.111014    17.690739                                        
H    15.388712    11.649232    17.459574                                        
H    14.330248    11.438440    16.064717                                        
%ENDBLOCK POSITIONS_ABS                                                         
%BLOCK SPECIES                                                                  
C C 6 -1 10.0                                                                   
Fe Fe 26 -1 10.0                                                                
H H 1 -1 10.0                                                                   
O O 8 -1 10.0                                                                   
%ENDBLOCK SPECIES                                                               
%BLOCK SPECIES_ATOMIC_SET                                                       
C  "SOLVE"                                                                      
Fe "SOLVE INIT SPIN=1"                                                          
H  "SOLVE"                                                                      
O  "SOLVE"                                                                      
%ENDBLOCK SPECIES_ATOMIC_SET                                                    
%BLOCK SPECIES_POT                                                              
C C.PBE-paw.abinit                                                              
Fe Fe.PBE-paw.abinit                                                            
H H.PBE-paw.abinit                                                              
O O.PBE-paw.abinit                                                              
%ENDBLOCK SPECIES_POT                                                           

--------------------------------------------------------------------------------
-------------------------------- END INPUT FILE --------------------------------
--------------------------------------------------------------------------------


 
 ESDF WARNING(1): "charge" (esdf_physical) has no units. Assume "e".
<<<<<<<<<<<<<<<<<<<<<<<<<<<<<<<<< Full system >>>>>>>>>>>>>>>>>>>>>>>>>>>>>>>>>>
<<<<<<<<<<<<<<<<<<<<<<<<<<< PAW Dataset information >>>>>>>>>>>>>>>>>>>>>>>>>>>
File: Fe.PBE-paw.abinit; rc = 2.12 bohr; shape type =  2; rshape = 1.81 bohr;
  Atomic number: 26;  ionic charge: 16.000000
    Partial Wave 1: l = 0
    Partial Wave 2: l = 0
    Partial Wave 3: l = 1
    Partial Wave 4: l = 1
    Partial Wave 5: l = 2
    Partial Wave 6: l = 2
  Core charge supplied for Nonlinear Core Corrections
File: O.PBE-paw.abinit; rc = 1.41 bohr; shape type =  2; rshape = 1.20 bohr;
  Atomic number:  8;  ionic charge:  6.000000
    Partial Wave 1: l = 0
    Partial Wave 2: l = 0
    Partial Wave 3: l = 1
    Partial Wave 4: l = 1
  Core charge supplied for Nonlinear Core Corrections
File: H.PBE-paw.abinit; rc = 0.90 bohr; shape type =  2; rshape = 0.80 bohr;
  Atomic number:  1;  ionic charge:  1.000000
    Partial Wave 1: l = 0
    Partial Wave 2: l = 0
    Partial Wave 3: l = 1
File: C.PBE-paw.abinit; rc = 1.51 bohr; shape type =  2; rshape = 1.30 bohr;
  Atomic number:  6;  ionic charge:  4.000000
    Partial Wave 1: l = 0
    Partial Wave 2: l = 0
    Partial Wave 3: l = 1
    Partial Wave 4: l = 1
  Core charge supplied for Nonlinear Core Corrections
<<<<<<<<<<<<<<<<<<<<<<<<<<<<<<<<<<<<<<< >>>>>>>>>>>>>>>>>>>>>>>>>>>>>>>>>>>>>>>

-------------------------- Atom counting information ---------------------------
Symbol    Natoms    Nngwfs    Nprojs
  Fe         3        39        54
  O         16        64       128
  H         60        60       300
  C         30       120       240
.......   ......    ......    ......
Totals:    109       283       722
--------------------------------------------------------------------------------

=============================== PSINC grid sizes ===============================
                      Simulation cell:  125 x 125 x 117
                              FFT-box:  125 x 125 x 117
                                  PPD:    5 x   5 x   1
Grid space d1=  0.491454786359a0 (KE cutoff=  31.45117Eh = 855.83000eV)
Grid space d2=  0.483568792904a0 (KE cutoff=  32.48534Eh = 883.97119eV)
Grid space d3=  0.487719251553a0 (KE cutoff=  31.93480Eh = 868.99013eV)
================================================================================

********************* Fourier parallelisation information **********************
       Coarse grid (whole simulation cell) dimensions:    125   125   117
          Real-space ('12') slabs/proc (min max mean):     19    20    19
         Recip-space ('23') slabs/proc (min max mean):     10    11    10
********************************************************************************

********************* Fourier parallelisation information **********************
       Double grid (whole simulation cell) dimensions:    250   250   234
          Real-space ('12') slabs/proc (min max mean):     39    39    39
         Recip-space ('23') slabs/proc (min max mean):     21    21    21
********************************************************************************

********************* Fourier parallelisation information **********************
         Fine grid (whole simulation cell) dimensions:    500   500   468
          Real-space ('12') slabs/proc (min max mean):     78    78    78
         Recip-space ('23') slabs/proc (min max mean):     41    42    41
********************************************************************************

Atom SCF Calculation for C  : Z (AE atom) =   6 : Z (PS atom) =   4
Config String: 2s2.0 2p2.0
Orbitals (num,occ):  2     2.00 2.00
Orbitals   (num,l):  2        0    1
Real-space Grid (nr,dr,rmax): 1503    0.0066577896   10.0000000000
Spherical Bessel Basis (nsws,lmax,cutoff):   37    2  176.3967570603
Confining potential (l,width,scale):  0    3.0000000000  100.0000000000
Confining potential (l,width,scale):  1    3.0000000000  100.0000000000
  1         -5.4381308884   -1.2721298092    4.5135250045   -1.9381135692
  2         -5.3849331102   -1.3649505469    4.4159511708   -1.9005879768
  3         -5.3930021612   -1.3849430624    4.3947033354   -1.8924421815
  4         -5.4001802281   -1.3891927246    4.3902388137   -1.8907518289
  5         -5.4037205329   -1.3915457087    4.3877695258   -1.8898885469
  6         -5.4055416859   -1.3928069742    4.3864477540   -1.8894519912
  7         -5.4065002767   -1.3934742451    4.3857498837   -1.8892319620
  8         -5.4070074727   -1.3938267709    4.3853820092   -1.8891207968
  9         -5.4072763209   -1.3940130896    4.3851880206   -1.8890645345
 10         -5.4074189962   -1.3941116277    4.3850856600   -1.8890360408
 11         -5.4074947717   -1.3941637823    4.3850316039   -1.8890216105
 12         -5.4075350443   -1.3941914082    4.3850030336   -1.8890143059
 13         -5.4075564617   -1.3942060527    4.3849879208   -1.8890106114
 14         -5.4075678586   -1.3942138217    4.3849799198   -1.8890087446
 15         -5.4075739267   -1.3942179465    4.3849756804   -1.8890078024
 16         -5.4075771595   -1.3942201380    4.3849734321   -1.8890073276
 17         -5.4075788827   -1.3942213034    4.3849722389   -1.8890070886
 18         -5.4075798017   -1.3942219235    4.3849716050   -1.8890069685
 19         -5.4075802921   -1.3942222537    4.3849712680   -1.8890069082
 20         -5.4075805539   -1.3942224296    4.3849710888   -1.8890068781
 21         -5.4075806938   -1.3942225235    4.3849709933   -1.8890068630
 22         -5.4075807686   -1.3942225735    4.3849709424   -1.8890068555
Atom SCF converged after  22 iterations to a total energy of     -5.40758077

Atom SCF Calculation for Fe : Z (AE atom) =  26 : Z (PS atom) =  16
Config String: 3s2.0 3p6.0 3d6.0 4s2.0 4p0.0 INIT SPIN=1
Orbitals (num,occ):  5     2.00 6.00 6.00 2.00 0.00
Orbitals   (num,l):  5        0    1    2    0    1
Real-space Grid (nr,dr,rmax): 1503    0.0066577896   10.0000000000
Spherical Bessel Basis (nsws,lmax,cutoff):   37    4  176.3967570603
Confining potential (l,width,scale):  0    3.0000000000  100.0000000000
Confining potential (l,width,scale):  1    3.0000000000  100.0000000000
Confining potential (l,width,scale):  2    3.0000000000  100.0000000000
  1       -111.4005172118  -52.5575611559   72.2164000725   -4.0901868950
  2       -116.6635475262  -20.5601904919   91.7007084249   -2.2962490369
  3       -121.6156136875  -23.2753453277   92.4544705195   -2.7706732816
  4       -123.0066153699  -21.4164712440   94.7136519632   -2.9394413820
  5       -123.8168122141  -22.6370400734   94.1384349420   -3.0798102909
  6       -123.9055073486  -21.7222843370   94.9342614757   -3.0846520419
  7       -124.0956886241  -22.4138747628   94.4617720360   -3.1224050559
  8       -124.0492758687  -21.8887017510   94.8692044073   -3.1096545890
  9       -124.1222324005  -22.2877514631   94.5777385101   -3.1254730624
 10       -124.0894611846  -22.0431086758   94.7620026738   -3.1177312036
 11       -124.1066906466  -22.1417456915   94.6895757605   -3.1215019185
 12       -124.1027421480  -22.1090398813   94.7144439268   -3.1205307857
 13       -124.1039552528  -22.1131641559   94.7116547863   -3.1207645739
 14       -124.1041718268  -22.1127261003   94.7121170471   -3.1207931979
 15       -124.1043563153  -22.1126782042   94.7122440208   -3.1208211382
 16       -124.1044853288  -22.1126702816   94.7123114748   -3.1208409484
 17       -124.1045734258  -22.1126674103   94.7123551926   -3.1208545095
 18       -124.1046334193  -22.1126657134   94.7123845864   -3.1208637603
 19       -124.1046742816  -22.1126645462   94.7124045128   -3.1208700757
 20       -124.1047021281  -22.1126636961   94.7124180731   -3.1208743926
 21       -124.1047211147  -22.1126630559   94.7124273290   -3.1208773473
 22       -124.1047340666  -22.1126625637   94.7124336643   -3.1208793718
 23       -124.1047429056  -22.1126621807   94.7124380116   -3.1208807606
 24       -124.1047489402  -22.1126618812   94.7124410017   -3.1208817142
 25       -124.1047530616  -22.1126616468   94.7124430628   -3.1208823696
 26       -124.1047558771  -22.1126614637   94.7124444863   -3.1208828204
 27       -124.1047578011  -22.1126613212   94.7124454714   -3.1208831306
 28       -124.1047591161  -22.1126612109   94.7124461541   -3.1208833444
 29       -124.1047600152  -22.1126611259   94.7124466281   -3.1208834917
 30       -124.1047606300  -22.1126610607   94.7124469575   -3.1208835933
 31       -124.1047610504  -22.1126610110   94.7124471869   -3.1208836634
 32       -124.1047613380  -22.1126609733   94.7124473467   -3.1208837118
 33       -124.1047615347  -22.1126609447   94.7124474583   -3.1208837453
 34       -124.1047616693  -22.1126609232   94.7124475361   -3.1208837684
 35       -124.1047617614  -22.1126609071   94.7124475906   -3.1208837843
Atom SCF converged after  35 iterations to a total energy of   -124.10476176
Adjusting orbital occupancies:
Orbitals (num,spin,occ):  5  1     1.00 3.00 3.50 1.00 0.00
Orbitals   (num,spin,l):  5  1        0    1    2    0    1
Orbitals (num,spin,occ):  5  2     1.00 3.00 3.00 0.50 0.00
Orbitals   (num,spin,l):  5  2        0    1    2    0    1

Atom SCF Calculation for H  : Z (AE atom) =   1 : Z (PS atom) =   1
Config String: 1s1.0
Orbitals (num,occ):  1     1.00
Orbitals   (num,l):  1        0
Real-space Grid (nr,dr,rmax): 1503    0.0066577896   10.0000000000
Spherical Bessel Basis (nsws,lmax,cutoff):   37    2  176.3967570603
Confining potential (l,width,scale):  0    3.0000000000  100.0000000000
  1         -0.3348525927   -0.2401819449    0.2820953128   -0.2388448411
  2         -0.4038948821   -0.2405504229    0.2866889240   -0.2416217444
  3         -0.4360732773   -0.2390089543    0.2890729861   -0.2443653791
  4         -0.4497314704   -0.2383264046    0.2899315599   -0.2456060208
  5         -0.4551901081   -0.2381357631    0.2901452306   -0.2460489407
  6         -0.4573594294   -0.2381000300    0.2901742710   -0.2461947705
  7         -0.4582326910   -0.2381004501    0.2901659451   -0.2462415077
  8         -0.4585900702   -0.2381055523    0.2901559649   -0.2462564278
  9         -0.4587384807   -0.2381092319    0.2901497571   -0.2462612174
 10         -0.4588008132   -0.2381112609    0.2901465144   -0.2462627659
 11         -0.4588272086   -0.2381122698    0.2901449456   -0.2462632682
 12         -0.4588384507   -0.2381127465    0.2901442163   -0.2462634302
 13         -0.4588432580   -0.2381129655    0.2901438848   -0.2462634814
 14         -0.4588453195   -0.2381130645    0.2901437362   -0.2462634968
 15         -0.4588462053   -0.2381131088    0.2901436700   -0.2462635011
 16         -0.4588465865   -0.2381131284    0.2901436407   -0.2462635020
 17         -0.4588467508   -0.2381131372    0.2901436278   -0.2462635020
 18         -0.4588468216   -0.2381131410    0.2901436222   -0.2462635019
Atom SCF converged after  18 iterations to a total energy of     -0.45884682

Atom SCF Calculation for O  : Z (AE atom) =   8 : Z (PS atom) =   6
Config String: 2s2.0 2p4.0
Orbitals (num,occ):  2     2.00 4.00
Orbitals   (num,l):  2        0    1
Real-space Grid (nr,dr,rmax): 1503    0.0066577896   10.0000000000
Spherical Bessel Basis (nsws,lmax,cutoff):   37    2  176.3967570603
Confining potential (l,width,scale):  0    3.0000000000  100.0000000000
Confining potential (l,width,scale):  1    3.0000000000  100.0000000000
  1         -8.3209332552   -7.4828484739   10.1554312602   -2.1270270195
  2        -15.1405599232   -3.0474882742   13.6590820486   -2.5134754209
  3        -15.5174094640   -3.1101891961   13.6243211040   -2.6472956001
  4        -15.7606118231   -3.0805775314   13.6668776248   -2.7100307789
  5        -15.8308896490   -3.0881936416   13.6633910567   -2.7338682066
  6        -15.8678540393   -3.0862312957   13.6673103078   -2.7443897972
  7        -15.8801393942   -3.0873360689   13.6669183555   -2.7485230919
  8        -15.8859601688   -3.0872977830   13.6672813272   -2.7502957173
  9        -15.8880580832   -3.0874730763   13.6672320183   -2.7510066526
 10        -15.8889924584   -3.0874981416   13.6672623218   -2.7513066537
 11        -15.8893459980   -3.0875277929   13.6672548500   -2.7514284384
 12        -15.8894977936   -3.0875355600   13.6672566096   -2.7514793465
 13        -15.8895569380   -3.0875407304   13.6672553199   -2.7515001537
 14        -15.8895817884   -3.0875424467   13.6672552475   -2.7515088021
 15        -15.8895916441   -3.0875433561   13.6672550136   -2.7515123499
 16        -15.8895957327   -3.0875436929   13.6672549605   -2.7515138192
 17        -15.8895973717   -3.0875438525   13.6672549179   -2.7515144231
 18        -15.8895980466   -3.0875439149   13.6672549044   -2.7515146726
 19        -15.8895983189   -3.0875439428   13.6672548968   -2.7515147752
 20        -15.8895984306   -3.0875439540   13.6672548940   -2.7515148175
 21        -15.8895984758   -3.0875439588   13.6672548927   -2.7515148349
Atom SCF converged after  21 iterations to a total energy of    -15.88959848

BC: Task: SINGLEPOINT
BC: +++++++++++++++ Summary of boundary conditions ++++++++++++++
BC: |       Component       |     Keyword     |   Periodicity   |
BC: |                       |                 |     X  Y  Z [1] |
BC: |-----------------------------------------------------------|
BC: | Ion-ion               | ion_ion_bc [2]  |     P  P  P     |
BC: | Local pseudopotential | pspot_bc [3]    |     P  P  P     |
BC: +++++++++++++++++++++++++++++++++++++++++++++++++++++++++++++
BC: P: Periodic, O: Open.
BC: [1] Not strictly along X, Y, Z but rather along lattice vectors A1, A2, A3.
BC: [2] Also affected by: pbc_correction_cutoff, cutoff_coulomb_type,
BC:     is_smeared_ion_rep, is_implicit_solvent, openbc_ion_ion.
BC: [3] Also affected by: is_smeared_ion_rep, is_implicit_solvent, openbc_pspot.

Determining parallel strategy ...
... using space-filling curve
... NGWF load balancing: max     48;  min     47;  average     47
... Projector load balancing: max    127;  min    116;  average    120
... done
Calculating Ewald energy ...
              Ewald: real-space energy =         2795.623670
        Ewald: reciprocal-space energy =         1067.411707
         Ewald: (sum_charge)**2 energy =          184.308480
         Ewald: (sum_charge**2) energy =           69.068407
                          Ewald energy =         3609.658490
Basis initialisation ...
... NGWF spheres initialised
... Projector spheres initialised
... NGWF tight boxes initialised
... Projector tight boxes initialised
... Tight-boxes gathered
... NGWF basis size (local,global):        743597      4474801
... PAW projector initialisation
... done

============================= Charge Augmentation ==============================
                           Aug box size:   39 x  39 x  39
================================================================================

========================== Sparse matrix information ===========================
                        Overlap matrix filling:  98.80%
                        Density kernel filling: 100.00% (known to be dense)
              NGWF-Proj overlap matrix filling:  51.57%
                    Aug Overlap matrix filling: 100.00%
                    Hamiltonian matrix filling: 100.00%
                  NGWF diagonal matrix filling:   1.63%
                             KS matrix filling: 100.00% 
                           KSKS matrix filling: 100.00% 
================================================================================

Sparse matrix initialisation ...
 done
NGWF initialisation ... done
============ Calculation of NGWF S^-1 using Hotelling algorithm ================ 
     Iteration  |  Spin  |  Frobenius norm and Maximum abs value (of I-S*S_n^-1)
         1           1      0.16625739E+02     0.99299713E+00
         2           1      0.16443282E+02     0.98604744E+00
         3           1      0.16115165E+02     0.97230522E+00
         4           1      0.15571780E+02     0.94543796E+00
         5           1      0.14765490E+02     0.89405543E+00
         6           1      0.13683709E+02     0.79991412E+00
         7           1      0.12351564E+02     0.71430449E+00
         8           1      0.10939633E+02     0.67233158E+00
         9           1      0.97026019E+01     0.63395009E+00
        10           1      0.85521475E+01     0.58115350E+00
        11           1      0.70488175E+01     0.52391094E+00
        12           1      0.50160189E+01     0.44772334E+00
        13           1      0.28341658E+01     0.35711249E+00
        14           1      0.13043986E+01     0.25752238E+00
        15           1      0.66038065E+00     0.15644186E+00
        16           1      0.28400536E+00     0.67316640E-01
        17           1      0.56676675E-01     0.13290273E-01
        18           1      0.22744322E-02     0.52142133E-03
        19           1      0.36785161E-05     0.80337606E-06
        20           1      0.97786716E-11     0.19180213E-11
        21           1      0.17187944E-13     0.35527137E-14
================================================================================
Calculating core density ...
================================= Core Density =================================
               Core den box size:   39 x  39 x  39
================================================================================
 ... done
Density kernel initialisation
 
======= Optimisation of K by Palser-Manolopoulos canonical purification ======== 
         Iteration  |  Band structure energy |    c_n   
               1         -84.04009914002440    0.5662161
               2         -87.87958713302932    0.5612967
               3         -92.67380548591169    0.5534868
               4         -98.45728385322826    0.5426282
               5        -105.26799444878270    0.5286419
               6        -112.85334012580651    0.5129262
               7        -120.22155915731349    0.4964701
               8        -125.71672389760167    0.4582571
               9        -128.11637611675263    0.3568780
              10        -128.64698837006810    0.3258863
              11        -128.79556417644523    0.3747451
              12        -128.91355291178868    0.4287395
              13        -129.00200758319636    0.4710218
              14        -129.05371172307230    0.4816965
              15        -129.07735608787470    0.4614292
              16        -129.08878953298878    0.4604989
              17        -129.09496206992065    0.4852318
              18        -129.09827792878684    0.4849673
              19        -129.09940820301733    0.4813956
              20        -129.09962699297529    0.4964163
              21        -129.09968311545032    0.4999212
              22        -129.09973658886327    0.5000000
              23        -129.09980904221845    0.5000000
              24        -129.09989718841010    0.5000000
              25        -129.09998074378882    0.5000000
              26        -129.10002792286818    0.5000000
              27        -129.10003770185506    0.5000000
              28        -129.10003802694257    0.5000000
              29        -129.10003802728252    0.5000000
Termination criterion satisfied: band energy change below threshold.
Final occupancy bounds: [    0.00000000000001:    1.00000000000000]
Closest occupancy to 0.5:     1.00000000000000
================================================================================
 
======= Optimisation of K by Palser-Manolopoulos canonical purification ======== 
         Iteration  |  Band structure energy |    c_n   
               1         -82.65179144603934    0.5557347
               2         -86.70987668459853    0.5507826
               3         -91.79399189747001    0.5429088
               4         -97.91414512606724    0.5323012
               5        -105.06602245707691    0.5195538
               6        -112.87240465700381    0.5076632
               7        -120.13748858580858    0.4995946
               8        -125.24403944502298    0.4719494
               9        -127.36965366247786    0.3484136
              10        -127.78387998140352    0.2735204
              11        -127.86271872126913    0.3048637
              12        -127.92703877024793    0.3465061
              13        -127.98670587846452    0.3877970
              14        -128.03728309573142    0.4218934
              15        -128.07433433688271    0.4468714
              16        -128.09656589921207    0.4678242
              17        -128.10682070054582    0.4875167
              18        -128.10993877506866    0.4979500
              19        -128.11032497803865    0.4999336
              20        -128.11033268948492    0.4999998
              21        -128.11033269380655    0.4999998
Termination criterion satisfied: band energy change below threshold.
Final occupancy bounds: [    0.00000000000000:    1.00000000000000]
Closest occupancy to 0.5:     1.00000000000000
================================================================================

Writing density kernel to file "Fe3_O_piv_6_H2O_3_LowSpin.dkn" ... done

>>> Optimising kernel for current NGWFs:
   Initial electron number for spin 1:     163.00000000
   Initial electron number for spin 2:     160.00000000
     Final electron number for spin 1:     163.00000000
     Final electron number for spin 2:     160.00000000

=================== Penalty functional idempotency correction ==================
 RMS occupancy error at iteration   1:  0.000000 (step -0.5000 Ne1=    163.0000)
                                                               Ne2=    160.0000
            Final RMS occupancy error   :  0.000000 (Ne1=    163.0000)
                                                     Ne2=    160.0000
            Final occupancy bounds spin 1: [  0.000,  1.000]
            Final occupancy bounds spin 2: [ -0.000,  1.000]
================================================================================

................................................................................
<<<<<<<<<<<<<< LNV (Original version) density kernel optimisation >>>>>>>>>>>>>>
~~~~~~~~~~~~~~~~~~~~~~~~~~~~~~~~~~~~~~~~~~~~~~~~~~~~~~~~~~~~~~~~~~~~~~~~~~~~~~~~
   iter  |      energy (Eh)       | rms gradient |  commutator  |   dE (Eh)
      ideal mu1:      -1.018973219060
      ideal mu2:      -0.972716537087
             Q0:        -815.004693244547
             G0:     -95.511096081150
   RMS gradient:       0.048837730820
========================= Kernel Line Step Protection ==========================
|  Iter |  Trial Step |   RMS Occupancy Error |   Occupancy Bounds | Accepted? |
    0        0.000000                0.000000    [ 1.0000: -0.0000]
    1        0.500000                0.271161    [ 2.0059: -1.0059]        No
    2        0.250000                0.067790    [ 1.3686: -0.3685]        No
    3        0.125000                0.016948    [ 1.1132: -0.1132]       Yes
================================================================================
     Trial step:       0.125000000000
             Q1:        -824.654577476070
 Quadratic coef:       2.289002778620
 Linear coef   :     -11.938887010144
           Qmin:        -830.572282804977
Quadratic minimum step length (  0.325984942047) accepted
========================= Kernel Line Step Protection ==========================
|  Iter |  Trial Step |   RMS Occupancy Error |   Occupancy Bounds | Accepted? |
    0        0.000000                0.000000    [ 1.0000: -0.0000]
    1        0.325985                0.115261    [ 1.5524: -0.5524]        No
    2        0.162992                0.028815    [ 1.1815: -0.1814]       Yes
================================================================================
    Initial Ne1:     163.00000000
    Initial Ne2:     160.00000000
      Final Ne1:     163.00000000
      Final Ne2:     160.00000000

=================== Penalty functional idempotency correction ==================
 RMS occupancy error at iteration   1:  0.028815 (step -0.3519 Ne1=    163.0000)
                                                               Ne2=    160.0000
 RMS occupancy error at iteration   2:  0.003262 (step -0.4994 Ne1=    163.0000)
                                                               Ne2=    160.0000
 RMS occupancy error at iteration   3:  0.000127 (step -0.5019 Ne1=    163.0000)
                                                               Ne2=    160.0000
            Final RMS occupancy error   :  0.000000 (Ne1=    163.0000)
                                                     Ne2=    160.0000
            Final occupancy bounds spin 1: [ -0.000,  1.000]
            Final occupancy bounds spin 2: [ -0.000,  1.000]
================================================================================

    1        -8.150046932445E+02     4.8838E-02     3.0238E-02
      ideal mu1:      -0.963257822497
      ideal mu2:      -0.933762541554
             Q0:        -826.423056394609
             G0:     -80.305484866623
   RMS gradient:       0.036897448535
========================= Kernel Line Step Protection ==========================
|  Iter |  Trial Step |   RMS Occupancy Error |   Occupancy Bounds | Accepted? |
    0        0.000000                0.000000    [ 1.0000: -0.0000]
    1        0.201862                0.099586    [ 1.4252: -0.4276]        No
    2        0.100931                0.032987    [ 1.1766: -0.1765]       Yes
================================================================================
     Trial step:       0.100930815111
             Q1:        -831.179554504468
 Quadratic coef:       3.348799935613
 Linear coef   :      -8.105298045472
           Qmin:        -831.327489151795
Quadratic minimum step length (  0.122144403096) accepted
    Initial Ne1:     162.99998776
    Initial Ne2:     159.99998741
      Final Ne1:     163.00000000
      Final Ne2:     160.00000000

=================== Penalty functional idempotency correction ==================
 RMS occupancy error at iteration   1:  0.044185 (step -0.3179 Ne1=    163.0000)
                                                               Ne2=    160.0000
 RMS occupancy error at iteration   2:  0.005310 (step -0.4948 Ne1=    163.0000)
                                                               Ne2=    160.0000
 RMS occupancy error at iteration   3:  0.000276 (step -0.5027 Ne1=    163.0000)
                                                               Ne2=    160.0000
            Final RMS occupancy error   :  0.000001 (Ne1=    163.0000)
                                                     Ne2=    160.0000
            Final occupancy bounds spin 1: [ -0.000,  1.000]
            Final occupancy bounds spin 2: [ -0.000,  1.000]
================================================================================

    2        -8.264230563946E+02     3.6897E-02     2.2862E-02    -1.1418E+01
      ideal mu1:      -0.861825227122
      ideal mu2:      -0.852874065693
             Q0:        -832.000775140562
             G0:     -14.668792116880
   RMS gradient:       0.016282584776
     Trial step:       0.111032131231
             Q1:        -832.971489726695
 Quadratic coef:       0.657992665190
 Linear coef   :      -1.628707251324
           Qmin:        -833.008646295838
Quadratic minimum step length (  0.137417061643) accepted
    Initial Ne1:     162.99999445
    Initial Ne2:     160.00000643
      Final Ne1:     163.00000000
      Final Ne2:     160.00000000

=================== Penalty functional idempotency correction ==================
 RMS occupancy error at iteration   1:  0.015933 (step -0.4207 Ne1=    163.0000)
                                                               Ne2=    160.0000
 RMS occupancy error at iteration   2:  0.000815 (step -0.4999 Ne1=    163.0000)
                                                               Ne2=    160.0000
 RMS occupancy error at iteration   3:  0.000006 (step -0.5000 Ne1=    163.0000)
                                                               Ne2=    160.0000
            Final RMS occupancy error   :  0.000000 (Ne1=    163.0000)
                                                     Ne2=    160.0000
            Final occupancy bounds spin 1: [  0.000,  1.000]
            Final occupancy bounds spin 2: [  0.000,  1.000]
================================================================================

    3        -8.320007751406E+02     1.6283E-02     1.0092E-02    -5.5777E+00
      ideal mu1:      -0.794012669321
      ideal mu2:      -0.793679232748
             Q0:        -833.092752015925
             G0:      -2.413983805859
   RMS gradient:       0.007029428946
     Trial step:       0.123522100135
             Q1:        -833.325024283527
 Quadratic coef:       0.065908081789
 Linear coef   :      -0.298180349391
           Qmin:        -833.430007775575
Quadratic minimum step length (  0.279418411036) accepted
    Initial Ne1:     162.99999785
    Initial Ne2:     160.00000240
      Final Ne1:     163.00000000
      Final Ne2:     160.00000000

=================== Penalty functional idempotency correction ==================
 RMS occupancy error at iteration   1:  0.009299 (step -0.4523 Ne1=    163.0000)
                                                               Ne2=    160.0000
 RMS occupancy error at iteration   2:  0.000339 (step -0.5003 Ne1=    163.0000)
                                                               Ne2=    160.0000
 RMS occupancy error at iteration   3:  0.000001 (step -0.5000 Ne1=    163.0000)
                                                               Ne2=    160.0000
            Final RMS occupancy error   :  0.000000 (Ne1=    163.0000)
                                                     Ne2=    160.0000
            Final occupancy bounds spin 1: [  0.000,  1.000]
            Final occupancy bounds spin 2: [  0.000,  1.000]
================================================================================

    4        -8.330927520159E+02     7.0294E-03     4.3555E-03    -1.0920E+00
      ideal mu1:      -0.751768592556
      ideal mu2:      -0.754285624026
    5        -8.334588931943E+02     5.8602E-03     3.6314E-03    -3.6614E-01
Finished density kernel iterations (   5)

Writing density kernel to file "Fe3_O_piv_6_H2O_3_LowSpin.dkn" ... done


>>> Density kernel optimised for the current NGWF basis:
     ~~~~~~~~~~~~~~~~~~~~~~~~~~~~~~~~~~~~~~~~~~~~~~~~~~~~~~~~~~~
     Total energy                =  -8.33458893194333E+02  Eh
     Estimated bandgap (UP spin) =  -2.0389E-01  Eh
     Estimated bandgap (DN spin) =  -1.8074E-01  Eh
     RMS occupancy error         =   3.6983E-11
     [H,K] commutator            =   3.6314E-03
     UP spin occupancy bounds    = [  0.000:  1.000]
     DN spin occupancy bounds    = [  0.000:  1.000]
     ~~~~~~~~~~~~~~~~~~~~~~~~~~~~~~~~~~~~~~~~~~~~~~~~~~~~~~~~~~~




################################################################################
########################### NGWF CG iteration  001 #############################
################################################################################
****** Reciprocal space K.E. preconditioning with k_zero =  3.0000 a0^-1 *******

>>> Checking for convergence of NGWFs:   NOT CONVERGED
  ========================================================================
         NGWF RMS gradient =  8.3826E-04 >  2.0000E-06  | above tolerance
  ========================================================================

>>> Improving NGWFs using line search:
============ Calculation of NGWF S^-1 using Hotelling algorithm ================ 
     Iteration  |  Spin  |  Frobenius norm and Maximum abs value (of I-S*S_n^-1)
         1           1      0.40967206E-01     0.56084481E-02
         2           1      0.10110304E-03     0.19751957E-04
         3           1      0.17460903E-08     0.40660542E-09
         4           1      0.22551874E-13     0.31086245E-14
================================================================================
============ Calculation of NGWF S^-1 using Hotelling algorithm ================ 
     Iteration  |  Spin  |  Frobenius norm and Maximum abs value (of I-S*S_n^-1)
         1           1      0.37164917E+00     0.45770819E-01
         2           1      0.75282522E-02     0.12402999E-02
         3           1      0.85610438E-05     0.15486523E-05
         4           1      0.15416450E-10     0.26179059E-11
         5           1      0.19651724E-13     0.22204460E-14
================================================================================
------------------------------- NGWF line search -------------------------------
RMS gradient                =       0.00083825637820
Trial step length           =               0.122474
Gradient along search dir.  =         -7.18649394760
Functional at step 0        =    -833.45889319433275
Functional at step 1        =    -834.29117881528896
Functional predicted        =    -837.50411782463402
Selected quadratic step     =               1.125785
Conjugate gradients coeff.  =               0.000000
--------------------------- NGWF line search finished --------------------------
                                               
Writing NGWFs to file "Fe3_O_piv_6_H2O_3_LowSpin.tightbox_ngwfs".... done

>>> Optimising kernel for current NGWFs:
   Initial electron number for spin 1:     163.79888823
   Initial electron number for spin 2:     160.78894228
     Final electron number for spin 1:     163.00000000
     Final electron number for spin 2:     160.00000000

=================== Penalty functional idempotency correction ==================
 RMS occupancy error at iteration   1:  0.004116 (step -0.4906 Ne1=    163.0000)
                                                               Ne2=    160.0000
 RMS occupancy error at iteration   2:  0.000061 (step -0.5006 Ne1=    163.0000)
                                                               Ne2=    160.0000
            Final RMS occupancy error   :  0.000000 (Ne1=    163.0000)
                                                     Ne2=    160.0000
            Final occupancy bounds spin 1: [  0.000,  1.000]
            Final occupancy bounds spin 2: [  0.000,  1.000]
================================================================================

................................................................................
<<<<<<<<<<<<<< LNV (Original version) density kernel optimisation >>>>>>>>>>>>>>
~~~~~~~~~~~~~~~~~~~~~~~~~~~~~~~~~~~~~~~~~~~~~~~~~~~~~~~~~~~~~~~~~~~~~~~~~~~~~~~~
   iter  |      energy (Eh)       | rms gradient |  commutator  |   dE (Eh)
      ideal mu1:      -0.689526607542
      ideal mu2:      -0.690511006407
             Q0:        -837.434941624953
             G0:      -0.872915983812
   RMS gradient:       0.004668902291
     Trial step:       0.185780378263
             Q1:        -837.570924193351
 Quadratic coef:       0.026188093266
 Linear coef   :      -0.162170661664
           Qmin:        -837.686003464749
Quadratic minimum step length (  0.575225667651) accepted
    Initial Ne1:     162.99997715
    Initial Ne2:     159.99998157
      Final Ne1:     163.00000000
      Final Ne2:     160.00000000

=================== Penalty functional idempotency correction ==================
 RMS occupancy error at iteration   1:  0.003047 (step -0.4756 Ne1=    163.0000)
                                                               Ne2=    160.0000
 RMS occupancy error at iteration   2:  0.000075 (step -0.5003 Ne1=    163.0000)
                                                               Ne2=    160.0000
            Final RMS occupancy error   :  0.000000 (Ne1=    163.0000)
                                                     Ne2=    160.0000
            Final occupancy bounds spin 1: [  0.000,  1.000]
            Final occupancy bounds spin 2: [  0.000,  1.000]
================================================================================

    1        -8.374349416250E+02     4.6689E-03     2.8936E-03
      ideal mu1:      -0.694144869867
      ideal mu2:      -0.695358750989
             Q0:        -837.683710901181
             G0:      -0.865964942126
   RMS gradient:       0.004655288845
     Trial step:       0.326903108157
             Q1:        -837.877257097392
 Quadratic coef:       0.089540434925
 Linear coef   :      -0.283086631136
           Qmin:        -837.907459090462
Quadratic minimum step length (  0.516760386932) accepted
    Initial Ne1:     162.99995446
    Initial Ne2:     159.99996203
      Final Ne1:     163.00000000
      Final Ne2:     160.00000000

=================== Penalty functional idempotency correction ==================
 RMS occupancy error at iteration   1:  0.012005 (step -0.4062 Ne1=    163.0000)
                                                               Ne2=    160.0000
 RMS occupancy error at iteration   2:  0.000862 (step -0.4997 Ne1=    163.0000)
                                                               Ne2=    160.0000
 RMS occupancy error at iteration   3:  0.000009 (step -0.5001 Ne1=    163.0000)
                                                               Ne2=    160.0000
            Final RMS occupancy error   :  0.000000 (Ne1=    163.0000)
                                                     Ne2=    160.0000
            Final occupancy bounds spin 1: [ -0.000,  1.000]
            Final occupancy bounds spin 2: [ -0.000,  1.000]
================================================================================

    2        -8.376837109012E+02     4.6553E-03     2.8847E-03    -2.4877E-01
      ideal mu1:      -0.684892015655
      ideal mu2:      -0.687682919749
             Q0:        -837.922158400263
             G0:      -0.921566074942
   RMS gradient:       0.004538457124
     Trial step:       0.411011650274
             Q1:        -838.005381675973
 Quadratic coef:       0.295551117588
 Linear coef   :      -0.378774393298
           Qmin:        -838.043516460240
Quadratic minimum step length (  0.263373540492) accepted
    Initial Ne1:     162.99997801
    Initial Ne2:     159.99998177
      Final Ne1:     163.00000000
      Final Ne2:     160.00000000

=================== Penalty functional idempotency correction ==================
 RMS occupancy error at iteration   1:  0.010641 (step -0.4149 Ne1=    163.0000)
                                                               Ne2=    160.0000
 RMS occupancy error at iteration   2:  0.000623 (step -0.4990 Ne1=    163.0000)
                                                               Ne2=    160.0000
 RMS occupancy error at iteration   3:  0.000004 (step -0.5000 Ne1=    163.0000)
                                                               Ne2=    160.0000
            Final RMS occupancy error   :  0.000000 (Ne1=    163.0000)
                                                     Ne2=    160.0000
            Final occupancy bounds spin 1: [  0.000,  1.000]
            Final occupancy bounds spin 2: [  0.000,  1.000]
================================================================================

    3        -8.379221584003E+02     4.5385E-03     2.8107E-03    -2.3845E-01
      ideal mu1:      -0.684067287897
      ideal mu2:      -0.686968127109
             Q0:        -838.065001636744
             G0:      -0.412613030707
   RMS gradient:       0.002882727860
     Trial step:       0.329013059795
             Q1:        -838.158270333389
 Quadratic coef:       0.042486379099
 Linear coef   :      -0.135755075744
           Qmin:        -838.173444865969
Quadratic minimum step length (  0.525641320821) accepted
    Initial Ne1:     162.99998225
    Initial Ne2:     159.99998529
      Final Ne1:     163.00000000
      Final Ne2:     160.00000000

=================== Penalty functional idempotency correction ==================
 RMS occupancy error at iteration   1:  0.013546 (step -0.3953 Ne1=    163.0000)
                                                               Ne2=    160.0000
 RMS occupancy error at iteration   2:  0.000854 (step -0.4989 Ne1=    163.0000)
                                                               Ne2=    160.0000
 RMS occupancy error at iteration   3:  0.000009 (step -0.5002 Ne1=    163.0000)
                                                               Ne2=    160.0000
            Final RMS occupancy error   :  0.000000 (Ne1=    163.0000)
                                                     Ne2=    160.0000
            Final occupancy bounds spin 1: [ -0.000,  1.000]
            Final occupancy bounds spin 2: [ -0.000,  1.000]
================================================================================

    4        -8.380650016367E+02     2.8827E-03     1.7873E-03    -1.4284E-01
      ideal mu1:      -0.673643015833
      ideal mu2:      -0.676948254245
    5        -8.381947062715E+02     2.5912E-03     1.6069E-03    -1.2970E-01
Finished density kernel iterations (   5)

Writing density kernel to file "Fe3_O_piv_6_H2O_3_LowSpin.dkn" ... done


>>> Density kernel optimised for the current NGWF basis:
     ~~~~~~~~~~~~~~~~~~~~~~~~~~~~~~~~~~~~~~~~~~~~~~~~~~~~~~~~~~~
     Total energy                =  -8.38194706271461E+02  Eh
     Estimated bandgap (UP spin) =  -1.8900E-01  Eh
     Estimated bandgap (DN spin) =  -1.1474E-01  Eh
     RMS occupancy error         =   1.3756E-09
     [H,K] commutator            =   1.6069E-03
     UP spin occupancy bounds    = [  0.000:  1.000]
     DN spin occupancy bounds    = [ -0.000:  1.000]
     ~~~~~~~~~~~~~~~~~~~~~~~~~~~~~~~~~~~~~~~~~~~~~~~~~~~~~~~~~~~




################################################################################
########################### NGWF CG iteration  002 #############################
################################################################################
****** Reciprocal space K.E. preconditioning with k_zero =  3.0000 a0^-1 *******

>>> Checking for convergence of NGWFs:   NOT CONVERGED
  ========================================================================
         NGWF RMS gradient =  3.3566E-04 >  2.0000E-06  | above tolerance
  ========================================================================

>>> Improving NGWFs using line search:
============ Calculation of NGWF S^-1 using Hotelling algorithm ================ 
     Iteration  |  Spin  |  Frobenius norm and Maximum abs value (of I-S*S_n^-1)
         1           1      0.57124466E-01     0.92266850E-02
         2           1      0.24709830E-03     0.52852761E-04
         3           1      0.13470373E-07     0.30489689E-08
         4           1      0.25115761E-13     0.35527137E-14
================================================================================
============ Calculation of NGWF S^-1 using Hotelling algorithm ================ 
     Iteration  |  Spin  |  Frobenius norm and Maximum abs value (of I-S*S_n^-1)
         1           1      0.12745372E+00     0.19135535E-01
         2           1      0.11841266E-02     0.22812386E-03
         3           1      0.27422725E-06     0.57399334E-07
         4           1      0.46448064E-13     0.44408921E-14
================================================================================
------------------------------- NGWF line search -------------------------------
RMS gradient                =       0.00033566036700
Trial step length           =               0.371322
Gradient along search dir.  =         -1.13246437208
Functional at step 0        =    -838.19470627146052
Functional at step 1        =    -838.54690761604093
Functional predicted        =    -838.84188140979393
Selected quadratic step     =               1.142950
Conjugate gradients coeff.  =               0.160342
--------------------------- NGWF line search finished --------------------------
                                               
Writing NGWFs to file "Fe3_O_piv_6_H2O_3_LowSpin.tightbox_ngwfs".... done

>>> Optimising kernel for current NGWFs:
   Initial electron number for spin 1:     163.65464661
   Initial electron number for spin 2:     160.63937235
     Final electron number for spin 1:     163.00000000
     Final electron number for spin 2:     160.00000000

=================== Penalty functional idempotency correction ==================
 RMS occupancy error at iteration   1:  0.002968 (step -0.4933 Ne1=    163.0000)
                                                               Ne2=    160.0000
 RMS occupancy error at iteration   2:  0.000050 (step -0.5008 Ne1=    163.0000)
                                                               Ne2=    160.0000
            Final RMS occupancy error   :  0.000000 (Ne1=    163.0000)
                                                     Ne2=    160.0000
            Final occupancy bounds spin 1: [  0.000,  1.000]
            Final occupancy bounds spin 2: [  0.000,  1.000]
================================================================================

................................................................................
<<<<<<<<<<<<<< LNV (Original version) density kernel optimisation >>>>>>>>>>>>>>
~~~~~~~~~~~~~~~~~~~~~~~~~~~~~~~~~~~~~~~~~~~~~~~~~~~~~~~~~~~~~~~~~~~~~~~~~~~~~~~~
   iter  |      energy (Eh)       | rms gradient |  commutator  |   dE (Eh)
      ideal mu1:      -0.669825405990
      ideal mu2:      -0.672407172318
             Q0:        -838.839356692842
             G0:      -0.279695117609
   RMS gradient:       0.002642840813
     Trial step:       0.415863991370
             Q1:        -838.899790813817
 Quadratic coef:       0.055881007001
 Linear coef   :      -0.116315127975
           Qmin:        -838.899883559313
Quadratic minimum step length (  0.432806028138) accepted
    Initial Ne1:     162.99998595
    Initial Ne2:     159.99998689
      Final Ne1:     163.00000000
      Final Ne2:     160.00000000

=================== Penalty functional idempotency correction ==================
 RMS occupancy error at iteration   1:  0.000795 (step -0.4902 Ne1=    163.0000)
                                                               Ne2=    160.0000
 RMS occupancy error at iteration   2:  0.000005 (step -0.5000 Ne1=    163.0000)
                                                               Ne2=    160.0000
            Final RMS occupancy error   :  0.000000 (Ne1=    163.0000)
                                                     Ne2=    160.0000
            Final occupancy bounds spin 1: [  0.000,  1.000]
            Final occupancy bounds spin 2: [  0.000,  1.000]
================================================================================

    1        -8.388393566928E+02     2.6428E-03     1.6399E-03
      ideal mu1:      -0.655132069774
      ideal mu2:      -0.658855491475
             Q0:        -838.899972390813
             G0:      -0.205390957429
   RMS gradient:       0.002254387992
     Trial step:       0.424250447672
             Q1:        -838.961155187659
 Quadratic coef:       0.025954408792
 Linear coef   :      -0.087137205637
           Qmin:        -838.973109219580
Quadratic minimum step length (  0.712171847121) accepted
    Initial Ne1:     162.99998311
    Initial Ne2:     159.99998423
      Final Ne1:     163.00000000
      Final Ne2:     160.00000000

=================== Penalty functional idempotency correction ==================
 RMS occupancy error at iteration   1:  0.005731 (step -0.4344 Ne1=    163.0000)
                                                               Ne2=    160.0000
 RMS occupancy error at iteration   2:  0.000172 (step -0.4993 Ne1=    163.0000)
                                                               Ne2=    160.0000
 RMS occupancy error at iteration   3:  0.000001 (step -0.5000 Ne1=    163.0000)
                                                               Ne2=    160.0000
            Final RMS occupancy error   :  0.000000 (Ne1=    163.0000)
                                                     Ne2=    160.0000
            Final occupancy bounds spin 1: [  0.000,  1.000]
            Final occupancy bounds spin 2: [  0.000,  1.000]
================================================================================

    2        -8.388999723908E+02     2.2544E-03     1.3987E-03    -6.0616E-02
      ideal mu1:      -0.648030665054
      ideal mu2:      -0.652240029316
             Q0:        -838.974831516630
             G0:      -0.430258113568
   RMS gradient:       0.003192014487
     Trial step:       0.549671924843
             Q1:        -838.941862098739
 Quadratic coef:       0.269470223355
 Linear coef   :      -0.236500805464
           Qmin:        -839.026722807520
Quadratic minimum step length (  0.241210051611) accepted
    Initial Ne1:     162.99998853
    Initial Ne2:     159.99998929
      Final Ne1:     163.00000000
      Final Ne2:     160.00000000

=================== Penalty functional idempotency correction ==================
 RMS occupancy error at iteration   1:  0.008343 (step -0.4109 Ne1=    163.0000)
                                                               Ne2=    160.0000
 RMS occupancy error at iteration   2:  0.000333 (step -0.4985 Ne1=    163.0000)
                                                               Ne2=    160.0000
 RMS occupancy error at iteration   3:  0.000002 (step -0.5000 Ne1=    163.0000)
                                                               Ne2=    160.0000
            Final RMS occupancy error   :  0.000000 (Ne1=    163.0000)
                                                     Ne2=    160.0000
            Final occupancy bounds spin 1: [  0.000,  1.000]
            Final occupancy bounds spin 2: [ -0.000,  1.000]
================================================================================

    3        -8.389748315166E+02     3.1920E-03     1.9805E-03    -7.4859E-02
      ideal mu1:      -0.651731520850
      ideal mu2:      -0.655695418127
             Q0:        -839.045668566325
             G0:      -0.195439584037
   RMS gradient:       0.001851021132
     Trial step:       0.364124145534
             Q1:        -839.073942379320
 Quadratic coef:       0.042890458545
 Linear coef   :      -0.071164271541
           Qmin:        -839.075187681506
Quadratic minimum step length (  0.302079185514) accepted
    Initial Ne1:     162.99999517
    Initial Ne2:     159.99999548
      Final Ne1:     163.00000000
      Final Ne2:     160.00000000

=================== Penalty functional idempotency correction ==================
 RMS occupancy error at iteration   1:  0.004729 (step -0.4462 Ne1=    163.0000)
                                                               Ne2=    160.0000
 RMS occupancy error at iteration   2:  0.000120 (step -0.4996 Ne1=    163.0000)
                                                               Ne2=    160.0000
 RMS occupancy error at iteration   3:  0.000000 (step -0.5000 Ne1=    163.0000)
                                                               Ne2=    160.0000
            Final RMS occupancy error   :  0.000000 (Ne1=    163.0000)
                                                     Ne2=    160.0000
            Final occupancy bounds spin 1: [  0.000,  1.000]
            Final occupancy bounds spin 2: [  0.000,  1.000]
================================================================================

    4        -8.390456685663E+02     1.8510E-03     1.1473E-03    -7.0837E-02
      ideal mu1:      -0.656244711150
      ideal mu2:      -0.659980746764
    5        -8.390785499002E+02     1.8113E-03     1.1235E-03    -3.2881E-02
Finished density kernel iterations (   5)

Writing density kernel to file "Fe3_O_piv_6_H2O_3_LowSpin.dkn" ... done


>>> Density kernel optimised for the current NGWF basis:
     ~~~~~~~~~~~~~~~~~~~~~~~~~~~~~~~~~~~~~~~~~~~~~~~~~~~~~~~~~~~
     Total energy                =  -8.39078549900219E+02  Eh
     Estimated bandgap (UP spin) =  -1.2660E-01  Eh
     Estimated bandgap (DN spin) =  -4.1414E-02  Eh
     RMS occupancy error         =   2.3394E-12
     [H,K] commutator            =   1.1235E-03
     UP spin occupancy bounds    = [  0.000:  1.000]
     DN spin occupancy bounds    = [  0.000:  1.000]
     ~~~~~~~~~~~~~~~~~~~~~~~~~~~~~~~~~~~~~~~~~~~~~~~~~~~~~~~~~~~




################################################################################
########################### NGWF CG iteration  003 #############################
################################################################################
****** Reciprocal space K.E. preconditioning with k_zero =  3.0000 a0^-1 *******

>>> Checking for convergence of NGWFs:   NOT CONVERGED
  ========================================================================
         NGWF RMS gradient =  1.6726E-04 >  2.0000E-06  | above tolerance
  ========================================================================

>>> Improving NGWFs using line search:
============ Calculation of NGWF S^-1 using Hotelling algorithm ================ 
     Iteration  |  Spin  |  Frobenius norm and Maximum abs value (of I-S*S_n^-1)
         1           1      0.80125084E-01     0.24583600E-01
         2           1      0.83331416E-03     0.41015334E-03
         3           1      0.30640579E-06     0.17003914E-06
         4           1      0.58875309E-13     0.29309888E-13
================================================================================
============ Calculation of NGWF S^-1 using Hotelling algorithm ================ 
     Iteration  |  Spin  |  Frobenius norm and Maximum abs value (of I-S*S_n^-1)
         1           1      0.39769268E-01     0.11678537E-01
         2           1      0.19307390E-03     0.93003756E-04
         3           1      0.15801915E-07     0.87611527E-08
         4           1      0.24327139E-13     0.47739590E-14
================================================================================
------------------------------- NGWF line search -------------------------------
RMS gradient                =       0.00016725942236
Trial step length           =               0.651462
Gradient along search dir.  =         -0.29227460932
Functional at step 0        =    -839.07854990021872
Functional at step 1        =    -839.20444053177380
Functional predicted        =    -839.21903771586915
Selected quadratic step     =               0.961341
Conjugate gradients coeff.  =               0.248302
--------------------------- NGWF line search finished --------------------------
                                               
Writing NGWFs to file "Fe3_O_piv_6_H2O_3_LowSpin.tightbox_ngwfs".... done

>>> Optimising kernel for current NGWFs:
   Initial electron number for spin 1:     163.23006654
   Initial electron number for spin 2:     160.22270843
     Final electron number for spin 1:     163.00000000
     Final electron number for spin 2:     160.00000000

=================== Penalty functional idempotency correction ==================
 RMS occupancy error at iteration   1:  0.001228 (step -0.4964 Ne1=    163.0000)
                                                               Ne2=    160.0000
 RMS occupancy error at iteration   2:  0.000010 (step -0.5001 Ne1=    163.0000)
                                                               Ne2=    160.0000
            Final RMS occupancy error   :  0.000000 (Ne1=    163.0000)
                                                     Ne2=    160.0000
            Final occupancy bounds spin 1: [  0.000,  1.000]
            Final occupancy bounds spin 2: [  0.000,  1.000]
================================================================================

................................................................................
<<<<<<<<<<<<<< LNV (Original version) density kernel optimisation >>>>>>>>>>>>>>
~~~~~~~~~~~~~~~~~~~~~~~~~~~~~~~~~~~~~~~~~~~~~~~~~~~~~~~~~~~~~~~~~~~~~~~~~~~~~~~~
   iter  |      energy (Eh)       | rms gradient |  commutator  |   dE (Eh)
      ideal mu1:      -0.650260025073
      ideal mu2:      -0.654253410729
             Q0:        -839.218754631925
             G0:      -0.079805384299
   RMS gradient:       0.001411707295
     Trial step:       0.331653924007
             Q1:        -839.228609476485
 Quadratic coef:       0.016612924300
 Linear coef   :      -0.026467768860
           Qmin:        -839.229296767310
Quadratic minimum step length (  0.264196093462) accepted
    Initial Ne1:     162.99999972
    Initial Ne2:     159.99999979
      Final Ne1:     163.00000000
      Final Ne2:     160.00000000

=================== Penalty functional idempotency correction ==================
 RMS occupancy error at iteration   1:  0.000087 (step -0.4990 Ne1=    163.0000)
                                                               Ne2=    160.0000
            Final RMS occupancy error   :  0.000000 (Ne1=    163.0000)
                                                     Ne2=    160.0000
            Final occupancy bounds spin 1: [ -0.000,  1.000]
            Final occupancy bounds spin 2: [ -0.000,  1.000]
================================================================================

    1        -8.392187546319E+02     1.4117E-03     8.7273E-04
      ideal mu1:      -0.652519244231
      ideal mu2:      -0.656276103879
             Q0:        -839.229313978774
             G0:      -0.057835382373
   RMS gradient:       0.001199305798
     Trial step:       0.296009579413
             Q1:        -839.243999299676
 Quadratic coef:       0.002434506309
 Linear coef   :      -0.017119827211
           Qmin:        -839.259411301040
Quadratic minimum step length (  1.040792713087) accepted
    Initial Ne1:     162.99998825
    Initial Ne2:     160.00000385
      Final Ne1:     163.00000000
      Final Ne2:     160.00000000

=================== Penalty functional idempotency correction ==================
 RMS occupancy error at iteration   1:  0.003445 (step -0.4396 Ne1=    163.0000)
                                                               Ne2=    160.0000
 RMS occupancy error at iteration   2:  0.000129 (step -0.4990 Ne1=    163.0000)
                                                               Ne2=    160.0000
 RMS occupancy error at iteration   3:  0.000000 (step -0.5000 Ne1=    163.0000)
                                                               Ne2=    160.0000
            Final RMS occupancy error   :  0.000000 (Ne1=    163.0000)
                                                     Ne2=    160.0000
            Final occupancy bounds spin 1: [  0.000,  1.000]
            Final occupancy bounds spin 2: [  0.000,  1.000]
================================================================================

    2        -8.392293139788E+02     1.1993E-03     7.4054E-04    -1.0559E-02
      ideal mu1:      -0.653355222487
      ideal mu2:      -0.656794287903
             Q0:        -839.258488295201
             G0:      -0.139398065710
   RMS gradient:       0.001880669298
     Trial step:       0.555053703038
             Q1:        -839.266946532795
 Quadratic coef:       0.068915174975
 Linear coef   :      -0.077373412569
           Qmin:        -839.280205736152
Quadratic minimum step length (  0.311588842217) accepted
    Initial Ne1:     162.99999135
    Initial Ne2:     160.00000283
      Final Ne1:     163.00000000
      Final Ne2:     160.00000000

=================== Penalty functional idempotency correction ==================
 RMS occupancy error at iteration   1:  0.006834 (step -0.3915 Ne1=    163.0000)
                                                               Ne2=    160.0000
 RMS occupancy error at iteration   2:  0.000416 (step -0.4958 Ne1=    163.0000)
                                                               Ne2=    160.0000
 RMS occupancy error at iteration   3:  0.000003 (step -0.5000 Ne1=    163.0000)
                                                               Ne2=    160.0000
            Final RMS occupancy error   :  0.000000 (Ne1=    163.0000)
                                                     Ne2=    160.0000
            Final occupancy bounds spin 1: [  0.000,  1.000]
            Final occupancy bounds spin 2: [  0.000,  1.000]
================================================================================

    3        -8.392584882952E+02     1.8807E-03     1.1634E-03    -2.9174E-02
      ideal mu1:      -0.653147129742
      ideal mu2:      -0.656522247315
             Q0:        -839.285083197981
             G0:      -0.088407354066
   RMS gradient:       0.001303607011
     Trial step:       0.415870822128
             Q1:        -839.300379283369
 Quadratic coef:       0.021469953629
 Linear coef   :      -0.036766039018
           Qmin:        -839.300823120484
Quadratic minimum step length (  0.356077221610) accepted
    Initial Ne1:     162.99999523
    Initial Ne2:     160.00000155
      Final Ne1:     163.00000000
      Final Ne2:     160.00000000

=================== Penalty functional idempotency correction ==================
 RMS occupancy error at iteration   1:  0.005588 (step -0.4061 Ne1=    163.0000)
                                                               Ne2=    160.0000
 RMS occupancy error at iteration   2:  0.000286 (step -0.4969 Ne1=    163.0000)
                                                               Ne2=    160.0000
 RMS occupancy error at iteration   3:  0.000001 (step -0.5000 Ne1=    163.0000)
                                                               Ne2=    160.0000
            Final RMS occupancy error   :  0.000000 (Ne1=    163.0000)
                                                     Ne2=    160.0000
            Final occupancy bounds spin 1: [  0.000,  1.000]
            Final occupancy bounds spin 2: [  0.000,  1.000]
================================================================================

    4        -8.392850831980E+02     1.3036E-03     8.0593E-04    -2.6595E-02
      ideal mu1:      -0.651002093071
      ideal mu2:      -0.654509982407
    5        -8.393030362369E+02     1.2170E-03     7.5202E-04    -1.7953E-02
Finished density kernel iterations (   5)

Writing density kernel to file "Fe3_O_piv_6_H2O_3_LowSpin.dkn" ... done


>>> Density kernel optimised for the current NGWF basis:
     ~~~~~~~~~~~~~~~~~~~~~~~~~~~~~~~~~~~~~~~~~~~~~~~~~~~~~~~~~~~
     Total energy                =  -8.39303036236872E+02  Eh
     Estimated bandgap (UP spin) =  -3.3698E-02  Eh
     Estimated bandgap (DN spin) =  -1.0806E-02  Eh
     RMS occupancy error         =   6.1705E-11
     [H,K] commutator            =   7.5202E-04
     UP spin occupancy bounds    = [  0.000:  1.000]
     DN spin occupancy bounds    = [  0.000:  1.000]
     ~~~~~~~~~~~~~~~~~~~~~~~~~~~~~~~~~~~~~~~~~~~~~~~~~~~~~~~~~~~




################################################################################
########################### NGWF CG iteration  004 #############################
################################################################################
****** Reciprocal space K.E. preconditioning with k_zero =  3.0000 a0^-1 *******

>>> Checking for convergence of NGWFs:   NOT CONVERGED
  ========================================================================
         NGWF RMS gradient =  1.0968E-04 >  2.0000E-06  | above tolerance
  ========================================================================

>>> Improving NGWFs using line search:
============ Calculation of NGWF S^-1 using Hotelling algorithm ================ 
     Iteration  |  Spin  |  Frobenius norm and Maximum abs value (of I-S*S_n^-1)
         1           1      0.95919949E-01     0.25053866E-01
         2           1      0.81256013E-03     0.32408710E-03
         3           1      0.22255934E-06     0.11260258E-06
         4           1      0.38312722E-13     0.14543922E-13
================================================================================
============ Calculation of NGWF S^-1 using Hotelling algorithm ================ 
     Iteration  |  Spin  |  Frobenius norm and Maximum abs value (of I-S*S_n^-1)
         1           1      0.61100646E-02     0.15233877E-02
         2           1      0.32021864E-05     0.12052559E-05
         3           1      0.31123157E-11     0.15605295E-11
         4           1      0.17067977E-13     0.22204460E-14
================================================================================
------------------------------- NGWF line search -------------------------------
RMS gradient                =       0.00010967793549
Trial step length           =               0.791377
Gradient along search dir.  =         -0.12845768031
Functional at step 0        =    -839.30303623687223
Functional at step 1        =    -839.35056534545015
Functional predicted        =    -839.35076654234001
Selected quadratic step     =               0.743129
Conjugate gradients coeff.  =               0.429989
--------------------------- NGWF line search finished --------------------------
                                               
Writing NGWFs to file "Fe3_O_piv_6_H2O_3_LowSpin.tightbox_ngwfs".... done

>>> Optimising kernel for current NGWFs:
   Initial electron number for spin 1:     163.09195805
   Initial electron number for spin 2:     160.08730559
     Final electron number for spin 1:     163.00000000
     Final electron number for spin 2:     160.00000000

=================== Penalty functional idempotency correction ==================
 RMS occupancy error at iteration   1:  0.000705 (step -0.4978 Ne1=    163.0000)
                                                               Ne2=    160.0000
 RMS occupancy error at iteration   2:  0.000004 (step -0.5000 Ne1=    163.0000)
                                                               Ne2=    160.0000
            Final RMS occupancy error   :  0.000000 (Ne1=    163.0000)
                                                     Ne2=    160.0000
            Final occupancy bounds spin 1: [  0.000,  1.000]
            Final occupancy bounds spin 2: [  0.000,  1.000]
================================================================================

................................................................................
<<<<<<<<<<<<<< LNV (Original version) density kernel optimisation >>>>>>>>>>>>>>
~~~~~~~~~~~~~~~~~~~~~~~~~~~~~~~~~~~~~~~~~~~~~~~~~~~~~~~~~~~~~~~~~~~~~~~~~~~~~~~~
   iter  |      energy (Eh)       | rms gradient |  commutator  |   dE (Eh)
      ideal mu1:      -0.653927878539
      ideal mu2:      -0.656969312956
             Q0:        -839.350688020086
             G0:      -0.056611023123
   RMS gradient:       0.001188992361
     Trial step:       0.384814405775
             Q1:        -839.360980368473
 Quadratic coef:       0.011492388836
 Linear coef   :      -0.021784737223
           Qmin:        -839.361011695665
Quadratic minimum step length (  0.364723158471) accepted
    Initial Ne1:     162.99999995
    Initial Ne2:     159.99999999
      Final Ne1:     163.00000000
      Final Ne2:     160.00000000

=================== Penalty functional idempotency correction ==================
 RMS occupancy error at iteration   1:  0.000133 (step -0.4975 Ne1=    163.0000)
                                                               Ne2=    160.0000
 RMS occupancy error at iteration   2:  0.000000 (step -0.5000 Ne1=    163.0000)
                                                               Ne2=    160.0000
            Final RMS occupancy error   :  0.000000 (Ne1=    163.0000)
                                                     Ne2=    160.0000
            Final occupancy bounds spin 1: [  0.000,  1.000]
            Final occupancy bounds spin 2: [  0.000,  1.000]
================================================================================

    1        -8.393506880201E+02     1.1890E-03     7.3525E-04
      ideal mu1:      -0.647841593509
      ideal mu2:      -0.651293840313
             Q0:        -839.361014795645
             G0:      -0.047329086872
   RMS gradient:       0.001084277404
     Trial step:       0.374634122177
             Q1:        -839.370772952946
 Quadratic coef:       0.007972933612
 Linear coef   :      -0.017731090914
           Qmin:        -839.370872885536
Quadratic minimum step length (  0.416576382212) accepted
    Initial Ne1:     162.99999995
    Initial Ne2:     159.99999999
      Final Ne1:     163.00000000
      Final Ne2:     160.00000000

=================== Penalty functional idempotency correction ==================
 RMS occupancy error at iteration   1:  0.000667 (step -0.4853 Ne1=    163.0000)
                                                               Ne2=    160.0000
 RMS occupancy error at iteration   2:  0.000005 (step -0.5000 Ne1=    163.0000)
                                                               Ne2=    160.0000
            Final RMS occupancy error   :  0.000000 (Ne1=    163.0000)
                                                     Ne2=    160.0000
            Final occupancy bounds spin 1: [  0.000,  1.000]
            Final occupancy bounds spin 2: [  0.000,  1.000]
================================================================================

    2        -8.393610147956E+02     1.0843E-03     6.7155E-04    -1.0327E-02
      ideal mu1:      -0.642421424442
      ideal mu2:      -0.646200879649
             Q0:        -839.370939894235
             G0:      -0.037772987803
   RMS gradient:       0.000961526154
     Trial step:       0.395049018819
             Q1:        -839.380937924352
 Quadratic coef:       0.004924151652
 Linear coef   :      -0.014922181769
           Qmin:        -839.382244963844
Quadratic minimum step length (  0.598579581191) accepted
    Initial Ne1:     162.99999991
    Initial Ne2:     160.00000001
      Final Ne1:     163.00000000
      Final Ne2:     160.00000000

=================== Penalty functional idempotency correction ==================
 RMS occupancy error at iteration   1:  0.002426 (step -0.4477 Ne1=    163.0000)
                                                               Ne2=    160.0000
 RMS occupancy error at iteration   2:  0.000038 (step -0.4998 Ne1=    163.0000)
                                                               Ne2=    160.0000
            Final RMS occupancy error   :  0.000000 (Ne1=    163.0000)
                                                     Ne2=    160.0000
            Final occupancy bounds spin 1: [ -0.000,  1.000]
            Final occupancy bounds spin 2: [  0.000,  1.000]
================================================================================

    3        -8.393709398942E+02     9.6153E-04     5.9513E-04    -9.9251E-03
      ideal mu1:      -0.645379975640
      ideal mu2:      -0.648735685020
             Q0:        -839.382461608605
             G0:      -0.044218873525
   RMS gradient:       0.001030581480
     Trial step:       0.486280038902
             Q1:        -839.391482031604
 Quadratic coef:       0.012482332539
 Linear coef   :      -0.021502755538
           Qmin:        -839.391722067223
Quadratic minimum step length (  0.418846428223) accepted
    Initial Ne1:     163.00000057
    Initial Ne2:     160.00000149
      Final Ne1:     163.00000000
      Final Ne2:     160.00000000

=================== Penalty functional idempotency correction ==================
 RMS occupancy error at iteration   1:  0.003999 (step -0.4189 Ne1=    163.0000)
                                                               Ne2=    160.0000
 RMS occupancy error at iteration   2:  0.000077 (step -0.4995 Ne1=    163.0000)
                                                               Ne2=    160.0000
            Final RMS occupancy error   :  0.000000 (Ne1=    163.0000)
                                                     Ne2=    160.0000
            Final occupancy bounds spin 1: [ -0.000,  1.000]
            Final occupancy bounds spin 2: [ -0.000,  1.000]
================================================================================

    4        -8.393824616086E+02     1.0306E-03     6.3771E-04    -1.1522E-02
      ideal mu1:      -0.649288836294
      ideal mu2:      -0.652281857980
    5        -8.393932099277E+02     8.7123E-04     5.3944E-04    -1.0748E-02
Finished density kernel iterations (   5)

Writing density kernel to file "Fe3_O_piv_6_H2O_3_LowSpin.dkn" ... done


>>> Density kernel optimised for the current NGWF basis:
     ~~~~~~~~~~~~~~~~~~~~~~~~~~~~~~~~~~~~~~~~~~~~~~~~~~~~~~~~~~~
     Total energy                =  -8.39393209927730E+02  Eh
     Estimated bandgap (UP spin) =   1.1026E-02  Eh
     Estimated bandgap (DN spin) =  -9.6330E-03  Eh
     RMS occupancy error         =   4.4207E-08
     [H,K] commutator            =   5.3944E-04
     UP spin occupancy bounds    = [ -0.000:  1.000]
     DN spin occupancy bounds    = [ -0.000:  1.000]
     ~~~~~~~~~~~~~~~~~~~~~~~~~~~~~~~~~~~~~~~~~~~~~~~~~~~~~~~~~~~




################################################################################
########################### NGWF CG iteration  005 #############################
################################################################################
****** Reciprocal space K.E. preconditioning with k_zero =  3.0000 a0^-1 *******

>>> Checking for convergence of NGWFs:   NOT CONVERGED
  ========================================================================
         NGWF RMS gradient =  6.1173E-05 >  2.0000E-06  | above tolerance
  ========================================================================

>>> Improving NGWFs using line search:
============ Calculation of NGWF S^-1 using Hotelling algorithm ================ 
     Iteration  |  Spin  |  Frobenius norm and Maximum abs value (of I-S*S_n^-1)
         1           1      0.42242699E-01     0.43651669E-02
         2           1      0.12161279E-03     0.17616092E-04
         3           1      0.24970996E-08     0.40507009E-09
         4           1      0.24434664E-13     0.48849813E-14
================================================================================
============ Calculation of NGWF S^-1 using Hotelling algorithm ================ 
     Iteration  |  Spin  |  Frobenius norm and Maximum abs value (of I-S*S_n^-1)
         1           1      0.41692666E-02     0.41729281E-03
         2           1      0.11844237E-05     0.16219495E-06
         3           1      0.22998695E-12     0.35083048E-13
================================================================================
------------------------------- NGWF line search -------------------------------
RMS gradient                =       0.00006117297328
Trial step length           =               0.766873
Gradient along search dir.  =         -0.03827211917
Functional at step 0        =    -839.39320992772969
Functional at step 1        =    -839.40916784380647
Functional predicted        =    -839.40929075629606
Selected quadratic step     =               0.840342
Conjugate gradients coeff.  =               0.000000
--------------------------- NGWF line search finished --------------------------
                                               
Writing NGWFs to file "Fe3_O_piv_6_H2O_3_LowSpin.tightbox_ngwfs".... done

>>> Optimising kernel for current NGWFs:
   Initial electron number for spin 1:     163.00929387
   Initial electron number for spin 2:     160.00801408
     Final electron number for spin 1:     163.00000000
     Final electron number for spin 2:     160.00000000

=================== Penalty functional idempotency correction ==================
 RMS occupancy error at iteration   1:  0.000345 (step -0.4997 Ne1=    163.0000)
                                                               Ne2=    160.0000
 RMS occupancy error at iteration   2:  0.000001 (step -0.5000 Ne1=    163.0000)
                                                               Ne2=    160.0000
            Final RMS occupancy error   :  0.000000 (Ne1=    163.0000)
                                                     Ne2=    160.0000
            Final occupancy bounds spin 1: [  0.000,  1.000]
            Final occupancy bounds spin 2: [  0.000,  1.000]
================================================================================

................................................................................
<<<<<<<<<<<<<< LNV (Original version) density kernel optimisation >>>>>>>>>>>>>>
~~~~~~~~~~~~~~~~~~~~~~~~~~~~~~~~~~~~~~~~~~~~~~~~~~~~~~~~~~~~~~~~~~~~~~~~~~~~~~~~
   iter  |      energy (Eh)       | rms gradient |  commutator  |   dE (Eh)
      ideal mu1:      -0.647094743534
      ideal mu2:      -0.650298652698
             Q0:        -839.409296877844
             G0:      -0.019124331542
   RMS gradient:       0.000691069450
     Trial step:       0.451305503412
             Q1:        -839.413857303276
 Quadratic coef:       0.004070490642
 Linear coef   :      -0.008630916074
           Qmin:        -839.413872045731
Quadratic minimum step length (  0.478465652684) accepted
    Initial Ne1:     163.00000000
    Initial Ne2:     160.00000000
      Final Ne1:     163.00000000
      Final Ne2:     160.00000000

=================== Penalty functional idempotency correction ==================
 RMS occupancy error at iteration   1:  0.000072 (step -0.4986 Ne1=    163.0000)
                                                               Ne2=    160.0000
            Final RMS occupancy error   :  0.000000 (Ne1=    163.0000)
                                                     Ne2=    160.0000
            Final occupancy bounds spin 1: [ -0.000,  1.000]
            Final occupancy bounds spin 2: [ -0.000,  1.000]
================================================================================

    1        -8.394092968778E+02     6.9107E-04     4.2725E-04
      ideal mu1:      -0.647623455554
      ideal mu2:      -0.650793805724
             Q0:        -839.413874037258
             G0:      -0.024827215647
   RMS gradient:       0.000786027506
     Trial step:       0.464687187525
             Q1:        -839.418830018331
 Quadratic coef:       0.006580907940
 Linear coef   :      -0.011536889013
           Qmin:        -839.418930323158
Quadratic minimum step length (  0.407317999050) accepted
    Initial Ne1:     163.00000395
    Initial Ne2:     160.00000889
      Final Ne1:     163.00000000
      Final Ne2:     160.00000000

=================== Penalty functional idempotency correction ==================
 RMS occupancy error at iteration   1:  0.000393 (step -0.4914 Ne1=    163.0000)
                                                               Ne2=    160.0000
 RMS occupancy error at iteration   2:  0.000002 (step -0.5000 Ne1=    163.0000)
                                                               Ne2=    160.0000
            Final RMS occupancy error   :  0.000000 (Ne1=    163.0000)
                                                     Ne2=    160.0000
            Final occupancy bounds spin 1: [  0.000,  1.000]
            Final occupancy bounds spin 2: [  0.000,  1.000]
================================================================================

    2        -8.394138740373E+02     7.8603E-04     4.8592E-04    -4.5772E-03
      ideal mu1:      -0.647361241552
      ideal mu2:      -0.650551341614
             Q0:        -839.418949725217
             G0:      -0.014381435256
   RMS gradient:       0.000595927865
     Trial step:       0.435057990855
             Q1:        -839.422804148324
 Quadratic coef:       0.002402335221
 Linear coef   :      -0.006256758328
           Qmin:        -839.423023576405
Quadratic minimum step length (  0.566543062678) accepted
    Initial Ne1:     163.00000316
    Initial Ne2:     160.00000710
      Final Ne1:     163.00000000
      Final Ne2:     160.00000000

=================== Penalty functional idempotency correction ==================
 RMS occupancy error at iteration   1:  0.000889 (step -0.4797 Ne1=    163.0000)
                                                               Ne2=    160.0000
 RMS occupancy error at iteration   2:  0.000007 (step -0.5000 Ne1=    163.0000)
                                                               Ne2=    160.0000
            Final RMS occupancy error   :  0.000000 (Ne1=    163.0000)
                                                     Ne2=    160.0000
            Final occupancy bounds spin 1: [  0.000,  1.000]
            Final occupancy bounds spin 2: [  0.000,  1.000]
================================================================================

    3        -8.394189497252E+02     5.9593E-04     3.6854E-04    -5.0757E-03
      ideal mu1:      -0.647716789981
      ideal mu2:      -0.650841063488
             Q0:        -839.423066190725
             G0:      -0.018153458165
   RMS gradient:       0.000666576952
     Trial step:       0.496466601678
             Q1:        -839.428441073751
 Quadratic coef:       0.003637702657
 Linear coef   :      -0.009012585684
           Qmin:        -839.428648470831
Quadratic minimum step length (  0.615010105105) accepted
    Initial Ne1:     163.00000423
    Initial Ne2:     160.00000952
      Final Ne1:     163.00000000
      Final Ne2:     160.00000000

=================== Penalty functional idempotency correction ==================
 RMS occupancy error at iteration   1:  0.002861 (step -0.4395 Ne1=    163.0000)
                                                               Ne2=    160.0000
 RMS occupancy error at iteration   2:  0.000049 (step -0.4995 Ne1=    163.0000)
                                                               Ne2=    160.0000
            Final RMS occupancy error   :  0.000000 (Ne1=    163.0000)
                                                     Ne2=    160.0000
            Final occupancy bounds spin 1: [ -0.000,  1.000]
            Final occupancy bounds spin 2: [ -0.000,  1.000]
================================================================================

    4        -8.394230661907E+02     6.6658E-04     4.1261E-04    -4.1165E-03
      ideal mu1:      -0.647748003463
      ideal mu2:      -0.650757186979
    5        -8.394291091402E+02     7.6103E-04     4.7169E-04    -6.0429E-03
Finished density kernel iterations (   5)

Writing density kernel to file "Fe3_O_piv_6_H2O_3_LowSpin.dkn" ... done


>>> Density kernel optimised for the current NGWF basis:
     ~~~~~~~~~~~~~~~~~~~~~~~~~~~~~~~~~~~~~~~~~~~~~~~~~~~~~~~~~~~
     Total energy                =  -8.39429109140192E+02  Eh
     Estimated bandgap (UP spin) =   2.8615E-02  Eh
     Estimated bandgap (DN spin) =  -4.5768E-03  Eh
     RMS occupancy error         =   2.8531E-08
     [H,K] commutator            =   4.7169E-04
     UP spin occupancy bounds    = [ -0.000:  1.000]
     DN spin occupancy bounds    = [ -0.000:  1.000]
     ~~~~~~~~~~~~~~~~~~~~~~~~~~~~~~~~~~~~~~~~~~~~~~~~~~~~~~~~~~~


================================================================================
           ---------------- ENERGY COMPONENTS (Eh) ----------------
           | Kinetic                    :      294.17442490267433 |
           | Core Hartree               :    -8861.35785123307869 |
           | CoreHart (non-coul chg cor):        0.00142678223254
           | Hartree                    :     4253.75138267544389 |
           | Exchange-correlation       :     -142.38131581934493 |
           | Ewald                      :     3609.65848956015998 |
           | Dij0                       :       19.58355346727520 |
           | Dijhartree                 :       32.81736010683725 |
           | Exc [AE core]              :     -458.47620734684500 |
           | Exc DC [AE core]           :     -199.68657740994763 |
           | Exc [PS core]              :     -112.98509249744190 |
           | Exc DC [PS core]           :     -132.11662827330335 |
           | Exc [Core]                 :     -299.81596204920010 |
           | Total [Sphere]             :        6.72576077390943 |
           | Total                      :     -839.42910914023639 |
           --------------------------------------------------------
           ------ LOCAL ENERGY COMPONENTS FROM MATRIX TRACES ------
           | Core Hartree               :    -8861.35785123309142 |
           | Hartree (Valence)          :     4253.75138267543844 |
           --------------------------------------------------------
           Integrated compensation chrg.:       39.87773114454542
           Integrated density           :      322.99999658150313
           Integrated spin density      :        2.99999998972261
           Integrated |spin density|    :        3.31597475901003
           Local density approx. <S^2>  :        3.90798738464258
           Integrated density tr(KS)    :      323.00000000000000
           Integrated spin tr(KS)       :        3.00000000000000
================================================================================




################################################################################
########################### NGWF CG iteration  006 #############################
################################################################################
****** Reciprocal space K.E. preconditioning with k_zero =  3.0000 a0^-1 *******

>>> Checking for convergence of NGWFs:   NOT CONVERGED
  ========================================================================
         NGWF RMS gradient =  4.3663E-05 >  2.0000E-06  | above tolerance
  ========================================================================

>>> Improving NGWFs using line search:
============ Calculation of NGWF S^-1 using Hotelling algorithm ================ 
     Iteration  |  Spin  |  Frobenius norm and Maximum abs value (of I-S*S_n^-1)
         1           1      0.56519470E-01     0.54392351E-02
         2           1      0.22475693E-03     0.22667820E-04
         3           1      0.84946979E-08     0.87369756E-09
         4           1      0.24128694E-13     0.51070259E-14
================================================================================
============ Calculation of NGWF S^-1 using Hotelling algorithm ================ 
     Iteration  |  Spin  |  Frobenius norm and Maximum abs value (of I-S*S_n^-1)
         1           1      0.15040806E-01     0.13360298E-02
         2           1      0.16680394E-04     0.14835929E-05
         3           1      0.44463454E-10     0.41322501E-11
         4           1      0.21718729E-13     0.33306691E-14
================================================================================
------------------------------- NGWF line search -------------------------------
RMS gradient                =       0.00004366291392
Trial step length           =               0.802768
Gradient along search dir.  =         -0.01892895248
Functional at step 0        =    -839.42910914019171
Functional at step 1        =    -839.43820677852909
Functional predicted        =    -839.43857569053353
Selected quadratic step     =               1.000219
Conjugate gradients coeff.  =               0.509455
--------------------------- NGWF line search finished --------------------------
                                               
Writing NGWFs to file "Fe3_O_piv_6_H2O_3_LowSpin.tightbox_ngwfs".... done

>>> Optimising kernel for current NGWFs:
   Initial electron number for spin 1:     163.00767409
   Initial electron number for spin 2:     160.00437949
     Final electron number for spin 1:     163.00000000
     Final electron number for spin 2:     160.00000000

=================== Penalty functional idempotency correction ==================
 RMS occupancy error at iteration   1:  0.000523 (step -0.4993 Ne1=    163.0000)
                                                               Ne2=    160.0000
 RMS occupancy error at iteration   2:  0.000002 (step -0.5000 Ne1=    163.0000)
                                                               Ne2=    160.0000
            Final RMS occupancy error   :  0.000000 (Ne1=    163.0000)
                                                     Ne2=    160.0000
            Final occupancy bounds spin 1: [  0.000,  1.000]
            Final occupancy bounds spin 2: [  0.000,  1.000]
================================================================================

................................................................................
<<<<<<<<<<<<<< LNV (Original version) density kernel optimisation >>>>>>>>>>>>>>
~~~~~~~~~~~~~~~~~~~~~~~~~~~~~~~~~~~~~~~~~~~~~~~~~~~~~~~~~~~~~~~~~~~~~~~~~~~~~~~~
   iter  |      energy (Eh)       | rms gradient |  commutator  |   dE (Eh)
      ideal mu1:      -0.648422634086
      ideal mu2:      -0.651373354576
             Q0:        -839.438574749541
             G0:      -0.017210698488
   RMS gradient:       0.000655583192
     Trial step:       0.552568526862
             Q1:        -839.437653095291
 Quadratic coef:       0.010431744560
 Linear coef   :      -0.009510090310
           Qmin:        -839.440742215807
Quadratic minimum step length (  0.251874294018) accepted
    Initial Ne1:     162.99999999
    Initial Ne2:     160.00000000
      Final Ne1:     163.00000000
      Final Ne2:     160.00000000

=================== Penalty functional idempotency correction ==================
 RMS occupancy error at iteration   1:  0.000014 (step -0.4999 Ne1=    163.0000)
                                                               Ne2=    160.0000
            Final RMS occupancy error   :  0.000000 (Ne1=    163.0000)
                                                     Ne2=    160.0000
            Final occupancy bounds spin 1: [ -0.000,  1.000]
            Final occupancy bounds spin 2: [ -0.000,  1.000]
================================================================================

    1        -8.394385747495E+02     6.5558E-04     4.0630E-04
      ideal mu1:      -0.647290201779
      ideal mu2:      -0.650364386206
             Q0:        -839.440740584216
             G0:      -0.008655748177
   RMS gradient:       0.000465497751
     Trial step:       0.373065420000
             Q1:        -839.442897384267
 Quadratic coef:       0.001072360278
 Linear coef   :      -0.003229160329
           Qmin:        -839.443171548100
Quadratic minimum step length (  0.561699308890) accepted
    Initial Ne1:     163.00000011
    Initial Ne2:     160.00000045
      Final Ne1:     163.00000000
      Final Ne2:     160.00000000

=================== Penalty functional idempotency correction ==================
 RMS occupancy error at iteration   1:  0.000085 (step -0.4988 Ne1=    163.0000)
                                                               Ne2=    160.0000
            Final RMS occupancy error   :  0.000000 (Ne1=    163.0000)
                                                     Ne2=    160.0000
            Final occupancy bounds spin 1: [  0.000,  1.000]
            Final occupancy bounds spin 2: [ -0.000,  1.000]
================================================================================

    2        -8.394407405842E+02     4.6550E-04     2.8840E-04    -2.1658E-03
      ideal mu1:      -0.645696518597
      ideal mu2:      -0.648962579001
             Q0:        -839.443163838778
             G0:      -0.006348321579
   RMS gradient:       0.000400474987
     Trial step:       0.457766958817
             Q1:        -839.444682383619
 Quadratic coef:       0.001387507022
 Linear coef   :      -0.002906051863
           Qmin:        -839.444685477461
Quadratic minimum step length (  0.479382987711) accepted
    Initial Ne1:     163.00000250
    Initial Ne2:     160.00001054
      Final Ne1:     163.00000000
      Final Ne2:     160.00000000

=================== Penalty functional idempotency correction ==================
 RMS occupancy error at iteration   1:  0.000161 (step -0.4971 Ne1=    163.0000)
                                                               Ne2=    160.0000
 RMS occupancy error at iteration   2:  0.000000 (step -0.5000 Ne1=    163.0000)
                                                               Ne2=    160.0000
            Final RMS occupancy error   :  0.000000 (Ne1=    163.0000)
                                                     Ne2=    160.0000
            Final occupancy bounds spin 1: [  0.000,  1.000]
            Final occupancy bounds spin 2: [  0.000,  1.000]
================================================================================

    3        -8.394431638388E+02     4.0047E-04     2.4811E-04    -2.4233E-03
      ideal mu1:      -0.646662641893
      ideal mu2:      -0.649817932182
             Q0:        -839.444688588318
             G0:      -0.006526687315
   RMS gradient:       0.000405532136
     Trial step:       0.468450309417
             Q1:        -839.446362779557
 Quadratic coef:       0.001383237452
 Linear coef   :      -0.003057428692
           Qmin:        -839.446378079553
Quadratic minimum step length (  0.517717841684) accepted
    Initial Ne1:     163.00000277
    Initial Ne2:     160.00001167
      Final Ne1:     163.00000000
      Final Ne2:     160.00000000

=================== Penalty functional idempotency correction ==================
 RMS occupancy error at iteration   1:  0.000424 (step -0.4916 Ne1=    163.0000)
                                                               Ne2=    160.0000
 RMS occupancy error at iteration   2:  0.000002 (step -0.5000 Ne1=    163.0000)
                                                               Ne2=    160.0000
            Final RMS occupancy error   :  0.000000 (Ne1=    163.0000)
                                                     Ne2=    160.0000
            Final occupancy bounds spin 1: [  0.000,  1.000]
            Final occupancy bounds spin 2: [  0.000,  1.000]
================================================================================

    4        -8.394446885883E+02     4.0553E-04     2.5137E-04    -1.5247E-03
      ideal mu1:      -0.647835360203
      ideal mu2:      -0.650852971055
    5        -8.394463902801E+02     4.4715E-04     2.7742E-04    -1.7017E-03
Finished density kernel iterations (   5)

Writing density kernel to file "Fe3_O_piv_6_H2O_3_LowSpin.dkn" ... done


>>> Density kernel optimised for the current NGWF basis:
     ~~~~~~~~~~~~~~~~~~~~~~~~~~~~~~~~~~~~~~~~~~~~~~~~~~~~~~~~~~~
     Total energy                =  -8.39446390280073E+02  Eh
     Estimated bandgap (UP spin) =   3.3545E-02  Eh
     Estimated bandgap (DN spin) =  -4.0980E-03  Eh
     RMS occupancy error         =   1.1415E-10
     [H,K] commutator            =   2.7742E-04
     UP spin occupancy bounds    = [  0.000:  1.000]
     DN spin occupancy bounds    = [  0.000:  1.000]
     ~~~~~~~~~~~~~~~~~~~~~~~~~~~~~~~~~~~~~~~~~~~~~~~~~~~~~~~~~~~




################################################################################
########################### NGWF CG iteration  007 #############################
################################################################################
****** Reciprocal space K.E. preconditioning with k_zero =  3.0000 a0^-1 *******

>>> Checking for convergence of NGWFs:   NOT CONVERGED
  ========================================================================
         NGWF RMS gradient =  3.0197E-05 >  2.0000E-06  | above tolerance
  ========================================================================

>>> Improving NGWFs using line search:
============ Calculation of NGWF S^-1 using Hotelling algorithm ================ 
     Iteration  |  Spin  |  Frobenius norm and Maximum abs value (of I-S*S_n^-1)
         1           1      0.64831211E-01     0.36810229E-02
         2           1      0.35381445E-03     0.37114911E-04
         3           1      0.22614852E-07     0.24227500E-08
         4           1      0.23761190E-13     0.35527137E-14
================================================================================
============ Calculation of NGWF S^-1 using Hotelling algorithm ================ 
     Iteration  |  Spin  |  Frobenius norm and Maximum abs value (of I-S*S_n^-1)
         1           1      0.10004476E-01     0.52527211E-03
         2           1      0.87545382E-05     0.78691690E-06
         3           1      0.12953707E-10     0.11994850E-11
         4           1      0.22324936E-13     0.33306691E-14
================================================================================
------------------------------- NGWF line search -------------------------------
RMS gradient                =       0.00003019716429
Trial step length           =               0.896071
Gradient along search dir.  =         -0.00969403030
Functional at step 0        =    -839.44639028007316
Functional at step 1        =    -839.45126430609639
Functional predicted        =    -839.45133819476496
Selected quadratic step     =               1.020817
Conjugate gradients coeff.  =               0.478307
--------------------------- NGWF line search finished --------------------------
                                               
Writing NGWFs to file "Fe3_O_piv_6_H2O_3_LowSpin.tightbox_ngwfs".... done

>>> Optimising kernel for current NGWFs:
   Initial electron number for spin 1:     163.01231742
   Initial electron number for spin 2:     160.00945456
     Final electron number for spin 1:     163.00000000
     Final electron number for spin 2:     160.00000000

=================== Penalty functional idempotency correction ==================
 RMS occupancy error at iteration   1:  0.000528 (step -0.4993 Ne1=    163.0000)
                                                               Ne2=    160.0000
 RMS occupancy error at iteration   2:  0.000002 (step -0.5000 Ne1=    163.0000)
                                                               Ne2=    160.0000
            Final RMS occupancy error   :  0.000000 (Ne1=    163.0000)
                                                     Ne2=    160.0000
            Final occupancy bounds spin 1: [  0.000,  1.000]
            Final occupancy bounds spin 2: [  0.000,  1.000]
================================================================================

................................................................................
<<<<<<<<<<<<<< LNV (Original version) density kernel optimisation >>>>>>>>>>>>>>
~~~~~~~~~~~~~~~~~~~~~~~~~~~~~~~~~~~~~~~~~~~~~~~~~~~~~~~~~~~~~~~~~~~~~~~~~~~~~~~~
   iter  |      energy (Eh)       | rms gradient |  commutator  |   dE (Eh)
      ideal mu1:      -0.647485678731
      ideal mu2:      -0.650550022095
             Q0:        -839.451311726794
             G0:      -0.007518374148
   RMS gradient:       0.000433301836
     Trial step:       0.492468357489
             Q1:        -839.450984608761
 Quadratic coef:       0.004029679400
 Linear coef   :      -0.003702561368
           Qmin:        -839.452162226258
Quadratic minimum step length (  0.226245581119) accepted
    Initial Ne1:     162.99999999
    Initial Ne2:     160.00000000
      Final Ne1:     163.00000000
      Final Ne2:     160.00000000

=================== Penalty functional idempotency correction ==================
 RMS occupancy error at iteration   1:  0.000006 (step -0.4999 Ne1=    163.0000)
                                                               Ne2=    160.0000
            Final RMS occupancy error   :  0.000000 (Ne1=    163.0000)
                                                     Ne2=    160.0000
            Final occupancy bounds spin 1: [  0.000,  1.000]
            Final occupancy bounds spin 2: [ -0.000,  1.000]
================================================================================

    1        -8.394513117268E+02     4.3330E-04     2.6818E-04
      ideal mu1:      -0.647097128035
      ideal mu2:      -0.650189900502
             Q0:        -839.452163846990
             G0:      -0.003659918110
   RMS gradient:       0.000302645494
     Trial step:       0.333794532195
             Q1:        -839.453103878115
 Quadratic coef:       0.000281629528
 Linear coef   :      -0.001221660653
           Qmin:        -839.453488685657
Quadratic minimum step length (  0.723971754385) accepted
    Initial Ne1:     163.00000007
    Initial Ne2:     160.00000001
      Final Ne1:     163.00000000
      Final Ne2:     160.00000000

=================== Penalty functional idempotency correction ==================
 RMS occupancy error at iteration   1:  0.000054 (step -0.4993 Ne1=    163.0000)
                                                               Ne2=    160.0000
            Final RMS occupancy error   :  0.000000 (Ne1=    163.0000)
                                                     Ne2=    160.0000
            Final occupancy bounds spin 1: [ -0.000,  1.000]
            Final occupancy bounds spin 2: [ -0.000,  1.000]
================================================================================

    2        -8.394521638470E+02     3.0265E-04     1.8730E-04    -8.5212E-04
      ideal mu1:      -0.646198907152
      ideal mu2:      -0.649339226652
             Q0:        -839.453475784495
             G0:      -0.003796219708
   RMS gradient:       0.000310739506
     Trial step:       0.491587035099
             Q1:        -839.454294618069
 Quadratic coef:       0.001047338817
 Linear coef   :      -0.001866172391
           Qmin:        -839.454307081716
Quadratic minimum step length (  0.437960542206) accepted
    Initial Ne1:     162.99999989
    Initial Ne2:     160.00000355
      Final Ne1:     163.00000000
      Final Ne2:     160.00000000

=================== Penalty functional idempotency correction ==================
 RMS occupancy error at iteration   1:  0.000102 (step -0.4985 Ne1=    163.0000)
                                                               Ne2=    160.0000
            Final RMS occupancy error   :  0.000000 (Ne1=    163.0000)
                                                     Ne2=    160.0000
            Final occupancy bounds spin 1: [  0.000,  1.000]
            Final occupancy bounds spin 2: [ -0.000,  1.000]
================================================================================

    3        -8.394534757845E+02     3.1074E-04     1.9248E-04    -1.3119E-03
      ideal mu1:      -0.646043137233
      ideal mu2:      -0.649183231107
             Q0:        -839.454310726776
             G0:      -0.003830027828
   RMS gradient:       0.000311602268
     Trial step:       0.463999703053
             Q1:        -839.455373293747
 Quadratic coef:       0.000714564804
 Linear coef   :      -0.001777131775
           Qmin:        -839.455415664119
Quadratic minimum step length (  0.576986587517) accepted
    Initial Ne1:     163.00000302
    Initial Ne2:     160.00002857
      Final Ne1:     163.00000000
      Final Ne2:     160.00000000

=================== Penalty functional idempotency correction ==================
 RMS occupancy error at iteration   1:  0.000308 (step -0.4953 Ne1=    163.0000)
                                                               Ne2=    160.0000
 RMS occupancy error at iteration   2:  0.000001 (step -0.5000 Ne1=    163.0000)
                                                               Ne2=    160.0000
            Final RMS occupancy error   :  0.000000 (Ne1=    163.0000)
                                                     Ne2=    160.0000
            Final occupancy bounds spin 1: [  0.000,  1.000]
            Final occupancy bounds spin 2: [  0.000,  1.000]
================================================================================

    4        -8.394543107268E+02     3.1160E-04     1.9284E-04    -8.3494E-04
      ideal mu1:      -0.646600018353
      ideal mu2:      -0.649714630020
    5        -8.394554118800E+02     3.9296E-04     2.4335E-04    -1.1012E-03
Finished density kernel iterations (   5)

Writing density kernel to file "Fe3_O_piv_6_H2O_3_LowSpin.dkn" ... done


>>> Density kernel optimised for the current NGWF basis:
     ~~~~~~~~~~~~~~~~~~~~~~~~~~~~~~~~~~~~~~~~~~~~~~~~~~~~~~~~~~~
     Total energy                =  -8.39455411879953E+02  Eh
     Estimated bandgap (UP spin) =   3.6028E-02  Eh
     Estimated bandgap (DN spin) =  -1.7721E-05  Eh
     RMS occupancy error         =   2.4155E-11
     [H,K] commutator            =   2.4335E-04
     UP spin occupancy bounds    = [  0.000:  1.000]
     DN spin occupancy bounds    = [  0.000:  1.000]
     ~~~~~~~~~~~~~~~~~~~~~~~~~~~~~~~~~~~~~~~~~~~~~~~~~~~~~~~~~~~




################################################################################
########################### NGWF CG iteration  008 #############################
################################################################################
****** Reciprocal space K.E. preconditioning with k_zero =  3.0000 a0^-1 *******

>>> Checking for convergence of NGWFs:   NOT CONVERGED
  ========================================================================
         NGWF RMS gradient =  1.9787E-05 >  2.0000E-06  | above tolerance
  ========================================================================

>>> Improving NGWFs using line search:
============ Calculation of NGWF S^-1 using Hotelling algorithm ================ 
     Iteration  |  Spin  |  Frobenius norm and Maximum abs value (of I-S*S_n^-1)
         1           1      0.62533094E-01     0.27634269E-02
         2           1      0.37748011E-03     0.38132433E-04
         3           1      0.28796594E-07     0.28368681E-08
         4           1      0.24212092E-13     0.33306691E-14
================================================================================
============ Calculation of NGWF S^-1 using Hotelling algorithm ================ 
     Iteration  |  Spin  |  Frobenius norm and Maximum abs value (of I-S*S_n^-1)
         1           1      0.28272270E-02     0.13694658E-03
         2           1      0.78802546E-06     0.69004336E-07
         3           1      0.12008008E-12     0.11102230E-13
================================================================================
------------------------------- NGWF line search -------------------------------
RMS gradient                =       0.00001978654193
Trial step length           =               0.956412
Gradient along search dir.  =         -0.00415213846
Functional at step 0        =    -839.45541187995332
Functional at step 1        =    -839.45731194046596
Functional predicted        =    -839.45731547157584
Selected quadratic step     =               0.916921
Conjugate gradients coeff.  =               0.429346
--------------------------- NGWF line search finished --------------------------
                                               
Writing NGWFs to file "Fe3_O_piv_6_H2O_3_LowSpin.tightbox_ngwfs".... done

>>> Optimising kernel for current NGWFs:
   Initial electron number for spin 1:     163.01298149
   Initial electron number for spin 2:     160.01148707
     Final electron number for spin 1:     163.00000000
     Final electron number for spin 2:     160.00000000

=================== Penalty functional idempotency correction ==================
 RMS occupancy error at iteration   1:  0.000415 (step -0.4996 Ne1=    163.0000)
                                                               Ne2=    160.0000
 RMS occupancy error at iteration   2:  0.000001 (step -0.5000 Ne1=    163.0000)
                                                               Ne2=    160.0000
            Final RMS occupancy error   :  0.000000 (Ne1=    163.0000)
                                                     Ne2=    160.0000
            Final occupancy bounds spin 1: [  0.000,  1.000]
            Final occupancy bounds spin 2: [  0.000,  1.000]
================================================================================

................................................................................
<<<<<<<<<<<<<< LNV (Original version) density kernel optimisation >>>>>>>>>>>>>>
~~~~~~~~~~~~~~~~~~~~~~~~~~~~~~~~~~~~~~~~~~~~~~~~~~~~~~~~~~~~~~~~~~~~~~~~~~~~~~~~
   iter  |      energy (Eh)       | rms gradient |  commutator  |   dE (Eh)
      ideal mu1:      -0.646664490517
      ideal mu2:      -0.649808397227
             Q0:        -839.457296098793
             G0:      -0.005231727420
   RMS gradient:       0.000361452403
     Trial step:       0.517418211192
             Q1:        -839.457091066018
 Quadratic coef:       0.002912023818
 Linear coef   :      -0.002706991043
           Qmin:        -839.457925197400
Quadratic minimum step length (  0.240493648183) accepted
    Initial Ne1:     162.99999999
    Initial Ne2:     160.00000000
      Final Ne1:     163.00000000
      Final Ne2:     160.00000000

=================== Penalty functional idempotency correction ==================
 RMS occupancy error at iteration   1:  0.000004 (step -0.5000 Ne1=    163.0000)
                                                               Ne2=    160.0000
            Final RMS occupancy error   :  0.000000 (Ne1=    163.0000)
                                                     Ne2=    160.0000
            Final occupancy bounds spin 1: [  0.000,  1.000]
            Final occupancy bounds spin 2: [  0.000,  1.000]
================================================================================

    1        -8.394572960988E+02     3.6145E-04     2.2404E-04
      ideal mu1:      -0.646640394272
      ideal mu2:      -0.649768246829
             Q0:        -839.457925846830
             G0:      -0.002455825880
   RMS gradient:       0.000247664631
     Trial step:       0.352754579341
             Q1:        -839.458497528026
 Quadratic coef:       0.000294622630
 Linear coef   :      -0.000866303825
           Qmin:        -839.458562663423
Quadratic minimum step length (  0.518617055100) accepted
    Initial Ne1:     163.00000006
    Initial Ne2:     160.00000004
      Final Ne1:     163.00000000
      Final Ne2:     160.00000000

=================== Penalty functional idempotency correction ==================
 RMS occupancy error at iteration   1:  0.000018 (step -0.4999 Ne1=    163.0000)
                                                               Ne2=    160.0000
            Final RMS occupancy error   :  0.000000 (Ne1=    163.0000)
                                                     Ne2=    160.0000
            Final occupancy bounds spin 1: [ -0.000,  1.000]
            Final occupancy bounds spin 2: [ -0.000,  1.000]
================================================================================

    2        -8.394579258468E+02     2.4766E-04     1.5344E-04    -6.2975E-04
      ideal mu1:      -0.646510443510
      ideal mu2:      -0.649621626145
             Q0:        -839.458558044657
             G0:      -0.002268514695
   RMS gradient:       0.000240818472
     Trial step:       0.427720166827
             Q1:        -839.459135545232
 Quadratic coef:       0.000392788909
 Linear coef   :      -0.000970289484
           Qmin:        -839.459157260713
Quadratic minimum step length (  0.528289331597) accepted
    Initial Ne1:     163.00000032
    Initial Ne2:     160.00000001
      Final Ne1:     163.00000000
      Final Ne2:     160.00000000

=================== Penalty functional idempotency correction ==================
 RMS occupancy error at iteration   1:  0.000055 (step -0.4994 Ne1=    163.0000)
                                                               Ne2=    160.0000
            Final RMS occupancy error   :  0.000000 (Ne1=    163.0000)
                                                     Ne2=    160.0000
            Final occupancy bounds spin 1: [ -0.000,  1.000]
            Final occupancy bounds spin 2: [ -0.000,  1.000]
================================================================================

    3        -8.394585580447E+02     2.4082E-04     1.4938E-04    -6.3220E-04
      ideal mu1:      -0.646268116081
      ideal mu2:      -0.649397663156
             Q0:        -839.459152714172
             G0:      -0.002125845922
   RMS gradient:       0.000235430635
     Trial step:       0.475352501880
             Q1:        -839.459697131218
 Quadratic coef:       0.000466109132
 Linear coef   :      -0.001010526178
           Qmin:        -839.459700420217
Quadratic minimum step length (  0.515282917702) accepted
    Initial Ne1:     163.00000325
    Initial Ne2:     160.00000101
      Final Ne1:     163.00000000
      Final Ne2:     160.00000000

=================== Penalty functional idempotency correction ==================
 RMS occupancy error at iteration   1:  0.000122 (step -0.4984 Ne1=    163.0000)
                                                               Ne2=    160.0000
            Final RMS occupancy error   :  0.000000 (Ne1=    163.0000)
                                                     Ne2=    160.0000
            Final occupancy bounds spin 1: [ -0.000,  1.000]
            Final occupancy bounds spin 2: [ -0.000,  1.000]
================================================================================

    4        -8.394591527142E+02     2.3543E-04     1.4594E-04    -5.9467E-04
      ideal mu1:      -0.646391115744
      ideal mu2:      -0.649539426482
    5        -8.394596994358E+02     2.9340E-04     1.8186E-04    -5.4672E-04
Finished density kernel iterations (   5)

Writing density kernel to file "Fe3_O_piv_6_H2O_3_LowSpin.dkn" ... done


>>> Density kernel optimised for the current NGWF basis:
     ~~~~~~~~~~~~~~~~~~~~~~~~~~~~~~~~~~~~~~~~~~~~~~~~~~~~~~~~~~~
     Total energy                =  -8.39459699435776E+02  Eh
     Estimated bandgap (UP spin) =   3.8367E-02  Eh
     Estimated bandgap (DN spin) =   3.3568E-03  Eh
     RMS occupancy error         =   1.1290E-07
     [H,K] commutator            =   1.8186E-04
     UP spin occupancy bounds    = [ -0.000:  1.000]
     DN spin occupancy bounds    = [ -0.000:  1.000]
     ~~~~~~~~~~~~~~~~~~~~~~~~~~~~~~~~~~~~~~~~~~~~~~~~~~~~~~~~~~~




################################################################################
########################### NGWF CG iteration  009 #############################
################################################################################
****** Reciprocal space K.E. preconditioning with k_zero =  3.0000 a0^-1 *******

>>> Checking for convergence of NGWFs:   NOT CONVERGED
  ========================================================================
         NGWF RMS gradient =  1.4350E-05 >  2.0000E-06  | above tolerance
  ========================================================================

>>> Improving NGWFs using line search:
============ Calculation of NGWF S^-1 using Hotelling algorithm ================ 
     Iteration  |  Spin  |  Frobenius norm and Maximum abs value (of I-S*S_n^-1)
         1           1      0.27192553E-01     0.12649768E-02
         2           1      0.74312293E-04     0.11472819E-04
         3           1      0.12419601E-08     0.18030599E-09
         4           1      0.23318607E-13     0.26645353E-14
================================================================================
============ Calculation of NGWF S^-1 using Hotelling algorithm ================ 
     Iteration  |  Spin  |  Frobenius norm and Maximum abs value (of I-S*S_n^-1)
         1           1      0.95681111E-02     0.44139208E-03
         2           1      0.91969750E-05     0.13770278E-05
         3           1      0.19042373E-10     0.26649793E-11
         4           1      0.21739323E-13     0.31086245E-14
================================================================================
------------------------------- NGWF line search -------------------------------
RMS gradient                =       0.00001434999014
Trial step length           =               0.936459
Gradient along search dir.  =         -0.00210603962
Functional at step 0        =    -839.45969943577609
Functional at step 1        =    -839.46016487985139
Functional predicted        =    -839.46034479551429
Selected quadratic step     =               0.612866
Conjugate gradients coeff.  =               0.000000
--------------------------- NGWF line search finished --------------------------
                                               
Writing NGWFs to file "Fe3_O_piv_6_H2O_3_LowSpin.tightbox_ngwfs".... done

>>> Optimising kernel for current NGWFs:
   Initial electron number for spin 1:     163.00089784
   Initial electron number for spin 2:     160.00096069
     Final electron number for spin 1:     163.00000000
     Final electron number for spin 2:     160.00000000

=================== Penalty functional idempotency correction ==================
 RMS occupancy error at iteration   1:  0.000143 (step -0.4999 Ne1=    163.0000)
                                                               Ne2=    160.0000
 RMS occupancy error at iteration   2:  0.000000 (step -0.5000 Ne1=    163.0000)
                                                               Ne2=    160.0000
            Final RMS occupancy error   :  0.000000 (Ne1=    163.0000)
                                                     Ne2=    160.0000
            Final occupancy bounds spin 1: [  0.000,  1.000]
            Final occupancy bounds spin 2: [  0.000,  1.000]
================================================================================

................................................................................
<<<<<<<<<<<<<< LNV (Original version) density kernel optimisation >>>>>>>>>>>>>>
~~~~~~~~~~~~~~~~~~~~~~~~~~~~~~~~~~~~~~~~~~~~~~~~~~~~~~~~~~~~~~~~~~~~~~~~~~~~~~~~
   iter  |      energy (Eh)       | rms gradient |  commutator  |   dE (Eh)
      ideal mu1:      -0.646936619166
      ideal mu2:      -0.650017715698
             Q0:        -839.460351488805
             G0:      -0.003188201948
   RMS gradient:       0.000282163916
     Trial step:       0.494915168596
             Q1:        -839.460291550412
 Quadratic coef:       0.001637827898
 Linear coef   :      -0.001577889505
           Qmin:        -839.460731524963
Quadratic minimum step length (  0.238401559582) accepted
    Initial Ne1:     163.00000000
    Initial Ne2:     160.00000000
      Final Ne1:     163.00000000
      Final Ne2:     160.00000000

=================== Penalty functional idempotency correction ==================
 RMS occupancy error at iteration   1:  0.000002 (step -0.5000 Ne1=    163.0000)
                                                               Ne2=    160.0000
            Final RMS occupancy error   :  0.000000 (Ne1=    163.0000)
                                                     Ne2=    160.0000
            Final occupancy bounds spin 1: [  0.000,  1.000]
            Final occupancy bounds spin 2: [  0.000,  1.000]
================================================================================

    1        -8.394603514888E+02     2.8216E-04     1.7501E-04
      ideal mu1:      -0.646593111799
      ideal mu2:      -0.649710909706
             Q0:        -839.460733628351
             G0:      -0.001445842486
   RMS gradient:       0.000190624573
     Trial step:       0.343494611390
             Q1:        -839.461089554444
 Quadratic coef:       0.000140713010
 Linear coef   :      -0.000496639103
           Qmin:        -839.461171843691
Quadratic minimum step length (  0.606173002296) accepted
    Initial Ne1:     163.00000003
    Initial Ne2:     160.00000002
      Final Ne1:     163.00000000
      Final Ne2:     160.00000000

=================== Penalty functional idempotency correction ==================
 RMS occupancy error at iteration   1:  0.000016 (step -0.4998 Ne1=    163.0000)
                                                               Ne2=    160.0000
            Final RMS occupancy error   :  0.000000 (Ne1=    163.0000)
                                                     Ne2=    160.0000
            Final occupancy bounds spin 1: [ -0.000,  1.000]
            Final occupancy bounds spin 2: [ -0.000,  1.000]
================================================================================

    2        -8.394607336284E+02     1.9062E-04     1.1822E-04    -3.8214E-04
      ideal mu1:      -0.646158270093
      ideal mu2:      -0.649321980522
             Q0:        -839.461165251542
             G0:      -0.001835029377
   RMS gradient:       0.000217851799
     Trial step:       0.456308185177
             Q1:        -839.461596267958
 Quadratic coef:       0.000406322509
 Linear coef   :      -0.000837338925
           Qmin:        -839.461596643146
Quadratic minimum step length (  0.470174057462) accepted
    Initial Ne1:     163.00000021
    Initial Ne2:     159.99999988
      Final Ne1:     163.00000000
      Final Ne2:     160.00000000

=================== Penalty functional idempotency correction ==================
 RMS occupancy error at iteration   1:  0.000051 (step -0.4993 Ne1=    163.0000)
                                                               Ne2=    160.0000
            Final RMS occupancy error   :  0.000000 (Ne1=    163.0000)
                                                     Ne2=    160.0000
            Final occupancy bounds spin 1: [ -0.000,  1.000]
            Final occupancy bounds spin 2: [ -0.000,  1.000]
================================================================================

    3        -8.394611652515E+02     2.1785E-04     1.3512E-04    -4.3162E-04
      ideal mu1:      -0.646098735710
      ideal mu2:      -0.649265849684
             Q0:        -839.461596606920
             G0:      -0.001440382048
   RMS gradient:       0.000192706585
     Trial step:       0.463189238732
             Q1:        -839.461965019979
 Quadratic coef:       0.000298756406
 Linear coef   :      -0.000667169464
           Qmin:        -839.461969080184
Quadratic minimum step length (  0.517186762333) accepted
    Initial Ne1:     163.00000355
    Initial Ne2:     160.00000069
      Final Ne1:     163.00000000
      Final Ne2:     160.00000000

=================== Penalty functional idempotency correction ==================
 RMS occupancy error at iteration   1:  0.000097 (step -0.4985 Ne1=    163.0000)
                                                               Ne2=    160.0000
            Final RMS occupancy error   :  0.000000 (Ne1=    163.0000)
                                                     Ne2=    160.0000
            Final occupancy bounds spin 1: [ -0.000,  1.000]
            Final occupancy bounds spin 2: [  0.000,  1.000]
================================================================================

    4        -8.394615966069E+02     1.9271E-04     1.1947E-04    -4.3136E-04
      ideal mu1:      -0.646364731311
      ideal mu2:      -0.649513165380
    5        -8.394619672161E+02     2.5287E-04     1.5678E-04    -3.7061E-04
Finished density kernel iterations (   5)

Writing density kernel to file "Fe3_O_piv_6_H2O_3_LowSpin.dkn" ... done


>>> Density kernel optimised for the current NGWF basis:
     ~~~~~~~~~~~~~~~~~~~~~~~~~~~~~~~~~~~~~~~~~~~~~~~~~~~~~~~~~~~
     Total energy                =  -8.39461967216107E+02  Eh
     Estimated bandgap (UP spin) =   3.8862E-02  Eh
     Estimated bandgap (DN spin) =   4.0214E-03  Eh
     RMS occupancy error         =   8.9153E-08
     [H,K] commutator            =   1.5678E-04
     UP spin occupancy bounds    = [ -0.000:  1.000]
     DN spin occupancy bounds    = [  0.000:  1.000]
     ~~~~~~~~~~~~~~~~~~~~~~~~~~~~~~~~~~~~~~~~~~~~~~~~~~~~~~~~~~~




################################################################################
########################### NGWF CG iteration  010 #############################
################################################################################
****** Reciprocal space K.E. preconditioning with k_zero =  3.0000 a0^-1 *******

>>> Checking for convergence of NGWFs:   NOT CONVERGED
  ========================================================================
         NGWF RMS gradient =  9.7055E-06 >  2.0000E-06  | above tolerance
  ========================================================================

>>> Improving NGWFs using line search:
============ Calculation of NGWF S^-1 using Hotelling algorithm ================ 
     Iteration  |  Spin  |  Frobenius norm and Maximum abs value (of I-S*S_n^-1)
         1           1      0.31052295E-01     0.15342653E-02
         2           1      0.10222581E-03     0.15108717E-04
         3           1      0.24151789E-08     0.32680880E-09
         4           1      0.23127406E-13     0.39968029E-14
================================================================================
============ Calculation of NGWF S^-1 using Hotelling algorithm ================ 
     Iteration  |  Spin  |  Frobenius norm and Maximum abs value (of I-S*S_n^-1)
         1           1      0.10999239E-01     0.52733131E-03
         2           1      0.12877414E-04     0.17308612E-05
         3           1      0.38228051E-10     0.46362914E-11
         4           1      0.22180573E-13     0.26645353E-14
================================================================================
------------------------------- NGWF line search -------------------------------
RMS gradient                =       0.00000970548516
Trial step length           =               0.757577
Gradient along search dir.  =         -0.00092029796
Functional at step 0        =    -839.46196721610681
Functional at step 1        =    -839.46240345191154
Functional predicted        =    -839.46243288279413
Selected quadratic step     =               1.011991
Conjugate gradients coeff.  =               0.457437
--------------------------- NGWF line search finished --------------------------
                                               
Writing NGWFs to file "Fe3_O_piv_6_H2O_3_LowSpin.tightbox_ngwfs".... done

>>> Optimising kernel for current NGWFs:
   Initial electron number for spin 1:     163.00213047
   Initial electron number for spin 2:     160.00212326
     Final electron number for spin 1:     163.00000000
     Final electron number for spin 2:     160.00000000

=================== Penalty functional idempotency correction ==================
 RMS occupancy error at iteration   1:  0.000325 (step -0.4999 Ne1=    163.0000)
                                                               Ne2=    160.0000
 RMS occupancy error at iteration   2:  0.000001 (step -0.5000 Ne1=    163.0000)
                                                               Ne2=    160.0000
            Final RMS occupancy error   :  0.000000 (Ne1=    163.0000)
                                                     Ne2=    160.0000
            Final occupancy bounds spin 1: [  0.000,  1.000]
            Final occupancy bounds spin 2: [  0.000,  1.000]
================================================================================

................................................................................
<<<<<<<<<<<<<< LNV (Original version) density kernel optimisation >>>>>>>>>>>>>>
~~~~~~~~~~~~~~~~~~~~~~~~~~~~~~~~~~~~~~~~~~~~~~~~~~~~~~~~~~~~~~~~~~~~~~~~~~~~~~~~
   iter  |      energy (Eh)       | rms gradient |  commutator  |   dE (Eh)
      ideal mu1:      -0.646087504051
      ideal mu2:      -0.649240284912
             Q0:        -839.462424750770
             G0:      -0.003120656157
   RMS gradient:       0.000279158928
     Trial step:       0.489443911728
             Q1:        -839.462337453978
 Quadratic coef:       0.001614682949
 Linear coef   :      -0.001527386157
           Qmin:        -839.462785953023
Quadratic minimum step length (  0.231491221130) accepted
    Initial Ne1:     163.00000000
    Initial Ne2:     160.00000000
      Final Ne1:     163.00000000
      Final Ne2:     160.00000000

=================== Penalty functional idempotency correction ==================
 RMS occupancy error at iteration   1:  0.000002 (step -0.5000 Ne1=    163.0000)
                                                               Ne2=    160.0000
            Final RMS occupancy error   :  0.000000 (Ne1=    163.0000)
                                                     Ne2=    160.0000
            Final occupancy bounds spin 1: [  0.000,  1.000]
            Final occupancy bounds spin 2: [  0.000,  1.000]
================================================================================

    1        -8.394624247508E+02     2.7916E-04     1.7333E-04
      ideal mu1:      -0.646064301900
      ideal mu2:      -0.649219487368
             Q0:        -839.462786236541
             G0:      -0.001281403209
   RMS gradient:       0.000178950180
     Trial step:       0.336603578116
             Q1:        -839.463087934508
 Quadratic coef:       0.000129626938
 Linear coef   :      -0.000431324905
           Qmin:        -839.463145037682
Quadratic minimum step length (  0.560012864846) accepted
    Initial Ne1:     163.00000001
    Initial Ne2:     160.00000003
      Final Ne1:     163.00000000
      Final Ne2:     160.00000000

=================== Penalty functional idempotency correction ==================
 RMS occupancy error at iteration   1:  0.000011 (step -0.4999 Ne1=    163.0000)
                                                               Ne2=    160.0000
            Final RMS occupancy error   :  0.000000 (Ne1=    163.0000)
                                                     Ne2=    160.0000
            Final occupancy bounds spin 1: [ -0.000,  1.000]
            Final occupancy bounds spin 2: [  0.000,  1.000]
================================================================================

    2        -8.394627862365E+02     1.7895E-04     1.1119E-04    -3.6149E-04
      ideal mu1:      -0.646034751117
      ideal mu2:      -0.649198638208
             Q0:        -839.463139434816
             G0:      -0.001261398783
   RMS gradient:       0.000181061874
     Trial step:       0.434168554939
             Q1:        -839.463432088522
 Quadratic coef:       0.000255005980
 Linear coef   :      -0.000547659687
           Qmin:        -839.463433478050
Quadratic minimum step length (  0.466217722674) accepted
    Initial Ne1:     163.00000010
    Initial Ne2:     159.99999998
      Final Ne1:     163.00000000
      Final Ne2:     160.00000000

=================== Penalty functional idempotency correction ==================
 RMS occupancy error at iteration   1:  0.000029 (step -0.4996 Ne1=    163.0000)
                                                               Ne2=    160.0000
            Final RMS occupancy error   :  0.000000 (Ne1=    163.0000)
                                                     Ne2=    160.0000
            Final occupancy bounds spin 1: [ -0.000,  1.000]
            Final occupancy bounds spin 2: [ -0.000,  1.000]
================================================================================

    3        -8.394631394348E+02     1.8106E-04     1.1261E-04    -3.5320E-04
      ideal mu1:      -0.646170287106
      ideal mu2:      -0.649324152037
             Q0:        -839.463432677704
             G0:      -0.000988149712
   RMS gradient:       0.000160709996
     Trial step:       0.449907851610
             Q1:        -839.463688525294
 Quadratic coef:       0.000188728724
 Linear coef   :      -0.000444576314
           Qmin:        -839.463694492778
Quadratic minimum step length (  0.529909729840) accepted
    Initial Ne1:     163.00000152
    Initial Ne2:     160.00000011
      Final Ne1:     163.00000000
      Final Ne2:     160.00000000

=================== Penalty functional idempotency correction ==================
 RMS occupancy error at iteration   1:  0.000060 (step -0.4990 Ne1=    163.0000)
                                                               Ne2=    160.0000
            Final RMS occupancy error   :  0.000000 (Ne1=    163.0000)
                                                     Ne2=    160.0000
            Final occupancy bounds spin 1: [ -0.000,  1.000]
            Final occupancy bounds spin 2: [ -0.000,  1.000]
================================================================================

    4        -8.394634326777E+02     1.6071E-04     9.9906E-05    -2.9324E-04
      ideal mu1:      -0.646234267494
      ideal mu2:      -0.649384794019
    5        -8.394636922478E+02     2.1664E-04     1.3458E-04    -2.5957E-04
Finished density kernel iterations (   5)

Writing density kernel to file "Fe3_O_piv_6_H2O_3_LowSpin.dkn" ... done


>>> Density kernel optimised for the current NGWF basis:
     ~~~~~~~~~~~~~~~~~~~~~~~~~~~~~~~~~~~~~~~~~~~~~~~~~~~~~~~~~~~
     Total energy                =  -8.39463692247836E+02  Eh
     Estimated bandgap (UP spin) =   4.0117E-02  Eh
     Estimated bandgap (DN spin) =   4.8440E-03  Eh
     RMS occupancy error         =   3.4974E-08
     [H,K] commutator            =   1.3458E-04
     UP spin occupancy bounds    = [ -0.000:  1.000]
     DN spin occupancy bounds    = [  0.000:  1.000]
     ~~~~~~~~~~~~~~~~~~~~~~~~~~~~~~~~~~~~~~~~~~~~~~~~~~~~~~~~~~~


================================================================================
           ---------------- ENERGY COMPONENTS (Eh) ----------------
           | Kinetic                    :      294.42841195222013 |
           | Core Hartree               :    -8862.14413575822982 |
           | CoreHart (non-coul chg cor):        0.00142678223254
           | Hartree                    :     4254.41259692219683 |
           | Exchange-correlation       :     -142.44528645120542 |
           | Ewald                      :     3609.65848956015998 |
           | Dij0                       :       19.57052904010892 |
           | Dijhartree                 :       32.66558117629395 |
           | Exc [AE core]              :     -458.49606823535726 |
           | Exc DC [AE core]           :     -199.72438090654538 |
           | Exc [PS core]              :     -113.07022749680080 |
           | Exc DC [PS core]           :     -132.23161661489706 |
           | Exc [Core]                 :     -299.81596204920010 |
           | Total [Sphere]             :        6.62623152704646 |
           | Total                      :     -839.46369224781165 |
           --------------------------------------------------------
           ------ LOCAL ENERGY COMPONENTS FROM MATRIX TRACES ------
           | Core Hartree               :    -8862.14413575826620 |
           | Hartree (Valence)          :     4254.41259692221411 |
           --------------------------------------------------------
           Integrated compensation chrg.:       39.85035206805313
           Integrated density           :      322.99999657993385
           Integrated spin density      :        2.99999998619926
           Integrated |spin density|    :        3.32492427554282
           Local density approx. <S^2>  :        3.91246214467069
           Integrated density tr(KS)    :      323.00000000000000
           Integrated spin tr(KS)       :        3.00000000000000
================================================================================




################################################################################
########################### NGWF CG iteration  011 #############################
################################################################################
****** Reciprocal space K.E. preconditioning with k_zero =  3.0000 a0^-1 *******

>>> Checking for convergence of NGWFs:   NOT CONVERGED
  ========================================================================
         NGWF RMS gradient =  7.1816E-06 >  2.0000E-06  | above tolerance
  ========================================================================

>>> Improving NGWFs using line search:
============ Calculation of NGWF S^-1 using Hotelling algorithm ================ 
     Iteration  |  Spin  |  Frobenius norm and Maximum abs value (of I-S*S_n^-1)
         1           1      0.46713128E-01     0.23256216E-02
         2           1      0.23589483E-03     0.32581104E-04
         3           1      0.12664095E-07     0.15992838E-08
         4           1      0.23274977E-13     0.35527137E-14
================================================================================
============ Calculation of NGWF S^-1 using Hotelling algorithm ================ 
     Iteration  |  Spin  |  Frobenius norm and Maximum abs value (of I-S*S_n^-1)
         1           1      0.40479224E-02     0.19337353E-03
         2           1      0.17835749E-05     0.21961141E-06
         3           1      0.70953571E-12     0.80380147E-13
================================================================================
------------------------------- NGWF line search -------------------------------
RMS gradient                =       0.00000718161490
Trial step length           =               0.875592
Gradient along search dir.  =         -0.00063970111
Functional at step 0        =    -839.46369224783598
Functional at step 1        =    -839.46399335650869
Functional predicted        =    -839.46399506728267
Selected quadratic step     =               0.946753
Conjugate gradients coeff.  =               0.547532
--------------------------- NGWF line search finished --------------------------
                                               
Writing NGWFs to file "Fe3_O_piv_6_H2O_3_LowSpin.tightbox_ngwfs".... done

>>> Optimising kernel for current NGWFs:
   Initial electron number for spin 1:     163.00292295
   Initial electron number for spin 2:     160.00297513
     Final electron number for spin 1:     163.00000000
     Final electron number for spin 2:     160.00000000

=================== Penalty functional idempotency correction ==================
 RMS occupancy error at iteration   1:  0.000352 (step -0.4999 Ne1=    163.0000)
                                                               Ne2=    160.0000
 RMS occupancy error at iteration   2:  0.000001 (step -0.5000 Ne1=    163.0000)
                                                               Ne2=    160.0000
            Final RMS occupancy error   :  0.000000 (Ne1=    163.0000)
                                                     Ne2=    160.0000
            Final occupancy bounds spin 1: [  0.000,  1.000]
            Final occupancy bounds spin 2: [  0.000,  1.000]
================================================================================

................................................................................
<<<<<<<<<<<<<< LNV (Original version) density kernel optimisation >>>>>>>>>>>>>>
~~~~~~~~~~~~~~~~~~~~~~~~~~~~~~~~~~~~~~~~~~~~~~~~~~~~~~~~~~~~~~~~~~~~~~~~~~~~~~~~
   iter  |      energy (Eh)       | rms gradient |  commutator  |   dE (Eh)
      ideal mu1:      -0.646133037082
      ideal mu2:      -0.649278504457
             Q0:        -839.463982057862
             G0:      -0.002323680051
   RMS gradient:       0.000240888866
     Trial step:       0.488273026185
             Q1:        -839.463842834278
 Quadratic coef:       0.001273813874
 Linear coef   :      -0.001134590290
           Qmin:        -839.464234703706
Quadratic minimum step length (  0.217453211012) accepted
    Initial Ne1:     163.00000000
    Initial Ne2:     160.00000000
      Final Ne1:     163.00000000
      Final Ne2:     160.00000000

=================== Penalty functional idempotency correction ==================
 RMS occupancy error at iteration   1:  0.000002 (step -0.5000 Ne1=    163.0000)
                                                               Ne2=    160.0000
            Final RMS occupancy error   :  0.000000 (Ne1=    163.0000)
                                                     Ne2=    160.0000
            Final occupancy bounds spin 1: [  0.000,  1.000]
            Final occupancy bounds spin 2: [  0.000,  1.000]
================================================================================

    1        -8.394639820579E+02     2.4089E-04     1.4955E-04
      ideal mu1:      -0.646051542009
      ideal mu2:      -0.649205303856
             Q0:        -839.464236149433
             G0:      -0.000807465249
   RMS gradient:       0.000142340529
     Trial step:       0.325847414282
             Q1:        -839.464420947993
 Quadratic coef:       0.000078311903
 Linear coef   :      -0.000263110464
           Qmin:        -839.464457147497
Quadratic minimum step length (  0.547387185196) accepted
    Initial Ne1:     163.00000001
    Initial Ne2:     160.00000001
      Final Ne1:     163.00000000
      Final Ne2:     160.00000000

=================== Penalty functional idempotency correction ==================
 RMS occupancy error at iteration   1:  0.000007 (step -0.4999 Ne1=    163.0000)
                                                               Ne2=    160.0000
            Final RMS occupancy error   :  0.000000 (Ne1=    163.0000)
                                                     Ne2=    160.0000
            Final occupancy bounds spin 1: [ -0.000,  1.000]
            Final occupancy bounds spin 2: [  0.000,  1.000]
================================================================================

    2        -8.394642361494E+02     1.4234E-04     8.8460E-05    -2.5409E-04
      ideal mu1:      -0.645931300982
      ideal mu2:      -0.649099890005
             Q0:        -839.464454785191
             G0:      -0.000914035116
   RMS gradient:       0.000153090655
     Trial step:       0.422332450692
             Q1:        -839.464704324463
 Quadratic coef:       0.000136487419
 Linear coef   :      -0.000386026691
           Qmin:        -839.464727734535
Quadratic minimum step length (  0.597240387091) accepted
    Initial Ne1:     163.00000002
    Initial Ne2:     159.99999996
      Final Ne1:     163.00000000
      Final Ne2:     160.00000000

=================== Penalty functional idempotency correction ==================
 RMS occupancy error at iteration   1:  0.000035 (step -0.4994 Ne1=    163.0000)
                                                               Ne2=    160.0000
            Final RMS occupancy error   :  0.000000 (Ne1=    163.0000)
                                                     Ne2=    160.0000
            Final occupancy bounds spin 1: [ -0.000,  1.000]
            Final occupancy bounds spin 2: [ -0.000,  1.000]
================================================================================

    3        -8.394644547852E+02     1.5309E-04     9.5203E-05    -2.1864E-04
      ideal mu1:      -0.645938773980
      ideal mu2:      -0.649112704920
             Q0:        -839.464723510999
             G0:      -0.000978781938
   RMS gradient:       0.000160509728
     Trial step:       0.502229027768
             Q1:        -839.464974080693
 Quadratic coef:       0.000241003007
 Linear coef   :      -0.000491572701
           Qmin:        -839.464974175631
Quadratic minimum step length (  0.512197093222) accepted
    Initial Ne1:     163.00000143
    Initial Ne2:     160.00000008
      Final Ne1:     163.00000000
      Final Ne2:     160.00000000

=================== Penalty functional idempotency correction ==================
 RMS occupancy error at iteration   1:  0.000082 (step -0.4986 Ne1=    163.0000)
                                                               Ne2=    160.0000
            Final RMS occupancy error   :  0.000000 (Ne1=    163.0000)
                                                     Ne2=    160.0000
            Final occupancy bounds spin 1: [ -0.000,  1.000]
            Final occupancy bounds spin 2: [ -0.000,  1.000]
================================================================================

    4        -8.394647235110E+02     1.6051E-04     9.9706E-05    -2.6873E-04
      ideal mu1:      -0.645917376077
      ideal mu2:      -0.649100677166
    5        -8.394649741456E+02     2.0430E-04     1.2682E-04    -2.5063E-04
Finished density kernel iterations (   5)

Writing density kernel to file "Fe3_O_piv_6_H2O_3_LowSpin.dkn" ... done


>>> Density kernel optimised for the current NGWF basis:
     ~~~~~~~~~~~~~~~~~~~~~~~~~~~~~~~~~~~~~~~~~~~~~~~~~~~~~~~~~~~
     Total energy                =  -8.39464974145551E+02  Eh
     Estimated bandgap (UP spin) =   4.0388E-02  Eh
     Estimated bandgap (DN spin) =   5.8701E-03  Eh
     RMS occupancy error         =   5.6346E-08
     [H,K] commutator            =   1.2682E-04
     UP spin occupancy bounds    = [ -0.000:  1.000]
     DN spin occupancy bounds    = [ -0.000:  1.000]
     ~~~~~~~~~~~~~~~~~~~~~~~~~~~~~~~~~~~~~~~~~~~~~~~~~~~~~~~~~~~




################################################################################
########################### NGWF CG iteration  012 #############################
################################################################################
****** Reciprocal space K.E. preconditioning with k_zero =  3.0000 a0^-1 *******

>>> Checking for convergence of NGWFs:   NOT CONVERGED
  ========================================================================
         NGWF RMS gradient =  6.2435E-06 >  2.0000E-06  | above tolerance
  ========================================================================

>>> Improving NGWFs using line search:
============ Calculation of NGWF S^-1 using Hotelling algorithm ================ 
     Iteration  |  Spin  |  Frobenius norm and Maximum abs value (of I-S*S_n^-1)
         1           1      0.67963505E-01     0.33601526E-02
         2           1      0.50562885E-03     0.62790030E-04
         3           1      0.56677935E-07     0.63843393E-08
         4           1      0.23635220E-13     0.39968029E-14
================================================================================
============ Calculation of NGWF S^-1 using Hotelling algorithm ================ 
     Iteration  |  Spin  |  Frobenius norm and Maximum abs value (of I-S*S_n^-1)
         1           1      0.23674445E-01     0.11290318E-02
         2           1      0.61694225E-04     0.69917693E-05
         3           1      0.81990993E-09     0.84197538E-10
         4           1      0.23185856E-13     0.28865799E-14
================================================================================
------------------------------- NGWF line search -------------------------------
RMS gradient                =       0.00000624354017
Trial step length           =               0.910478
Gradient along search dir.  =         -0.00059501873
Functional at step 0        =    -839.46497414555097
Functional at step 1        =    -839.46511098060262
Functional predicted        =    -839.46515535242611
Selected quadratic step     =               0.609080
Conjugate gradients coeff.  =               0.755819
--------------------------- NGWF line search finished --------------------------
                                               
Writing NGWFs to file "Fe3_O_piv_6_H2O_3_LowSpin.tightbox_ngwfs".... done

>>> Optimising kernel for current NGWFs:
   Initial electron number for spin 1:     163.00268169
   Initial electron number for spin 2:     160.00283938
     Final electron number for spin 1:     163.00000000
     Final electron number for spin 2:     160.00000000

=================== Penalty functional idempotency correction ==================
 RMS occupancy error at iteration   1:  0.000284 (step -0.4999 Ne1=    163.0000)
                                                               Ne2=    160.0000
 RMS occupancy error at iteration   2:  0.000001 (step -0.5000 Ne1=    163.0000)
                                                               Ne2=    160.0000
            Final RMS occupancy error   :  0.000000 (Ne1=    163.0000)
                                                     Ne2=    160.0000
            Final occupancy bounds spin 1: [  0.000,  1.000]
            Final occupancy bounds spin 2: [  0.000,  1.000]
================================================================================

................................................................................
<<<<<<<<<<<<<< LNV (Original version) density kernel optimisation >>>>>>>>>>>>>>
~~~~~~~~~~~~~~~~~~~~~~~~~~~~~~~~~~~~~~~~~~~~~~~~~~~~~~~~~~~~~~~~~~~~~~~~~~~~~~~~
   iter  |      energy (Eh)       | rms gradient |  commutator  |   dE (Eh)
      ideal mu1:      -0.646107982788
      ideal mu2:      -0.649269702669
             Q0:        -839.465144345806
             G0:      -0.001854893754
   RMS gradient:       0.000215222703
     Trial step:       0.507188572579
             Q1:        -839.465037876014
 Quadratic coef:       0.001047250707
 Linear coef   :      -0.000940780915
           Qmin:        -839.465355629676
Quadratic minimum step length (  0.227812369223) accepted
    Initial Ne1:     163.00000000
    Initial Ne2:     160.00000000
      Final Ne1:     163.00000000
      Final Ne2:     160.00000000

=================== Penalty functional idempotency correction ==================
 RMS occupancy error at iteration   1:  0.000001 (step -0.5000 Ne1=    163.0000)
                                                               Ne2=    160.0000
            Final RMS occupancy error   :  0.000000 (Ne1=    163.0000)
                                                     Ne2=    160.0000
            Final occupancy bounds spin 1: [  0.000,  1.000]
            Final occupancy bounds spin 2: [  0.000,  1.000]
================================================================================

    1        -8.394651443458E+02     2.1522E-04     1.3351E-04
      ideal mu1:      -0.645956707954
      ideal mu2:      -0.649131353145
             Q0:        -839.465355822514
             G0:      -0.000743375436
   RMS gradient:       0.000136335856
     Trial step:       0.339917387554
             Q1:        -839.465535084318
 Quadratic coef:       0.000073424433
 Linear coef   :      -0.000252686236
           Qmin:        -839.465573224037
Quadratic minimum step length (  0.584903701494) accepted
    Initial Ne1:     163.00000001
    Initial Ne2:     160.00000001
      Final Ne1:     163.00000000
      Final Ne2:     160.00000000

=================== Penalty functional idempotency correction ==================
 RMS occupancy error at iteration   1:  0.000007 (step -0.4999 Ne1=    163.0000)
                                                               Ne2=    160.0000
            Final RMS occupancy error   :  0.000000 (Ne1=    163.0000)
                                                     Ne2=    160.0000
            Final occupancy bounds spin 1: [ -0.000,  1.000]
            Final occupancy bounds spin 2: [  0.000,  1.000]
================================================================================

    2        -8.394653558225E+02     1.3634E-04     8.4617E-05    -2.1148E-04
      ideal mu1:      -0.645804259779
      ideal mu2:      -0.648994170519
             Q0:        -839.465568059897
             G0:      -0.000808968536
   RMS gradient:       0.000146325269
     Trial step:       0.445891173026
             Q1:        -839.465752585272
 Quadratic coef:       0.000176186554
 Linear coef   :      -0.000360711929
           Qmin:        -839.465752683940
Quadratic minimum step length (  0.456443076895) accepted
    Initial Ne1:     163.00000003
    Initial Ne2:     159.99999997
      Final Ne1:     163.00000000
      Final Ne2:     160.00000000

=================== Penalty functional idempotency correction ==================
 RMS occupancy error at iteration   1:  0.000021 (step -0.4997 Ne1=    163.0000)
                                                               Ne2=    160.0000
            Final RMS occupancy error   :  0.000000 (Ne1=    163.0000)
                                                     Ne2=    160.0000
            Final occupancy bounds spin 1: [ -0.000,  1.000]
            Final occupancy bounds spin 2: [ -0.000,  1.000]
================================================================================

    3        -8.394655680599E+02     1.4633E-04     9.0883E-05    -2.1224E-04
      ideal mu1:      -0.645901355582
      ideal mu2:      -0.649083463184
             Q0:        -839.465752516116
             G0:      -0.000584937297
   RMS gradient:       0.000124219393
     Trial step:       0.451136275394
             Q1:        -839.465900996506
 Quadratic coef:       0.000115406044
 Linear coef   :      -0.000263886434
           Qmin:        -839.465903366209
Quadratic minimum step length (  0.515782099478) accepted
    Initial Ne1:     163.00000063
    Initial Ne2:     160.00000008
      Final Ne1:     163.00000000
      Final Ne2:     160.00000000

=================== Penalty functional idempotency correction ==================
 RMS occupancy error at iteration   1:  0.000039 (step -0.4993 Ne1=    163.0000)
                                                               Ne2=    160.0000
            Final RMS occupancy error   :  0.000000 (Ne1=    163.0000)
                                                     Ne2=    160.0000
            Final occupancy bounds spin 1: [ -0.000,  1.000]
            Final occupancy bounds spin 2: [  0.000,  1.000]
================================================================================

    4        -8.394657525161E+02     1.2422E-04     7.7108E-05    -1.8446E-04
      ideal mu1:      -0.646071940309
      ideal mu2:      -0.649241884239
    5        -8.394659021550E+02     1.6528E-04     1.0253E-04    -1.4964E-04
Finished density kernel iterations (   5)

Writing density kernel to file "Fe3_O_piv_6_H2O_3_LowSpin.dkn" ... done


>>> Density kernel optimised for the current NGWF basis:
     ~~~~~~~~~~~~~~~~~~~~~~~~~~~~~~~~~~~~~~~~~~~~~~~~~~~~~~~~~~~
     Total energy                =  -8.39465902155012E+02  Eh
     Estimated bandgap (UP spin) =   4.0889E-02  Eh
     Estimated bandgap (DN spin) =   6.4754E-03  Eh
     RMS occupancy error         =   1.3723E-08
     [H,K] commutator            =   1.0253E-04
     UP spin occupancy bounds    = [ -0.000:  1.000]
     DN spin occupancy bounds    = [ -0.000:  1.000]
     ~~~~~~~~~~~~~~~~~~~~~~~~~~~~~~~~~~~~~~~~~~~~~~~~~~~~~~~~~~~




################################################################################
########################### NGWF CG iteration  013 #############################
################################################################################
****** Reciprocal space K.E. preconditioning with k_zero =  3.0000 a0^-1 *******

>>> Checking for convergence of NGWFs:   NOT CONVERGED
  ========================================================================
         NGWF RMS gradient =  4.1193E-06 >  2.0000E-06  | above tolerance
  ========================================================================

>>> Improving NGWFs using line search:
============ Calculation of NGWF S^-1 using Hotelling algorithm ================ 
     Iteration  |  Spin  |  Frobenius norm and Maximum abs value (of I-S*S_n^-1)
         1           1      0.20697823E-01     0.12478338E-02
         2           1      0.49829140E-04     0.79514403E-05
         3           1      0.57597928E-09     0.88571372E-10
         4           1      0.22367977E-13     0.37747583E-14
================================================================================
============ Calculation of NGWF S^-1 using Hotelling algorithm ================ 
     Iteration  |  Spin  |  Frobenius norm and Maximum abs value (of I-S*S_n^-1)
         1           1      0.44213660E-02     0.26566876E-03
         2           1      0.22476617E-05     0.35266963E-06
         3           1      0.11427953E-11     0.17230661E-12
================================================================================
------------------------------- NGWF line search -------------------------------
RMS gradient                =       0.00000411926675
Trial step length           =               0.744683
Gradient along search dir.  =         -0.00017354143
Functional at step 0        =    -839.46590215501237
Functional at step 1        =    -839.46597801763755
Functional predicted        =    -839.46598038729996
Selected quadratic step     =               0.901598
Conjugate gradients coeff.  =               0.000000
--------------------------- NGWF line search finished --------------------------
                                               
Writing NGWFs to file "Fe3_O_piv_6_H2O_3_LowSpin.tightbox_ngwfs".... done

>>> Optimising kernel for current NGWFs:
   Initial electron number for spin 1:     163.00212925
   Initial electron number for spin 2:     160.00210610
     Final electron number for spin 1:     163.00000000
     Final electron number for spin 2:     160.00000000

=================== Penalty functional idempotency correction ==================
 RMS occupancy error at iteration   1:  0.000164 (step -0.5000 Ne1=    163.0000)
                                                               Ne2=    160.0000
 RMS occupancy error at iteration   2:  0.000000 (step -0.5000 Ne1=    163.0000)
                                                               Ne2=    160.0000
            Final RMS occupancy error   :  0.000000 (Ne1=    163.0000)
                                                     Ne2=    160.0000
            Final occupancy bounds spin 1: [  0.000,  1.000]
            Final occupancy bounds spin 2: [  0.000,  1.000]
================================================================================

................................................................................
<<<<<<<<<<<<<< LNV (Original version) density kernel optimisation >>>>>>>>>>>>>>
~~~~~~~~~~~~~~~~~~~~~~~~~~~~~~~~~~~~~~~~~~~~~~~~~~~~~~~~~~~~~~~~~~~~~~~~~~~~~~~~
   iter  |      energy (Eh)       | rms gradient |  commutator  |   dE (Eh)
      ideal mu1:      -0.646110377794
      ideal mu2:      -0.649282580064
             Q0:        -839.465977636448
             G0:      -0.001127372280
   RMS gradient:       0.000167788518
     Trial step:       0.482377461407
             Q1:        -839.465962440211
 Quadratic coef:       0.000559015216
 Linear coef   :      -0.000543818978
           Qmin:        -839.466109895407
Quadratic minimum step length (  0.234632270175) accepted
    Initial Ne1:     163.00000000
    Initial Ne2:     160.00000000
      Final Ne1:     163.00000000
      Final Ne2:     160.00000000

=================== Penalty functional idempotency correction ==================
 RMS occupancy error at iteration   1:  0.000001 (step -0.5000 Ne1=    163.0000)
                                                               Ne2=    160.0000
            Final RMS occupancy error   :  0.000000 (Ne1=    163.0000)
                                                     Ne2=    160.0000
            Final occupancy bounds spin 1: [  0.000,  1.000]
            Final occupancy bounds spin 2: [  0.000,  1.000]
================================================================================

    1        -8.394659776364E+02     1.6779E-04     1.0412E-04
      ideal mu1:      -0.646050614812
      ideal mu2:      -0.649227866088
             Q0:        -839.466111030677
             G0:      -0.000483005654
   RMS gradient:       0.000110277901
     Trial step:       0.336424313704
             Q1:        -839.466227965512
 Quadratic coef:       0.000045560011
 Linear coef   :      -0.000162494846
           Qmin:        -839.466255919660
Quadratic minimum step length (  0.599947357376) accepted
    Initial Ne1:     163.00000000
    Initial Ne2:     160.00000000
      Final Ne1:     163.00000000
      Final Ne2:     160.00000000

=================== Penalty functional idempotency correction ==================
 RMS occupancy error at iteration   1:  0.000006 (step -0.4999 Ne1=    163.0000)
                                                               Ne2=    160.0000
            Final RMS occupancy error   :  0.000000 (Ne1=    163.0000)
                                                     Ne2=    160.0000
            Final occupancy bounds spin 1: [ -0.000,  1.000]
            Final occupancy bounds spin 2: [ -0.000,  1.000]
================================================================================

    2        -8.394661110307E+02     1.1028E-04     6.8476E-05    -1.3339E-04
      ideal mu1:      -0.645966014810
      ideal mu2:      -0.649152353742
             Q0:        -839.466253927281
             G0:      -0.000623654815
   RMS gradient:       0.000126758198
     Trial step:       0.449262593550
             Q1:        -839.466413340396
 Quadratic coef:       0.000120771665
 Linear coef   :      -0.000280184780
           Qmin:        -839.466416431273
Quadratic minimum step length (  0.521134411317) accepted
    Initial Ne1:     163.00000001
    Initial Ne2:     159.99999996
      Final Ne1:     163.00000000
      Final Ne2:     160.00000000

=================== Penalty functional idempotency correction ==================
 RMS occupancy error at iteration   1:  0.000025 (step -0.4996 Ne1=    163.0000)
                                                               Ne2=    160.0000
            Final RMS occupancy error   :  0.000000 (Ne1=    163.0000)
                                                     Ne2=    160.0000
            Final occupancy bounds spin 1: [ -0.000,  1.000]
            Final occupancy bounds spin 2: [  0.000,  1.000]
================================================================================

    3        -8.394662539273E+02     1.2676E-04     7.8752E-05    -1.4290E-04
      ideal mu1:      -0.645960081897
      ideal mu2:      -0.649149849168
             Q0:        -839.466415386714
             G0:      -0.000538684588
   RMS gradient:       0.000118773306
     Trial step:       0.483865887635
             Q1:        -839.466556194983
 Quadratic coef:       0.000119842827
 Linear coef   :      -0.000260651096
           Qmin:        -839.466557111913
Quadratic minimum step length (  0.526189913636) accepted
    Initial Ne1:     163.00000063
    Initial Ne2:     160.00000002
      Final Ne1:     163.00000000
      Final Ne2:     160.00000000

=================== Penalty functional idempotency correction ==================
 RMS occupancy error at iteration   1:  0.000051 (step -0.4991 Ne1=    163.0000)
                                                               Ne2=    160.0000
            Final RMS occupancy error   :  0.000000 (Ne1=    163.0000)
                                                     Ne2=    160.0000
            Final occupancy bounds spin 1: [ -0.000,  1.000]
            Final occupancy bounds spin 2: [ -0.000,  1.000]
================================================================================

    4        -8.394664153867E+02     1.1877E-04     7.3704E-05    -1.6146E-04
      ideal mu1:      -0.645964601456
      ideal mu2:      -0.649160041772
    5        -8.394665561536E+02     1.6411E-04     1.0177E-04    -1.4077E-04
Finished density kernel iterations (   5)

Writing density kernel to file "Fe3_O_piv_6_H2O_3_LowSpin.dkn" ... done


>>> Density kernel optimised for the current NGWF basis:
     ~~~~~~~~~~~~~~~~~~~~~~~~~~~~~~~~~~~~~~~~~~~~~~~~~~~~~~~~~~~
     Total energy                =  -8.39466556153565E+02  Eh
     Estimated bandgap (UP spin) =   4.0897E-02  Eh
     Estimated bandgap (DN spin) =   9.3311E-03  Eh
     RMS occupancy error         =   2.0472E-08
     [H,K] commutator            =   1.0177E-04
     UP spin occupancy bounds    = [ -0.000:  1.000]
     DN spin occupancy bounds    = [ -0.000:  1.000]
     ~~~~~~~~~~~~~~~~~~~~~~~~~~~~~~~~~~~~~~~~~~~~~~~~~~~~~~~~~~~




################################################################################
########################### NGWF CG iteration  014 #############################
################################################################################
****** Reciprocal space K.E. preconditioning with k_zero =  3.0000 a0^-1 *******

>>> Checking for convergence of NGWFs:   NOT CONVERGED
  ========================================================================
         NGWF RMS gradient =  3.2726E-06 >  2.0000E-06  | above tolerance
  ========================================================================

>>> Improving NGWFs using line search:
============ Calculation of NGWF S^-1 using Hotelling algorithm ================ 
     Iteration  |  Spin  |  Frobenius norm and Maximum abs value (of I-S*S_n^-1)
         1           1      0.37860751E-01     0.22933146E-02
         2           1      0.16468672E-03     0.25583183E-04
         3           1      0.60835423E-08     0.92621755E-09
         4           1      0.24282707E-13     0.31086245E-14
================================================================================
============ Calculation of NGWF S^-1 using Hotelling algorithm ================ 
     Iteration  |  Spin  |  Frobenius norm and Maximum abs value (of I-S*S_n^-1)
         1           1      0.16208358E-01     0.97667494E-03
         2           1      0.29963619E-04     0.45819002E-05
         3           1      0.19794740E-09     0.29545921E-10
         4           1      0.24078210E-13     0.28865799E-14
================================================================================
------------------------------- NGWF line search -------------------------------
RMS gradient                =       0.00000327256824
Trial step length           =               0.819393
Gradient along search dir.  =         -0.00012993141
Functional at step 0        =    -839.46655615356531
Functional at step 1        =    -839.46657046267160
Functional predicted        =    -839.46658690251036
Selected quadratic step     =               0.473310
Conjugate gradients coeff.  =               0.631157
--------------------------- NGWF line search finished --------------------------
                                               
Writing NGWFs to file "Fe3_O_piv_6_H2O_3_LowSpin.tightbox_ngwfs".... done

>>> Optimising kernel for current NGWFs:
   Initial electron number for spin 1:     163.00137040
   Initial electron number for spin 2:     160.00139652
     Final electron number for spin 1:     163.00000000
     Final electron number for spin 2:     160.00000000

=================== Penalty functional idempotency correction ==================
 RMS occupancy error at iteration   1:  0.000139 (step -0.5000 Ne1=    163.0000)
                                                               Ne2=    160.0000
            Final RMS occupancy error   :  0.000000 (Ne1=    163.0000)
                                                     Ne2=    160.0000
            Final occupancy bounds spin 1: [  0.000,  1.000]
            Final occupancy bounds spin 2: [  0.000,  1.000]
================================================================================

................................................................................
<<<<<<<<<<<<<< LNV (Original version) density kernel optimisation >>>>>>>>>>>>>>
~~~~~~~~~~~~~~~~~~~~~~~~~~~~~~~~~~~~~~~~~~~~~~~~~~~~~~~~~~~~~~~~~~~~~~~~~~~~~~~~
   iter  |      energy (Eh)       | rms gradient |  commutator  |   dE (Eh)
      ideal mu1:      -0.646011806278
      ideal mu2:      -0.649204994041
             Q0:        -839.466584431724
             G0:      -0.001118552512
   RMS gradient:       0.000167130900
     Trial step:       0.504584333512
             Q1:        -839.466531975148
 Quadratic coef:       0.000616860650
 Linear coef   :      -0.000564404074
           Qmin:        -839.466713533798
Quadratic minimum step length (  0.230837753702) accepted
    Initial Ne1:     162.99997846
    Initial Ne2:     159.99998474
      Final Ne1:     163.00000000
      Final Ne2:     160.00000000

=================== Penalty functional idempotency correction ==================
 RMS occupancy error at iteration   1:  0.000001 (step -0.5000 Ne1=    163.0000)
                                                               Ne2=    160.0000
            Final RMS occupancy error   :  0.000000 (Ne1=    163.0000)
                                                     Ne2=    160.0000
            Final occupancy bounds spin 1: [  0.000,  1.000]
            Final occupancy bounds spin 2: [  0.000,  1.000]
================================================================================

    1        -8.394665844317E+02     1.6713E-04     1.0368E-04
      ideal mu1:      -0.645981518030
      ideal mu2:      -0.649176039712
             Q0:        -839.466713571317
             G0:      -0.000459556518
   RMS gradient:       0.000107140625
     Trial step:       0.341287436190
             Q1:        -839.466826329897
 Quadratic coef:       0.000044082286
 Linear coef   :      -0.000156840866
           Qmin:        -839.466853077792
Quadratic minimum step length (  0.607135224895) accepted
    Initial Ne1:     162.99997673
    Initial Ne2:     159.99998351
      Final Ne1:     163.00000000
      Final Ne2:     160.00000000

=================== Penalty functional idempotency correction ==================
 RMS occupancy error at iteration   1:  0.000005 (step -0.4999 Ne1=    163.0000)
                                                               Ne2=    160.0000
            Final RMS occupancy error   :  0.000000 (Ne1=    163.0000)
                                                     Ne2=    160.0000
            Final occupancy bounds spin 1: [ -0.000,  1.000]
            Final occupancy bounds spin 2: [ -0.000,  1.000]
================================================================================

    2        -8.394667135713E+02     1.0714E-04     6.6492E-05    -1.2914E-04
      ideal mu1:      -0.645972108251
      ideal mu2:      -0.649168429384
             Q0:        -839.466848682357
             G0:      -0.000520555084
   RMS gradient:       0.000118333447
     Trial step:       0.455200641833
             Q1:        -839.466961155890
 Quadratic coef:       0.000124483476
 Linear coef   :      -0.000236957009
           Qmin:        -839.466961445565
Quadratic minimum step length (  0.433242170412) accepted
    Initial Ne1:     162.99997976
    Initial Ne2:     159.99998562
      Final Ne1:     163.00000000
      Final Ne2:     160.00000000

=================== Penalty functional idempotency correction ==================
 RMS occupancy error at iteration   1:  0.000014 (step -0.4998 Ne1=    163.0000)
                                                               Ne2=    160.0000
            Final RMS occupancy error   :  0.000000 (Ne1=    163.0000)
                                                     Ne2=    160.0000
            Final occupancy bounds spin 1: [ -0.000,  1.000]
            Final occupancy bounds spin 2: [  0.000,  1.000]
================================================================================

    3        -8.394668486824E+02     1.1833E-04     7.3500E-05    -1.3511E-04
      ideal mu1:      -0.646031551806
      ideal mu2:      -0.649224127292
             Q0:        -839.466961873008
             G0:      -0.000351613913
   RMS gradient:       0.000096756875
     Trial step:       0.444085705738
             Q1:        -839.467047247506
 Quadratic coef:       0.000070772214
 Linear coef   :      -0.000156146713
           Qmin:        -839.467048000721
Quadratic minimum step length (  0.489899345769) accepted
    Initial Ne1:     162.99998495
    Initial Ne2:     159.99998914
      Final Ne1:     163.00000000
      Final Ne2:     160.00000000

=================== Penalty functional idempotency correction ==================
 RMS occupancy error at iteration   1:  0.000023 (step -0.4996 Ne1=    163.0000)
                                                               Ne2=    160.0000
            Final RMS occupancy error   :  0.000000 (Ne1=    163.0000)
                                                     Ne2=    160.0000
            Final occupancy bounds spin 1: [ -0.000,  1.000]
            Final occupancy bounds spin 2: [  0.000,  1.000]
================================================================================

    4        -8.394669618730E+02     9.6757E-05     6.0053E-05    -1.1319E-04
      ideal mu1:      -0.646072252688
      ideal mu2:      -0.649264115214
    5        -8.394670473838E+02     1.2770E-04     7.9226E-05    -8.5511E-05
Finished density kernel iterations (   5)

Writing density kernel to file "Fe3_O_piv_6_H2O_3_LowSpin.dkn" ... done


>>> Density kernel optimised for the current NGWF basis:
     ~~~~~~~~~~~~~~~~~~~~~~~~~~~~~~~~~~~~~~~~~~~~~~~~~~~~~~~~~~~
     Total energy                =  -8.39467047383780E+02  Eh
     Estimated bandgap (UP spin) =   4.1221E-02  Eh
     Estimated bandgap (DN spin) =   6.7747E-03  Eh
     RMS occupancy error         =   4.6897E-09
     [H,K] commutator            =   7.9226E-05
     UP spin occupancy bounds    = [ -0.000:  1.000]
     DN spin occupancy bounds    = [  0.000:  1.000]
     ~~~~~~~~~~~~~~~~~~~~~~~~~~~~~~~~~~~~~~~~~~~~~~~~~~~~~~~~~~~




################################################################################
########################### NGWF CG iteration  015 #############################
################################################################################
****** Reciprocal space K.E. preconditioning with k_zero =  3.0000 a0^-1 *******

>>> Checking for convergence of NGWFs:   NOT CONVERGED
  ========================================================================
         NGWF RMS gradient =  2.2225E-06 >  2.0000E-06  | above tolerance
  ========================================================================

>>> Improving NGWFs using line search:
============ Calculation of NGWF S^-1 using Hotelling algorithm ================ 
     Iteration  |  Spin  |  Frobenius norm and Maximum abs value (of I-S*S_n^-1)
         1           1      0.30879909E-01     0.19132187E-02
         2           1      0.11073554E-03     0.17360550E-04
         3           1      0.27493219E-08     0.42520099E-09
         4           1      0.23364372E-13     0.28865799E-14
================================================================================
============ Calculation of NGWF S^-1 using Hotelling algorithm ================ 
     Iteration  |  Spin  |  Frobenius norm and Maximum abs value (of I-S*S_n^-1)
         1           1      0.17596254E-01     0.10873956E-02
         2           1      0.35792003E-04     0.55688163E-05
         3           1      0.28410453E-09     0.43596904E-10
         4           1      0.24672489E-13     0.39538278E-14
================================================================================
------------------------------- NGWF line search -------------------------------
RMS gradient                =       0.00000222250865
Trial step length           =               0.622758
Gradient along search dir.  =         -0.00007610632
Functional at step 0        =    -839.46704738378025
Functional at step 1        =    -839.46704023280358
Functional predicted        =    -839.46705767935691
Selected quadratic step     =               0.270558
Conjugate gradients coeff.  =               0.461221
--------------------------- NGWF line search finished --------------------------
                                               
Writing NGWFs to file "Fe3_O_piv_6_H2O_3_LowSpin.tightbox_ngwfs".... done

>>> Optimising kernel for current NGWFs:
   Initial electron number for spin 1:     163.00078117
   Initial electron number for spin 2:     160.00080545
     Final electron number for spin 1:     163.00000000
     Final electron number for spin 2:     160.00000000

=================== Penalty functional idempotency correction ==================
 RMS occupancy error at iteration   1:  0.000084 (step -0.5000 Ne1=    163.0000)
                                                               Ne2=    160.0000
            Final RMS occupancy error   :  0.000000 (Ne1=    163.0000)
                                                     Ne2=    160.0000
            Final occupancy bounds spin 1: [  0.000,  1.000]
            Final occupancy bounds spin 2: [  0.000,  1.000]
================================================================================

................................................................................
<<<<<<<<<<<<<< LNV (Original version) density kernel optimisation >>>>>>>>>>>>>>
~~~~~~~~~~~~~~~~~~~~~~~~~~~~~~~~~~~~~~~~~~~~~~~~~~~~~~~~~~~~~~~~~~~~~~~~~~~~~~~~
   iter  |      energy (Eh)       | rms gradient |  commutator  |   dE (Eh)
      ideal mu1:      -0.646100173795
      ideal mu2:      -0.649289184408
             Q0:        -839.467056996451
             G0:      -0.000675483676
   RMS gradient:       0.000129878119
     Trial step:       0.466430377126
             Q1:        -839.467079416162
 Quadratic coef:       0.000292646395
 Linear coef   :      -0.000315066106
           Qmin:        -839.467141797300
Quadratic minimum step length (  0.251081860463) accepted
    Initial Ne1:     162.99999164
    Initial Ne2:     159.99999384
      Final Ne1:     163.00000000
      Final Ne2:     160.00000000

=================== Penalty functional idempotency correction ==================
 RMS occupancy error at iteration   1:  0.000001 (step -0.5000 Ne1=    163.0000)
                                                               Ne2=    160.0000
            Final RMS occupancy error   :  0.000000 (Ne1=    163.0000)
                                                     Ne2=    160.0000
            Final occupancy bounds spin 1: [  0.000,  1.000]
            Final occupancy bounds spin 2: [  0.000,  1.000]
================================================================================

    1        -8.394670569965E+02     1.2988E-04     8.0595E-05
      ideal mu1:      -0.646044682424
      ideal mu2:      -0.649238114331
             Q0:        -839.467142650898
             G0:      -0.000323144899
   RMS gradient:       0.000090362997
     Trial step:       0.342216608109
             Q1:        -839.467220908617
 Quadratic coef:       0.000032327833
 Linear coef   :      -0.000110585551
           Qmin:        -839.467237222380
Quadratic minimum step length (  0.585319351041) accepted
    Initial Ne1:     162.99999056
    Initial Ne2:     159.99999305
      Final Ne1:     163.00000000
      Final Ne2:     160.00000000

=================== Penalty functional idempotency correction ==================
 RMS occupancy error at iteration   1:  0.000004 (step -0.5000 Ne1=    163.0000)
                                                               Ne2=    160.0000
            Final RMS occupancy error   :  0.000000 (Ne1=    163.0000)
                                                     Ne2=    160.0000
            Final occupancy bounds spin 1: [  0.000,  1.000]
            Final occupancy bounds spin 2: [  0.000,  1.000]
================================================================================

    2        -8.394671426509E+02     9.0363E-05     5.6084E-05    -8.5654E-05
      ideal mu1:      -0.645966737862
      ideal mu2:      -0.649167804681
             Q0:        -839.467236019198
             G0:      -0.000402157204
   RMS gradient:       0.000101747390
     Trial step:       0.447555586463
             Q1:        -839.467334294222
 Quadratic coef:       0.000081712679
 Linear coef   :      -0.000179987703
           Qmin:        -839.467335133478
Quadratic minimum step length (  0.492913113717) accepted
    Initial Ne1:     162.99998993
    Initial Ne2:     159.99999253
      Final Ne1:     163.00000000
      Final Ne2:     160.00000000

=================== Penalty functional idempotency correction ==================
 RMS occupancy error at iteration   1:  0.000015 (step -0.4998 Ne1=    163.0000)
                                                               Ne2=    160.0000
            Final RMS occupancy error   :  0.000000 (Ne1=    163.0000)
                                                     Ne2=    160.0000
            Final occupancy bounds spin 1: [ -0.000,  1.000]
            Final occupancy bounds spin 2: [ -0.000,  1.000]
================================================================================

    3        -8.394672360192E+02     1.0175E-04     6.3192E-05    -9.3368E-05
      ideal mu1:      -0.645951948476
      ideal mu2:      -0.649156194542
             Q0:        -839.467334658182
             G0:      -0.000305655346
   RMS gradient:       0.000089740792
     Trial step:       0.469687148733
             Q1:        -839.467417254411
 Quadratic coef:       0.000060966160
 Linear coef   :      -0.000143562388
           Qmin:        -839.467419172934
Quadratic minimum step length (  0.553006856560) accepted
    Initial Ne1:     162.99999146
    Initial Ne2:     159.99999348
      Final Ne1:     163.00000000
      Final Ne2:     160.00000000

=================== Penalty functional idempotency correction ==================
 RMS occupancy error at iteration   1:  0.000030 (step -0.4995 Ne1=    163.0000)
                                                               Ne2=    160.0000
            Final RMS occupancy error   :  0.000000 (Ne1=    163.0000)
                                                     Ne2=    160.0000
            Final occupancy bounds spin 1: [ -0.000,  1.000]
            Final occupancy bounds spin 2: [  0.000,  1.000]
================================================================================

    4        -8.394673346582E+02     8.9741E-05     5.5677E-05    -9.8639E-05
      ideal mu1:      -0.645970346278
      ideal mu2:      -0.649177610991
    5        -8.394674175710E+02     1.3495E-04     8.3668E-05    -8.2913E-05
Finished density kernel iterations (   5)

Writing density kernel to file "Fe3_O_piv_6_H2O_3_LowSpin.dkn" ... done


>>> Density kernel optimised for the current NGWF basis:
     ~~~~~~~~~~~~~~~~~~~~~~~~~~~~~~~~~~~~~~~~~~~~~~~~~~~~~~~~~~~
     Total energy                =  -8.39467417571011E+02  Eh
     Estimated bandgap (UP spin) =   4.1104E-02  Eh
     Estimated bandgap (DN spin) =   7.0521E-03  Eh
     RMS occupancy error         =   7.0288E-09
     [H,K] commutator            =   8.3668E-05
     UP spin occupancy bounds    = [ -0.000:  1.000]
     DN spin occupancy bounds    = [  0.000:  1.000]
     ~~~~~~~~~~~~~~~~~~~~~~~~~~~~~~~~~~~~~~~~~~~~~~~~~~~~~~~~~~~


================================================================================
           ---------------- ENERGY COMPONENTS (Eh) ----------------
           | Kinetic                    :      294.40659943173682 |
           | Core Hartree               :    -8862.20987686313674 |
           | CoreHart (non-coul chg cor):        0.00142678223254
           | Hartree                    :     4254.49681577172214 |
           | Exchange-correlation       :     -142.44505506255490 |
           | Ewald                      :     3609.65848956015998 |
           | Dij0                       :       19.56793075193620 |
           | Dijhartree                 :       32.65894935073903 |
           | Exc [AE core]              :     -458.48672765734614 |
           | Exc DC [AE core]           :     -199.71117550976155 |
           | Exc [PS core]              :     -113.06949509654294 |
           | Exc DC [PS core]           :     -132.22957116738988 |
           | Exc [Core]                 :     -299.81596204920010 |
           | Total [Sphere]             :        6.62560959107213 |
           | Total                      :     -839.46741757100062 |
           --------------------------------------------------------
           ------ LOCAL ENERGY COMPONENTS FROM MATRIX TRACES ------
           | Core Hartree               :    -8862.20987686313129 |
           | Hartree (Valence)          :     4254.49681577171395 |
           --------------------------------------------------------
           Integrated compensation chrg.:       39.84406237398616
           Integrated density           :      322.99999658111881
           Integrated spin density      :        2.99999998431140
           Integrated |spin density|    :        3.31559681874389
           Local density approx. <S^2>  :        3.90779841721609
           Integrated density tr(KS)    :      323.00000000000000
           Integrated spin tr(KS)       :        2.99999999999997
================================================================================




################################################################################
########################### NGWF CG iteration  016 #############################
################################################################################
****** Reciprocal space K.E. preconditioning with k_zero =  3.0000 a0^-1 *******

>>> Checking for convergence of NGWFs:   NOT CONVERGED
  ========================================================================
         NGWF RMS gradient =  2.0685E-06 >  2.0000E-06  | above tolerance
  ========================================================================

>>> Improving NGWFs using line search:
============ Calculation of NGWF S^-1 using Hotelling algorithm ================ 
     Iteration  |  Spin  |  Frobenius norm and Maximum abs value (of I-S*S_n^-1)
         1           1      0.29314339E-01     0.18308911E-02
         2           1      0.99874790E-04     0.15662990E-04
         3           1      0.22302617E-08     0.34657477E-09
         4           1      0.23987696E-13     0.31086245E-14
================================================================================
============ Calculation of NGWF S^-1 using Hotelling algorithm ================ 
     Iteration  |  Spin  |  Frobenius norm and Maximum abs value (of I-S*S_n^-1)
         1           1      0.19301212E-01     0.12034479E-02
         2           1      0.43156857E-04     0.67351248E-05
         3           1      0.41311072E-09     0.63924865E-10
         4           1      0.23450983E-13     0.26645353E-14
================================================================================
------------------------------- NGWF line search -------------------------------
RMS gradient                =       0.00000206852430
Trial step length           =               0.410478
Gradient along search dir.  =         -0.00007834952
Functional at step 0        =    -839.46741757101086
Functional at step 1        =    -839.46740313934822
Functional predicted        =    -839.46742312080403
Selected quadratic step     =               0.141668
Conjugate gradients coeff.  =               0.866232
--------------------------- NGWF line search finished --------------------------
                                               
Writing NGWFs to file "Fe3_O_piv_6_H2O_3_LowSpin.tightbox_ngwfs".... done

>>> Optimising kernel for current NGWFs:
   Initial electron number for spin 1:     163.00056969
   Initial electron number for spin 2:     160.00059599
     Final electron number for spin 1:     163.00000000
     Final electron number for spin 2:     160.00000000

=================== Penalty functional idempotency correction ==================
 RMS occupancy error at iteration   1:  0.000062 (step -0.5000 Ne1=    163.0000)
                                                               Ne2=    160.0000
            Final RMS occupancy error   :  0.000000 (Ne1=    163.0000)
                                                     Ne2=    160.0000
            Final occupancy bounds spin 1: [  0.000,  1.000]
            Final occupancy bounds spin 2: [  0.000,  1.000]
================================================================================

................................................................................
<<<<<<<<<<<<<< LNV (Original version) density kernel optimisation >>>>>>>>>>>>>>
~~~~~~~~~~~~~~~~~~~~~~~~~~~~~~~~~~~~~~~~~~~~~~~~~~~~~~~~~~~~~~~~~~~~~~~~~~~~~~~~
   iter  |      energy (Eh)       | rms gradient |  commutator  |   dE (Eh)
      ideal mu1:      -0.645990419565
      ideal mu2:      -0.649195584156
             Q0:        -839.467422859122
             G0:      -0.000742029601
   RMS gradient:       0.000136125403
     Trial step:       0.509647146256
             Q1:        -839.467359457889
 Quadratic coef:       0.000441574502
 Linear coef   :      -0.000378173268
           Qmin:        -839.467503827917
Quadratic minimum step length (  0.218236023787) accepted
    Initial Ne1:     162.99999602
    Initial Ne2:     159.99999698
      Final Ne1:     163.00000000
      Final Ne2:     160.00000000

=================== Penalty functional idempotency correction ==================
 RMS occupancy error at iteration   1:  0.000001 (step -0.5000 Ne1=    163.0000)
                                                               Ne2=    160.0000
            Final RMS occupancy error   :  0.000000 (Ne1=    163.0000)
                                                     Ne2=    160.0000
            Final occupancy bounds spin 1: [  0.000,  1.000]
            Final occupancy bounds spin 2: [  0.000,  1.000]
================================================================================

    1        -8.394674228591E+02     1.3613E-04     8.4412E-05
      ideal mu1:      -0.645965535384
      ideal mu2:      -0.649171731510
             Q0:        -839.467503813582
             G0:      -0.000273185053
   RMS gradient:       0.000082589996
     Trial step:       0.333501674259
             Q1:        -839.467571603991
 Quadratic coef:       0.000023317264
 Linear coef   :      -0.000091107673
           Qmin:        -839.467592809959
Quadratic minimum step length (  0.651546457997) accepted
    Initial Ne1:     162.99999563
    Initial Ne2:     159.99999668
      Final Ne1:     163.00000000
      Final Ne2:     160.00000000

=================== Penalty functional idempotency correction ==================
 RMS occupancy error at iteration   1:  0.000004 (step -0.5000 Ne1=    163.0000)
                                                               Ne2=    160.0000
            Final RMS occupancy error   :  0.000000 (Ne1=    163.0000)
                                                     Ne2=    160.0000
            Final occupancy bounds spin 1: [  0.000,  1.000]
            Final occupancy bounds spin 2: [  0.000,  1.000]
================================================================================

    2        -8.394675038136E+02     8.2590E-05     5.1236E-05    -8.0954E-05
      ideal mu1:      -0.645948774794
      ideal mu2:      -0.649157194676
             Q0:        -839.467588403677
             G0:      -0.000340476051
   RMS gradient:       0.000097251982
     Trial step:       0.466145722494
             Q1:        -839.467660763418
 Quadratic coef:       0.000086351713
 Linear coef   :      -0.000158711455
           Qmin:        -839.467661330214
Quadratic minimum step length (  0.428379836773) accepted
    Initial Ne1:     162.99999602
    Initial Ne2:     159.99999694
      Final Ne1:     163.00000000
      Final Ne2:     160.00000000

=================== Penalty functional idempotency correction ==================
 RMS occupancy error at iteration   1:  0.000010 (step -0.4998 Ne1=    163.0000)
                                                               Ne2=    160.0000
            Final RMS occupancy error   :  0.000000 (Ne1=    163.0000)
                                                     Ne2=    160.0000
            Final occupancy bounds spin 1: [ -0.000,  1.000]
            Final occupancy bounds spin 2: [ -0.000,  1.000]
================================================================================

    3        -8.394675884037E+02     9.7252E-05     6.0365E-05    -8.4590E-05
      ideal mu1:      -0.645987693260
      ideal mu2:      -0.649194069415
             Q0:        -839.467661901134
             G0:      -0.000238298677
   RMS gradient:       0.000080260855
     Trial step:       0.446863993307
             Q1:        -839.467717516217
 Quadratic coef:       0.000050872016
 Linear coef   :      -0.000106487098
           Qmin:        -839.467717626772
Quadratic minimum step length (  0.467695737594) accepted
    Initial Ne1:     162.99999715
    Initial Ne2:     159.99999772
      Final Ne1:     163.00000000
      Final Ne2:     160.00000000

=================== Penalty functional idempotency correction ==================
 RMS occupancy error at iteration   1:  0.000016 (step -0.4997 Ne1=    163.0000)
                                                               Ne2=    160.0000
            Final RMS occupancy error   :  0.000000 (Ne1=    163.0000)
                                                     Ne2=    160.0000
            Final occupancy bounds spin 1: [ -0.000,  1.000]
            Final occupancy bounds spin 2: [ -0.000,  1.000]
================================================================================

    4        -8.394676619011E+02     8.0261E-05     4.9786E-05    -7.3497E-05
      ideal mu1:      -0.646040463229
      ideal mu2:      -0.649244412990
    5        -8.394677174106E+02     1.0079E-04     6.2533E-05    -5.5509E-05
Finished density kernel iterations (   5)

Writing density kernel to file "Fe3_O_piv_6_H2O_3_LowSpin.dkn" ... done


>>> Density kernel optimised for the current NGWF basis:
     ~~~~~~~~~~~~~~~~~~~~~~~~~~~~~~~~~~~~~~~~~~~~~~~~~~~~~~~~~~~
     Total energy                =  -8.39467717410595E+02  Eh
     Estimated bandgap (UP spin) =   4.1284E-02  Eh
     Estimated bandgap (DN spin) =   1.0075E-02  Eh
     RMS occupancy error         =   2.1683E-09
     [H,K] commutator            =   6.2533E-05
     UP spin occupancy bounds    = [ -0.000:  1.000]
     DN spin occupancy bounds    = [ -0.000:  1.000]
     ~~~~~~~~~~~~~~~~~~~~~~~~~~~~~~~~~~~~~~~~~~~~~~~~~~~~~~~~~~~




################################################################################
########################### NGWF CG iteration  017 #############################
################################################################################
****** Reciprocal space K.E. preconditioning with k_zero =  3.0000 a0^-1 *******

>>> Checking for convergence of NGWFs: 
           ........................................................
           |         *** NGWF optimisation converged ***          |
           | RMS NGWF gradient =    0.00000157087457              |
           | Criteria satisfied:                                  |
           | -> RMS NGWF gradient lower than set threshold.       |
           ========================================================

================================================================================
           ---------------- ENERGY COMPONENTS (Eh) ----------------
           | Kinetic                    :      294.41828706667991 |
           | Core Hartree               :    -8862.20001764262634 |
           | CoreHart (non-coul chg cor):        0.00142678223254
           | Hartree                    :     4254.47460688071442 |
           | Exchange-correlation       :     -142.44579256620506 |
           | Ewald                      :     3609.65848956015998 |
           | Dij0                       :       19.57066791406815 |
           | Dijhartree                 :       32.66014967377953 |
           | Exc [AE core]              :     -458.49238828554189 |
           | Exc DC [AE core]           :     -199.71846980643230 |
           | Exc [PS core]              :     -113.07231793918112 |
           | Exc DC [PS core]           :     -132.23332474846782 |
           | Exc [Core]                 :     -299.81596204920010 |
           | Total [Sphere]             :        6.62670929068702 |
           | Total                      :     -839.46771741059126 |
           --------------------------------------------------------
           ------ LOCAL ENERGY COMPONENTS FROM MATRIX TRACES ------
           | Core Hartree               :    -8862.20001764260269 |
           | Hartree (Valence)          :     4254.47460688071351 |
           --------------------------------------------------------
           Integrated compensation chrg.:       39.84683305675877
           Integrated density           :      322.99999658077832
           Integrated spin density      :        2.99999998427460
           Integrated |spin density|    :        3.32256645670400
           Local density approx. <S^2>  :        3.91128323621451
           Integrated density tr(KS)    :      323.00000000000000
           Integrated spin tr(KS)       :        3.00000000000000
================================================================================

Calculating NGWF non self-consistent forces...done.

                        <<<<< CALCULATION SUMMARY >>>>>                         
|ITER|    RMS GRADIENT   |     TOTAL ENERGY    |   step   |     Epredicted              
   0     0.00083825637820   -833.45889319433275   1.125785   -837.50411782463402        
   1     0.00033566036700   -838.19470627146052   1.142950   -838.84188140979393        
   2     0.00016725942236   -839.07854990021872   0.961341   -839.21903771586915        
   3     0.00010967793549   -839.30303623687223   0.743129   -839.35076654234001        
   4     0.00006117297328   -839.39320992772969   0.840342   -839.40929075629606        
   5     0.00004366291392   -839.42910914019171   1.000219   -839.43857569053353        
   6     0.00003019716429   -839.44639028007316   1.020817   -839.45133819476496        
   7     0.00001978654193   -839.45541187995332   0.916921   -839.45731547157584        
   8     0.00001434999014   -839.45969943577609   0.612866   -839.46034479551429        
   9     0.00000970548516   -839.46196721610681   1.011991   -839.46243288279413        
  10     0.00000718161490   -839.46369224783598   0.946753   -839.46399506728267        
  11     0.00000624354017   -839.46497414555097   0.609080   -839.46515535242611        
  12     0.00000411926675   -839.46590215501237   0.901598   -839.46598038729996        
  13     0.00000327256824   -839.46655615356531   0.473310   -839.46658690251036        
  14     0.00000222250865   -839.46704738378025   0.270558   -839.46705767935691        
  15     0.00000206852430   -839.46741757101086   0.141668   -839.46742312080403        
  16     0.00000157087457   -839.46771741059501  <-- CG                                 

======================== Writing density and potential =========================
Writing "Fe3_O_piv_6_H2O_3_LowSpin_ps_density.cube" ... done
Writing "Fe3_O_piv_6_H2O_3_LowSpin_ps_spindensity.cube" ... done
Writing "Fe3_O_piv_6_H2O_3_LowSpin_ae_density.cube" ... done
Writing "Fe3_O_piv_6_H2O_3_LowSpin_ae_spindensity.cube" ... done
Writing "Fe3_O_piv_6_H2O_3_LowSpin_potential.cube" ... done
Writing "Fe3_O_piv_6_H2O_3_LowSpin_electrostatic_potential.cube" ... done
================================================================================

    Mulliken Atomic Populations
    ---------------------------
Species  Ion    Total   Charge (e)    Spin (hbar)
=================================================
  Fe     1      15.027      0.973      0.47
  Fe     2      15.194      0.806      0.47
  Fe     3      15.109      0.891      0.46
  O      4       6.462     -0.462      0.10
  O      5       6.804     -0.804     -0.00
  H      6       0.513      0.487     -0.00
  H      7       0.515      0.485      0.00
  O      8       6.790     -0.790     -0.00
  H      9       0.516      0.484      0.00
  H     10       0.517      0.483      0.00
  O     11       6.798     -0.798     -0.00
  H     12       0.514      0.486     -0.00
  H     13       0.518      0.482      0.00
  O     14       6.483     -0.483      0.00
  O     15       6.487     -0.487      0.00
  O     16       6.490     -0.490      0.00
  O     17       6.455     -0.455      0.00
  O     18       6.472     -0.472      0.00
  O     19       6.501     -0.501      0.00
  O     20       6.466     -0.466      0.01
  O     21       6.452     -0.452      0.00
  O     22       6.482     -0.482      0.00
  O     23       6.500     -0.500      0.00
  O     24       6.483     -0.483      0.01
  O     25       6.467     -0.467      0.00
  C     26       3.431      0.569     -0.00
  C     27       4.023     -0.023     -0.00
  C     28       4.776     -0.776     -0.00
  H     29       0.740      0.260      0.00
  H     30       0.730      0.270     -0.00
  H     31       0.719      0.281      0.00
  C     32       4.769     -0.769     -0.00
  H     33       0.736      0.264     -0.00
  H     34       0.716      0.284     -0.00
  H     35       0.737      0.263     -0.00
  C     36       4.777     -0.777     -0.00
  H     37       0.739      0.261     -0.00
  H     38       0.729      0.271      0.00
  H     39       0.721      0.279     -0.00
  C     40       3.419      0.581     -0.00
  C     41       4.021     -0.021     -0.00
  C     42       4.763     -0.763     -0.00
  H     43       0.735      0.265     -0.00
  H     44       0.735      0.265     -0.00
  H     45       0.719      0.281     -0.00
  C     46       4.781     -0.781     -0.00
  H     47       0.738      0.262     -0.00
  H     48       0.724      0.276     -0.00
  H     49       0.723      0.277      0.00
  C     50       4.781     -0.781     -0.00
  H     51       0.739      0.261     -0.00
  H     52       0.721      0.279      0.00
  H     53       0.723      0.277     -0.00
  C     54       3.411      0.589     -0.00
  C     55       4.023     -0.023     -0.00
  C     56       4.776     -0.776     -0.00
  H     57       0.719      0.281     -0.00
  H     58       0.741      0.259      0.00
  H     59       0.736      0.264      0.00
  C     60       4.774     -0.774     -0.00
  H     61       0.719      0.281     -0.00
  H     62       0.739      0.261      0.00
  H     63       0.729      0.271     -0.00
  C     64       4.770     -0.770     -0.00
  H     65       0.719      0.281     -0.00
  H     66       0.734      0.266     -0.00
  H     67       0.737      0.263      0.00
  C     68       3.417      0.583     -0.00
  C     69       4.018     -0.018     -0.00
  C     70       4.766     -0.766     -0.00
  H     71       0.721      0.279     -0.00
  H     72       0.744      0.256      0.00
  H     73       0.733      0.267      0.00
  C     74       4.779     -0.779     -0.00
  H     75       0.724      0.276     -0.00
  H     76       0.721      0.279      0.00
  H     77       0.737      0.263     -0.00
  C     78       4.777     -0.777     -0.00
  H     79       0.727      0.273     -0.00
  H     80       0.728      0.272     -0.00
  H     81       0.729      0.271      0.00
  C     82       3.421      0.579     -0.00
  C     83       4.023     -0.023     -0.00
  C     84       4.771     -0.771     -0.00
  H     85       0.738      0.262      0.00
  H     86       0.720      0.280     -0.00
  H     87       0.730      0.270      0.00
  C     88       4.773     -0.773     -0.00
  H     89       0.730      0.270     -0.00
  H     90       0.745      0.255     -0.00
  H     91       0.717      0.283     -0.00
  C     92       4.778     -0.778     -0.00
  H     93       0.720      0.280     -0.00
  H     94       0.740      0.260      0.00
  H     95       0.734      0.266      0.00
  C     96       3.425      0.575     -0.00
  C     97       4.022     -0.022     -0.00
  C     98       4.770     -0.770     -0.00
  H     99       0.723      0.277     -0.00
  H    100       0.743      0.257     -0.00
  H    101       0.725      0.275     -0.00
  C    102       4.777     -0.777     -0.00
  H    103       0.719      0.281     -0.00
  H    104       0.732      0.268      0.00
  H    105       0.733      0.267     -0.00
  C    106       4.775     -0.775     -0.00
  H    107       0.727      0.273      0.00
  H    108       0.722      0.278      0.00
  H    109       0.738      0.262      0.00
=================================================

        Bond         Population      Spin       Length (bohr)
=============================================================
 O     5 -- H     6        0.58      0.00      1.82153
 O    11 -- H    12        0.58      0.00      1.82162
 O     8 -- H     9        0.58      0.00      1.82371
 O    11 -- H    13        0.58     -0.00      1.82496
 O     5 -- H     7        0.58     -0.00      1.82550
 O     8 -- H    10        0.58     -0.00      1.82606
 C    50 -- H    52        0.82     -0.00      2.05926
 C    74 -- H    76        0.82     -0.00      2.05968
 C    46 -- H    49        0.82     -0.00      2.05973
 C    98 -- H   101        0.83     -0.00      2.05998
 C    28 -- H    29        0.82      0.00      2.06000
 C    36 -- H    38        0.82     -0.00      2.06009
 C    84 -- H    87        0.83     -0.00      2.06022
 C    60 -- H    62        0.82      0.00      2.06033
 C    78 -- H    81        0.83      0.00      2.06038
 C   106 -- H   108        0.82     -0.00      2.06097
 C    56 -- H    59        0.83     -0.00      2.06123
 C    64 -- H    67        0.83     -0.00      2.06145
 C   102 -- H   104        0.82     -0.00      2.06162
 C    88 -- H    90        0.82      0.00      2.06190
 C    70 -- H    73        0.83     -0.00      2.06211
 C   106 -- H   109        0.83      0.00      2.06234
 C    32 -- H    33        0.83     -0.00      2.06276
 C    42 -- H    43        0.83     -0.00      2.06278
 C    78 -- H    80        0.82     -0.00      2.06288
 C    92 -- H    95        0.82      0.00      2.06300
 C    92 -- H    94        0.82      0.00      2.06321
 C    28 -- H    31        0.83     -0.00      2.06329
 C    56 -- H    57        0.83     -0.00      2.06333
 C    60 -- H    61        0.82     -0.00      2.06336
 C    36 -- H    39        0.83     -0.00      2.06342
 C    92 -- H    93        0.83     -0.00      2.06349
 C    46 -- H    48        0.82     -0.00      2.06358
 C    88 -- H    91        0.83      0.00      2.06361
 C    50 -- H    53        0.83     -0.00      2.06364
 C    74 -- H    75        0.82     -0.00      2.06370
 C    64 -- H    65        0.83      0.00      2.06370
 C    84 -- H    86        0.83      0.00      2.06374
 C   102 -- H   103        0.82      0.00      2.06377
 C   106 -- H   107        0.83     -0.00      2.06381
 C    78 -- H    79        0.82     -0.00      2.06384
 C    98 -- H    99        0.83     -0.00      2.06384
 C    32 -- H    34        0.83      0.00      2.06391
 C    70 -- H    71        0.83     -0.00      2.06402
 C    42 -- H    45        0.82      0.00      2.06416
 C    42 -- H    44        0.83     -0.00      2.06422
 C    56 -- H    58        0.82      0.00      2.06460
 C    36 -- H    37        0.82      0.00      2.06478
 C    60 -- H    63        0.82     -0.00      2.06483
 C    28 -- H    30        0.82     -0.00      2.06487
 C    32 -- H    35        0.82     -0.00      2.06496
 C    46 -- H    47        0.82     -0.00      2.06496
 C    64 -- H    66        0.82     -0.00      2.06502
 C    88 -- H    89        0.82     -0.00      2.06524
 C    84 -- H    85        0.82     -0.00      2.06534
 C    98 -- H   100        0.82     -0.00      2.06537
 C   102 -- H   105        0.82     -0.00      2.06544
 C    70 -- H    72        0.82     -0.00      2.06550
 C    74 -- H    77        0.82     -0.00      2.06557
 C    50 -- H    51        0.82     -0.00      2.06568
 O    25 -- C    96        0.94      0.00      2.36732
 O    23 -- C    82        0.93      0.00      2.36956
 O    21 -- C    68        0.95      0.00      2.36974
 O    17 -- C    40        0.95      0.00      2.37138
 O    19 -- C    54        0.94      0.00      2.37358
 O    15 -- C    26        0.94      0.00      2.37473
 O    18 -- C    54        0.94      0.00      2.37498
 O    14 -- C    26        0.93      0.00      2.37570
 O    16 -- C    40        0.92      0.00      2.37588
 O    20 -- C    68        0.93      0.00      2.37698
 O    22 -- C    82        0.94      0.00      2.37965
 O    24 -- C    96        0.93      0.00      2.38104
 C    83 -- C    92        0.71      0.00      2.87813
 C    69 -- C    78        0.71      0.00      2.87835
 C    97 -- C   106        0.71      0.00      2.87852
 C    55 -- C    56        0.71      0.00      2.87929
 C    27 -- C    36        0.71      0.00      2.88039
 C    41 -- C    46        0.71      0.00      2.88153
 C    96 -- C    97        0.77     -0.00      2.88286
 C    40 -- C    41        0.77     -0.00      2.88381
 C    41 -- C    50        0.71      0.00      2.88418
 C    68 -- C    69        0.77     -0.00      2.88536
 C    82 -- C    83        0.77     -0.00      2.88609
 C    54 -- C    55        0.77     -0.00      2.88636
 C    27 -- C    28        0.70      0.00      2.88663
 C    26 -- C    27        0.77     -0.00      2.88705
 C    69 -- C    74        0.70      0.00      2.88969
 C    55 -- C    60        0.70      0.00      2.89090
 C    97 -- C    98        0.70      0.00      2.89145
 C    83 -- C    84        0.70      0.00      2.89368
 C    83 -- C    88        0.69      0.00      2.89471
 C    97 -- C   102        0.69      0.00      2.89663
 C    55 -- C    64        0.69      0.00      2.89787
 C    69 -- C    70        0.69      0.00      2.89821
 C    27 -- C    32        0.69      0.00      2.89986
 C    41 -- C    42        0.69      0.00      2.90097
 H     9 -- H    10       -0.11      0.00      2.92457
 H    12 -- H    13       -0.11      0.00      2.93871
 H     6 -- H     7       -0.11      0.00      2.94181
 H    57 -- H    58       -0.11      0.00      3.33110
 H    80 -- H    81       -0.11     -0.00      3.33274
 H   108 -- H   109       -0.11     -0.00      3.33279
 H    37 -- H    39       -0.10      0.00      3.33283
 H    51 -- H    53       -0.10      0.00      3.33404
 H    93 -- H    95       -0.10      0.00      3.33408
 H    47 -- H    48       -0.10      0.00      3.33484
 H    75 -- H    77       -0.10      0.00      3.33488
 H    93 -- H    94       -0.11     -0.00      3.33497
 H    30 -- H    31       -0.10      0.00      3.33531
 H    29 -- H    31       -0.11     -0.00      3.33584
 H    90 -- H    91       -0.11      0.00      3.33604
 H   103 -- H   105       -0.10      0.00      3.33609
 H    99 -- H   100       -0.11      0.00      3.33687
 H    61 -- H    63       -0.10      0.00      3.33702
 H    89 -- H    91       -0.10      0.00      3.33729
 H    85 -- H    86       -0.10      0.00      3.33731
 H    71 -- H    72       -0.11      0.00      3.33750
 H    61 -- H    62       -0.10      0.00      3.33771
 H    65 -- H    66       -0.10      0.00      3.33843
 H    57 -- H    59       -0.10      0.00      3.33852
 H    34 -- H    35       -0.10      0.00      3.33936
 H    79 -- H    80       -0.10      0.00      3.34043
 H    38 -- H    39       -0.10      0.00      3.34056
 H   107 -- H   109       -0.11     -0.00      3.34064
 H    48 -- H    49       -0.10      0.00      3.34160
 H    44 -- H    45       -0.10      0.00      3.34192
 H   103 -- H   104       -0.10      0.00      3.34274
 H    43 -- H    45       -0.10      0.00      3.34331
 H    51 -- H    52       -0.10     -0.00      3.34344
 H    62 -- H    63       -0.11     -0.00      3.34401
 H   107 -- H   108       -0.10      0.00      3.34428
 H   100 -- H   101       -0.10     -0.00      3.34459
 H    37 -- H    38       -0.10      0.00      3.34494
 H    79 -- H    81       -0.10      0.00      3.34498
 H    52 -- H    53       -0.10      0.00      3.34504
 H    47 -- H    49       -0.10      0.00      3.34531
 H    33 -- H    34       -0.10      0.00      3.34565
 H    86 -- H    87       -0.10      0.00      3.34582
 H    65 -- H    67       -0.10      0.00      3.34602
 H    66 -- H    67       -0.10     -0.00      3.34618
 H    75 -- H    76       -0.10      0.00      3.34642
 H    85 -- H    87       -0.11     -0.00      3.34670
 H    29 -- H    30       -0.11      0.00      3.34770
 H    76 -- H    77       -0.10     -0.00      3.34909
 H    71 -- H    73       -0.10      0.00      3.34937
 H    58 -- H    59       -0.10      0.00      3.34957
 H    99 -- H   101       -0.10      0.00      3.34961
 H    94 -- H    95       -0.10      0.00      3.34986
 H    33 -- H    35       -0.11     -0.00      3.35252
 H    89 -- H    90       -0.10     -0.00      3.35445
 H   104 -- H   105       -0.10     -0.00      3.35446
 H    72 -- H    73       -0.10     -0.00      3.35551
 H    43 -- H    44       -0.11     -0.00      3.35556
 Fe    1 -- O     4        0.26     -0.02      3.44434
 Fe    2 -- O     4        0.32     -0.02      3.44846
 Fe    3 -- O     4        0.29     -0.02      3.46066
 Fe    3 -- O    21        0.26     -0.01      3.58525
 Fe    2 -- O    20        0.29     -0.01      3.59072
 Fe    1 -- O    25        0.23     -0.01      3.59392
 Fe    2 -- O    17        0.27     -0.01      3.59681
 Fe    3 -- O    24        0.29     -0.01      3.60461
 Fe    1 -- O    16        0.27     -0.01      3.60956
 Fe    1 -- O    14        0.26     -0.01      3.62332
 Fe    3 -- O    22        0.28     -0.01      3.63214
 Fe    2 -- O    18        0.29     -0.01      3.63626
 Fe    3 -- O    19        0.29     -0.01      3.65282
 Fe    1 -- O    23        0.28     -0.01      3.65441
 Fe    2 -- O    15        0.31     -0.01      3.65809
 Fe    3 -- O    11        0.07     -0.00      3.83728
 Fe    1 -- O     5        0.06     -0.00      3.84288
 Fe    2 -- O     8        0.08     -0.00      3.84343
 C    97 -- H   107       -0.11      0.00      4.05838
 C    69 -- H    79       -0.11      0.00      4.05861
 C    55 -- H    57       -0.11      0.00      4.06029
 C    41 -- H    48       -0.11      0.00      4.06078
 C    83 -- H    93       -0.11      0.00      4.06212
 C    27 -- H    39       -0.11      0.00      4.06290
 C    27 -- H    31       -0.11      0.00      4.06723
 C    41 -- H    53       -0.11      0.00      4.06766
 C    69 -- H    75       -0.11      0.00      4.06829
 C    55 -- H    61       -0.11      0.00      4.07134
 C    97 -- H    99       -0.11      0.00      4.07238
 C    83 -- H    86       -0.11      0.00      4.07388
 C    97 -- H   103       -0.11      0.00      4.07466
 C    69 -- H    71       -0.11      0.00      4.07709
 C    41 -- H    45       -0.11      0.00      4.07866
 C    55 -- H    65       -0.11      0.00      4.07902
 C    83 -- H    91       -0.11      0.00      4.07936
 C    27 -- H    34       -0.11      0.00      4.08083
 C    97 -- H   109       -0.12     -0.00      4.10760
 C    83 -- H    94       -0.12     -0.00      4.10835
 C    69 -- H    80       -0.12      0.00      4.10989
 C    69 -- H    81       -0.11     -0.00      4.11020
 C    41 -- H    51       -0.12      0.00      4.11121
 C    27 -- H    37       -0.12      0.00      4.11153
 C    55 -- H    59       -0.12     -0.00      4.11210
 C    27 -- H    38       -0.11      0.00      4.11216
 C    55 -- H    58       -0.12      0.00      4.11229
 C    41 -- H    47       -0.12      0.00      4.11230
 C    41 -- H    49       -0.11     -0.00      4.11274
 C    83 -- H    95       -0.12     -0.00      4.11294
 C    97 -- H   108       -0.11      0.00      4.11369
 C    41 -- H    52       -0.11      0.00      4.11412
 C    83 -- H    87       -0.12     -0.00      4.11446
 C    83 -- H    90       -0.12      0.00      4.11449
 C    69 -- H    76       -0.11     -0.00      4.11496
 C    97 -- H   101       -0.11      0.00      4.11500
 C    27 -- H    29       -0.12     -0.00      4.11591
 C    69 -- H    73       -0.12      0.00      4.11609
 C    69 -- H    77       -0.12      0.00      4.11667
 C    97 -- H   100       -0.12      0.00      4.11732
 C    27 -- H    30       -0.12      0.00      4.11897
 C    97 -- H   104       -0.12     -0.00      4.11966
 C    27 -- H    33       -0.12      0.00      4.12038
 C    55 -- H    67       -0.12      0.00      4.12068
 C    55 -- H    62       -0.11     -0.00      4.12145
 C    55 -- H    63       -0.12      0.00      4.12182
 C    41 -- H    44       -0.12      0.00      4.12185
 C    69 -- H    72       -0.12      0.00      4.12315
 C    41 -- H    43       -0.12      0.00      4.12362
 C    83 -- H    85       -0.12      0.00      4.12385
 C    27 -- H    35       -0.12      0.00      4.12488
 C    55 -- H    66       -0.12      0.00      4.12494
 C    97 -- H   105       -0.12      0.00      4.12548
 C    83 -- H    89       -0.12      0.00      4.12673
 H    13 -- O    19       -0.00      0.00      4.19910
 H     7 -- O    23       -0.00      0.00      4.20644
 O    24 -- O    25       -0.17     -0.00      4.20692
 O    16 -- O    17       -0.17     -0.00      4.20772
 O    18 -- O    19       -0.17     -0.00      4.20880
 O    22 -- O    23       -0.17     -0.00      4.20935
 H    10 -- O    18       -0.00      0.00      4.21366
 O    20 -- O    21       -0.16     -0.00      4.21414
 O    14 -- O    15       -0.17     -0.00      4.21726
 H     9 -- O    15       -0.00      0.00      4.41269
 O    20 -- C    69       -0.18      0.00      4.48718
 O    22 -- C    83       -0.18      0.00      4.49143
 O    19 -- C    55       -0.18      0.00      4.49312
 O    24 -- C    97       -0.18      0.00      4.49528
 O    15 -- C    27       -0.18      0.00      4.49610
 O    17 -- C    41       -0.18      0.00      4.49647
 O    14 -- C    27       -0.18      0.00      4.51165
 O    16 -- C    41       -0.18      0.00      4.51175
 O    25 -- C    97       -0.18      0.00      4.51436
 O    21 -- C    69       -0.18      0.00      4.51506
 O    18 -- C    55       -0.18      0.00      4.52079
 O    23 -- C    83       -0.18      0.00      4.52279
 C    40 -- C    42       -0.17      0.00      4.61344
 C    26 -- C    32       -0.17      0.00      4.62720
 C    68 -- C    70       -0.17      0.00      4.63496
 C    54 -- C    64       -0.17      0.00      4.64996
 Fe    2 -- H    10       -0.13     -0.00      4.65153
 C    96 -- C   102       -0.17      0.00      4.65327
 Fe    3 -- H    13       -0.13     -0.00      4.65390
 Fe    1 -- H     7       -0.13     -0.00      4.66867
 C    82 -- C    88       -0.17      0.00      4.67291
 H    31 -- H    39       -0.02     -0.00      4.67832
 C    82 -- C    84       -0.17      0.00      4.67998
 C    96 -- C    98       -0.17      0.00      4.68616
 H    57 -- H    61       -0.02     -0.00      4.70121
 C    68 -- C    74       -0.17      0.00      4.70383
 H    48 -- H    53       -0.02     -0.00      4.70383
 C    54 -- C    60       -0.17      0.00      4.70395
 Fe    2 -- H     9       -0.13     -0.00      4.70464
 C    56 -- C    60       -0.17      0.00      4.72290
 C    28 -- C    36       -0.17     -0.00      4.72439
 C    56 -- C    64       -0.17     -0.00      4.72572
 H    86 -- H    93       -0.01     -0.00      4.72698
 C    88 -- C    92       -0.17     -0.00      4.72711
 C    26 -- C    28       -0.17      0.00      4.72764
 C    84 -- C    92       -0.17      0.00      4.72814
 C    42 -- C    46       -0.17      0.00      4.72828
 C    32 -- C    36       -0.17      0.00      4.72950
 H    75 -- H    79       -0.01     -0.00      4.72964
 C   102 -- C   106       -0.17      0.00      4.72982
 C    70 -- C    74       -0.17      0.00      4.73054
 C    40 -- C    50       -0.17      0.00      4.73061
 C    84 -- C    88       -0.17      0.00      4.73119
 C    28 -- C    32       -0.17      0.00      4.73225
 C    46 -- C    50       -0.17     -0.00      4.73245
 C    98 -- C   102       -0.17      0.00      4.73432
 C    70 -- C    78       -0.17      0.00      4.73485
 C    74 -- C    78       -0.17     -0.00      4.73493
 H    91 -- H    93       -0.01      0.00      4.73609
 C    98 -- C   106       -0.17     -0.00      4.73619
 C    42 -- C    50       -0.17      0.00      4.73900
 H   103 -- H   107       -0.01     -0.00      4.73941
 C    60 -- C    64       -0.16      0.00      4.73956
 C    40 -- C    46       -0.17      0.00      4.74344
 C    96 -- C   106       -0.18      0.00      4.74725
 H    57 -- H    65       -0.01     -0.00      4.74760
 H    99 -- H   107       -0.01     -0.00      4.74878
 C    68 -- C    78       -0.17      0.00      4.75199
 C    26 -- C    36       -0.17      0.00      4.75580
 C    82 -- C    92       -0.17      0.00      4.75603
 Fe    3 -- H    12       -0.12     -0.00      4.75642
 C    54 -- C    56       -0.17      0.00      4.75747
 H    12 -- O    22       -0.00      0.00      4.75793
 H    87 -- H    90       -0.01      0.00      4.75954
 O    17 -- H    52       -0.01      0.00      4.76337
 H    71 -- H    75       -0.01     -0.00      4.76989
 H    45 -- H    48       -0.01     -0.00      4.77014
 H    71 -- H    79       -0.01     -0.00      4.77815
 Fe    1 -- H     6       -0.12     -0.00      4.77832
 H    34 -- H    39       -0.01     -0.00      4.78253
 H    29 -- H    33       -0.01      0.00      4.78699
 H    44 -- H    49       -0.01      0.00      4.78840
 H   101 -- H   104       -0.01      0.00      4.79001
 H    31 -- H    34       -0.01     -0.00      4.79035
 H    99 -- H   103       -0.01     -0.00      4.79107
 O    20 -- H    76       -0.01      0.00      4.79237
 H    73 -- H    76       -0.01      0.00      4.79257
 H    35 -- H    38       -0.01      0.00      4.79461
 H    43 -- H    52       -0.01      0.00      4.79993
 H    86 -- H    91       -0.01     -0.00      4.79995
 H    61 -- H    65       -0.01     -0.00      4.80108
 O    16 -- H    49       -0.01      0.00      4.80388
 H    45 -- H    53       -0.01     -0.00      4.80914
 H    62 -- H    67       -0.01      0.00      4.80945
 H    72 -- H    81       -0.01      0.00      4.81224
 O    14 -- H    38       -0.01      0.00      4.81516
 H    59 -- H    66       -0.01      0.00      4.81633
 O    15 -- H    29       -0.01     -0.00      4.83805
 H   100 -- H   109       -0.01      0.00      4.84158
 H   105 -- H   108       -0.01      0.00      4.84190
 H    85 -- H    94       -0.01      0.00      4.84327
 O     5 -- O    23       -0.05      0.00      4.84763
 H    89 -- H    95       -0.01      0.00      4.85063
 H    58 -- H    63       -0.01     -0.00      4.85155
 H    77 -- H    80       -0.01     -0.00      4.85719
 O    21 -- H    81       -0.01     -0.00      4.85919
 O    11 -- O    19       -0.05      0.00      4.86536
 H     6 -- O    14       -0.00      0.00      4.86646
 O    24 -- H   101       -0.00     -0.00      4.86667
 H    47 -- H    51       -0.01     -0.00      4.87130
 H    30 -- H    37       -0.01     -0.00      4.88199
 O    18 -- H    59       -0.01      0.00      4.88548
 O    19 -- H    62       -0.00     -0.00      4.90223
 O    22 -- H    87       -0.00     -0.00      4.90660
 O     8 -- O    18       -0.05      0.00      4.90734
 O    25 -- H   108       -0.01     -0.00      4.92029
 O     8 -- O    15       -0.05      0.00      4.93905
 H     6 -- O    16       -0.01     -0.00      4.95301
 O    22 -- H    90       -0.00     -0.00      4.99443
 O    11 -- O    22       -0.04      0.00      5.00456
 O     5 -- O    16       -0.03      0.00      5.00587
 H    12 -- O    24       -0.01     -0.00      5.00686
 O    11 -- O    24       -0.03      0.00      5.00997
 O    17 -- O    20       -0.03      0.00      5.01723
 O    23 -- H    95       -0.01     -0.00      5.02320
 O    21 -- O    24       -0.03      0.00      5.02413
 O    24 -- H   104       -0.00     -0.00      5.02551
 O     5 -- O    14       -0.04      0.00      5.02754
 O    16 -- O    25       -0.03      0.00      5.03323
 O    23 -- H    94       -0.01      0.00      5.04911
 O     8 -- O    20       -0.03      0.00      5.05678
 O    14 -- O    23       -0.03      0.00      5.05995
 O    19 -- H    67       -0.00     -0.00      5.06300
 C    26 -- H    33       -0.04      0.00      5.06540
 C    68 -- H    73       -0.04      0.00      5.06859
 C    40 -- H    44       -0.04      0.00      5.07066
 O    25 -- C   106       -0.05     -0.00      5.07624
 O     8 -- O    17       -0.03      0.00      5.08426
 O    19 -- O    22       -0.03      0.00      5.08720
 C    40 -- H    43       -0.04      0.00      5.08902
 C    54 -- H    67       -0.04      0.00      5.09075
 O    23 -- C    92       -0.04     -0.00      5.09088
 O    22 -- O    24       -0.03      0.00      5.09337
 O    21 -- C    78       -0.04     -0.00      5.09721
 O    18 -- C    56       -0.04     -0.00      5.09739
 O    20 -- H    73       -0.00      0.00      5.09782
 O    14 -- O    16       -0.02      0.00      5.09916
 O    11 -- O    21       -0.03      0.00      5.10037
 O    25 -- H   109       -0.01     -0.00      5.10304
 O    15 -- O    18       -0.03      0.00      5.10356
 O    18 -- O    20       -0.02      0.00      5.10595
 O     4 -- O    21       -0.02      0.00      5.11510
 O     5 -- O    25       -0.03      0.00      5.11615
 O     4 -- O    25       -0.02      0.00      5.11651
 H    31 -- C    36       -0.04     -0.00      5.11937
 C    56 -- H    61       -0.04     -0.00      5.12178
 C    96 -- H   104       -0.04      0.00      5.12180
 O    14 -- C    36       -0.05     -0.00      5.12268
 C    26 -- H    35       -0.04      0.00      5.12478
 C    82 -- H    87       -0.04      0.00      5.13560
 C    96 -- H   101       -0.04      0.00      5.13760
 C    68 -- H    72       -0.04      0.00      5.14044
 O    15 -- O    17       -0.02      0.00      5.14196
 H    48 -- C    50       -0.04      0.00      5.14311
 H    91 -- C    92       -0.04      0.00      5.14769
 O    16 -- C    46       -0.04     -0.00      5.14833
 C    96 -- H   105       -0.04      0.00      5.14842
 C    28 -- H    39       -0.04      0.00      5.14860
 C    82 -- H    90       -0.04      0.00      5.15106
 C    46 -- H    53       -0.04      0.00      5.15622
 H    57 -- C    64       -0.04      0.00      5.15666
 H    86 -- C    92       -0.04      0.00      5.15747
 H   103 -- C   106       -0.04      0.00      5.15793
 H    75 -- C    78       -0.04      0.00      5.15819
 H    45 -- C    46       -0.04     -0.00      5.15828
 C    54 -- H    66       -0.04      0.00      5.15892
 C    84 -- H    93       -0.04      0.00      5.15919
 H    29 -- C    32       -0.04      0.00      5.15944
 C    84 -- H    90       -0.04      0.00      5.16130
 C    28 -- H    34       -0.04     -0.00      5.16152
 O    19 -- O    21       -0.02      0.00      5.16192
 C    82 -- H    89       -0.04      0.00      5.16452
 C    68 -- H    76       -0.03      0.00      5.16512
 H    57 -- C    60       -0.04      0.00      5.16530
 H    71 -- C    74       -0.04     -0.00      5.16683
 C    74 -- H    79       -0.04      0.00      5.16720
 C    42 -- H    49       -0.04      0.00      5.17136
 H    99 -- C   106       -0.04      0.00      5.17154
 C   102 -- H   107       -0.04     -0.00      5.17165
 C    98 -- H   107       -0.04     -0.00      5.17262
 C    60 -- H    65       -0.04     -0.00      5.17345
 C    88 -- H    93       -0.04     -0.00      5.17581
 C    56 -- H    65       -0.04      0.00      5.17650
 H    62 -- C    64       -0.04      0.00      5.17732
 C    70 -- H    76       -0.04      0.00      5.17922
 C    70 -- H    79       -0.04     -0.00      5.18185
 C    98 -- H   104       -0.04      0.00      5.18215
 C    32 -- H    39       -0.04     -0.00      5.18275
 H    86 -- C    88       -0.04     -0.00      5.18278
 H    35 -- C    36       -0.04      0.00      5.18539
 O    23 -- O    25       -0.02      0.00      5.18546
 H    58 -- C    60       -0.04      0.00      5.18566
 H    87 -- C    88       -0.04      0.00      5.18572
 H    34 -- C    36       -0.04     -0.00      5.18599
 H    71 -- C    78       -0.04      0.00      5.18803
 H    99 -- C   102       -0.04     -0.00      5.18829
 C    56 -- H    66       -0.04      0.00      5.18889
 C    70 -- H    75       -0.04     -0.00      5.19118
 C    82 -- H    85       -0.04      0.00      5.19130
 H    72 -- C    78       -0.04      0.00      5.19210
 C    98 -- H   103       -0.04     -0.00      5.19278
 H    43 -- C    50       -0.04      0.00      5.19337
 C    32 -- H    38       -0.04     -0.00      5.19345
 C    88 -- H    95       -0.04      0.00      5.19504
 H   101 -- C   102       -0.04      0.00      5.19550
 H    45 -- C    50       -0.04     -0.00      5.19638
 H    73 -- C    74       -0.04      0.00      5.19715
 C    42 -- H    48       -0.04      0.00      5.19744
 C    42 -- H    52       -0.04      0.00      5.19791
 C    54 -- H    63       -0.04      0.00      5.19917
 H    44 -- C    46       -0.04     -0.00      5.19965
 C    40 -- H    52       -0.03      0.00      5.20166
 C    54 -- H    62       -0.03      0.00      5.20188
 O    17 -- C    50       -0.04     -0.00      5.20231
 O     4 -- O    17       -0.01      0.00      5.20261
 C    96 -- H   100       -0.04      0.00      5.20310
 C    84 -- H    91       -0.04     -0.00      5.20333
 C    42 -- H    53       -0.04     -0.00      5.20556
 H    59 -- C    64       -0.04      0.00      5.20661
 C    84 -- H    94       -0.04      0.00      5.20748
 C    70 -- H    81       -0.04      0.00      5.20804
 C    28 -- H    37       -0.04      0.00      5.20948
 C   102 -- H   108       -0.04      0.00      5.21001
 O    18 -- H    58       -0.00     -0.00      5.21209
 C    28 -- H    33       -0.04      0.00      5.21249
 H   105 -- C   106       -0.04     -0.00      5.21266
 C    98 -- H   109       -0.04      0.00      5.21376
 H   100 -- C   106       -0.04     -0.00      5.21507
 H    31 -- C    32       -0.04      0.00      5.21551
 H    85 -- C    92       -0.04     -0.00      5.21574
 O    21 -- H    80       -0.00     -0.00      5.21870
 O     4 -- O    20       -0.01      0.00      5.21943
 H    61 -- C    64       -0.04     -0.00      5.22042
 C    74 -- H    80       -0.04      0.00      5.22084
 C    46 -- H    51       -0.04     -0.00      5.22088
 H    77 -- C    78       -0.04     -0.00      5.22127
 C    60 -- H    67       -0.04      0.00      5.22188
 O     4 -- O    14       -0.01     -0.00      5.22536
 C    68 -- H    77       -0.03      0.00      5.22621
 C    26 -- H    29       -0.03      0.00      5.22753
 H    43 -- H    73       -0.01      0.00      5.23062
 H    47 -- C    50       -0.04     -0.00      5.23256
 H    89 -- C    92       -0.04     -0.00      5.23324
 O    15 -- H    33       -0.00     -0.00      5.23452
 C    40 -- H    49       -0.03      0.00      5.23541
 C    26 -- H    30       -0.04      0.00      5.23565
 C    56 -- H    63       -0.04     -0.00      5.23946
 C    68 -- H    81       -0.03      0.00      5.23960
 C    26 -- H    38       -0.03      0.00      5.24211
 C    54 -- H    59       -0.03      0.00      5.24472
 H    30 -- C    36       -0.03     -0.00      5.24534
 C    96 -- H   108       -0.03      0.00      5.24547
 C    40 -- H    51       -0.03      0.00      5.26024
 C    82 -- H    94       -0.03      0.00      5.26160
 C    96 -- H   109       -0.03      0.00      5.26260
 O    15 -- C    28       -0.04     -0.00      5.26501
 C    40 -- H    47       -0.03     -0.00      5.26822
 O     4 -- O    22       -0.01      0.00      5.27682
 C    68 -- H    80       -0.03      0.00      5.27706
 C    82 -- H    95       -0.03      0.00      5.27795
 O     4 -- O    24       -0.01      0.00      5.27814
 O    20 -- C    74       -0.04     -0.00      5.28989
 C    26 -- H    37       -0.03     -0.00      5.29085
 O     4 -- O    18       -0.01      0.00      5.29685
 O     4 -- O    15       -0.01     -0.00      5.29736
 C    54 -- H    58       -0.03      0.00      5.30044
 O     4 -- O    16       -0.01      0.00      5.31248
 H    12 -- H    90       -0.01     -0.00      5.32480
 H    44 -- H   109       -0.01     -0.00      5.33064
 H     7 -- O    14       -0.00      0.00      5.33304
 O     4 -- O    23       -0.01     -0.00      5.33647
 H     9 -- O    17       -0.00     -0.00      5.33811
 O    14 -- H    37       -0.00     -0.00      5.35247
 O    19 -- C    60       -0.04     -0.00      5.35576
 O     4 -- O    19       -0.01     -0.00      5.36210
 H    13 -- O    22       -0.00      0.00      5.36845
 Fe    1 -- C    96       -0.21     -0.00      5.37572
 O    24 -- C    98       -0.03     -0.00      5.38289
 H    10 -- H    58       -0.01     -0.00      5.40134
 Fe    3 -- C    82       -0.21      0.00      5.40364
 Fe    3 -- C    68       -0.21     -0.00      5.40536
 H    13 -- H    62       -0.01     -0.00      5.40760
 Fe    2 -- C    40       -0.21      0.00      5.41456
 O    22 -- C    84       -0.03     -0.00      5.41663
 O    17 -- H    43       -0.00     -0.00      5.41890
 Fe    1 -- C    26       -0.21     -0.00      5.42154
 O    16 -- H    47       -0.00     -0.00      5.43330
 Fe    2 -- C    54       -0.21      0.00      5.45267
 Fe    3 -- C    96       -0.20     -0.00      5.46442
 Fe    2 -- C    68       -0.20     -0.00      5.46542
 H     9 -- H    29       -0.01     -0.00      5.47101
 H    43 -- H    72       -0.01      0.00      5.47343
 O    22 -- C    88       -0.03     -0.00      5.47386
 Fe    1 -- C    40       -0.20     -0.00      5.48053
 O    24 -- C   102       -0.03     -0.00      5.51133
 Fe    1 -- C    82       -0.20     -0.00      5.53714
 Fe    2 -- C    26       -0.20     -0.00      5.53908
 Fe    3 -- C    54       -0.20     -0.00      5.53942
 H     7 -- H    95       -0.01     -0.00      5.54030
 H     7 -- H    94       -0.01     -0.00      5.54290
 O    19 -- C    64       -0.03     -0.00      5.56370
 H    10 -- O    15       -0.00      0.00      5.57049
 H    67 -- H    87       -0.01      0.00      5.58945
 O    20 -- C    70       -0.02     -0.00      5.59791
 O    17 -- H    51       -0.00     -0.00      5.63173
 O    16 -- H    44       -0.00      0.00      5.66127
 H    10 -- O    20       -0.00     -0.00      5.66151
=============================================================


============== Orbital energy and occupancy information for spin 1 =============

      Total number of orbitals:     283
   Number of occupied orbitals:     163.000000000
   Occupancy sum (eigenvalues):     163.000000000
                 HOMO-LUMO gap:       0.041191415 Eh
                 Mid-gap level:      -0.189307256 Eh

                        Orbital | Energy (Eh) | Occupancy
                            1    -3.433282909   0.9999997
                        .......   ...........   .........
                          154    -0.285792579   0.9999991
                          155    -0.257569083   0.9999918
                          156    -0.251330511   0.9999955
                          157    -0.250234525   0.9999957
                          158    -0.234326219   0.9999929
                          159    -0.233544785   0.9999924
                          160    -0.228376469   0.9999879
                          161    -0.227547738   0.9999932
                          162    -0.221603008   0.9999979
                          163    -0.209902964   0.9999608
                        .......   --- gap ---   .........
                          164    -0.168711549   0.0000408
                          165    -0.165037274   0.0000068
                          166    -0.151479561   0.0000064
                          167    -0.150656462   0.0000047
                          168    -0.133611520   0.0000067
                          169    -0.133296082   0.0000055
                          170    -0.076640205   0.0000038
                          171    -0.072743882   0.0000034
                          172    -0.071803057   0.0000032
                          173    -0.066586422   0.0000031
                        .......   ...........   .........
                          283     0.440797520   0.0000003

================================================================================

============== Orbital energy and occupancy information for spin 2 =============

      Total number of orbitals:     283
   Number of occupied orbitals:     160.000000000
   Occupancy sum (eigenvalues):     160.000000000
                 HOMO-LUMO gap:       0.006732011 Eh
                 Mid-gap level:      -0.198271864 Eh

                        Orbital | Energy (Eh) | Occupancy
                            1    -3.395676505   0.9999997
                        .......   ...........   .........
                          151    -0.298570375   0.9999997
                          152    -0.297352890   0.9999998
                          153    -0.296930753   0.9999998
                          154    -0.282488607   0.9999991
                          155    -0.218888120   0.9999467
                          156    -0.213130007   0.9899107
                          157    -0.212433167   0.9905766
                          158    -0.205478398   0.9824839
                          159    -0.205158719   0.9597505
                          160    -0.201637869   0.9951227
                        .......   --- gap ---   .........
                          161    -0.194905858   0.0328655
                          162    -0.194083385   0.0491406
                          163    -0.166476013   0.0001504
                          164    -0.147468044   0.0000233
                          165    -0.144871666   0.0000022
                          166    -0.132915523   0.0000077
                          167    -0.132175341   0.0000087
                          168    -0.114521619   0.0000047
                          169    -0.114362696   0.0000030
                          170    -0.075634660   0.0000029
                        .......   ...........   .........
                          283     0.441947747   0.0000001

================================================================================

===================== Writing canonical molecular orbitals =====================
    Spin 1
| Orbital  Energy (eV)  Norm     |
| HOMO-5   -6.37634086  1.000000 | Writing "Fe3_O_piv_6_H2O_3_LowSpin_HOMO-5_UP.cube" ... done
| HOMO-4   -6.35507697  1.000000 | Writing "Fe3_O_piv_6_H2O_3_LowSpin_HOMO-4_UP.cube" ... done
| HOMO-3   -6.21443993  1.000000 | Writing "Fe3_O_piv_6_H2O_3_LowSpin_HOMO-3_UP.cube" ... done
| HOMO-2   -6.19188902  1.000000 | Writing "Fe3_O_piv_6_H2O_3_LowSpin_HOMO-2_UP.cube" ... done
| HOMO-1   -6.03012469  1.000000 | Writing "Fe3_O_piv_6_H2O_3_LowSpin_HOMO-1_UP.cube" ... done
| HOMO     -5.71175029  1.000000 | Writing "Fe3_O_piv_6_H2O_3_LowSpin_HOMO_UP.cube" ... done
| LUMO     -4.59087484  1.000000 | Writing "Fe3_O_piv_6_H2O_3_LowSpin_LUMO_UP.cube" ... done
| LUMO+1   -4.49089273  1.000000 | Writing "Fe3_O_piv_6_H2O_3_LowSpin_LUMO+1_UP.cube" ... done
| LUMO+2   -4.12196859  1.000000 | Writing "Fe3_O_piv_6_H2O_3_LowSpin_LUMO+2_UP.cube" ... done
| LUMO+3   -4.09957093  1.000000 | Writing "Fe3_O_piv_6_H2O_3_LowSpin_LUMO+3_UP.cube" ... done
| LUMO+4   -3.63575446  1.000000 | Writing "Fe3_O_piv_6_H2O_3_LowSpin_LUMO+4_UP.cube" ... done
| LUMO+5   -3.62717096  1.000000 | Writing "Fe3_O_piv_6_H2O_3_LowSpin_LUMO+5_UP.cube" ... done
================================================================================

===================== Writing canonical molecular orbitals =====================
    Spin 2
| Orbital  Energy (eV)  Norm     |
| HOMO-5   -5.95624881  1.000000 | Writing "Fe3_O_piv_6_H2O_3_LowSpin_HOMO-5_DN.cube" ... done
| HOMO-4   -5.79956258  1.000000 | Writing "Fe3_O_piv_6_H2O_3_LowSpin_HOMO-4_DN.cube" ... done
| HOMO-3   -5.78060062  1.000000 | Writing "Fe3_O_piv_6_H2O_3_LowSpin_HOMO-3_DN.cube" ... done
| HOMO-2   -5.59135172  1.000000 | Writing "Fe3_O_piv_6_H2O_3_LowSpin_HOMO-2_DN.cube" ... done
| HOMO-1   -5.58265281  1.000000 | Writing "Fe3_O_piv_6_H2O_3_LowSpin_HOMO-1_DN.cube" ... done
| HOMO     -5.48684560  1.000000 | Writing "Fe3_O_piv_6_H2O_3_LowSpin_HOMO_DN.cube" ... done
| LUMO     -5.30365828  1.000000 | Writing "Fe3_O_piv_6_H2O_3_LowSpin_LUMO_DN.cube" ... done
| LUMO+1   -5.28127764  1.000000 | Writing "Fe3_O_piv_6_H2O_3_LowSpin_LUMO+1_DN.cube" ... done
| LUMO+2   -4.53004282  1.000000 | Writing "Fe3_O_piv_6_H2O_3_LowSpin_LUMO+2_DN.cube" ... done
| LUMO+3   -4.01280966  1.000000 | Writing "Fe3_O_piv_6_H2O_3_LowSpin_LUMO+3_DN.cube" ... done
| LUMO+4   -3.94215861  1.000000 | Writing "Fe3_O_piv_6_H2O_3_LowSpin_LUMO+4_DN.cube" ... done
| LUMO+5   -3.61681541  1.000000 | Writing "Fe3_O_piv_6_H2O_3_LowSpin_LUMO+5_DN.cube" ... done
================================================================================
 
=============== Density of States (DOS) calculation for UP spin ================
Writing "Fe3_O_piv_6_H2O_3_LowSpin_UP_DOS.txt" ... done
================================================================================
 
============== Density of States (DOS) calculation for DOWN spin ===============
Writing "Fe3_O_piv_6_H2O_3_LowSpin_DN_DOS.txt" ... done
================================================================================
 
Writing bands to file "Fe3_O_piv_6_H2O_3_LowSpin.val_bands" ... done

================================= Core Density =================================
               Core den box size:   39 x  39 x  39
================================================================================
 
********************* Unconstrained **********************
********************** Ewald forces **********************
*                                                        *
* Element  Atom         Cartesian components (Eh/a)      *
* ------------------------------------------------------ *
*                       x            y            z      *
*                                                        *
*    Fe      1     17.17747830 -18.08825829  13.43708314 *
*    Fe      2      2.55161562   3.51346042 -27.82930752 *
*    Fe      3    -19.36988430  14.77299029  13.97802908 *
*    O       4     -0.13776185  -0.08014271  -0.15964688 *
*    O       5     10.50806121 -13.27072014   9.88995543 *
*    H       6      3.42163020  -2.35314912  -0.09185362 *
*    H       7      2.57217497  -0.40320141   3.12511072 *
*    O       8      0.44088655   1.62922178 -19.57172638 *
*    H       9      2.44250775  -0.44253794  -3.26023444 *
*    H      10      0.27440605   2.73442866  -2.99404226 *
*    O      11    -14.85410677   9.17206682   9.08282696 *
*    H      12     -1.40414785   1.27383061   3.66219002 *
*    H      13     -1.61212882   3.70642871   0.67627852 *
*    O      14     16.53100362  -0.11492683   4.36014097 *
*    O      15     11.68177069   2.64016267 -12.08804247 *
*    O      16      7.60760688 -15.64867808  -1.05410102 *
*    O      17     -2.64762432  -9.35812072 -14.12348904 *
*    O      18      4.67925254  12.34524403 -10.54891397 *
*    O      19     -6.93996818  15.38561694   1.64594063 *
*    O      20     -9.48167217   0.85104515 -14.62224191 *
*    O      21    -17.19627542  -0.24123068   1.24637382 *
*    O      22      0.35181929  13.19772617  10.71844719 *
*    O      23      9.25572396  -1.72382853  14.13735505 *
*    O      24    -11.55531866  -1.54576807  12.92760151 *
*    O      25     -1.94200282 -15.76133762   6.85053997 *
*    C      26     10.05248772   1.18758660  -2.68660577 *
*    C      27      8.49345099   1.39900453  -2.16597608 *
*    C      28      7.29343026  -0.48746566  -6.16446403 *
*    H      29      0.91404807   0.67531643  -2.44838098 *
*    H      30      1.65307388  -1.64642706  -1.43756529 *
*    H      31      2.63259227   0.38466234  -1.33073660 *
*    C      32      6.86271370   6.23915774  -1.24993468 *
*    H      33      0.84644014   2.00923017  -1.40438413 *
*    H      34      2.55349495   1.55119242  -0.57096042 *
*    H      35      1.44918377   1.79040708   1.14438457 *
*    C      36      9.39045512  -1.01102225   1.45541894 *
*    H      37      2.13848786  -1.78379497   0.07307353 *
*    H      38      1.99579432   0.33490266   1.69748217 *
*    H      39      2.95956054   0.32584487  -0.08312174 *
*    C      40      1.48452290  -9.03187129  -5.18608153 *
*    C      41      0.92854596  -7.74714248  -4.26679928 *
*    C      42     -3.83255525  -8.23644071  -2.15956448 *
*    H      43     -1.91304154  -1.19598053  -1.21496332 *
*    H      44     -0.88134662  -2.23463618   0.90771258 *
*    H      45     -0.73081181  -2.77393154  -0.99381886 *
*    C      46      4.39436119  -8.39625937  -1.42188175 *
*    H      47      2.33371174  -1.26084609  -0.77514667 *
*    H      48      0.64709068  -2.75927658  -0.89573825 *
*    H      49      0.79620641  -2.31602153   1.11683806 *
*    C      50      1.19452907  -5.11858869  -7.96907867 *
*    H      51      1.69355091  -0.60907727  -2.08763491 *
*    H      52     -0.92717987  -0.52084889  -2.44745633 *
*    H      53      0.11199031  -2.22488262  -1.96627776 *
*    C      54     -0.58386859   9.94371707  -3.05726890 *
*    C      55     -0.30815551   8.48130771  -2.40383966 *
*    C      56      1.84149005   7.08823894  -6.05832387 *
*    H      57      0.39257931   2.67063644  -1.25378340 *
*    H      58     -0.54383905   1.06925041  -2.49849435 *
*    H      59      1.87090706   1.28150249  -1.32880662 *
*    C      60     -4.95448624   7.90593134  -1.91608641 *
*    H      61     -0.75494378   2.80329018  -0.61362179 *
*    H      62     -1.76870449   1.82980729   0.93182375 *
*    H      63     -1.86056496   1.15290920  -1.60145312 *
*    C      64      2.50550627   8.80977885   1.77524086 *
*    H      65      0.46030561   2.97974087   0.05940889 *
*    H      66      2.00161850   1.59253126   0.26317109 *
*    H      67     -0.22088949   2.02506185   1.65929268 *
*    C      68     -9.42808171  -0.40367101  -4.63726409 *
*    C      69     -7.99866324  -0.76265328  -3.93253127 *
*    C      70     -6.18307599  -5.53312838  -4.44721007 *
*    H      71     -2.33533496  -1.32117698  -1.46807422 *
*    H      72     -1.47567453  -2.09018202   0.22012979 *
*    H      73     -0.49248066  -1.39578923  -2.17724427 *
*    C      74     -6.31315736   2.39068593  -6.84717405 *
*    H      75     -2.35827437   0.00426929  -1.82343654 *
*    H      76     -0.44982476   0.21917898  -2.66221906 *
*    H      77     -1.57886616   1.98303778  -1.06506849 *
*    C      78     -9.60657756   0.26914420   0.09956559 *
*    H      79     -2.89806709  -0.35107722  -0.66980708 *
*    H      80     -2.27712349   1.61387411   0.30618638 *
*    H      81     -2.19097504  -0.89657939   1.11343343 *
*    C      82      3.83958470   4.15107819   8.75669698 *
*    C      83      3.35138894   3.57625498   7.34419982 *
*    C      84      4.38181888   7.17329825   4.11934440 *
*    H      85      2.15343820   1.41355920   0.04980809 *
*    H      86      1.33813480   1.92800700   1.89234650 *
*    H      87     -0.13761617   2.55148388   0.65205786 *
*    C      88     -1.19316530   3.17250572   8.87906719 *
*    H      89     -0.70481874  -0.63881041   2.51468607 *
*    H      90     -1.29357544   1.76521572   1.59939247 *
*    H      91      0.40796719   1.23574170   2.66937674 *
*    C      92      6.05511412  -0.05290518   7.37588498 *
*    H      93      1.62414418   0.71765215   2.39681028 *
*    H      94      2.54715182  -0.03594104   0.74682458 *
*    H      95      0.76008754  -1.32235347   2.31281143 *
*    C      96     -5.22689387  -6.39393167   6.52105835 *
*    C      97     -4.58331131  -5.47232657   5.37176121 *
*    C      98     -8.25443760  -3.88434956   2.62377280 *
*    H      99     -2.28586885  -1.55285044   1.27132717 *
*    H     100     -1.93374256  -1.52926708  -0.73820733 *
*    H     101     -2.48402112   0.48894031   1.02278062 *
*    C     102     -2.97596566  -2.48528203   8.73729060 *
*    H     103     -1.38963592  -1.33301867   2.28057429 *
*    H     104     -1.36777225   0.78701824   2.20189462 *
*    H     105      0.75795414  -0.82404757   2.47139308 *
*    C     106     -1.85578855  -8.63299989   3.66108107 *
*    H     107     -1.20264923  -2.34672273   1.43727611 *
*    H     108      0.98916555  -2.09984580   1.53623466 *
*    H     109     -0.69729939  -2.44885318  -0.53670171 *
*                                                        *
**********************************************************
TOTAL:             -0.00000000  -0.00000000   0.00000000
 
********************* Unconstrained **********************
***************** Local potential forces *****************
*                                                        *
* Element  Atom         Cartesian components (Eh/a)      *
* ------------------------------------------------------ *
*                       x            y            z      *
*                                                        *
*    Fe      1    -17.24612368  18.12390430 -13.48811515 *
*    Fe      2     -2.58367738  -3.54239990  27.91323174 *
*    Fe      3     19.41362660 -14.83742806 -14.02509525 *
*    O       4      0.12476108   0.07336847   0.15826920 *
*    O       5    -11.40998444  12.86270590  -9.89344512 *
*    H       6     -3.39619958   2.34372051   0.07216329 *
*    H       7     -2.56058053   0.42246968  -3.10060923 *
*    O       8     -1.26578056  -2.20199737  19.64136473 *
*    H       9     -2.41159799   0.43141786   3.25259423 *
*    H      10     -0.27456285  -2.70062716   2.99098824 *
*    O      11     14.36134423  -9.86978725  -9.59583672 *
*    H      12      1.41118615  -1.27539824  -3.62905066 *
*    H      13      1.61684261  -3.67485767  -0.68724849 *
*    O      14    -16.37418247  -0.14333882  -3.44684459 *
*    O      15    -12.05962375  -2.46607137  11.24876880 *
*    O      16     -7.10131334  15.39326814   1.81489890 *
*    O      17      2.16131599   9.81929824  13.41790009 *
*    O      18     -4.10019388 -12.65455337   9.86697426 *
*    O      19      6.35869036 -15.34457243  -0.92089201 *
*    O      20      9.96762911  -0.79688903  13.79810602 *
*    O      21     16.84385312   0.29581287  -0.33522939 *
*    O      22     -0.95207229 -12.48459085 -10.95613059 *
*    O      23     -8.78634347   0.91571653 -14.11601552 *
*    O      24     11.08184628   2.33077752 -12.70521931 *
*    O      25      2.59533370  15.08181675  -7.14838245 *
*    C      26     -9.87986621  -1.14754041   2.64953218 *
*    C      27     -8.44888448  -1.39787636   2.15976547 *
*    C      28     -7.29058740   0.48884646   6.15484690 *
*    H      29     -0.92615122  -0.66695218   2.43446742 *
*    H      30     -1.65366364   1.62653519   1.43467133 *
*    H      31     -2.61361325  -0.37875412   1.32632108 *
*    C      32     -6.85886179  -6.22753210   1.24604870 *
*    H      33     -0.85957429  -2.00038583   1.39172423 *
*    H      34     -2.53500139  -1.54371241   0.56653605 *
*    H      35     -1.45354539  -1.78416402  -1.12572356 *
*    C      36     -9.38652365   1.01263580  -1.44585242 *
*    H      37     -2.13789799   1.76379021  -0.07383887 *
*    H      38     -1.99970362  -0.32986858  -1.67819628 *
*    H      39     -2.94070660  -0.31945883   0.07905463 *
*    C      40     -1.48287227   8.86624943   5.10107839 *
*    C      41     -0.91808991   7.70416719   4.24050869 *
*    C      42      3.81970475   8.22860173   2.15987743 *
*    H      43      1.89754304   1.20699936   1.20798870 *
*    H      44      0.87899891   2.23260527  -0.88768047 *
*    H      45      0.72893135   2.75532213   0.98576285 *
*    C      46     -4.39139622   8.38897954   1.43245446 *
*    H      47     -2.31545648   1.26813856   0.77135445 *
*    H      48     -0.64794642   2.74093763   0.88714015 *
*    H      49     -0.79732693   2.31318038  -1.09659183 *
*    C      50     -1.20453886   5.12229157   7.95745904 *
*    H      51     -1.67611227   0.61708831   2.08193097 *
*    H      52      0.91236336   0.53240032   2.43949793 *
*    H      53     -0.11309070   2.20669940   1.95744705 *
*    C      54      0.58893524  -9.76550197   3.01254766 *
*    C      55      0.31073184  -8.43940099   2.38520661 *
*    C      56     -1.83426917  -7.08672793   6.05433988 *
*    H      57     -0.39122931  -2.65071142   1.25014633 *
*    H      58      0.53385021  -1.07704832   2.48306736 *
*    H      59     -1.85203649  -1.28884018   1.32802494 *
*    C      60      4.94481194  -7.89893287   1.91806575 *
*    H      61      0.75540259  -2.78331950   0.60954977 *
*    H      62      1.75900540  -1.83200209  -0.91409551 *
*    H      63      1.84898205  -1.16124177   1.58737165 *
*    C      64     -2.50319569  -8.80085046  -1.76586591 *
*    H      65     -0.45909719  -2.95952658  -0.06203689 *
*    H      66     -1.98261268  -1.59933998  -0.26236125 *
*    H      67      0.21253466  -2.02808314  -1.64101270 *
*    C      68      9.26404072   0.36230544   4.55898039 *
*    C      69      7.94818709   0.75990300   3.91927258 *
*    C      70      6.18408878   5.52438593   4.43665471 *
*    H      71      2.31831549   1.31519791   1.45864530 *
*    H      72      1.47794671   2.07808832  -0.20433266 *
*    H      73      0.50785632   1.39224923   2.16452212 *
*    C      74      6.31717385  -2.39002911   6.83165642 *
*    H      75      2.34087592  -0.00920150   1.81411932 *
*    H      76      0.46498098  -0.22164505   2.64878367 *
*    H      77      1.57776956  -1.96343617   1.06911214 *
*    C      78      9.60098392  -0.26894890  -0.08659492 *
*    H      79      2.88063907   0.34589034   0.66105029 *
*    H      80      2.27525447  -1.59465232  -0.30024908 *
*    H      81      2.19257822   0.88554108  -1.09638585 *
*    C      82     -3.76624283  -4.06551322  -8.61431204 *
*    C      83     -3.32521373  -3.56284399  -7.31056834 *
*    C      84     -4.38337903  -7.15816249  -4.12019894 *
*    H      85     -2.13922480  -1.41534073  -0.06384610 *
*    H      86     -1.32967295  -1.91788926  -1.87694230 *
*    H      87      0.12295543  -2.53961982  -0.65985732 *
*    C      88      1.19014996  -3.16785384  -8.87049584 *
*    H      89      0.69682037   0.62156346  -2.50818027 *
*    H      90      1.27855870  -1.75351603  -1.60603944 *
*    H      91     -0.40023069  -1.22653581  -2.65305428 *
*    C      92     -6.05066932   0.04935801  -7.37273065 *
*    H      93     -1.61570015  -0.70816498  -2.38112479 *
*    H      94     -2.53250276   0.03265031  -0.76014639 *
*    H      95     -0.76617144   1.30439197  -2.30616264 *
*    C      96      5.11664407   6.27461186  -6.43066763 *
*    C      97      4.55809006   5.43076784  -5.35514829 *
*    C      98      8.24099071   3.89271659  -2.62242756 *
*    H      99      2.27341097   1.54086727  -1.26083961 *
*    H     100      1.93192024   1.52394440   0.71898322 *
*    H     101      2.47683281  -0.46982336  -1.02128272 *
*    C     102      2.96985188   2.48771708  -8.72739062 *
*    H     103      1.37795115   1.32098496  -2.26910047 *
*    H     104      1.36118277  -0.76802156  -2.19913758 *
*    H     105     -0.73936956   0.82278688  -2.46390279 *
*    C     106      1.86565370   8.62306924  -3.66237136 *
*    H     107      1.19096286   2.33426526  -1.42659611 *
*    H     108     -0.97009382   2.09723585  -1.52979874 *
*    H     109      0.69684182   2.44229862   0.51745640 *
*                                                        *
**********************************************************
TOTAL:             -2.26682562  -1.72894558  -0.49297137
 
********************* Unconstrained **********************
************** Compensation density forces ***************
*                                                        *
* Element  Atom         Cartesian components (Eh/a)      *
* ------------------------------------------------------ *
*                       x            y            z      *
*                                                        *
*    Fe      1      0.01761853  -0.00564603   0.01322595 *
*    Fe      2      0.01105456   0.00945132  -0.01934011 *
*    Fe      3     -0.00834442   0.01764957   0.01118725 *
*    O       4      0.00175539   0.00091074   0.00018029 *
*    O       5      0.13998841   0.06356702   0.00013629 *
*    H       6      0.00827284  -0.00326834  -0.00656467 *
*    H       7      0.00366420   0.00625479   0.00825596 *
*    O       8      0.12788906   0.08868887  -0.01046732 *
*    H       9      0.01021738  -0.00385216  -0.00254087 *
*    H      10     -0.00022267   0.01189925  -0.00102961 *
*    O      11      0.07681842   0.10801425   0.07964390 *
*    H      12      0.00230760  -0.00074720   0.01142124 *
*    H      13      0.00140706   0.01056577  -0.00370025 *
*    O      14     -0.02765212   0.03764987  -0.13552901 *
*    O      15      0.05216491  -0.02687832   0.12645526 *
*    O      16     -0.07616541   0.04230507  -0.11140936 *
*    O      17      0.07249694  -0.06482067   0.10762451 *
*    O      18     -0.08660755   0.04201405   0.10298473 *
*    O      19      0.08692438  -0.01034960  -0.10720070 *
*    O      20     -0.06839051  -0.00757549   0.12535454 *
*    O      21      0.05686237  -0.00737029  -0.13405979 *
*    O      22      0.08798992  -0.10851621   0.03222673 *
*    O      23     -0.07188535   0.11864703  -0.00690632 *
*    O      24      0.07318780  -0.11470702  -0.03590557 *
*    O      25     -0.09478697   0.10439967   0.04193679 *
*    C      26     -0.00563890  -0.00131301   0.00122926 *
*    C      27     -0.00132347  -0.00003751   0.00019325 *
*    C      28     -0.00002744  -0.00006626   0.00012198 *
*    H      29     -0.00450656   0.00314208  -0.00511383 *
*    H      30     -0.00023340  -0.00742298  -0.00099998 *
*    H      31      0.00702340   0.00215662  -0.00154664 *
*    C      32     -0.00010282  -0.00014255   0.00011429 *
*    H      33     -0.00497192   0.00322659  -0.00476705 *
*    H      34      0.00687462   0.00264416  -0.00160015 *
*    H      35     -0.00155999   0.00217501   0.00701052 *
*    C      36     -0.00000504  -0.00008972  -0.00019306 *
*    H      37      0.00021891  -0.00741626  -0.00032871 *
*    H      38     -0.00148230   0.00189939   0.00712997 *
*    H      39      0.00700433   0.00234989  -0.00153033 *
*    C      40     -0.00007953   0.00542312   0.00272701 *
*    C      41     -0.00029918   0.00128497   0.00078154 *
*    C      42      0.00019920   0.00014052   0.00002986 *
*    H      43     -0.00577998   0.00415163  -0.00264941 *
*    H      44     -0.00071147  -0.00064651   0.00749166 *
*    H      45     -0.00064922  -0.00691735  -0.00296664 *
*    C      46      0.00000762   0.00010820  -0.00026287 *
*    H      47      0.00680334   0.00274521  -0.00142187 *
*    H      48     -0.00028650  -0.00681689  -0.00315014 *
*    H      49     -0.00047684  -0.00094876   0.00753823 *
*    C      50      0.00028926  -0.00010664   0.00018602 *
*    H      51      0.00658030   0.00301645  -0.00206161 *
*    H      52     -0.00557470   0.00431357  -0.00284439 *
*    H      53     -0.00033294  -0.00678833  -0.00320761 *
*    C      54     -0.00016432  -0.00582458   0.00145770 *
*    C      55     -0.00007106  -0.00125625   0.00054041 *
*    C      56     -0.00014822   0.00001018  -0.00000716 *
*    H      57      0.00046441   0.00736502  -0.00127446 *
*    H      58     -0.00382815  -0.00290583  -0.00571188 *
*    H      59      0.00700184  -0.00270882  -0.00011661 *
*    C      60      0.00012459  -0.00011643  -0.00006288 *
*    H      61      0.00015618   0.00737852  -0.00147155 *
*    H      62     -0.00353934  -0.00079585   0.00663938 *
*    H      63     -0.00426929  -0.00314094  -0.00527056 *
*    C      64      0.00002432  -0.00016275  -0.00013395 *
*    H      65      0.00042763   0.00746859  -0.00093050 *
*    H      66      0.00710303  -0.00253595   0.00026187 *
*    H      67     -0.00307945  -0.00119644   0.00673239 *
*    C      68      0.00531724   0.00134650   0.00259009 *
*    C      69      0.00149596   0.00008695   0.00040910 *
*    C      70     -0.00002643   0.00007353   0.00024281 *
*    H      71     -0.00639211  -0.00219934  -0.00342026 *
*    H      72      0.00078075  -0.00439685   0.00594757 *
*    H      73      0.00583428  -0.00117054  -0.00471999 *
*    C      74     -0.00014507   0.00005934   0.00030498 *
*    H      75     -0.00650917  -0.00183499  -0.00342834 *
*    H      76      0.00575682  -0.00097253  -0.00491742 *
*    H      77     -0.00037803   0.00728380   0.00147150 *
*    C      78      0.00005042   0.00000343  -0.00030254 *
*    H      79     -0.00648965  -0.00189211  -0.00325809 *
*    H      80     -0.00057010   0.00718668   0.00207212 *
*    H      81      0.00075540  -0.00405335   0.00629438 *
*    C      82     -0.00241182  -0.00281281  -0.00466195 *
*    C      83     -0.00076825  -0.00041374  -0.00100414 *
*    C      84      0.00010168  -0.00027164  -0.00001366 *
*    H      85      0.00530867  -0.00067154  -0.00523876 *
*    H      86      0.00314603   0.00371902   0.00573409 *
*    H      87     -0.00552654   0.00428919  -0.00286685 *
*    C      88     -0.00003508  -0.00008894  -0.00010855 *
*    H      89     -0.00295188  -0.00643488   0.00234261 *
*    H      90     -0.00551868   0.00436821  -0.00256775 *
*    H      91      0.00286752   0.00340745   0.00601930 *
*    C      92     -0.00001621   0.00004757  -0.00001885 *
*    H      93      0.00313547   0.00350934   0.00582471 *
*    H      94      0.00539599  -0.00112032  -0.00505700 *
*    H      95     -0.00232082  -0.00664963   0.00243472 *
*    C      96      0.00366372   0.00381566  -0.00296327 *
*    C      97      0.00076675   0.00122704  -0.00050654 *
*    C      98      0.00022135  -0.00023331  -0.00007867 *
*    H      99     -0.00463583  -0.00449293   0.00390319 *
*    H     100     -0.00058053  -0.00189583  -0.00716894 *
*    H     101     -0.00247941   0.00713782   0.00054953 *
*    C     102      0.00016059  -0.00003005  -0.00009945 *
*    H     103     -0.00438301  -0.00446310   0.00426102 *
*    H     104     -0.00243433   0.00704641   0.00090009 *
*    H     105      0.00698531  -0.00048083   0.00269236 *
*    C     106     -0.00026163   0.00015399   0.00004037 *
*    H     107     -0.00433357  -0.00464833   0.00401780 *
*    H     108      0.00713105  -0.00085496   0.00233855 *
*    H     109     -0.00018237  -0.00222193  -0.00720250 *
*                                                        *
**********************************************************
TOTAL:              0.39725020   0.31038651   0.08732871
 
********************* Unconstrained **********************
*************** Non-local potential forces ***************
*                                                        *
* Element  Atom         Cartesian components (Eh/a)      *
* ------------------------------------------------------ *
*                       x            y            z      *
*                                                        *
*    Fe      1      0.04285474  -0.02178851   0.03066254 *
*    Fe      2      0.01943800   0.01714650  -0.04996690 *
*    Fe      3     -0.02540340   0.03936792   0.02848304 *
*    O       4      0.01085406   0.00588718   0.00102143 *
*    O       5      0.75282340   0.33712416   0.00447151 *
*    H       6     -0.02571281   0.01029000   0.02065135 *
*    H       7     -0.01142873  -0.01953736  -0.02579532 *
*    O       8      0.68711118   0.47692206  -0.06112705 *
*    H       9     -0.03151181   0.01214213   0.00793866 *
*    H      10      0.00080800  -0.03530833   0.00316534 *
*    O      11      0.40760091   0.58203853   0.42838895 *
*    H      12     -0.00706895   0.00243193  -0.03449825 *
*    H      13     -0.00442899  -0.03240532   0.01168201 *
*    O      14     -0.12902381   0.21476623  -0.75843055 *
*    O      15      0.31115218  -0.14357743   0.69363208 *
*    O      16     -0.41834989   0.21282846  -0.62811179 *
*    O      17      0.40435605  -0.38291685   0.58481145 *
*    O      18     -0.47972116   0.25703710   0.56585298 *
*    O      19      0.48083963  -0.03429829  -0.59849758 *
*    O      20     -0.40103562  -0.04415660   0.68156776 *
*    O      21      0.29139801  -0.04462345  -0.75588064 *
*    O      22      0.49948700  -0.59189616   0.19751710 *
*    O      23     -0.38708046   0.66649260  -0.01955673 *
*    O      24      0.39106936  -0.64874077  -0.18372848 *
*    O      25     -0.54110089   0.56316827   0.24822729 *
*    C      26     -0.16084089  -0.03700223   0.03642262 *
*    C      27     -0.04364762  -0.00032648   0.00602210 *
*    C      28     -0.00341850  -0.00146334   0.01072680 *
*    H      29      0.01408883  -0.00983810   0.01584662 *
*    H      30      0.00068420   0.02306621   0.00313606 *
*    H      31     -0.02182321  -0.00678199   0.00490273 *
*    C      32     -0.00395714  -0.01298223   0.00394883 *
*    H      33      0.01534554  -0.00995212   0.01470695 *
*    H      34     -0.02122047  -0.00836074   0.00508557 *
*    H      35      0.00498469  -0.00695864  -0.02163987 *
*    C      36     -0.00497240  -0.00164602  -0.01060571 *
*    H      37     -0.00058029   0.02313000   0.00107312 *
*    H      38      0.00481659  -0.00595973  -0.02219709 *
*    H      39     -0.02168147  -0.00738043   0.00474396 *
*    C      40     -0.00282478   0.15469246   0.07983517 *
*    C      41     -0.01078376   0.04188508   0.02584210 *
*    C      42      0.01390614   0.00841529  -0.00053851 *
*    H      43      0.01781912  -0.01293350   0.00815641 *
*    H      44      0.00240812   0.00217860  -0.02320537 *
*    H      45      0.00208248   0.02136078   0.00925326 *
*    C      46     -0.00333432   0.00845889  -0.01102867 *
*    H      47     -0.02103394  -0.00857740   0.00452277 *
*    H      48      0.00095298   0.02109930   0.00995517 *
*    H      49      0.00153198   0.00302621  -0.02341355 *
*    C      50      0.01040638  -0.00364642   0.01291426 *
*    H      51     -0.02020675  -0.00933652   0.00639687 *
*    H      52      0.01724780  -0.01350144   0.00889573 *
*    H      53      0.00116465   0.02098654   0.01016215 *
*    C      54     -0.00325980  -0.16650988   0.04127343 *
*    C      55     -0.00258944  -0.04082907   0.01889677 *
*    C      56     -0.00806817  -0.00204476   0.00474951 *
*    H      57     -0.00151711  -0.02298892   0.00402566 *
*    H      58      0.01183145   0.00901790   0.01774192 *
*    H      59     -0.02175199   0.00862516   0.00050098 *
*    C      60      0.01081421  -0.00783956  -0.00219345 *
*    H      61     -0.00061853  -0.02293587   0.00468296 *
*    H      62      0.01096579   0.00253288  -0.02054845 *
*    H      63      0.01332284   0.00980725   0.01633182 *
*    C      64     -0.00276678  -0.00961247  -0.01065945 *
*    H      65     -0.00132363  -0.02317328   0.00311717 *
*    H      66     -0.02191902   0.00794205  -0.00083020 *
*    H      67      0.00968860   0.00374505  -0.02097269 *
*    C      68      0.15333632   0.03758882   0.07317778 *
*    C      69      0.04964835   0.00207920   0.01245547 *
*    C      70     -0.00108906   0.00991323   0.01135702 *
*    H      71      0.01962226   0.00675896   0.01073010 *
*    H      72     -0.00251790   0.01374442  -0.01847234 *
*    H      73     -0.01803492   0.00372800   0.01466232 *
*    C      74     -0.00388042  -0.00073351   0.01697025 *
*    H      75      0.02002090   0.00567815   0.01064486 *
*    H      76     -0.01772297   0.00306143   0.01538296 *
*    H      77      0.00125712  -0.02262622  -0.00482572 *
*    C      78      0.00675922  -0.00005009  -0.01362090 *
*    H      79      0.02009552   0.00597547   0.01013813 *
*    H      80      0.00194333  -0.02227800  -0.00668878 *
*    H      81     -0.00234022   0.01270136  -0.01960731 *
*    C      82     -0.06933251  -0.07693749  -0.13385759 *
*    C      83     -0.02599615  -0.01269409  -0.03256006 *
*    C      84      0.00151901  -0.01647187   0.00104526 *
*    H      85     -0.01642514   0.00207504   0.01626566 *
*    H      86     -0.00967994  -0.01152012  -0.01786160 *
*    H      87      0.01718639  -0.01342902   0.00886206 *
*    C      88      0.00371867  -0.00523430  -0.00925751 *
*    H      89      0.00913013   0.02004859  -0.00739629 *
*    H      90      0.01722789  -0.01352586   0.00792829 *
*    H      91     -0.00894901  -0.01064766  -0.01874671 *
*    C      92     -0.00529635   0.00385272  -0.00365492 *
*    H      93     -0.00975533  -0.01095383  -0.01814535 *
*    H      94     -0.01683222   0.00359472   0.01563162 *
*    H      95      0.00727894   0.02070817  -0.00769350 *
*    C      96      0.10190120   0.11145874  -0.08602618 *
*    C      97      0.02417861   0.04114649  -0.01587798 *
*    C      98      0.01470632  -0.00906387  -0.00115237 *
*    H      99      0.01425759   0.01394016  -0.01214407 *
*    H     100      0.00191462   0.00609985   0.02227334 *
*    H     101      0.00788370  -0.02219916  -0.00186257 *
*    C     102      0.00635845  -0.00283374  -0.01083205 *
*    H     103      0.01347019   0.01391698  -0.01311673 *
*    H     104      0.00762601  -0.02195348  -0.00290691 *
*    H     105     -0.02157254   0.00150167  -0.00851921 *
*    C     106     -0.01025334   0.01113946   0.00152474 *
*    H     107      0.01352556   0.01436045  -0.01241752 *
*    H     108     -0.02215316   0.00275591  -0.00736601 *
*    H     109      0.00052634   0.00718474   0.02223247 *
*                                                        *
**********************************************************
TOTAL:              1.87110983   1.41764293   0.40518883
 
********************* Unconstrained **********************
************ NGWF non self-consistent forces *************
*                                                        *
* Element  Atom         Cartesian components (Eh/a)      *
* ------------------------------------------------------ *
*                       x            y            z      *
*                                                        *
*    Fe      1     -0.00043980   0.00017803  -0.00016495 *
*    Fe      2     -0.00025112   0.00010688  -0.00013744 *
*    Fe      3     -0.00008050  -0.00032610  -0.00015889 *
*    O       4     -0.00065182  -0.00007741   0.00020150 *
*    O       5      0.00073808  -0.00061215   0.00037146 *
*    H       6      0.00003530  -0.00003068   0.00014099 *
*    H       7      0.00010403  -0.00011919  -0.00003241 *
*    O       8      0.00012811   0.00038454  -0.00092500 *
*    H       9     -0.00003492   0.00008933  -0.00012619 *
*    H      10      0.00004293  -0.00008656  -0.00007080 *
*    O      11     -0.00044075   0.00050403   0.00059242 *
*    H      12     -0.00010052   0.00008526  -0.00003089 *
*    H      13     -0.00001986   0.00000993   0.00013548 *
*    O      14     -0.00001453  -0.00021430  -0.00050553 *
*    O      15      0.00065246   0.00005416   0.00065924 *
*    O      16     -0.00018470  -0.00006446  -0.00082410 *
*    O      17      0.00034462   0.00025124   0.00052263 *
*    O      18     -0.00066219  -0.00024736   0.00025617 *
*    O      19      0.00054493   0.00016529  -0.00074134 *
*    O      20     -0.00030514   0.00026686   0.00073342 *
*    O      21      0.00053696   0.00013535  -0.00051840 *
*    O      22     -0.00013120  -0.00067515   0.00023775 *
*    O      23     -0.00013990   0.00104151   0.00044922 *
*    O      24      0.00050662  -0.00064764  -0.00011931 *
*    O      25     -0.00016984   0.00066720   0.00011993 *
*    C      26      0.00009017   0.00001112   0.00001595 *
*    C      27     -0.00011113   0.00007340   0.00002603 *
*    C      28      0.00005580   0.00001476  -0.00002976 *
*    H      29      0.00002219   0.00002889  -0.00001104 *
*    H      30      0.00003561   0.00003584   0.00002195 *
*    H      31     -0.00002404  -0.00002202   0.00000639 *
*    C      32     -0.00004774   0.00012158   0.00002330 *
*    H      33      0.00008853  -0.00002048   0.00000497 *
*    H      34     -0.00005588   0.00001682   0.00002275 *
*    H      35      0.00003890  -0.00001085  -0.00006101 *
*    C      36      0.00000008   0.00004163   0.00004918 *
*    H      37     -0.00001100   0.00001787  -0.00001068 *
*    H      38      0.00002469   0.00001854  -0.00003682 *
*    H      39     -0.00002857   0.00000395   0.00000834 *
*    C      40     -0.00001051   0.00005408  -0.00006201 *
*    C      41     -0.00007673   0.00008402  -0.00003998 *
*    C      42     -0.00006351  -0.00010696   0.00012228 *
*    H      43      0.00003040  -0.00003960  -0.00000059 *
*    H      44     -0.00000196  -0.00005740  -0.00007744 *
*    H      45     -0.00003205   0.00004104   0.00004116 *
*    C      46      0.00000832  -0.00012966  -0.00008360 *
*    H      47     -0.00002613  -0.00003427  -0.00002430 *
*    H      48      0.00000015   0.00004602   0.00000594 *
*    H      49     -0.00000574  -0.00009061  -0.00004776 *
*    C      50     -0.00006314  -0.00001932  -0.00005531 *
*    H      51     -0.00002226  -0.00002223   0.00000644 *
*    H      52     -0.00000491  -0.00006629  -0.00002545 *
*    H      53     -0.00000684   0.00004084   0.00000765 *
*    C      54      0.00000598  -0.00000247  -0.00005194 *
*    C      55     -0.00001272  -0.00009980   0.00003255 *
*    C      56      0.00004712  -0.00001179  -0.00002164 *
*    H      57     -0.00000457  -0.00001671   0.00002589 *
*    H      58     -0.00000933   0.00000411   0.00000307 *
*    H      59     -0.00002713   0.00003282  -0.00001494 *
*    C      60     -0.00002454   0.00000641  -0.00002125 *
*    H      61     -0.00000617  -0.00003785   0.00000374 *
*    H      62      0.00001203   0.00002482  -0.00001409 *
*    H      63      0.00002668   0.00002024   0.00000798 *
*    C      64     -0.00000222   0.00002493   0.00003651 *
*    H      65      0.00001792  -0.00005045   0.00001138 *
*    H      66     -0.00004955   0.00002006  -0.00001035 *
*    H      67     -0.00002395   0.00004029  -0.00002518 *
*    C      68      0.00002954   0.00013197   0.00008397 *
*    C      69      0.00006654  -0.00008240   0.00004607 *
*    C      70      0.00002893  -0.00012015   0.00001665 *
*    H      71      0.00005282  -0.00000496   0.00002034 *
*    H      72     -0.00000399   0.00000753  -0.00002914 *
*    H      73     -0.00007411  -0.00001153  -0.00004438 *
*    C      74     -0.00002544   0.00001952  -0.00004717 *
*    H      75      0.00004471   0.00002634   0.00001539 *
*    H      76     -0.00008948  -0.00000974  -0.00004321 *
*    H      77     -0.00001554  -0.00004529   0.00001199 *
*    C      78     -0.00004709   0.00001769  -0.00008594 *
*    H      79      0.00003580   0.00001019   0.00000732 *
*    H      80     -0.00003384  -0.00001942  -0.00002873 *
*    H      81     -0.00002597   0.00000121  -0.00006790 *
*    C      82     -0.00008727   0.00004868   0.00011738 *
*    C      83     -0.00007972   0.00000918  -0.00008093 *
*    C      84      0.00004301   0.00006928  -0.00003711 *
*    H      85     -0.00002008   0.00001794   0.00006394 *
*    H      86     -0.00001236  -0.00000224  -0.00003218 *
*    H      87      0.00002159  -0.00000206   0.00005962 *
*    C      88     -0.00003771   0.00003174   0.00004136 *
*    H      89      0.00002539   0.00002577   0.00000139 *
*    H      90      0.00001032   0.00000482   0.00000990 *
*    H      91     -0.00001794  -0.00001067  -0.00000271 *
*    C      92      0.00009054   0.00002582   0.00009054 *
*    H      93     -0.00001430   0.00000916  -0.00000917 *
*    H      94      0.00002101   0.00003307   0.00005073 *
*    H      95      0.00000851   0.00001519   0.00003730 *
*    C      96      0.00007540  -0.00001502   0.00003241 *
*    C      97     -0.00001392   0.00003870  -0.00004104 *
*    C      98     -0.00008281  -0.00002320  -0.00001408 *
*    H      99      0.00002130   0.00001737  -0.00001987 *
*    H     100      0.00001163  -0.00004312   0.00004351 *
*    H     101     -0.00005248  -0.00005757   0.00006709 *
*    C     102      0.00000336   0.00004446   0.00009223 *
*    H     103      0.00003341   0.00002445  -0.00000984 *
*    H     104     -0.00000119  -0.00002741   0.00002666 *
*    H     105     -0.00003870  -0.00001235  -0.00000447 *
*    C     106     -0.00003890  -0.00003808  -0.00001295 *
*    H     107      0.00000662   0.00003381  -0.00001405 *
*    H     108     -0.00005749  -0.00004640   0.00005211 *
*    H     109     -0.00004046  -0.00000288   0.00006342 *
*                                                        *
**********************************************************
TOTAL:             -0.00052087   0.00091331   0.00024975
 
********************* Unconstrained **********************
********************** NLCC forces ***********************
*                                                        *
* Element  Atom         Cartesian components (Eh/a)      *
* ------------------------------------------------------ *
*                       x            y            z      *
*                                                        *
*    Fe      1     -0.00000000   0.00000000  -0.00000000 *
*    Fe      2     -0.00000000  -0.00000000   0.00000000 *
*    Fe      3      0.00000000  -0.00000000  -0.00000000 *
*    O       4      0.00000018   0.00000009   0.00000004 *
*    O       5     -0.00000209  -0.00000160   0.00000072 *
*    H       6      0.00000000   0.00000000   0.00000000 *
*    H       7      0.00000000   0.00000000   0.00000000 *
*    O       8     -0.00000215  -0.00000130  -0.00000062 *
*    H       9      0.00000000   0.00000000   0.00000000 *
*    H      10      0.00000000   0.00000000   0.00000000 *
*    O      11     -0.00000205  -0.00000135  -0.00000125 *
*    H      12      0.00000000   0.00000000   0.00000000 *
*    H      13      0.00000000   0.00000000   0.00000000 *
*    O      14      0.00000503   0.00000180  -0.00000312 *
*    O      15      0.00000620   0.00000068   0.00000068 *
*    O      16     -0.00000041  -0.00000452  -0.00000440 *
*    O      17      0.00000128  -0.00000617  -0.00000130 *
*    O      18     -0.00000115   0.00000605   0.00000023 *
*    O      19      0.00000140   0.00000514  -0.00000318 *
*    O      20     -0.00000627  -0.00000070  -0.00000104 *
*    O      21     -0.00000468  -0.00000107  -0.00000438 *
*    O      22      0.00000354   0.00000095   0.00000462 *
*    O      23      0.00000110   0.00000445   0.00000447 *
*    O      24     -0.00000202  -0.00000497   0.00000290 *
*    O      25     -0.00000475  -0.00000238   0.00000386 *
*    C      26      0.00366667   0.00098324  -0.00072809 *
*    C      27      0.00183521  -0.00023006  -0.00011397 *
*    C      28      0.00075864   0.00003323  -0.00159246 *
*    H      29      0.00000000   0.00000000   0.00000000 *
*    H      30      0.00000000   0.00000000   0.00000000 *
*    H      31      0.00000000   0.00000000   0.00000000 *
*    C      32      0.00021169   0.00194396  -0.00023105 *
*    H      33      0.00000000   0.00000000   0.00000000 *
*    H      34      0.00000000   0.00000000   0.00000000 *
*    H      35      0.00000000   0.00000000   0.00000000 *
*    C      36      0.00102825  -0.00008314   0.00116839 *
*    H      37      0.00000000   0.00000000   0.00000000 *
*    H      38      0.00000000   0.00000000   0.00000000 *
*    H      39      0.00000000   0.00000000   0.00000000 *
*    C      40     -0.00002452  -0.00344564  -0.00200164 *
*    C      41      0.00057366  -0.00176221  -0.00095458 *
*    C      42     -0.00178668  -0.00104914   0.00022691 *
*    H      43      0.00000000   0.00000000   0.00000000 *
*    H      44      0.00000000   0.00000000   0.00000000 *
*    H      45      0.00000000   0.00000000   0.00000000 *
*    C      46      0.00108118  -0.00121887   0.00096577 *
*    H      47      0.00000000   0.00000000   0.00000000 *
*    H      48      0.00000000   0.00000000   0.00000000 *
*    H      49      0.00000000   0.00000000   0.00000000 *
*    C      50     -0.00054589   0.00013875  -0.00185617 *
*    H      51      0.00000000   0.00000000   0.00000000 *
*    H      52      0.00000000   0.00000000   0.00000000 *
*    H      53      0.00000000   0.00000000   0.00000000 *
*    C      54      0.00000599   0.00384226  -0.00087580 *
*    C      55      0.00024719   0.00166092  -0.00096039 *
*    C      56      0.00094273   0.00033187  -0.00107540 *
*    H      57      0.00000000   0.00000000   0.00000000 *
*    H      58      0.00000000   0.00000000   0.00000000 *
*    H      59      0.00000000   0.00000000   0.00000000 *
*    C      60     -0.00164425   0.00097956   0.00009944 *
*    H      61      0.00000000   0.00000000   0.00000000 *
*    H      62      0.00000000   0.00000000   0.00000000 *
*    H      63      0.00000000   0.00000000   0.00000000 *
*    C      64      0.00074268   0.00112640   0.00150591 *
*    H      65      0.00000000   0.00000000   0.00000000 *
*    H      66      0.00000000   0.00000000   0.00000000 *
*    H      67      0.00000000   0.00000000   0.00000000 *
*    C      68     -0.00356593  -0.00109515  -0.00130716 *
*    C      69     -0.00213328   0.00014829  -0.00040182 *
*    C      70      0.00013365  -0.00169878  -0.00097636 *
*    H      71      0.00000000   0.00000000   0.00000000 *
*    H      72      0.00000000   0.00000000   0.00000000 *
*    H      73      0.00000000   0.00000000   0.00000000 *
*    C      74      0.00000408   0.00057372  -0.00192393 *
*    H      75      0.00000000   0.00000000   0.00000000 *
*    H      76      0.00000000   0.00000000   0.00000000 *
*    H      77      0.00000000   0.00000000   0.00000000 *
*    C      78     -0.00115389   0.00009940   0.00122006 *
*    H      79      0.00000000   0.00000000   0.00000000 *
*    H      80      0.00000000   0.00000000   0.00000000 *
*    H      81      0.00000000   0.00000000   0.00000000 *
*    C      82      0.00147633   0.00158563   0.00298355 *
*    C      83      0.00117274   0.00022793   0.00130918 *
*    C      84      0.00047240   0.00199495  -0.00013140 *
*    H      85      0.00000000   0.00000000   0.00000000 *
*    H      86      0.00000000   0.00000000   0.00000000 *
*    H      87      0.00000000   0.00000000   0.00000000 *
*    C      88     -0.00092540   0.00055409   0.00132175 *
*    H      89      0.00000000   0.00000000   0.00000000 *
*    H      90      0.00000000   0.00000000   0.00000000 *
*    H      91      0.00000000   0.00000000   0.00000000 *
*    C      92      0.00124534  -0.00058073   0.00086860 *
*    H      93      0.00000000   0.00000000   0.00000000 *
*    H      94      0.00000000   0.00000000   0.00000000 *
*    H      95      0.00000000   0.00000000   0.00000000 *
*    C      96     -0.00196583  -0.00270786   0.00196655 *
*    C      97     -0.00080734  -0.00176137   0.00045173 *
*    C      98     -0.00182606   0.00056258  -0.00019088 *
*    H      99      0.00000000   0.00000000   0.00000000 *
*    H     100      0.00000000   0.00000000   0.00000000 *
*    H     101      0.00000000   0.00000000   0.00000000 *
*    C     102     -0.00039855   0.00050027   0.00180727 *
*    H     103      0.00000000   0.00000000   0.00000000 *
*    H     104      0.00000000   0.00000000   0.00000000 *
*    H     105      0.00000000   0.00000000   0.00000000 *
*    C     106      0.00087807  -0.00162215  -0.00018649 *
*    H     107      0.00000000   0.00000000   0.00000000 *
*    H     108      0.00000000   0.00000000   0.00000000 *
*    H     109      0.00000000   0.00000000   0.00000000 *
*                                                        *
**********************************************************
TOTAL:             -0.00030793   0.00002704   0.00038574
 
********************* Unconstrained **********************
****** Correction to ensure the total force is zero ******
*                                                        *
* Element  Atom         Cartesian components (Eh/a)      *
* ------------------------------------------------------ *
*                       x            y            z      *
*                                                        *
*    Fe      1     -0.00000647  -0.00000022  -0.00000167 *
*    Fe      2     -0.00000647  -0.00000022  -0.00000167 *
*    Fe      3     -0.00000647  -0.00000022  -0.00000167 *
*    O       4     -0.00000647  -0.00000022  -0.00000167 *
*    O       5     -0.00000647  -0.00000022  -0.00000167 *
*    H       6     -0.00000647  -0.00000022  -0.00000167 *
*    H       7     -0.00000647  -0.00000022  -0.00000167 *
*    O       8     -0.00000647  -0.00000022  -0.00000167 *
*    H       9     -0.00000647  -0.00000022  -0.00000167 *
*    H      10     -0.00000647  -0.00000022  -0.00000167 *
*    O      11     -0.00000647  -0.00000022  -0.00000167 *
*    H      12     -0.00000647  -0.00000022  -0.00000167 *
*    H      13     -0.00000647  -0.00000022  -0.00000167 *
*    O      14     -0.00000647  -0.00000022  -0.00000167 *
*    O      15     -0.00000647  -0.00000022  -0.00000167 *
*    O      16     -0.00000647  -0.00000022  -0.00000167 *
*    O      17     -0.00000647  -0.00000022  -0.00000167 *
*    O      18     -0.00000647  -0.00000022  -0.00000167 *
*    O      19     -0.00000647  -0.00000022  -0.00000167 *
*    O      20     -0.00000647  -0.00000022  -0.00000167 *
*    O      21     -0.00000647  -0.00000022  -0.00000167 *
*    O      22     -0.00000647  -0.00000022  -0.00000167 *
*    O      23     -0.00000647  -0.00000022  -0.00000167 *
*    O      24     -0.00000647  -0.00000022  -0.00000167 *
*    O      25     -0.00000647  -0.00000022  -0.00000167 *
*    C      26     -0.00000647  -0.00000022  -0.00000167 *
*    C      27     -0.00000647  -0.00000022  -0.00000167 *
*    C      28     -0.00000647  -0.00000022  -0.00000167 *
*    H      29     -0.00000647  -0.00000022  -0.00000167 *
*    H      30     -0.00000647  -0.00000022  -0.00000167 *
*    H      31     -0.00000647  -0.00000022  -0.00000167 *
*    C      32     -0.00000647  -0.00000022  -0.00000167 *
*    H      33     -0.00000647  -0.00000022  -0.00000167 *
*    H      34     -0.00000647  -0.00000022  -0.00000167 *
*    H      35     -0.00000647  -0.00000022  -0.00000167 *
*    C      36     -0.00000647  -0.00000022  -0.00000167 *
*    H      37     -0.00000647  -0.00000022  -0.00000167 *
*    H      38     -0.00000647  -0.00000022  -0.00000167 *
*    H      39     -0.00000647  -0.00000022  -0.00000167 *
*    C      40     -0.00000647  -0.00000022  -0.00000167 *
*    C      41     -0.00000647  -0.00000022  -0.00000167 *
*    C      42     -0.00000647  -0.00000022  -0.00000167 *
*    H      43     -0.00000647  -0.00000022  -0.00000167 *
*    H      44     -0.00000647  -0.00000022  -0.00000167 *
*    H      45     -0.00000647  -0.00000022  -0.00000167 *
*    C      46     -0.00000647  -0.00000022  -0.00000167 *
*    H      47     -0.00000647  -0.00000022  -0.00000167 *
*    H      48     -0.00000647  -0.00000022  -0.00000167 *
*    H      49     -0.00000647  -0.00000022  -0.00000167 *
*    C      50     -0.00000647  -0.00000022  -0.00000167 *
*    H      51     -0.00000647  -0.00000022  -0.00000167 *
*    H      52     -0.00000647  -0.00000022  -0.00000167 *
*    H      53     -0.00000647  -0.00000022  -0.00000167 *
*    C      54     -0.00000647  -0.00000022  -0.00000167 *
*    C      55     -0.00000647  -0.00000022  -0.00000167 *
*    C      56     -0.00000647  -0.00000022  -0.00000167 *
*    H      57     -0.00000647  -0.00000022  -0.00000167 *
*    H      58     -0.00000647  -0.00000022  -0.00000167 *
*    H      59     -0.00000647  -0.00000022  -0.00000167 *
*    C      60     -0.00000647  -0.00000022  -0.00000167 *
*    H      61     -0.00000647  -0.00000022  -0.00000167 *
*    H      62     -0.00000647  -0.00000022  -0.00000167 *
*    H      63     -0.00000647  -0.00000022  -0.00000167 *
*    C      64     -0.00000647  -0.00000022  -0.00000167 *
*    H      65     -0.00000647  -0.00000022  -0.00000167 *
*    H      66     -0.00000647  -0.00000022  -0.00000167 *
*    H      67     -0.00000647  -0.00000022  -0.00000167 *
*    C      68     -0.00000647  -0.00000022  -0.00000167 *
*    C      69     -0.00000647  -0.00000022  -0.00000167 *
*    C      70     -0.00000647  -0.00000022  -0.00000167 *
*    H      71     -0.00000647  -0.00000022  -0.00000167 *
*    H      72     -0.00000647  -0.00000022  -0.00000167 *
*    H      73     -0.00000647  -0.00000022  -0.00000167 *
*    C      74     -0.00000647  -0.00000022  -0.00000167 *
*    H      75     -0.00000647  -0.00000022  -0.00000167 *
*    H      76     -0.00000647  -0.00000022  -0.00000167 *
*    H      77     -0.00000647  -0.00000022  -0.00000167 *
*    C      78     -0.00000647  -0.00000022  -0.00000167 *
*    H      79     -0.00000647  -0.00000022  -0.00000167 *
*    H      80     -0.00000647  -0.00000022  -0.00000167 *
*    H      81     -0.00000647  -0.00000022  -0.00000167 *
*    C      82     -0.00000647  -0.00000022  -0.00000167 *
*    C      83     -0.00000647  -0.00000022  -0.00000167 *
*    C      84     -0.00000647  -0.00000022  -0.00000167 *
*    H      85     -0.00000647  -0.00000022  -0.00000167 *
*    H      86     -0.00000647  -0.00000022  -0.00000167 *
*    H      87     -0.00000647  -0.00000022  -0.00000167 *
*    C      88     -0.00000647  -0.00000022  -0.00000167 *
*    H      89     -0.00000647  -0.00000022  -0.00000167 *
*    H      90     -0.00000647  -0.00000022  -0.00000167 *
*    H      91     -0.00000647  -0.00000022  -0.00000167 *
*    C      92     -0.00000647  -0.00000022  -0.00000167 *
*    H      93     -0.00000647  -0.00000022  -0.00000167 *
*    H      94     -0.00000647  -0.00000022  -0.00000167 *
*    H      95     -0.00000647  -0.00000022  -0.00000167 *
*    C      96     -0.00000647  -0.00000022  -0.00000167 *
*    C      97     -0.00000647  -0.00000022  -0.00000167 *
*    C      98     -0.00000647  -0.00000022  -0.00000167 *
*    H      99     -0.00000647  -0.00000022  -0.00000167 *
*    H     100     -0.00000647  -0.00000022  -0.00000167 *
*    H     101     -0.00000647  -0.00000022  -0.00000167 *
*    C     102     -0.00000647  -0.00000022  -0.00000167 *
*    H     103     -0.00000647  -0.00000022  -0.00000167 *
*    H     104     -0.00000647  -0.00000022  -0.00000167 *
*    H     105     -0.00000647  -0.00000022  -0.00000167 *
*    C     106     -0.00000647  -0.00000022  -0.00000167 *
*    H     107     -0.00000647  -0.00000022  -0.00000167 *
*    H     108     -0.00000647  -0.00000022  -0.00000167 *
*    H     109     -0.00000647  -0.00000022  -0.00000167 *
*                                                        *
**********************************************************
TOTAL:             -0.00070560  -0.00002421  -0.00018164

********************* Unconstrained **********************
************************* Forces *************************
*                                                        *
* Element  Atom         Cartesian components (Eh/a)      *
* ------------------------------------------------------ *
*                       x            y            z      *
*                                                        *
*    Fe      1     -0.00861838   0.00838928  -0.00731014 *
*    Fe      2     -0.00182680  -0.00223501   0.01447810 *
*    Fe      3      0.00990750  -0.00774659  -0.00755643 *
*    O       4     -0.00104943  -0.00005388   0.00002390 *
*    O       5     -0.00838192  -0.00793703   0.00148863 *
*    H       6      0.00801947  -0.00243784  -0.00546434 *
*    H       7      0.00392746   0.00586628   0.00692807 *
*    O       8     -0.00977429  -0.00678163  -0.00288331 *
*    H       9      0.00957395  -0.00274100  -0.00237027 *
*    H      10      0.00046498   0.01030564  -0.00099075 *
*    O      11     -0.00879248  -0.00716521  -0.00438741 *
*    H      12      0.00216995   0.00020214   0.01002980 *
*    H      13      0.00166553   0.00974120  -0.00285439 *
*    O      14      0.00012925  -0.00606227   0.01882649 *
*    O      15     -0.01388378   0.00369016  -0.01852807 *
*    O      16      0.01158666  -0.00034561   0.02044656 *
*    O      17     -0.00911590   0.01368486  -0.01263333 *
*    O      18      0.01206013  -0.01049971  -0.01284726 *
*    O      19     -0.01297397  -0.00343317   0.01860416 *
*    O      20      0.01621292   0.00268997  -0.01648288 *
*    O      21     -0.00363611   0.00272251   0.02067956 *
*    O      22     -0.01291022   0.01204854  -0.00769886 *
*    O      23      0.01026941  -0.02192663  -0.00467149 *
*    O      24     -0.00871709   0.02090882   0.00263007 *
*    O      25      0.01726196  -0.01128833  -0.00755627 *
*    C      26      0.00989208   0.00272510  -0.00013552 *
*    C      27      0.00131303   0.00060729  -0.00008488 *
*    C      28      0.00020488  -0.00010104  -0.00039222 *
*    H      29     -0.00250517   0.00169690  -0.00319347 *
*    H      30     -0.00010982  -0.00421301  -0.00073759 *
*    H      31      0.00414870   0.00126060  -0.00105470 *
*    C      32     -0.00005057   0.00056619  -0.00003227 *
*    H      33     -0.00267847   0.00209811  -0.00271670 *
*    H      34      0.00408536   0.00178003  -0.00091787 *
*    H      35     -0.00090451   0.00144835   0.00396898 *
*    C      36     -0.00002410  -0.00016392  -0.00001635 *
*    H      37      0.00021102  -0.00427337  -0.00003328 *
*    H      38     -0.00055680   0.00099206   0.00418028 *
*    H      39      0.00414176   0.00135922  -0.00084681 *
*    C      40     -0.00129519  -0.00889806  -0.00450628 *
*    C      41     -0.00013642  -0.00148365  -0.00066317 *
*    C      42     -0.00060181  -0.00043950   0.00015182 *
*    H      43     -0.00343542   0.00219714  -0.00146987 *
*    H      44     -0.00065949  -0.00055644   0.00423929 *
*    H      45     -0.00048573  -0.00412516  -0.00172990 *
*    C      46      0.00072130  -0.00006149   0.00016166 *
*    H      47      0.00399206   0.00142579  -0.00071728 *
*    H      48     -0.00019559  -0.00401074  -0.00178880 *
*    H      49     -0.00007759  -0.00085454   0.00432148 *
*    C      50      0.00007034   0.00006903  -0.00043249 *
*    H      51      0.00378346   0.00166852  -0.00136391 *
*    H      52     -0.00315480   0.00229705  -0.00193418 *
*    H      53     -0.00028199  -0.00394439  -0.00187018 *
*    C      54      0.00164804   0.00972021  -0.00291952 *
*    C      55      0.00014382   0.00138229  -0.00012536 *
*    C      56     -0.00001212  -0.00020371  -0.00034035 *
*    H      57      0.00028626   0.00428419  -0.00086163 *
*    H      58     -0.00200135  -0.00168195  -0.00339554 *
*    H      59      0.00408682  -0.00138875  -0.00041392 *
*    C      60     -0.00041076   0.00002823  -0.00020047 *
*    H      61     -0.00001618   0.00437525  -0.00085855 *
*    H      62     -0.00226708  -0.00043319   0.00380341 *
*    H      63     -0.00250916  -0.00164625  -0.00301391 *
*    C      64      0.00030211   0.00030428   0.00012230 *
*    H      65      0.00032386   0.00445893  -0.00043161 *
*    H      66      0.00413380  -0.00138279   0.00022949 *
*    H      67     -0.00177611  -0.00043261   0.00401284 *
*    C      68     -0.00893028  -0.00339365  -0.00374067 *
*    C      69     -0.00140506  -0.00051846  -0.00075154 *
*    C      70      0.00005340  -0.00057485   0.00008309 *
*    H      71     -0.00374298  -0.00142464  -0.00210040 *
*    H      72      0.00052457  -0.00273882   0.00324156 *
*    H      73      0.00309443  -0.00099428  -0.00282586 *
*    C      74     -0.00003683   0.00057568  -0.00021516 *
*    H      75     -0.00384848  -0.00106294  -0.00208698 *
*    H      76      0.00309412  -0.00038712  -0.00301472 *
*    H      77     -0.00023953   0.00421368   0.00069975 *
*    C      78      0.00000854   0.00026551   0.00017967 *
*    H      79     -0.00379283  -0.00109356  -0.00187110 *
*    H      80     -0.00053611   0.00411083   0.00129024 *
*    H      81     -0.00001408  -0.00238930   0.00366509 *
*    C      82      0.00298012   0.00744876   0.00696467 *
*    C      83      0.00049734   0.00054005   0.00129386 *
*    C      84      0.00056947   0.00045625   0.00000689 *
*    H      85      0.00307038  -0.00036031  -0.00294884 *
*    H      86      0.00190911   0.00231418   0.00324285 *
*    H      87     -0.00298577   0.00272194  -0.00174629 *
*    C      88     -0.00030133  -0.00008575   0.00056674 *
*    H      89     -0.00180120  -0.00360769   0.00145184 *
*    H      90     -0.00330369   0.00254663  -0.00127820 *
*    H      91      0.00163060   0.00195479   0.00359068 *
*    C      92      0.00046164  -0.00020201   0.00043803 *
*    H      93      0.00180340   0.00205162   0.00335401 *
*    H      94      0.00322737  -0.00078348  -0.00269812 *
*    H      95     -0.00112374  -0.00388800   0.00142564 *
*    C      96     -0.00658177  -0.00676851   0.00339856 *
*    C      97     -0.00110363  -0.00090810   0.00063744 *
*    C      98     -0.00043456  -0.00039099  -0.00009243 *
*    H      99     -0.00282129  -0.00251879   0.00222514 *
*    H     100     -0.00048308  -0.00116200  -0.00407787 *
*    H     101     -0.00184297   0.00399782   0.00025029 *
*    C     102      0.00000358   0.00011577   0.00086632 *
*    H     103     -0.00257066  -0.00255560   0.00260661 *
*    H     104     -0.00140545   0.00406197   0.00077521 *
*    H     105      0.00395218  -0.00025243   0.00165729 *
*    C     106      0.00018288  -0.00029765   0.00007371 *
*    H     107     -0.00249424  -0.00271176   0.00226457 *
*    H     108      0.00398566  -0.00075561   0.00145890 *
*    H     109     -0.00016054  -0.00159485  -0.00415358 *
*                                                        *
**********************************************************
* TOTAL:           -0.00000000   0.00000000  -0.00000000 *
**********************************************************
 
 
***********************************************************
********** Summary of Forces (values in Eh/a) *************
*                                                         *
* ---------------------- Minimum ------------------------ *
* Atom:        36, |F|min =    0.00016649                 *
* Components:     Fx|min       Fy|min       Fz|min        *
*              -0.00002410  -0.00016392  -0.00001635      *
*                                                         *
* ---------------------- Maximum ------------------------ *
* Atom:        23, |F|max =    0.02465889                 *
* Components:     Fx|max       Fy|max       Fz|max        *
*               0.01026941  -0.02192663  -0.00467149      *
*                                                         *
* ---------------- Root Mean Square Force --------------- *
*                  |F|rms =    0.00919222                 *
* Components:     Fx|rms       Fy|rms       Fz|rms        *
*               0.00509748   0.00503465   0.00575888      *
***********************************************************
 

------------------------------ TIMING INFORMATION ------------------------------
AVERAGE TIME:   16518.358s on      6 proc(s)                                    
TOTAL TIME:     16518.359s on      6 proc(s)                                    
==================== AVERAGE TIMINGS FROM ALL PROCS (CUMULATIVE) =====================
|| TAG                                         #calls     cpu time   %total  Gflops ||
|| onetep.F90 main loop imbalance             :     1        0.00s   0.000%  ------ ||
|| sparse_blacstospam3_real_fast_imbal        :    24        0.00s   0.000%  ------ ||
|| hash_table_free                            :    33        0.00s   0.000%  ------ ||
|| onetep.F90 final imbalance                 :     1        0.00s   0.000%  ------ ||
|| sparse_spam3toblacs_real_fast_imbal        :     6        0.00s   0.000%  ------ ||
|| density_fftbox_interp_mult_imbal           : 17088        0.00s   0.000%  ------ ||
|| sw_bessel_init_cpu                         :     1        0.02s   0.000%  ------ || (1 procs only)
|| sparse_spam3toblacs_real_fast_B2           :    36        0.01s   0.000%  ------ ||
|| ewald_calculate_forces_realspace           :     1        0.02s   0.000%  ------ ||
|| sparse_spam3toblacs_real_fast_B1           :    36        0.03s   0.000%  ------ ||
|| ewald_calculate_energy                     :     1        0.04s   0.000%  ------ ||
|| sparse_set_to_garbage                      :   291        0.04s   0.000%  ------ ||
|| ewald_calculate_forces_recipspace          :     1        0.05s   0.000%  ------ ||
|| paw_dij_hartree                            :   193        0.05s   0.000%  ------ ||
|| sparse_spam3toblacs_real_fast              :     6        0.07s   0.000%  ------ ||
|| linalg_dgemv                               :    80        0.07s   0.000%  ------ ||
|| paw_tcore_density                          :     1        0.07s   0.000%  ------ ||
|| sparse_init                                :     1        0.08s   0.000%  ------ ||
|| sw_init                                    :   363        0.12s   0.001%  ------ ||
|| sparse_blacstospam3_real_fast              :    24        0.13s   0.001%  ------ ||
|| ewald_calculate_forces                     :     1        0.17s   0.001%  ------ ||
|| basis_extract_function_from_box            :  3207        0.23s   0.001%  ------ ||
|| dense_eigensolve                           :     2        0.28s   0.002%  ------ ||
|| palser_mano_kernel_optimise_spam3_embed    :     2        0.33s   0.002%  ------ ||
|| augmentation_density_forces                :     1        0.35s   0.002%  ------ ||
|| sparse_embed_array_hotelling_invert        :    33        0.36s   0.002%  ------ ||
|| restart_kernel_write                       :    18        0.38s   0.002%  ------ ||
|| ngwfs_initialise_from_radial               :     1        0.68s   0.004%  ------ ||
|| paw_tcore_hartree_on_grid                  :     1        0.86s   0.005%  ------ ||
|| pseudo_make_structure_factor               :     1        1.25s   0.008%  ------ ||
|| kernel_purify                              :   272        1.87s   0.011%  ------ ||
|| paw_sphere_density_on_grid                 :     1        2.06s   0.012%  ------ ||
|| lnv_gradient_norm                          :    85        2.29s   0.014%  ------ ||
|| integrals_grad_spam3                       :     1        2.46s   0.015%  ------ ||
|| sparse_trace                               :  8225        2.54s   0.015%  ------ ||
|| paw_dataset_init                           :     4        2.61s   0.016%  ------ ||
|| nonsc_forces_ngwfs_calc                    :     1        2.74s   0.017%  ------ ||
|| paw_tcore_hartree_calc_forces              :     1        3.64s   0.022%  ------ ||
|| kernel_fix                                 :    85        3.91s   0.024%  ------ ||
|| paw_species_calc_proj_prec_mat             :     1        7.23s   0.044%  ------ ||
|| function_ops_brappd_ketppd_spam3           :    33        8.09s   0.049%  ------ ||
|| paw_nlcc_calculate_forces                  :     1        8.25s   0.050%  ------ ||
|| ngwf_gradient_coeffs                       :    17        9.37s   0.057%  ------ ||
|| restart_ngwfs_tightbox_output              :    16       10.16s   0.061%  ------ ||
|| energy_and_force_init_cell                 :     1       11.83s   0.072%  ------ ||
|| projectors_func_grad_ovlp_box_spam3        :     3       14.31s   0.087%  ------ ||
|| aug_nl_calculate_forces                    :     1       15.13s   0.092%  ------ ||
|| sparse_product                             : 10608       18.47s   0.112%  ------ ||
|| eigenstates_calculate                      :     1       19.16s   0.116%  ------ ||
|| basis_copy_function_to_box                 : 29243       43.00s   0.260%  ------ ||
|| integrals_kinetic_spam3                    :    33       48.65s   0.294%  ------ ||
|| fourier_apply_box_pair                     :  4023       56.54s   0.342%  81.186 ||
|| augmentation_screen_dij_spam3              :   184       57.07s   0.345%  ------ ||
|| aug_nonlocal_mat_spam3_embed_array         :   175       78.05s   0.472%  ------ ||
|| cell_grid_extract_box_real                 : 18202       79.04s   0.479%  ------ ||
|| paw_dij_xc                                 :   193       83.04s   0.503%  ------ ||
|| forces_calculate                           :     1       93.39s   0.565%  ------ ||
|| fourier_filter_cell                        :   224      108.76s   0.658%  17.991 ||
|| aug_density_on_grid_spam3                  :   178      131.59s   0.797%  ------ ||
|| basis_dot_function_with_box                : 3.357M     133.49s   0.808%  ------ ||
|| projectors_func_ovlp_box_spam3             :    33      140.30s   0.849%  ------ ||
|| density_init_guess_real                    :     2      143.32s   0.868%  ------ ||
|| hartree_on_grid_single                     :   177      143.40s   0.868%  ------ ||
|| integrals_locpot_mat_els_batch             :   570      158.31s   0.958%  ------ ||
|| fourier_interpolate_cell                   :   356      170.70s   1.033%  18.218 ||
|| projectors_init_fftbox_recip               :   241      172.98s   1.047%  ------ ||
|| cell_grid_deposit_box_real                 : 25500      174.64s   1.057%  ------ ||
|| density_batch_row_sums                     :  1068      208.73s   1.264%  ------ ||
|| basis_add_function_to_box                  : 6.489M     281.96s   1.707%  ------ ||
|| density_fftbox_deposit_to_cell             : 17088      338.36s   2.048%  ------ ||
|| hamiltonian_energy_components              :     4      360.88s   2.185%  ------ ||
|| properties_calculate                       :     1      374.74s   2.269%  ------ ||
|| fourier_filter                             :  6163      540.47s   3.272%  ------ ||
|| fourier_apply_cell_forward                 :  1594      588.19s   3.561%  21.302 ||
|| fourier_apply_cell_backward                :  1594      650.89s   3.940%  19.250 ||
|| fourier_interpolate                        :  6163     1335.99s   8.088%  ------ ||
|| xc_energy_potential                        :   177     1391.43s   8.424%  ------ ||
|| projectors_gradient_batch                  :   102     1575.66s   9.539%  ------ ||
|| potential_apply_to_ngwf_batch              :   570     2149.08s  13.010%  ------ ||
|| integrals_locpot_dbl_grid                  :   190     2307.89s  13.972%  ------ ||
|| fourier_interpolate_product                : 16791     2980.59s  18.044%  ------ ||
|| density_fftbox_interpolate_multiply        : 17088     3199.11s  19.367%  ------ ||
|| fourier_apply_box                          : 104.1k    3306.99s  20.020% 106.846 ||
|| projectors_grad_precond_batch              :   102     3912.98s  23.689%  ------ ||
|| density_batch_interp_deposit               :  1068     3959.23s  23.969%  ------ ||
|| density_on_dbl_grid                        :   356     4453.62s  26.962%  ------ ||
|| ngwf_gradient_build_batch                  :   102     6052.09s  36.639%  ------ ||
|| hamiltonian_lhxc_calculate                 :   171     6361.34s  38.511%  ------ ||
|| ngwf_gradient_batch                        :   102     6452.13s  39.060%  ------ ||
|| ngwf_gradient_lnv                          :    17     6605.38s  39.988%  ------ ||
|| lnv_denskernel_optimise_cg                 :    17     7951.68s  48.138%  ------ ||
|| ngwf_cg_optimise                           :     1    15833.23s  95.852%  ------ ||
|| energy_and_forces                          :     1    16505.40s  99.922%  ------ ||
|| total_time                                 :     1    16518.36s 100.000%  ------ ||
======================================================================================
Overhead of generating timer report: 
- 0 ms averaging over threads,
- 1 ms ensuring consistency across MPI ranks,
- 47 ms printing in order.

Job completed: 24-10-2025 15:36 (+0100)

onetep_launcher: ONETEP seems to have finished correctly (zero exit code).
                 Brought to you by PID 78210 on nid002081.
