==================================================================================
It's Fri 24 Oct 2025 11:00:03 AM BST.
*** Starting onetep_launcher (node nid003045, PIDs 128903 128904 128905 128906 128907 128908)...
    - ONETEP arguments: Fe_EtOH_3_HighSpin_NGWFSP.dat
    - Current directory: /mnt/lustre/a2fs-work3/work/e89/e89/phsmea/onetep_ali_PBE/Fe_EtOH_3/HS/sp
    - Launcher executable directory: /mnt/lustre/a2fs-work3/work/e89/e89/phsmea/onetep_ali
    - (-e) ONETEP executable specified through command-line: /work/e89/e89/phsmea/onetep.archer2_2024_cray_2
      ... trying /work/e89/e89/phsmea/onetep.archer2_2024_cray_2
          -> looks OK
*** Setting up environment...
    - (-s) Process stack size: unlimited
    - (-t) OMP_NUM_THREADS: 8
    - (-o) OMP_STACKSIZE: 64M
    - (-c) Maximum core file size: 2048000
    - (-d) decfort_dump_flag: n
    - (-m) I_MPI_OFA_TRANSLATION_CACHE: 0
    - (-m) I_MPI_DAPL_TRANSLATION_CACHE: 0
    - (-m) I_MPI_DAPL_UD_TRANSLATION_CACHE: 0
*** Starting ONETEP...
    - /work/e89/e89/phsmea/onetep.archer2_2024_cray_2 Fe_EtOH_3_HighSpin_NGWFSP.dat
=================================================================================
_________________________________________________________________________________
 +---------------------------------------------------------------+
 |                                                               |
 |        ####### #     # ####### ####### ####### ######         |
 |        #     # ##    # #          #    #       #     #        |
 |        #     # # #   # #          #    #       #     #        |
 |        #     # #  #  # #####      #    #####   ######         |
 |        #     # #   # # #          #    #       #              |
 |        #     # #    ## #          #    #       #              |
 |        ####### #     # #######    #    ####### #              |
 |                                                               |
 |        Linear-Scaling Ab Initio Total Energy Program          |
 |                                                               |
 |          Release for academic collaborators of ODG            |
 |                                             Version 7.3.0     |
 | Remote: git@github.com:Miesaz/onetep_mea.git                  |
 | Local branch: master                                          |
 | Commit ID: 4af45e89288c8df5499704252eec3e032ee3d0c8           |
 | Date: Tue Aug 6 11:28:44 2024 +0100                           |
 | Locally modified files:                                       |
 |   src/hubbard_build_mod.F90                                   |
 |   src/services_mod.F90                                        |
 |                                                               |
 +---------------------------------------------------------------+
 |                                                               |
 |  Authors:                                                     |
 |  Jacek Dziedzic, Peter D. Haynes, Nicholas D. M. Hine,        |
 |  Arash A. Mostofi, Mike C. Payne and Chris-Kriton Skylaris    |
 |                                                               |
 |  Contributors:                                                |
 |  J. Aarons, L. Andrinopoulos, P. W. Avraam, R. A. Bell,       |
 |  A. Bhandari, G. A. Bramley, R. J. Charlton, S. J. Clark,     |
 |  R. J. Clements, G. C. Constantinescu, F. Corsetti,           |
 |  N. Corsini, O. Dieguez, S. M. M. Dubois, K. K. B. Duff,      |
 |  J. M. Escartin, M. Escobar Azor, A. Greco,                   |
 |  H. Helal, Q. O. Hill, L. P. Lee, J.-H. Li,                   |
 |  T. Li, E. B. Linscott, G. Moynihan, D. D. O`Regan,           |
 |  O. K. Okan, E. Parkinson, M. J. S. Phipps,                   |
 |  C. J. Pickard, J. C. A. Prentice, M. I. J. Probert,          |
 |  L. E. Ratcliff, M. Robinson, A. Ruiz Serrano,                |
 |  M. dos Santos Dias, J. S. Spencer, E. W. Tait,               |
 |  G. Teobaldi, D. Turban, V. Vitale, K. A. Wilkinson,          |
 |  C. Weber, J. C. Womack, Chengcheng Xiao, N. Yeung,           |
 |  and T. J. Zuehlsdorff.                                       |
 |                                                               |
 |                                   Copyright (c) 2004-2025     |
 |                                                               |
 |  Please cite:                                                 |
 |  "The ONETEP linear-scaling density functional theory program"|
 |   J. Chem. Phys. 152(17) 174111 (2020)                        |
 |                                                               |
 |          in all publications arising from your use of ONETEP. |
 |                                                               |
 +---------------------------------------------------------------+
 |                                                               |
 |   ONETEP is based on developments described in the following  |
 |   publications:                                               |
 |                                                               |
 |  "Nonorthogonal generalized Wannier function pseudopotential  |
 |   plane-wave method".                                         |
 |   C.-K. Skylaris, A. A. Mostofi, P. D. Haynes, O. Dieguez,    |
 |   M. C. Payne.                                                |
 |   Phys. Rev. B 66 035119 (2002).                              |
 |                                                               |
 |  "Preconditioned iterative minimization for linear-scaling    |
 |   electronic structure calculations".                         |
 |   A. A. Mostofi, P. D. Haynes, C.-K. Skylaris, M. C. Payne.   |
 |   J. Chem. Phys. 119(17), pp.8842-8848 (2003).                |
 |                                                               |
 |  "Total-energy calculations on a real space grid with         |
 |   localized functions and a plane-wave basis".                |
 |   A. A. Mostofi, C.-K. Skylaris, P. D. Haynes, M. C. Payne.   |
 |   Comput. Phys. Commun. 147, pp.788-802 (2002).               |
 |                                                               |
 |  "Accurate kinetic energy evaluation in electronic structure  |
 |   calculations with localized functions on real space grids"  |
 |   C.-K. Skylaris, A. A. Mostofi, P. D. Haynes, C. J. Pickard, |
 |   M. C. Payne.                                                |
 |   Comput. Phys. Commun. 140, pp.315-322 (2001).               |
 |                                                               |
 |  "Accurate ionic forces and geometry optimization in linear-  |
 |   scaling density-functional theory with local orbitals"      |
 |   N. D. M. Hine, M. Robinson, P. D. Haynes, C.-K. Skylaris,   |
 |   M. C. Payne, and A. A. Mostofi.                             |
 |   Phys. Rev. B 83 195102 (2011).                              |
 |                                                               |
 +---------------------------------------------------------------+

Job started: 24-10-2025 11:00 (+0100)
 
Reading parameters from file "Fe_EtOH_3_HighSpin_NGWFSP.dat" ...... done

If your calculation crashes here, before "Checking processes and threads..."
is displayed, then your stack size is insufficient.
If so, use "ulimit -s unlimited" at runtime.
You can disable this check with "check_stack_size F".

Checking processes and threads...
   Determining the default number of threads...
      No default threads set at compilation time: defaulting to 1.
      OpenMP library call suggests 8 threads.
      Hybrid MPI-OpenMP compilation detected.
      Number of MPI processes > 1.
      OMP_NUM_THREADS environment variable present and
      its value matches the one obtained from the OpenMP library call.
      Using this value as default.
      Default threads: 8
      Default applies to threads_max and threads_num_fftboxes.
      Settings in the input file override this default.
   ... done

   Running with 6 MPI processes.
   There are 6 MPI processes running on the same node as the root process.
   Each MPI process is using: 
               1 threads for simulation cell FFTs.
               1 threads for threaded FFT box operations.
               8 threads for loops over batched FFT box operations.
               8 threads in other parallel regions.
   MPI Interface: S1 (use mpi_f08) (-DMPI -DUSE_MPI_F08).
   MPI_ASYNC_PROTECTS_NONBLOCKING: Yes. MPI_SUBARRAYS_SUPPORTED: Yes.
   FFTW Interface: OMP-capable and MODERN. (-DUSE_MODERN_FFTW specified).
   GPU Interface: None.
   GPU FFT Backend: None.
... done

Basic input checks...... done

Reading geometry and species blocks from file "Fe_EtOH_3_HighSpin_NGWFSP.dat" ...   
  Number of PPD points along a3 set to 1.  This is 
  the default value, it may have been provided also in the input file.
... done


--------------------------------------------------------------------------------
---------------------------------- INPUT FILE ----------------------------------
--------------------------------------------------------------------------------

charge : 3                                                                      
cutoff_energy : 800 eV                                                          
do_properties : T                                                               
edft : F                                                                        
fine_grid_scale : 4                                                             
forces_output_detail : VERBOSE                                                  
output_detail : VERBOSE                                                         
paw : T                                                                         
pseudo_path : ../../../                                                         
spin : 5                                                                        
task : SINGLEPOINT                                                              
write_denskern : T                                                              
write_forces : T                                                                
write_tightbox_ngwfs : T                                                        
xc_functional : pbe                                                             
ngwfs_spin_polarised: T                                                         
%BLOCK LATTICE_CART                                                             
ang                                                                             
27.84119898       0.00000000       0.00000000                                   
0.00000000      27.95738238       0.00000000                                    
0.00000000       0.00000000      26.56600724                                    
%ENDBLOCK LATTICE_CART                                                          
%BLOCK POSITIONS_ABS                                                            
ang                                                                             
Fe    13.173884    13.742508    12.629390                                       
O    12.487003    15.216457    11.715548                                        
O    12.021656    12.839535    13.778607                                        
O    14.949022    13.183696    12.458749                                        
H    11.521437    15.321142    11.607960                                        
C    16.135330    13.476680    11.401376                                        
H    11.206058    13.268654    14.103332                                        
C    13.110809    16.518993    10.952886                                        
H    15.349026    12.583928    13.117868                                        
C    11.991986    11.347914    14.495494                                        
H    13.410098    16.082048    10.000000                                        
H    13.954743    16.765435    11.596047                                        
C    12.052321    17.546968    10.871336                                        
H    11.199259    17.243452    10.257925                                        
H    12.520884    18.387317    10.331716                                        
H    11.741978    17.934890    11.842705                                        
H    12.512008    10.747941    13.750035                                        
C    10.582872    10.986856    14.735810                                        
H    12.589881    11.545131    15.385609                                        
H    10.000000    10.844665    13.824942                                        
H    10.077705    11.640593    15.452048                                        
H    10.640920    10.000000    15.229360                                        
H    16.598939    14.363538    11.835302                                        
H    15.578109    13.695123    10.491179                                        
C    17.003990    12.279982    11.334889                                        
H    17.512942    12.062730    12.278314                                        
H    17.801382    12.548706    10.622897                                        
H    16.503286    11.398566    10.932556                                        
%ENDBLOCK POSITIONS_ABS                                                         
%BLOCK SPECIES                                                                  
C C 6 -1 10.0                                                                   
Fe Fe 26 -1 10.0                                                                
H H 1 -1 10.0                                                                   
O O 8 -1 10.0                                                                   
%ENDBLOCK SPECIES                                                               
%BLOCK SPECIES_ATOMIC_SET                                                       
C  "SOLVE"                                                                      
Fe "SOLVE INIT SPIN=5"                                                          
H  "SOLVE"                                                                      
O  "SOLVE"                                                                      
%ENDBLOCK SPECIES_ATOMIC_SET                                                    
%BLOCK SPECIES_POT                                                              
C C.PBE-paw.abinit                                                              
Fe Fe.PBE-paw.abinit                                                            
H H.PBE-paw.abinit                                                              
O O.PBE-paw.abinit                                                              
%ENDBLOCK SPECIES_POT                                                           

--------------------------------------------------------------------------------
-------------------------------- END INPUT FILE --------------------------------
--------------------------------------------------------------------------------


 
 ESDF WARNING(1): "charge" (esdf_physical) has no units. Assume "e".
<<<<<<<<<<<<<<<<<<<<<<<<<<<<<<<<< Full system >>>>>>>>>>>>>>>>>>>>>>>>>>>>>>>>>>
<<<<<<<<<<<<<<<<<<<<<<<<<<< PAW Dataset information >>>>>>>>>>>>>>>>>>>>>>>>>>>
File: Fe.PBE-paw.abinit; rc = 2.12 bohr; shape type =  2; rshape = 1.81 bohr;
  Atomic number: 26;  ionic charge: 16.000000
    Partial Wave 1: l = 0
    Partial Wave 2: l = 0
    Partial Wave 3: l = 1
    Partial Wave 4: l = 1
    Partial Wave 5: l = 2
    Partial Wave 6: l = 2
  Core charge supplied for Nonlinear Core Corrections
File: O.PBE-paw.abinit; rc = 1.41 bohr; shape type =  2; rshape = 1.20 bohr;
  Atomic number:  8;  ionic charge:  6.000000
    Partial Wave 1: l = 0
    Partial Wave 2: l = 0
    Partial Wave 3: l = 1
    Partial Wave 4: l = 1
  Core charge supplied for Nonlinear Core Corrections
File: H.PBE-paw.abinit; rc = 0.90 bohr; shape type =  2; rshape = 0.80 bohr;
  Atomic number:  1;  ionic charge:  1.000000
    Partial Wave 1: l = 0
    Partial Wave 2: l = 0
    Partial Wave 3: l = 1
File: C.PBE-paw.abinit; rc = 1.51 bohr; shape type =  2; rshape = 1.30 bohr;
  Atomic number:  6;  ionic charge:  4.000000
    Partial Wave 1: l = 0
    Partial Wave 2: l = 0
    Partial Wave 3: l = 1
    Partial Wave 4: l = 1
  Core charge supplied for Nonlinear Core Corrections
<<<<<<<<<<<<<<<<<<<<<<<<<<<<<<<<<<<<<<< >>>>>>>>>>>>>>>>>>>>>>>>>>>>>>>>>>>>>>>

-------------------------- Atom counting information ---------------------------
Symbol    Natoms    Nngwfs    Nprojs
  Fe         1        13        18
  O          3        12        24
  H         18        18        90
  C          6        24        48
.......   ......    ......    ......
Totals:     28        67       180
--------------------------------------------------------------------------------

=============================== PSINC grid sizes ===============================
                      Simulation cell:  105 x 105 x  99
                              FFT-box:  105 x 105 x  99
                                  PPD:    5 x   5 x   1
Grid space d1=  0.501068965054a0 (KE cutoff=  30.25582Eh = 823.30288eV)
Grid space d2=  0.503159963219a0 (KE cutoff=  30.00488Eh = 816.47424eV)
Grid space d3=  0.507095739121a0 (KE cutoff=  29.54092Eh = 803.84945eV)
================================================================================

********************* Fourier parallelisation information **********************
       Coarse grid (whole simulation cell) dimensions:    105   105    99
          Real-space ('12') slabs/proc (min max mean):     16    17    16
         Recip-space ('23') slabs/proc (min max mean):      8     9     8
********************************************************************************

********************* Fourier parallelisation information **********************
       Double grid (whole simulation cell) dimensions:    210   210   198
          Real-space ('12') slabs/proc (min max mean):     33    33    33
         Recip-space ('23') slabs/proc (min max mean):     17    18    17
********************************************************************************

********************* Fourier parallelisation information **********************
         Fine grid (whole simulation cell) dimensions:    420   420   396
          Real-space ('12') slabs/proc (min max mean):     66    66    66
         Recip-space ('23') slabs/proc (min max mean):     35    36    35
********************************************************************************

Atom SCF Calculation for C  : Z (AE atom) =   6 : Z (PS atom) =   4
Config String: 2s2.0 2p2.0
Orbitals (num,occ):  2     2.00 2.00
Orbitals   (num,l):  2        0    1
Real-space Grid (nr,dr,rmax): 1503    0.0066577896   10.0000000000
Spherical Bessel Basis (nsws,lmax,cutoff):   37    2  176.3967570603
Confining potential (l,width,scale):  0    3.0000000000  100.0000000000
Confining potential (l,width,scale):  1    3.0000000000  100.0000000000
  1         -5.4381308884   -1.2721298092    4.5135250045   -1.9381135692
  2         -5.3849331102   -1.3649505469    4.4159511708   -1.9005879768
  3         -5.3930021612   -1.3849430624    4.3947033354   -1.8924421815
  4         -5.4001802281   -1.3891927246    4.3902388137   -1.8907518289
  5         -5.4037205329   -1.3915457087    4.3877695258   -1.8898885469
  6         -5.4055416859   -1.3928069742    4.3864477540   -1.8894519912
  7         -5.4065002767   -1.3934742451    4.3857498837   -1.8892319620
  8         -5.4070074727   -1.3938267709    4.3853820092   -1.8891207968
  9         -5.4072763209   -1.3940130896    4.3851880206   -1.8890645345
 10         -5.4074189962   -1.3941116277    4.3850856600   -1.8890360408
 11         -5.4074947717   -1.3941637823    4.3850316039   -1.8890216105
 12         -5.4075350443   -1.3941914082    4.3850030336   -1.8890143059
 13         -5.4075564617   -1.3942060527    4.3849879208   -1.8890106114
 14         -5.4075678586   -1.3942138217    4.3849799198   -1.8890087446
 15         -5.4075739267   -1.3942179465    4.3849756804   -1.8890078024
 16         -5.4075771595   -1.3942201380    4.3849734321   -1.8890073276
 17         -5.4075788827   -1.3942213034    4.3849722389   -1.8890070886
 18         -5.4075798017   -1.3942219235    4.3849716050   -1.8890069685
 19         -5.4075802921   -1.3942222537    4.3849712680   -1.8890069082
 20         -5.4075805539   -1.3942224296    4.3849710888   -1.8890068781
 21         -5.4075806938   -1.3942225235    4.3849709933   -1.8890068630
 22         -5.4075807686   -1.3942225735    4.3849709424   -1.8890068555
Atom SCF converged after  22 iterations to a total energy of     -5.40758077

Atom SCF Calculation for Fe : Z (AE atom) =  26 : Z (PS atom) =  16
Config String: 3s2.0 3p6.0 3d6.0 4s2.0 4p0.0 INIT SPIN=5
Orbitals (num,occ):  5     2.00 6.00 6.00 2.00 0.00
Orbitals   (num,l):  5        0    1    2    0    1
Real-space Grid (nr,dr,rmax): 1503    0.0066577896   10.0000000000
Spherical Bessel Basis (nsws,lmax,cutoff):   37    4  176.3967570603
Confining potential (l,width,scale):  0    3.0000000000  100.0000000000
Confining potential (l,width,scale):  1    3.0000000000  100.0000000000
Confining potential (l,width,scale):  2    3.0000000000  100.0000000000
  1       -111.4005172118  -52.5575611559   72.2164000725   -4.0901868950
  2       -116.6635475262  -20.5601904919   91.7007084249   -2.2962490369
  3       -121.6156136875  -23.2753453277   92.4544705195   -2.7706732816
  4       -123.0066153699  -21.4164712440   94.7136519632   -2.9394413820
  5       -123.8168122141  -22.6370400734   94.1384349420   -3.0798102909
  6       -123.9055073486  -21.7222843370   94.9342614757   -3.0846520419
  7       -124.0956886241  -22.4138747628   94.4617720360   -3.1224050559
  8       -124.0492758687  -21.8887017510   94.8692044073   -3.1096545890
  9       -124.1222324005  -22.2877514631   94.5777385101   -3.1254730624
 10       -124.0894611846  -22.0431086758   94.7620026738   -3.1177312036
 11       -124.1066906466  -22.1417456915   94.6895757605   -3.1215019185
 12       -124.1027421480  -22.1090398813   94.7144439268   -3.1205307857
 13       -124.1039552528  -22.1131641559   94.7116547863   -3.1207645739
 14       -124.1041718268  -22.1127261003   94.7121170471   -3.1207931979
 15       -124.1043563153  -22.1126782042   94.7122440208   -3.1208211382
 16       -124.1044853288  -22.1126702816   94.7123114748   -3.1208409484
 17       -124.1045734258  -22.1126674103   94.7123551926   -3.1208545095
 18       -124.1046334193  -22.1126657134   94.7123845864   -3.1208637603
 19       -124.1046742816  -22.1126645462   94.7124045128   -3.1208700757
 20       -124.1047021281  -22.1126636961   94.7124180731   -3.1208743926
 21       -124.1047211147  -22.1126630559   94.7124273290   -3.1208773473
 22       -124.1047340666  -22.1126625637   94.7124336643   -3.1208793718
 23       -124.1047429056  -22.1126621807   94.7124380116   -3.1208807606
 24       -124.1047489402  -22.1126618812   94.7124410017   -3.1208817142
 25       -124.1047530616  -22.1126616468   94.7124430628   -3.1208823696
 26       -124.1047558771  -22.1126614637   94.7124444863   -3.1208828204
 27       -124.1047578011  -22.1126613212   94.7124454714   -3.1208831306
 28       -124.1047591161  -22.1126612109   94.7124461541   -3.1208833444
 29       -124.1047600152  -22.1126611259   94.7124466281   -3.1208834917
 30       -124.1047606300  -22.1126610607   94.7124469575   -3.1208835933
 31       -124.1047610504  -22.1126610110   94.7124471869   -3.1208836634
 32       -124.1047613380  -22.1126609733   94.7124473467   -3.1208837118
 33       -124.1047615347  -22.1126609447   94.7124474583   -3.1208837453
 34       -124.1047616693  -22.1126609232   94.7124475361   -3.1208837684
 35       -124.1047617614  -22.1126609071   94.7124475906   -3.1208837843
Atom SCF converged after  35 iterations to a total energy of   -124.10476176
Adjusting orbital occupancies:
Orbitals (num,spin,occ):  5  1     1.00 3.00 5.00 1.00 0.50
Orbitals   (num,spin,l):  5  1        0    1    2    0    1
Orbitals (num,spin,occ):  5  2     1.00 3.00 1.50 0.00 0.00
Orbitals   (num,spin,l):  5  2        0    1    2    0    1

Atom SCF Calculation for H  : Z (AE atom) =   1 : Z (PS atom) =   1
Config String: 1s1.0
Orbitals (num,occ):  1     1.00
Orbitals   (num,l):  1        0
Real-space Grid (nr,dr,rmax): 1503    0.0066577896   10.0000000000
Spherical Bessel Basis (nsws,lmax,cutoff):   37    2  176.3967570603
Confining potential (l,width,scale):  0    3.0000000000  100.0000000000
  1         -0.3348525927   -0.2401819449    0.2820953128   -0.2388448411
  2         -0.4038948821   -0.2405504229    0.2866889240   -0.2416217444
  3         -0.4360732773   -0.2390089543    0.2890729861   -0.2443653791
  4         -0.4497314704   -0.2383264046    0.2899315599   -0.2456060208
  5         -0.4551901081   -0.2381357631    0.2901452306   -0.2460489407
  6         -0.4573594294   -0.2381000300    0.2901742710   -0.2461947705
  7         -0.4582326910   -0.2381004501    0.2901659451   -0.2462415077
  8         -0.4585900702   -0.2381055523    0.2901559649   -0.2462564278
  9         -0.4587384807   -0.2381092319    0.2901497571   -0.2462612174
 10         -0.4588008132   -0.2381112609    0.2901465144   -0.2462627659
 11         -0.4588272086   -0.2381122698    0.2901449456   -0.2462632682
 12         -0.4588384507   -0.2381127465    0.2901442163   -0.2462634302
 13         -0.4588432580   -0.2381129655    0.2901438848   -0.2462634814
 14         -0.4588453195   -0.2381130645    0.2901437362   -0.2462634968
 15         -0.4588462053   -0.2381131088    0.2901436700   -0.2462635011
 16         -0.4588465865   -0.2381131284    0.2901436407   -0.2462635020
 17         -0.4588467508   -0.2381131372    0.2901436278   -0.2462635020
 18         -0.4588468216   -0.2381131410    0.2901436222   -0.2462635019
Atom SCF converged after  18 iterations to a total energy of     -0.45884682

Atom SCF Calculation for O  : Z (AE atom) =   8 : Z (PS atom) =   6
Config String: 2s2.0 2p4.0
Orbitals (num,occ):  2     2.00 4.00
Orbitals   (num,l):  2        0    1
Real-space Grid (nr,dr,rmax): 1503    0.0066577896   10.0000000000
Spherical Bessel Basis (nsws,lmax,cutoff):   37    2  176.3967570603
Confining potential (l,width,scale):  0    3.0000000000  100.0000000000
Confining potential (l,width,scale):  1    3.0000000000  100.0000000000
  1         -8.3209332552   -7.4828484739   10.1554312602   -2.1270270195
  2        -15.1405599232   -3.0474882742   13.6590820486   -2.5134754209
  3        -15.5174094640   -3.1101891961   13.6243211040   -2.6472956001
  4        -15.7606118231   -3.0805775314   13.6668776248   -2.7100307789
  5        -15.8308896490   -3.0881936416   13.6633910567   -2.7338682066
  6        -15.8678540393   -3.0862312957   13.6673103078   -2.7443897972
  7        -15.8801393942   -3.0873360689   13.6669183555   -2.7485230919
  8        -15.8859601688   -3.0872977830   13.6672813272   -2.7502957173
  9        -15.8880580832   -3.0874730763   13.6672320183   -2.7510066526
 10        -15.8889924584   -3.0874981416   13.6672623218   -2.7513066537
 11        -15.8893459980   -3.0875277929   13.6672548500   -2.7514284384
 12        -15.8894977936   -3.0875355600   13.6672566096   -2.7514793465
 13        -15.8895569380   -3.0875407304   13.6672553199   -2.7515001537
 14        -15.8895817884   -3.0875424467   13.6672552475   -2.7515088021
 15        -15.8895916441   -3.0875433561   13.6672550136   -2.7515123499
 16        -15.8895957327   -3.0875436929   13.6672549605   -2.7515138192
 17        -15.8895973717   -3.0875438525   13.6672549179   -2.7515144231
 18        -15.8895980466   -3.0875439149   13.6672549044   -2.7515146726
 19        -15.8895983189   -3.0875439428   13.6672548968   -2.7515147752
 20        -15.8895984306   -3.0875439540   13.6672548940   -2.7515148175
 21        -15.8895984758   -3.0875439588   13.6672548927   -2.7515148349
Atom SCF converged after  21 iterations to a total energy of    -15.88959848

BC: Task: SINGLEPOINT
BC: +++++++++++++++ Summary of boundary conditions ++++++++++++++
BC: |       Component       |     Keyword     |   Periodicity   |
BC: |                       |                 |     X  Y  Z [1] |
BC: |-----------------------------------------------------------|
BC: | Ion-ion               | ion_ion_bc [2]  |     P  P  P     |
BC: | Local pseudopotential | pspot_bc [3]    |     P  P  P     |
BC: +++++++++++++++++++++++++++++++++++++++++++++++++++++++++++++
BC: P: Periodic, O: Open.
BC: [1] Not strictly along X, Y, Z but rather along lattice vectors A1, A2, A3.
BC: [2] Also affected by: pbc_correction_cutoff, cutoff_coulomb_type,
BC:     is_smeared_ion_rep, is_implicit_solvent, openbc_ion_ion.
BC: [3] Also affected by: is_smeared_ion_rep, is_implicit_solvent, openbc_pspot.

Determining parallel strategy ...
... using space-filling curve
... NGWF load balancing: max     13;  min     10;  average     11
... Projector load balancing: max     38;  min     18;  average     30
... done
Calculating Ewald energy ...
              Ewald: real-space energy =          278.330967
        Ewald: reciprocal-space energy =           43.848049
         Ewald: (sum_charge)**2 energy =           18.336174
         Ewald: (sum_charge**2) energy =           16.058998
                          Ewald energy =          287.783842
Basis initialisation ...
... NGWF spheres initialised
... Projector spheres initialised
... NGWF tight boxes initialised
... Projector tight boxes initialised
... Tight-boxes gathered
... NGWF basis size (local,global):        185807       967257
... PAW projector initialisation
... done

============================= Charge Augmentation ==============================
                           Aug box size:   35 x  35 x  35
================================================================================

========================== Sparse matrix information ===========================
                        Overlap matrix filling: 100.00%
                        Density kernel filling: 100.00% (known to be dense)
              NGWF-Proj overlap matrix filling:  76.35%
                    Aug Overlap matrix filling: 100.00%
                    Hamiltonian matrix filling: 100.00%
                  NGWF diagonal matrix filling:   7.37%
                             KS matrix filling: 100.00% 
                           KSKS matrix filling: 100.00% 
================================================================================

Sparse matrix initialisation ...
 done
NGWF initialisation ... done
============ Calculation of NGWF S^-1 using Hotelling algorithm ================ 
     Iteration  |  Spin  |  Frobenius norm and Maximum abs value (of I-S*S_n^-1)
         1           1      0.78310568E+01     0.97187145E+00
         1           2      0.78310568E+01     0.97187145E+00
         2           1      0.75554089E+01     0.94455199E+00
         2           2      0.75554089E+01     0.94455199E+00
         3           1      0.71428801E+01     0.89224194E+00
         3           2      0.71428801E+01     0.89224194E+00
         4           1      0.65914788E+01     0.79630123E+00
         4           2      0.65914788E+01     0.79630123E+00
         5           1      0.59278266E+01     0.69510269E+00
         5           2      0.59278266E+01     0.69510269E+00
         6           1      0.52316867E+01     0.66773248E+00
         6           2      0.52316867E+01     0.66773248E+00
         7           1      0.46125638E+01     0.63631516E+00
         7           2      0.46125638E+01     0.63631516E+00
         8           1      0.40052497E+01     0.58502662E+00
         8           2      0.40052497E+01     0.58502662E+00
         9           1      0.32140446E+01     0.49843544E+00
         9           2      0.32140446E+01     0.49843544E+00
        10           1      0.21906212E+01     0.36429108E+00
        10           2      0.21906212E+01     0.36429108E+00
        11           1      0.10937027E+01     0.19762249E+00
        11           2      0.10937027E+01     0.19762249E+00
        12           1      0.31181344E+00     0.60719727E-01
        12           2      0.31181344E+00     0.60719727E-01
        13           1      0.33388947E-01     0.65057447E-02
        13           2      0.33388947E-01     0.65057447E-02
        14           1      0.53232128E-03     0.96480986E-04
        14           2      0.53232128E-03     0.96480986E-04
        15           1      0.16904364E-06     0.27904517E-07
        15           2      0.16904364E-06     0.27904517E-07
        16           1      0.20803540E-13     0.42188475E-14
        16           2      0.20803540E-13     0.42188475E-14
================================================================================
Calculating core density ...
================================= Core Density =================================
               Core den box size:   39 x  39 x  39
================================================================================
 ... done
Density renormalisation, spin  1 ...
Target Charge:    39.000000000000 ; Input Charge:    40.500476828231
Density renormalisation, spin  2 ...
Target Charge:    34.000000000000 ; Input Charge:    35.500424897719
Density kernel initialisation
 
======= Optimisation of K by Palser-Manolopoulos canonical purification ======== 
         Iteration  |  Band structure energy |    c_n   
               1         -36.67002702512225    0.5687187
               2         -37.66512508481733    0.5628296
               3         -38.81378636260332    0.5548355
               4         -40.10849365357264    0.5457430
               5         -41.60509560861096    0.5359425
               6         -43.32163319232917    0.5284327
               7         -45.07611226223626    0.5352084
               8         -46.45865479886421    0.5725393
               9         -47.17954264721257    0.6184446
              10         -47.47279962429268    0.6226258
              11         -47.62578954371281    0.5942992
              12         -47.71929655170136    0.5609815
              13         -47.76524299265610    0.5307097
              14         -47.77927789346229    0.5060724
              15         -47.78132869940050    0.5001729
              16         -47.78138499048743    0.5000001
              17         -47.78138503414166    0.4859790
              18         -47.78138503414166    0.4859790
Termination criterion satisfied: band energy change below threshold.
Final occupancy bounds: [    0.00000000000000:    1.00000000000000]
Closest occupancy to 0.5:     1.00000000000000
================================================================================
 
======= Optimisation of K by Palser-Manolopoulos canonical purification ======== 
         Iteration  |  Band structure energy |    c_n   
               1         -32.44357427401913    0.4950365
               2         -33.82445275018964    0.4885071
               3         -35.36339731376232    0.4809095
               4         -36.94976970043763    0.4784080
               5         -38.65350901235057    0.4851467
               6         -40.36424387543531    0.5143476
               7         -41.69487961721825    0.5806491
               8         -42.29080300064520    0.6455541
               9         -42.50009854041281    0.6826572
              10         -42.58572188165730    0.6940058
              11         -42.62382540676428    0.6748516
              12         -42.65183443628356    0.6441536
              13         -42.67633839456920    0.6080422
              14         -42.69630880503154    0.5703894
              15         -42.71099462820131    0.5376415
              16         -42.72155194539562    0.5093668
              17         -42.72998325826074    0.4722473
              18         -42.73564863348045    0.4124950
              19         -42.73834026376419    0.3434059
              20         -42.73932689666372    0.3343137
              21         -42.73984814100396    0.3754820
              22         -42.74035450410165    0.4259004
              23         -42.74079017614188    0.4707308
              24         -42.74103542899415    0.4949289
              25         -42.74109302536355    0.4998381
              26         -42.74109560843189    0.4999998
              27         -42.74109561347640    0.5019156
              28         -42.74109561347642    0.5019156
Termination criterion satisfied: band energy change below threshold.
Final occupancy bounds: [    0.00000000000000:    1.00000000000000]
Closest occupancy to 0.5:     1.00000000000000
================================================================================

Writing density kernel to file "Fe_EtOH_3_HighSpin_NGWFSP.dkn" ... done

>>> Optimising kernel for current NGWFs:
   Initial electron number for spin 1:      39.00000000
   Initial electron number for spin 2:      34.00000000
     Final electron number for spin 1:      39.00000000
     Final electron number for spin 2:      34.00000000

=================== Penalty functional idempotency correction ==================
 RMS occupancy error at iteration   1:  0.000000 (step -0.5000 Ne1=     39.0000)
                                                               Ne2=     34.0000
            Final RMS occupancy error   :  0.000000 (Ne1=     39.0000)
                                                     Ne2=     34.0000
            Final occupancy bounds spin 1: [  0.000,  1.000]
            Final occupancy bounds spin 2: [  0.000,  1.000]
================================================================================

................................................................................
<<<<<<<<<<<<<< LNV (Original version) density kernel optimisation >>>>>>>>>>>>>>
~~~~~~~~~~~~~~~~~~~~~~~~~~~~~~~~~~~~~~~~~~~~~~~~~~~~~~~~~~~~~~~~~~~~~~~~~~~~~~~~
   iter  |      energy (Eh)       | rms gradient |  commutator  |   dE (Eh)
      ideal mu1:      -0.549065053724
      ideal mu2:      -0.593671099470
             Q0:        -213.586653582747
             G0:      -8.787402452258
   RMS gradient:       0.062570619323
    Initial Ne1:      39.00000000
    Initial Ne2:      34.00000000
      Final Ne1:      39.00000000
      Final Ne2:      34.00000000

=================== Penalty functional idempotency correction ==================
 RMS occupancy error at iteration   1:  0.002702 (step -0.4864 Ne1=     39.0000)
                                                               Ne2=     34.0000
 RMS occupancy error at iteration   2:  0.000040 (step -0.5001 Ne1=     39.0000)
                                                               Ne2=     34.0000
            Final RMS occupancy error   :  0.000000 (Ne1=     39.0000)
                                                     Ne2=     34.0000
            Final occupancy bounds spin 1: [  0.000,  1.000]
            Final occupancy bounds spin 2: [  0.000,  1.000]
================================================================================

    1        -2.135866535827E+02     6.2571E-02     4.1799E-02
      ideal mu1:      -0.660261136437
      ideal mu2:      -0.709067186830
             Q0:        -214.342832982595
             G0:      -8.300241987827
   RMS gradient:       0.046332304175
========================= Kernel Line Step Protection ==========================
|  Iter |  Trial Step |   RMS Occupancy Error |   Occupancy Bounds | Accepted? |
    0        0.000000                0.000000    [ 1.0000:  0.0000]
    1        0.500000                0.123220    [ 1.4437: -0.4437]        No
    2        0.250000                0.034417    [ 1.1556: -0.1555]       Yes
================================================================================
     Trial step:       0.250000000000
             Q1:        -215.124646791841
 Quadratic coef:       1.293246687711
 Linear coef   :      -2.075060496957
           Qmin:        -215.175210151419
Quadratic minimum step length (  0.200566964203) accepted
    Initial Ne1:      38.99999958
    Initial Ne2:      33.99999922
      Final Ne1:      39.00000000
      Final Ne2:      34.00000000

=================== Penalty functional idempotency correction ==================
 RMS occupancy error at iteration   1:  0.023299 (step -0.4096 Ne1=     39.0000)
                                                               Ne2=     34.0000
 RMS occupancy error at iteration   2:  0.002084 (step -0.5063 Ne1=     39.0000)
                                                               Ne2=     34.0000
 RMS occupancy error at iteration   3:  0.000047 (step -0.5003 Ne1=     39.0000)
                                                               Ne2=     34.0000
            Final RMS occupancy error   :  0.000000 (Ne1=     39.0000)
                                                     Ne2=     34.0000
            Final occupancy bounds spin 1: [ -0.000,  1.000]
            Final occupancy bounds spin 2: [ -0.000,  1.000]
================================================================================

    2        -2.143428329826E+02     4.6332E-02     3.0941E-02    -7.5618E-01
      ideal mu1:      -0.912532814259
      ideal mu2:      -0.958996070070
             Q0:        -215.217058608894
             G0:      -1.008651591642
   RMS gradient:       0.019604780642
     Trial step:       0.223923516074
             Q1:        -215.366293095712
 Quadratic coef:       0.076626324076
 Linear coef   :      -0.225860810894
           Qmin:        -215.383493272546
Quadratic minimum step length (  0.330014179387) accepted
    Initial Ne1:      39.00000066
    Initial Ne2:      34.00000033
      Final Ne1:      39.00000000
      Final Ne2:      34.00000000

=================== Penalty functional idempotency correction ==================
 RMS occupancy error at iteration   1:  0.016381 (step -0.4344 Ne1=     39.0000)
                                                               Ne2=     34.0000
 RMS occupancy error at iteration   2:  0.000863 (step -0.5006 Ne1=     39.0000)
                                                               Ne2=     34.0000
 RMS occupancy error at iteration   3:  0.000006 (step -0.5000 Ne1=     39.0000)
                                                               Ne2=     34.0000
            Final RMS occupancy error   :  0.000000 (Ne1=     39.0000)
                                                     Ne2=     34.0000
            Final occupancy bounds spin 1: [  0.000,  1.000]
            Final occupancy bounds spin 2: [  0.000,  1.000]
================================================================================

    3        -2.152170586089E+02     1.9605E-02     1.3176E-02    -8.7423E-01
      ideal mu1:      -1.016559757944
      ideal mu2:      -1.055488965339
             Q0:        -215.394621443492
             G0:      -0.550049879954
   RMS gradient:       0.014931833818
     Trial step:       0.271841746983
             Q1:        -215.474120850059
 Quadratic coef:       0.070027113728
 Linear coef   :      -0.149526520294
           Qmin:        -215.474441170028
Quadratic minimum step length (  0.290227230092) accepted
    Initial Ne1:      39.00000033
    Initial Ne2:      34.00000015
      Final Ne1:      39.00000000
      Final Ne2:      34.00000000

=================== Penalty functional idempotency correction ==================
 RMS occupancy error at iteration   1:  0.014841 (step -0.4280 Ne1=     39.0000)
                                                               Ne2=     34.0000
 RMS occupancy error at iteration   2:  0.000817 (step -0.5003 Ne1=     39.0000)
                                                               Ne2=     34.0000
 RMS occupancy error at iteration   3:  0.000006 (step -0.5000 Ne1=     39.0000)
                                                               Ne2=     34.0000
            Final RMS occupancy error   :  0.000000 (Ne1=     39.0000)
                                                     Ne2=     34.0000
            Final occupancy bounds spin 1: [  0.000,  1.000]
            Final occupancy bounds spin 2: [  0.000,  1.000]
================================================================================

    4        -2.153946214435E+02     1.4932E-02     9.9345E-03    -1.7756E-01
      ideal mu1:      -1.063533413209
      ideal mu2:      -1.091598463477
    5        -2.154804647453E+02     1.0421E-02     6.8050E-03    -8.5843E-02
Finished density kernel iterations (   5)

Writing density kernel to file "Fe_EtOH_3_HighSpin_NGWFSP.dkn" ... done


>>> Density kernel optimised for the current NGWF basis:
     ~~~~~~~~~~~~~~~~~~~~~~~~~~~~~~~~~~~~~~~~~~~~~~~~~~~~~~~~~~~
     Total energy                =  -2.15480464745300E+02  Eh
     Estimated bandgap (UP spin) =   1.4929E-01  Eh
     Estimated bandgap (DN spin) =  -6.6646E-02  Eh
     RMS occupancy error         =   5.6236E-10
     [H,K] commutator            =   6.8050E-03
     UP spin occupancy bounds    = [  0.000:  1.000]
     DN spin occupancy bounds    = [  0.000:  1.000]
     ~~~~~~~~~~~~~~~~~~~~~~~~~~~~~~~~~~~~~~~~~~~~~~~~~~~~~~~~~~~




################################################################################
########################### NGWF CG iteration  001 #############################
################################################################################
****** Reciprocal space K.E. preconditioning with k_zero =  3.0000 a0^-1 *******

>>> Checking for convergence of NGWFs:   NOT CONVERGED
  ========================================================================
         NGWF RMS gradient =  9.4854E-04 >  2.0000E-06  | above tolerance
  ========================================================================

>>> Improving NGWFs using line search:
============ Calculation of NGWF S^-1 using Hotelling algorithm ================ 
     Iteration  |  Spin  |  Frobenius norm and Maximum abs value (of I-S*S_n^-1)
         1           1      0.18707553E-01     0.26017179E-02
         1           2      0.17510493E-01     0.25478657E-02
         2           1      0.36395404E-04     0.95599145E-05
         2           2      0.30185464E-04     0.63730945E-05
         3           1      0.41353049E-09     0.10555723E-09
         3           2      0.20822003E-09     0.43696713E-10
         4           1      0.60822036E-14     0.15543122E-14
         4           2      0.60991634E-14     0.15543122E-14
================================================================================
============ Calculation of NGWF S^-1 using Hotelling algorithm ================ 
     Iteration  |  Spin  |  Frobenius norm and Maximum abs value (of I-S*S_n^-1)
         1           1      0.19584316E+00     0.33765157E-01
         1           2      0.18634035E+00     0.33864508E-01
         2           1      0.39975317E-02     0.78162668E-03
         2           2      0.37310840E-02     0.78134502E-03
         3           1      0.30477446E-05     0.58014389E-06
         3           2      0.25082508E-05     0.62257496E-06
         4           1      0.30254957E-11     0.67401640E-12
         4           2      0.15721561E-11     0.42432724E-12
================================================================================
------------------------------- NGWF line search -------------------------------
RMS gradient                =       0.00094854017636
Trial step length           =               0.122474
Gradient along search dir.  =         -1.97506503466
Functional at step 0        =    -215.48046474529974
Functional at step 1        =    -215.70943044070836
Functional predicted        =    -216.61186509711720
Selected quadratic step     =               1.145684
Conjugate gradients coeff.  =               0.000000
--------------------------- NGWF line search finished --------------------------
                                               
Writing NGWFs to file "Fe_EtOH_3_HighSpin_NGWFSP.tightbox_ngwfs".... done

>>> Optimising kernel for current NGWFs:
   Initial electron number for spin 1:      39.27347877
   Initial electron number for spin 2:      34.26256409
     Final electron number for spin 1:      39.00000000
     Final electron number for spin 2:      34.00000000

=================== Penalty functional idempotency correction ==================
 RMS occupancy error at iteration   1:  0.005431 (step -0.4883 Ne1=     39.0000)
                                                               Ne2=     34.0000
 RMS occupancy error at iteration   2:  0.000054 (step -0.5000 Ne1=     39.0000)
                                                               Ne2=     34.0000
            Final RMS occupancy error   :  0.000000 (Ne1=     39.0000)
                                                     Ne2=     34.0000
            Final occupancy bounds spin 1: [  0.000,  1.000]
            Final occupancy bounds spin 2: [  0.000,  1.000]
================================================================================

................................................................................
<<<<<<<<<<<<<< LNV (Original version) density kernel optimisation >>>>>>>>>>>>>>
~~~~~~~~~~~~~~~~~~~~~~~~~~~~~~~~~~~~~~~~~~~~~~~~~~~~~~~~~~~~~~~~~~~~~~~~~~~~~~~~
   iter  |      energy (Eh)       | rms gradient |  commutator  |   dE (Eh)
      ideal mu1:      -0.992946815425
      ideal mu2:      -1.018885340843
             Q0:        -216.583782204465
             G0:      -0.209300797405
   RMS gradient:       0.009656631004
     Trial step:       0.280884099319
             Q1:        -216.626940177848
 Quadratic coef:       0.015631292583
 Linear coef   :      -0.058789265966
           Qmin:        -216.639058787871
Quadratic minimum step length (  0.528202320211) accepted
    Initial Ne1:      38.99999830
    Initial Ne2:      33.99999856
      Final Ne1:      39.00000000
      Final Ne2:      34.00000000

=================== Penalty functional idempotency correction ==================
 RMS occupancy error at iteration   1:  0.001815 (step -0.4931 Ne1=     39.0000)
                                                               Ne2=     34.0000
 RMS occupancy error at iteration   2:  0.000008 (step -0.5000 Ne1=     39.0000)
                                                               Ne2=     34.0000
            Final RMS occupancy error   :  0.000000 (Ne1=     39.0000)
                                                     Ne2=     34.0000
            Final occupancy bounds spin 1: [  0.000,  1.000]
            Final occupancy bounds spin 2: [  0.000,  1.000]
================================================================================

    1        -2.165837822045E+02     9.6566E-03     6.3086E-03
      ideal mu1:      -0.960322894224
      ideal mu2:      -0.990207724005
             Q0:        -216.639770193859
             G0:      -0.116121834995
   RMS gradient:       0.007094572906
     Trial step:       0.385180000740
             Q1:        -216.673377814503
 Quadratic coef:       0.011120187845
 Linear coef   :      -0.044727808489
           Qmin:        -216.684746431673
Quadratic minimum step length (  0.774638771697) accepted
    Initial Ne1:      38.99999857
    Initial Ne2:      33.99999882
      Final Ne1:      39.00000000
      Final Ne2:      34.00000000

=================== Penalty functional idempotency correction ==================
 RMS occupancy error at iteration   1:  0.006882 (step -0.4643 Ne1=     39.0000)
                                                               Ne2=     34.0000
 RMS occupancy error at iteration   2:  0.000219 (step -0.5003 Ne1=     39.0000)
                                                               Ne2=     34.0000
 RMS occupancy error at iteration   3:  0.000000 (step -0.5000 Ne1=     39.0000)
                                                               Ne2=     34.0000
            Final RMS occupancy error   :  0.000000 (Ne1=     39.0000)
                                                     Ne2=     34.0000
            Final occupancy bounds spin 1: [  0.000,  1.000]
            Final occupancy bounds spin 2: [  0.000,  1.000]
================================================================================

    2        -2.166397701939E+02     7.0946E-03     4.8128E-03    -5.5988E-02
      ideal mu1:      -0.982222543647
      ideal mu2:      -1.008728495597
             Q0:        -216.685416124339
             G0:      -0.127118216428
   RMS gradient:       0.007410018252
     Trial step:       0.546237459953
             Q1:        -216.682655783867
 Quadratic coef:       0.072197072128
 Linear coef   :      -0.069436731655
           Qmin:        -216.702111606444
Quadratic minimum step length (  0.262676468789) accepted
    Initial Ne1:      38.99999947
    Initial Ne2:      33.99999956
      Final Ne1:      39.00000000
      Final Ne2:      34.00000000

=================== Penalty functional idempotency correction ==================
 RMS occupancy error at iteration   1:  0.005413 (step -0.4649 Ne1=     39.0000)
                                                               Ne2=     34.0000
 RMS occupancy error at iteration   2:  0.000142 (step -0.4999 Ne1=     39.0000)
                                                               Ne2=     34.0000
 RMS occupancy error at iteration   3:  0.000000 (step -0.5000 Ne1=     39.0000)
                                                               Ne2=     34.0000
            Final RMS occupancy error   :  0.000000 (Ne1=     39.0000)
                                                     Ne2=     34.0000
            Final occupancy bounds spin 1: [  0.000,  1.000]
            Final occupancy bounds spin 2: [  0.000,  1.000]
================================================================================

    3        -2.166854161243E+02     7.4100E-03     4.9232E-03    -4.5646E-02
      ideal mu1:      -0.990497142125
      ideal mu2:      -1.016043450541
             Q0:        -216.703045970602
             G0:      -0.050349406155
   RMS gradient:       0.004558530358
     Trial step:       0.378792459139
             Q1:        -216.715697598086
 Quadratic coef:       0.006420347889
 Linear coef   :      -0.019071975374
           Qmin:        -216.717209542846
Quadratic minimum step length (  0.562611292786) accepted
    Initial Ne1:      38.99999957
    Initial Ne2:      33.99999965
      Final Ne1:      39.00000000
      Final Ne2:      34.00000000

=================== Penalty functional idempotency correction ==================
 RMS occupancy error at iteration   1:  0.007004 (step -0.4517 Ne1=     39.0000)
                                                               Ne2=     34.0000
 RMS occupancy error at iteration   2:  0.000212 (step -0.4998 Ne1=     39.0000)
                                                               Ne2=     34.0000
 RMS occupancy error at iteration   3:  0.000000 (step -0.5000 Ne1=     39.0000)
                                                               Ne2=     34.0000
            Final RMS occupancy error   :  0.000000 (Ne1=     39.0000)
                                                     Ne2=     34.0000
            Final occupancy bounds spin 1: [  0.000,  1.000]
            Final occupancy bounds spin 2: [  0.000,  1.000]
================================================================================

    4        -2.167030459706E+02     4.5585E-03     3.0059E-03    -1.7630E-02
      ideal mu1:      -1.005322539884
      ideal mu2:      -1.026816245134
    5        -2.167184833626E+02     2.9094E-03     1.9337E-03    -1.5437E-02
Finished density kernel iterations (   5)

Writing density kernel to file "Fe_EtOH_3_HighSpin_NGWFSP.dkn" ... done


>>> Density kernel optimised for the current NGWF basis:
     ~~~~~~~~~~~~~~~~~~~~~~~~~~~~~~~~~~~~~~~~~~~~~~~~~~~~~~~~~~~
     Total energy                =  -2.16718483362648E+02  Eh
     Estimated bandgap (UP spin) =   1.9081E-01  Eh
     Estimated bandgap (DN spin) =   3.1812E-03  Eh
     RMS occupancy error         =   2.1544E-12
     [H,K] commutator            =   1.9337E-03
     UP spin occupancy bounds    = [  0.000:  1.000]
     DN spin occupancy bounds    = [  0.000:  1.000]
     ~~~~~~~~~~~~~~~~~~~~~~~~~~~~~~~~~~~~~~~~~~~~~~~~~~~~~~~~~~~




################################################################################
########################### NGWF CG iteration  002 #############################
################################################################################
****** Reciprocal space K.E. preconditioning with k_zero =  3.0000 a0^-1 *******

>>> Checking for convergence of NGWFs:   NOT CONVERGED
  ========================================================================
         NGWF RMS gradient =  4.2528E-04 >  2.0000E-06  | above tolerance
  ========================================================================

>>> Improving NGWFs using line search:
============ Calculation of NGWF S^-1 using Hotelling algorithm ================ 
     Iteration  |  Spin  |  Frobenius norm and Maximum abs value (of I-S*S_n^-1)
         1           1      0.25661951E-01     0.53456699E-02
         1           2      0.26218116E-01     0.40588955E-02
         2           1      0.86959390E-04     0.13159437E-04
         2           2      0.95002735E-04     0.16507009E-04
         3           1      0.16155689E-08     0.24940910E-09
         3           2      0.17640495E-08     0.29672742E-09
         4           1      0.55073216E-14     0.11102230E-14
         4           2      0.57545536E-14     0.12212453E-14
================================================================================
============ Calculation of NGWF S^-1 using Hotelling algorithm ================ 
     Iteration  |  Spin  |  Frobenius norm and Maximum abs value (of I-S*S_n^-1)
         1           1      0.49991895E-01     0.89028589E-02
         1           2      0.50609615E-01     0.79664077E-02
         2           1      0.35091513E-03     0.61200275E-04
         2           2      0.36854057E-03     0.61908816E-04
         3           1      0.22810710E-07     0.36412463E-08
         3           2      0.24340355E-07     0.37324035E-08
         4           1      0.60202554E-14     0.14432899E-14
         4           2      0.61903431E-14     0.15543122E-14
================================================================================
------------------------------- NGWF line search -------------------------------
RMS gradient                =       0.00042527967026
Trial step length           =               0.374589
Gradient along search dir.  =         -0.38418984794
Functional at step 0        =    -216.71848336264807
Functional at step 1        =    -216.83529089021354
Functional predicted        =    -216.90950358982860
Selected quadratic step     =               0.994405
Conjugate gradients coeff.  =               0.201019
--------------------------- NGWF line search finished --------------------------
                                               
Writing NGWFs to file "Fe_EtOH_3_HighSpin_NGWFSP.tightbox_ngwfs".... done

>>> Optimising kernel for current NGWFs:
   Initial electron number for spin 1:      39.19806896
   Initial electron number for spin 2:      34.19291065
     Final electron number for spin 1:      39.00000000
     Final electron number for spin 2:      34.00000000

=================== Penalty functional idempotency correction ==================
 RMS occupancy error at iteration   1:  0.003668 (step -0.4928 Ne1=     39.0000)
                                                               Ne2=     34.0000
 RMS occupancy error at iteration   2:  0.000019 (step -0.5000 Ne1=     39.0000)
                                                               Ne2=     34.0000
            Final RMS occupancy error   :  0.000000 (Ne1=     39.0000)
                                                     Ne2=     34.0000
            Final occupancy bounds spin 1: [  0.000,  1.000]
            Final occupancy bounds spin 2: [  0.000,  1.000]
================================================================================

................................................................................
<<<<<<<<<<<<<< LNV (Original version) density kernel optimisation >>>>>>>>>>>>>>
~~~~~~~~~~~~~~~~~~~~~~~~~~~~~~~~~~~~~~~~~~~~~~~~~~~~~~~~~~~~~~~~~~~~~~~~~~~~~~~~
   iter  |      energy (Eh)       | rms gradient |  commutator  |   dE (Eh)
      ideal mu1:      -0.974575201257
      ideal mu2:      -1.000606926618
             Q0:        -216.908811661616
             G0:      -0.024650734360
   RMS gradient:       0.003314020007
     Trial step:       0.461641543986
             Q1:        -216.913158005240
 Quadratic coef:       0.007033459446
 Linear coef   :      -0.011379803070
           Qmin:        -216.913414656732
Quadratic minimum step length (  0.373457037755) accepted
    Initial Ne1:      38.99999990
    Initial Ne2:      33.99999989
      Final Ne1:      39.00000000
      Final Ne2:      34.00000000

=================== Penalty functional idempotency correction ==================
 RMS occupancy error at iteration   1:  0.000109 (step -0.4995 Ne1=     39.0000)
                                                               Ne2=     34.0000
            Final RMS occupancy error   :  0.000000 (Ne1=     39.0000)
                                                     Ne2=     34.0000
            Final occupancy bounds spin 1: [ -0.000,  1.000]
            Final occupancy bounds spin 2: [ -0.000,  1.000]
================================================================================

    1        -2.169088116616E+02     3.3140E-03     2.1963E-03
      ideal mu1:      -0.980507969571
      ideal mu2:      -1.003311796485
             Q0:        -216.913415767966
             G0:      -0.010527848216
   RMS gradient:       0.002166289537
     Trial step:       0.415214743863
             Q1:        -216.915367714553
 Quadratic coef:       0.002419371214
 Linear coef   :      -0.004371317801
           Qmin:        -216.915390291264
Quadratic minimum step length (  0.375104818657) accepted
    Initial Ne1:      39.00000236
    Initial Ne2:      34.00000131
      Final Ne1:      39.00000000
      Final Ne2:      34.00000000

=================== Penalty functional idempotency correction ==================
 RMS occupancy error at iteration   1:  0.000168 (step -0.4991 Ne1=     39.0000)
                                                               Ne2=     34.0000
            Final RMS occupancy error   :  0.000000 (Ne1=     39.0000)
                                                     Ne2=     34.0000
            Final occupancy bounds spin 1: [ -0.000,  1.000]
            Final occupancy bounds spin 2: [ -0.000,  1.000]
================================================================================

    2        -2.169134157680E+02     2.1663E-03     1.4390E-03    -4.6041E-03
      ideal mu1:      -0.982753811282
      ideal mu2:      -1.004894434062
             Q0:        -216.915394278428
             G0:      -0.010732699383
   RMS gradient:       0.002187954091
     Trial step:       0.394650543140
             Q1:        -216.918409679478
 Quadratic coef:       0.001220264591
 Linear coef   :      -0.004235665641
           Qmin:        -216.919069887709
Quadratic minimum step length (  0.684936594177) accepted
    Initial Ne1:      39.00001267
    Initial Ne2:      34.00000890
      Final Ne1:      39.00000000
      Final Ne2:      34.00000000

=================== Penalty functional idempotency correction ==================
 RMS occupancy error at iteration   1:  0.001071 (step -0.4926 Ne1=     39.0000)
                                                               Ne2=     34.0000
 RMS occupancy error at iteration   2:  0.000006 (step -0.5000 Ne1=     39.0000)
                                                               Ne2=     34.0000
            Final RMS occupancy error   :  0.000000 (Ne1=     39.0000)
                                                     Ne2=     34.0000
            Final occupancy bounds spin 1: [  0.000,  1.000]
            Final occupancy bounds spin 2: [  0.000,  1.000]
================================================================================

    3        -2.169153942784E+02     2.1880E-03     1.4460E-03    -1.9785E-03
      ideal mu1:      -0.986598641456
      ideal mu2:      -1.008878923369
             Q0:        -216.919096733572
             G0:      -0.010969831105
   RMS gradient:       0.002204028364
     Trial step:       0.519914030305
             Q1:        -216.921728457575
 Quadratic coef:       0.003071645098
 Linear coef   :      -0.005703369102
           Qmin:        -216.921744208953
Quadratic minimum step length (  0.482682979469) accepted
    Initial Ne1:      39.00000906
    Initial Ne2:      34.00000634
      Final Ne1:      39.00000000
      Final Ne2:      34.00000000

=================== Penalty functional idempotency correction ==================
 RMS occupancy error at iteration   1:  0.001701 (step -0.4876 Ne1=     39.0000)
                                                               Ne2=     34.0000
 RMS occupancy error at iteration   2:  0.000014 (step -0.5000 Ne1=     39.0000)
                                                               Ne2=     34.0000
            Final RMS occupancy error   :  0.000000 (Ne1=     39.0000)
                                                     Ne2=     34.0000
            Final occupancy bounds spin 1: [  0.000,  1.000]
            Final occupancy bounds spin 2: [  0.000,  1.000]
================================================================================

    4        -2.169190967336E+02     2.2040E-03     1.4473E-03    -3.7025E-03
      ideal mu1:      -0.983737155488
      ideal mu2:      -1.007020773562
    5        -2.169218273783E+02     1.7405E-03     1.1340E-03    -2.7306E-03
Finished density kernel iterations (   5)

Writing density kernel to file "Fe_EtOH_3_HighSpin_NGWFSP.dkn" ... done


>>> Density kernel optimised for the current NGWF basis:
     ~~~~~~~~~~~~~~~~~~~~~~~~~~~~~~~~~~~~~~~~~~~~~~~~~~~~~~~~~~~
     Total energy                =  -2.16921827378309E+02  Eh
     Estimated bandgap (UP spin) =   1.8922E-01  Eh
     Estimated bandgap (DN spin) =   2.5398E-02  Eh
     RMS occupancy error         =   2.1026E-09
     [H,K] commutator            =   1.1340E-03
     UP spin occupancy bounds    = [  0.000:  1.000]
     DN spin occupancy bounds    = [  0.000:  1.000]
     ~~~~~~~~~~~~~~~~~~~~~~~~~~~~~~~~~~~~~~~~~~~~~~~~~~~~~~~~~~~




################################################################################
########################### NGWF CG iteration  003 #############################
################################################################################
****** Reciprocal space K.E. preconditioning with k_zero =  3.0000 a0^-1 *******

>>> Checking for convergence of NGWFs:   NOT CONVERGED
  ========================================================================
         NGWF RMS gradient =  2.0369E-04 >  2.0000E-06  | above tolerance
  ========================================================================

>>> Improving NGWFs using line search:
============ Calculation of NGWF S^-1 using Hotelling algorithm ================ 
     Iteration  |  Spin  |  Frobenius norm and Maximum abs value (of I-S*S_n^-1)
         1           1      0.24059343E-01     0.33828622E-02
         1           2      0.24052252E-01     0.32668015E-02
         2           1      0.90544578E-04     0.13651553E-04
         2           2      0.88849578E-04     0.18969398E-04
         3           1      0.22612227E-08     0.33462545E-09
         3           2      0.17598290E-08     0.37986669E-09
         4           1      0.57368495E-14     0.15543122E-14
         4           2      0.58446703E-14     0.19984014E-14
================================================================================
============ Calculation of NGWF S^-1 using Hotelling algorithm ================ 
     Iteration  |  Spin  |  Frobenius norm and Maximum abs value (of I-S*S_n^-1)
         1           1      0.93837385E-02     0.12875547E-02
         1           2      0.93855378E-02     0.13224852E-02
         2           1      0.14056656E-04     0.20223954E-05
         2           2      0.13807251E-04     0.24034671E-05
         3           1      0.49926801E-10     0.69771307E-11
         3           2      0.40912556E-10     0.65694117E-11
         4           1      0.61221136E-14     0.19984014E-14
         4           2      0.59064876E-14     0.11102230E-14
================================================================================
------------------------------- NGWF line search -------------------------------
RMS gradient                =       0.00020369129874
Trial step length           =               0.610322
Gradient along search dir.  =         -0.09233523816
Functional at step 0        =    -216.92182737830936
Functional at step 1        =    -216.95735836880220
Functional predicted        =    -216.95995542244384
Selected quadratic step     =               0.825861
Conjugate gradients coeff.  =               0.229401
--------------------------- NGWF line search finished --------------------------
                                               
Writing NGWFs to file "Fe_EtOH_3_HighSpin_NGWFSP.tightbox_ngwfs".... done

>>> Optimising kernel for current NGWFs:
   Initial electron number for spin 1:      39.05955311
   Initial electron number for spin 2:      34.05863358
     Final electron number for spin 1:      39.00000000
     Final electron number for spin 2:      34.00000000

=================== Penalty functional idempotency correction ==================
 RMS occupancy error at iteration   1:  0.001171 (step -0.4976 Ne1=     39.0000)
                                                               Ne2=     34.0000
 RMS occupancy error at iteration   2:  0.000002 (step -0.5000 Ne1=     39.0000)
                                                               Ne2=     34.0000
            Final RMS occupancy error   :  0.000000 (Ne1=     39.0000)
                                                     Ne2=     34.0000
            Final occupancy bounds spin 1: [  0.000,  1.000]
            Final occupancy bounds spin 2: [  0.000,  1.000]
================================================================================

................................................................................
<<<<<<<<<<<<<< LNV (Original version) density kernel optimisation >>>>>>>>>>>>>>
~~~~~~~~~~~~~~~~~~~~~~~~~~~~~~~~~~~~~~~~~~~~~~~~~~~~~~~~~~~~~~~~~~~~~~~~~~~~~~~~
   iter  |      energy (Eh)       | rms gradient |  commutator  |   dE (Eh)
      ideal mu1:      -0.987261180264
      ideal mu2:      -1.007534078141
             Q0:        -216.959786204545
             G0:      -0.010223875197
   RMS gradient:       0.002134263145
     Trial step:       0.500952745491
             Q1:        -216.960216272451
 Quadratic coef:       0.004691610444
 Linear coef   :      -0.005121678350
           Qmin:        -216.961183996915
Quadratic minimum step length (  0.273436899933) accepted
    Initial Ne1:      39.00000000
    Initial Ne2:      34.00000000
      Final Ne1:      39.00000000
      Final Ne2:      34.00000000

=================== Penalty functional idempotency correction ==================
 RMS occupancy error at iteration   1:  0.000025 (step -0.4999 Ne1=     39.0000)
                                                               Ne2=     34.0000
            Final RMS occupancy error   :  0.000000 (Ne1=     39.0000)
                                                     Ne2=     34.0000
            Final occupancy bounds spin 1: [ -0.000,  1.000]
            Final occupancy bounds spin 2: [ -0.000,  1.000]
================================================================================

    1        -2.169597862045E+02     2.1343E-03     1.4021E-03
      ideal mu1:      -0.981708203429
      ideal mu2:      -1.003859957743
             Q0:        -216.961178256024
             G0:      -0.003407140495
   RMS gradient:       0.001232567739
     Trial step:       0.370106695076
             Q1:        -216.961895990788
 Quadratic coef:       0.000543270744
 Linear coef   :      -0.001261005508
           Qmin:        -216.961909997476
Quadratic minimum step length (  0.429534064046) accepted
    Initial Ne1:      39.00000000
    Initial Ne2:      34.00000004
      Final Ne1:      39.00000000
      Final Ne2:      34.00000000

=================== Penalty functional idempotency correction ==================
 RMS occupancy error at iteration   1:  0.000051 (step -0.4998 Ne1=     39.0000)
                                                               Ne2=     34.0000
            Final RMS occupancy error   :  0.000000 (Ne1=     39.0000)
                                                     Ne2=     34.0000
            Final occupancy bounds spin 1: [ -0.000,  1.000]
            Final occupancy bounds spin 2: [ -0.000,  1.000]
================================================================================

    2        -2.169611782560E+02     1.2326E-03     8.1315E-04    -1.3921E-03
      ideal mu1:      -0.978571351920
      ideal mu2:      -1.001661162122
             Q0:        -216.961911399133
             G0:      -0.002216280163
   RMS gradient:       0.000988975940
     Trial step:       0.398714726172
             Q1:        -216.962307365491
 Quadratic coef:       0.000487697180
 Linear coef   :      -0.000883663538
           Qmin:        -216.962311678897
Quadratic minimum step length (  0.361217656923) accepted
    Initial Ne1:      38.99999976
    Initial Ne2:      34.00000012
      Final Ne1:      39.00000000
      Final Ne2:      34.00000000

=================== Penalty functional idempotency correction ==================
 RMS occupancy error at iteration   1:  0.000061 (step -0.4997 Ne1=     39.0000)
                                                               Ne2=     34.0000
            Final RMS occupancy error   :  0.000000 (Ne1=     39.0000)
                                                     Ne2=     34.0000
            Final occupancy bounds spin 1: [ -0.000,  1.000]
            Final occupancy bounds spin 2: [ -0.000,  1.000]
================================================================================

    3        -2.169619113991E+02     9.8898E-04     6.6099E-04    -7.3314E-04
      ideal mu1:      -0.978276654493
      ideal mu2:      -1.001412190359
             Q0:        -216.962312177298
             G0:      -0.001530054973
   RMS gradient:       0.000825043384
     Trial step:       0.379503358574
             Q1:        -216.962752092974
 Quadratic coef:       0.000140745325
 Linear coef   :      -0.000580661001
           Qmin:        -216.962911073209
Quadratic minimum step length (  0.782842344141) accepted
    Initial Ne1:      38.99999946
    Initial Ne2:      34.00000033
      Final Ne1:      39.00000000
      Final Ne2:      34.00000000

=================== Penalty functional idempotency correction ==================
 RMS occupancy error at iteration   1:  0.000230 (step -0.4985 Ne1=     39.0000)
                                                               Ne2=     34.0000
 RMS occupancy error at iteration   2:  0.000000 (step -0.5000 Ne1=     39.0000)
                                                               Ne2=     34.0000
            Final RMS occupancy error   :  0.000000 (Ne1=     39.0000)
                                                     Ne2=     34.0000
            Final occupancy bounds spin 1: [  0.000,  1.000]
            Final occupancy bounds spin 2: [  0.000,  1.000]
================================================================================

    4        -2.169623121773E+02     8.2504E-04     5.4585E-04    -4.0078E-04
      ideal mu1:      -0.980996672550
      ideal mu2:      -1.003277963154
    5        -2.169629135482E+02     9.0616E-04     5.9434E-04    -6.0137E-04
Finished density kernel iterations (   5)

Writing density kernel to file "Fe_EtOH_3_HighSpin_NGWFSP.dkn" ... done


>>> Density kernel optimised for the current NGWF basis:
     ~~~~~~~~~~~~~~~~~~~~~~~~~~~~~~~~~~~~~~~~~~~~~~~~~~~~~~~~~~~
     Total energy                =  -2.16962913548157E+02  Eh
     Estimated bandgap (UP spin) =   1.9129E-01  Eh
     Estimated bandgap (DN spin) =   2.0599E-02  Eh
     RMS occupancy error         =   8.5881E-13
     [H,K] commutator            =   5.9434E-04
     UP spin occupancy bounds    = [  0.000:  1.000]
     DN spin occupancy bounds    = [  0.000:  1.000]
     ~~~~~~~~~~~~~~~~~~~~~~~~~~~~~~~~~~~~~~~~~~~~~~~~~~~~~~~~~~~




################################################################################
########################### NGWF CG iteration  004 #############################
################################################################################
****** Reciprocal space K.E. preconditioning with k_zero =  3.0000 a0^-1 *******

>>> Checking for convergence of NGWFs:   NOT CONVERGED
  ========================================================================
         NGWF RMS gradient =  1.2673E-04 >  2.0000E-06  | above tolerance
  ========================================================================

>>> Improving NGWFs using line search:
============ Calculation of NGWF S^-1 using Hotelling algorithm ================ 
     Iteration  |  Spin  |  Frobenius norm and Maximum abs value (of I-S*S_n^-1)
         1           1      0.24449057E-01     0.34078063E-02
         1           2      0.25988336E-01     0.34230103E-02
         2           1      0.10375167E-03     0.13415758E-04
         2           2      0.11298769E-03     0.19157098E-04
         3           1      0.27240973E-08     0.32715727E-09
         3           2      0.30967463E-08     0.40075865E-09
         4           1      0.58418737E-14     0.17763568E-14
         4           2      0.55924771E-14     0.14432899E-14
================================================================================
============ Calculation of NGWF S^-1 using Hotelling algorithm ================ 
     Iteration  |  Spin  |  Frobenius norm and Maximum abs value (of I-S*S_n^-1)
         1           1      0.49544743E-03     0.71314711E-04
         1           2      0.52125321E-03     0.70804409E-04
         2           1      0.43823481E-07     0.59149124E-08
         2           2      0.46680931E-07     0.66625210E-08
         3           1      0.56282785E-14     0.14432899E-14
         3           2      0.61794498E-14     0.13322676E-14
================================================================================
------------------------------- NGWF line search -------------------------------
RMS gradient                =       0.00012673338846
Trial step length           =               0.709959
Gradient along search dir.  =         -0.03604603296
Functional at step 0        =    -216.96291354815656
Functional at step 1        =    -216.97547319436592
Functional predicted        =    -216.97547746666112
Selected quadratic step     =               0.697104
Conjugate gradients coeff.  =               0.387112
--------------------------- NGWF line search finished --------------------------
                                               
Writing NGWFs to file "Fe_EtOH_3_HighSpin_NGWFSP.tightbox_ngwfs".... done

>>> Optimising kernel for current NGWFs:
   Initial electron number for spin 1:      39.02596285
   Initial electron number for spin 2:      34.02602931
     Final electron number for spin 1:      39.00000000
     Final electron number for spin 2:      34.00000000

=================== Penalty functional idempotency correction ==================
 RMS occupancy error at iteration   1:  0.000542 (step -0.4989 Ne1=     39.0000)
                                                               Ne2=     34.0000
 RMS occupancy error at iteration   2:  0.000001 (step -0.5000 Ne1=     39.0000)
                                                               Ne2=     34.0000
            Final RMS occupancy error   :  0.000000 (Ne1=     39.0000)
                                                     Ne2=     34.0000
            Final occupancy bounds spin 1: [  0.000,  1.000]
            Final occupancy bounds spin 2: [  0.000,  1.000]
================================================================================

................................................................................
<<<<<<<<<<<<<< LNV (Original version) density kernel optimisation >>>>>>>>>>>>>>
~~~~~~~~~~~~~~~~~~~~~~~~~~~~~~~~~~~~~~~~~~~~~~~~~~~~~~~~~~~~~~~~~~~~~~~~~~~~~~~~
   iter  |      energy (Eh)       | rms gradient |  commutator  |   dE (Eh)
      ideal mu1:      -0.972716964752
      ideal mu2:      -0.997054138538
             Q0:        -216.975467179782
             G0:      -0.003357957858
   RMS gradient:       0.001223144638
     Trial step:       0.545060821226
             Q1:        -216.975645216458
 Quadratic coef:       0.001652254592
 Linear coef   :      -0.001830291268
           Qmin:        -216.975974057799
Quadratic minimum step length (  0.301896592143) accepted
    Initial Ne1:      39.00000000
    Initial Ne2:      34.00000000
      Final Ne1:      39.00000000
      Final Ne2:      34.00000000

=================== Penalty functional idempotency correction ==================
 RMS occupancy error at iteration   1:  0.000011 (step -0.5000 Ne1=     39.0000)
                                                               Ne2=     34.0000
            Final RMS occupancy error   :  0.000000 (Ne1=     39.0000)
                                                     Ne2=     34.0000
            Final occupancy bounds spin 1: [  0.000,  1.000]
            Final occupancy bounds spin 2: [  0.000,  1.000]
================================================================================

    1        -2.169754671798E+02     1.2231E-03     8.0896E-04
      ideal mu1:      -0.976228973266
      ideal mu2:      -0.999364036130
             Q0:        -216.975977537089
             G0:      -0.001709944648
   RMS gradient:       0.000875541125
     Trial step:       0.405650100997
             Q1:        -216.976311321368
 Quadratic coef:       0.000359854941
 Linear coef   :      -0.000693639219
           Qmin:        -216.976311793558
Quadratic minimum step length (  0.390955892840) accepted
    Initial Ne1:      39.00000001
    Initial Ne2:      33.99999995
      Final Ne1:      39.00000000
      Final Ne2:      34.00000000

=================== Penalty functional idempotency correction ==================
 RMS occupancy error at iteration   1:  0.000030 (step -0.4998 Ne1=     39.0000)
                                                               Ne2=     34.0000
            Final RMS occupancy error   :  0.000000 (Ne1=     39.0000)
                                                     Ne2=     34.0000
            Final occupancy bounds spin 1: [ -0.000,  1.000]
            Final occupancy bounds spin 2: [ -0.000,  1.000]
================================================================================

    2        -2.169759775371E+02     8.7554E-04     5.6957E-04    -5.1036E-04
      ideal mu1:      -0.978919984323
      ideal mu2:      -1.001268327611
             Q0:        -216.976312070994
             G0:      -0.000945740276
   RMS gradient:       0.000653137080
     Trial step:       0.398235228748
             Q1:        -216.976504396887
 Quadratic coef:       0.000184301202
 Linear coef   :      -0.000376627095
           Qmin:        -216.976504484238
Quadratic minimum step length (  0.406905044404) accepted
    Initial Ne1:      39.00000006
    Initial Ne2:      33.99999995
      Final Ne1:      39.00000000
      Final Ne2:      34.00000000

=================== Penalty functional idempotency correction ==================
 RMS occupancy error at iteration   1:  0.000038 (step -0.4998 Ne1=     39.0000)
                                                               Ne2=     34.0000
            Final RMS occupancy error   :  0.000000 (Ne1=     39.0000)
                                                     Ne2=     34.0000
            Final occupancy bounds spin 1: [ -0.000,  1.000]
            Final occupancy bounds spin 2: [  0.000,  1.000]
================================================================================

    3        -2.169763120710E+02     6.5314E-04     4.3045E-04    -3.3453E-04
      ideal mu1:      -0.979344610877
      ideal mu2:      -1.001721011677
             Q0:        -216.976504578888
             G0:      -0.000746145502
   RMS gradient:       0.000578343079
     Trial step:       0.402546796580
             Q1:        -216.976721965993
 Quadratic coef:       0.000082971377
 Linear coef   :      -0.000300358482
           Qmin:        -216.976776405211
Quadratic minimum step length (  0.728614788507) accepted
    Initial Ne1:      39.00000030
    Initial Ne2:      34.00000004
      Final Ne1:      39.00000000
      Final Ne2:      34.00000000

=================== Penalty functional idempotency correction ==================
 RMS occupancy error at iteration   1:  0.000120 (step -0.4991 Ne1=     39.0000)
                                                               Ne2=     34.0000
            Final RMS occupancy error   :  0.000000 (Ne1=     39.0000)
                                                     Ne2=     34.0000
            Final occupancy bounds spin 1: [ -0.000,  1.000]
            Final occupancy bounds spin 2: [ -0.000,  1.000]
================================================================================

    4        -2.169765045789E+02     5.7834E-04     3.7995E-04    -1.9251E-04
      ideal mu1:      -0.978207776851
      ideal mu2:      -1.001046052789
    5        -2.169767773188E+02     6.4779E-04     4.1813E-04    -2.7274E-04
Finished density kernel iterations (   5)

Writing density kernel to file "Fe_EtOH_3_HighSpin_NGWFSP.dkn" ... done


>>> Density kernel optimised for the current NGWF basis:
     ~~~~~~~~~~~~~~~~~~~~~~~~~~~~~~~~~~~~~~~~~~~~~~~~~~~~~~~~~~~
     Total energy                =  -2.16976777318831E+02  Eh
     Estimated bandgap (UP spin) =   1.8953E-01  Eh
     Estimated bandgap (DN spin) =   2.4846E-02  Eh
     RMS occupancy error         =   6.9351E-08
     [H,K] commutator            =   4.1813E-04
     UP spin occupancy bounds    = [ -0.000:  1.000]
     DN spin occupancy bounds    = [ -0.000:  1.000]
     ~~~~~~~~~~~~~~~~~~~~~~~~~~~~~~~~~~~~~~~~~~~~~~~~~~~~~~~~~~~




################################################################################
########################### NGWF CG iteration  005 #############################
################################################################################
****** Reciprocal space K.E. preconditioning with k_zero =  3.0000 a0^-1 *******

>>> Checking for convergence of NGWFs:   NOT CONVERGED
  ========================================================================
         NGWF RMS gradient =  6.7410E-05 >  2.0000E-06  | above tolerance
  ========================================================================

>>> Improving NGWFs using line search:
============ Calculation of NGWF S^-1 using Hotelling algorithm ================ 
     Iteration  |  Spin  |  Frobenius norm and Maximum abs value (of I-S*S_n^-1)
         1           1      0.11619755E-01     0.11484201E-02
         1           2      0.11303187E-01     0.11111567E-02
         2           1      0.22172094E-04     0.45962574E-05
         2           2      0.21258737E-04     0.47240308E-05
         3           1      0.16663497E-09     0.30129899E-10
         3           2      0.15862208E-09     0.32412739E-10
         4           1      0.57875562E-14     0.13322676E-14
         4           2      0.57775307E-14     0.14432899E-14
================================================================================
============ Calculation of NGWF S^-1 using Hotelling algorithm ================ 
     Iteration  |  Spin  |  Frobenius norm and Maximum abs value (of I-S*S_n^-1)
         1           1      0.21928635E-03     0.21233967E-04
         1           2      0.21424240E-03     0.21285767E-04
         2           1      0.78568668E-08     0.14533378E-08
         2           2      0.76141503E-08     0.15049502E-08
         3           1      0.60157289E-14     0.15543122E-14
         3           2      0.59249097E-14     0.17763568E-14
================================================================================
------------------------------- NGWF line search -------------------------------
RMS gradient                =       0.00006740954509
Trial step length           =               0.703502
Gradient along search dir.  =         -0.00997499604
Functional at step 0        =    -216.97677731883132
Functional at step 1        =    -216.98022276462342
Functional predicted        =    -216.98022388530464
Selected quadratic step     =               0.691041
Conjugate gradients coeff.  =               0.000000
--------------------------- NGWF line search finished --------------------------
                                               
Writing NGWFs to file "Fe_EtOH_3_HighSpin_NGWFSP.tightbox_ngwfs".... done

>>> Optimising kernel for current NGWFs:
   Initial electron number for spin 1:      38.99969551
   Initial electron number for spin 2:      33.99990244
     Final electron number for spin 1:      39.00000000
     Final electron number for spin 2:      34.00000000

=================== Penalty functional idempotency correction ==================
 RMS occupancy error at iteration   1:  0.000161 (step -0.4999 Ne1=     39.0000)
                                                               Ne2=     34.0000
 RMS occupancy error at iteration   2:  0.000000 (step -0.5000 Ne1=     39.0000)
                                                               Ne2=     34.0000
            Final RMS occupancy error   :  0.000000 (Ne1=     39.0000)
                                                     Ne2=     34.0000
            Final occupancy bounds spin 1: [  0.000,  1.000]
            Final occupancy bounds spin 2: [  0.000,  1.000]
================================================================================

................................................................................
<<<<<<<<<<<<<< LNV (Original version) density kernel optimisation >>>>>>>>>>>>>>
~~~~~~~~~~~~~~~~~~~~~~~~~~~~~~~~~~~~~~~~~~~~~~~~~~~~~~~~~~~~~~~~~~~~~~~~~~~~~~~~
   iter  |      energy (Eh)       | rms gradient |  commutator  |   dE (Eh)
      ideal mu1:      -0.979942758950
      ideal mu2:      -1.001888016235
             Q0:        -216.980226914265
             G0:      -0.000763699663
   RMS gradient:       0.000583312784
     Trial step:       0.541573216707
             Q1:        -216.980296420240
 Quadratic coef:       0.000344093307
 Linear coef   :      -0.000413599283
           Qmin:        -216.980351200587
Quadratic minimum step length (  0.325484816788) accepted
    Initial Ne1:      39.00000000
    Initial Ne2:      34.00000000
      Final Ne1:      39.00000000
      Final Ne2:      34.00000000

=================== Penalty functional idempotency correction ==================
 RMS occupancy error at iteration   1:  0.000003 (step -0.5000 Ne1=     39.0000)
                                                               Ne2=     34.0000
            Final RMS occupancy error   :  0.000000 (Ne1=     39.0000)
                                                     Ne2=     34.0000
            Final occupancy bounds spin 1: [  0.000,  1.000]
            Final occupancy bounds spin 2: [  0.000,  1.000]
================================================================================

    1        -2.169802269143E+02     5.8331E-04     3.8100E-04
      ideal mu1:      -0.978637475566
      ideal mu2:      -1.001015458280
             Q0:        -216.980351020082
             G0:      -0.000652428985
   RMS gradient:       0.000538736290
     Trial step:       0.419849805546
             Q1:        -216.980491508611
 Quadratic coef:       0.000133433654
 Linear coef   :      -0.000273922183
           Qmin:        -216.980491601862
Quadratic minimum step length (  0.430948908929) accepted
    Initial Ne1:      39.00000001
    Initial Ne2:      34.00000000
      Final Ne1:      39.00000000
      Final Ne2:      34.00000000

=================== Penalty functional idempotency correction ==================
 RMS occupancy error at iteration   1:  0.000015 (step -0.4999 Ne1=     39.0000)
                                                               Ne2=     34.0000
            Final RMS occupancy error   :  0.000000 (Ne1=     39.0000)
                                                     Ne2=     34.0000
            Final occupancy bounds spin 1: [ -0.000,  1.000]
            Final occupancy bounds spin 2: [ -0.000,  1.000]
================================================================================

    2        -2.169803510201E+02     5.3874E-04     3.4521E-04    -1.2411E-04
      ideal mu1:      -0.977185437953
      ideal mu2:      -1.000018800457
             Q0:        -216.980491645227
             G0:      -0.000368049221
   RMS gradient:       0.000404222985
     Trial step:       0.425363157331
             Q1:        -216.980578178568
 Quadratic coef:       0.000070021238
 Linear coef   :      -0.000156554579
           Qmin:        -216.980579152021
Quadratic minimum step length (  0.475516799624) accepted
    Initial Ne1:      39.00000003
    Initial Ne2:      34.00000002
      Final Ne1:      39.00000000
      Final Ne2:      34.00000000

=================== Penalty functional idempotency correction ==================
 RMS occupancy error at iteration   1:  0.000021 (step -0.4999 Ne1=     39.0000)
                                                               Ne2=     34.0000
            Final RMS occupancy error   :  0.000000 (Ne1=     39.0000)
                                                     Ne2=     34.0000
            Final occupancy bounds spin 1: [ -0.000,  1.000]
            Final occupancy bounds spin 2: [ -0.000,  1.000]
================================================================================

    3        -2.169804916452E+02     4.0422E-04     2.6622E-04    -1.4063E-04
      ideal mu1:      -0.977555792395
      ideal mu2:      -1.000170036633
             Q0:        -216.980579156454
             G0:      -0.000344754183
   RMS gradient:       0.000392406704
     Trial step:       0.449741400420
             Q1:        -216.980690484102
 Quadratic coef:       0.000043722582
 Linear coef   :      -0.000155050229
           Qmin:        -216.980716617308
Quadratic minimum step length (  0.797442703576) accepted
    Initial Ne1:      39.00000011
    Initial Ne2:      34.00000013
      Final Ne1:      39.00000000
      Final Ne2:      34.00000000

=================== Penalty functional idempotency correction ==================
 RMS occupancy error at iteration   1:  0.000085 (step -0.4994 Ne1=     39.0000)
                                                               Ne2=     34.0000
            Final RMS occupancy error   :  0.000000 (Ne1=     39.0000)
                                                     Ne2=     34.0000
            Final occupancy bounds spin 1: [ -0.000,  1.000]
            Final occupancy bounds spin 2: [ -0.000,  1.000]
================================================================================

    4        -2.169805791565E+02     3.9241E-04     2.5727E-04    -8.7511E-05
      ideal mu1:      -0.978319546189
      ideal mu2:      -1.000757764094
    5        -2.169807157650E+02     5.0175E-04     3.3093E-04    -1.3661E-04
Finished density kernel iterations (   5)

Writing density kernel to file "Fe_EtOH_3_HighSpin_NGWFSP.dkn" ... done


>>> Density kernel optimised for the current NGWF basis:
     ~~~~~~~~~~~~~~~~~~~~~~~~~~~~~~~~~~~~~~~~~~~~~~~~~~~~~~~~~~~
     Total energy                =  -2.16980715765041E+02  Eh
     Estimated bandgap (UP spin) =   1.8961E-01  Eh
     Estimated bandgap (DN spin) =   2.2780E-02  Eh
     RMS occupancy error         =   3.3904E-08
     [H,K] commutator            =   3.3093E-04
     UP spin occupancy bounds    = [ -0.000:  1.000]
     DN spin occupancy bounds    = [ -0.000:  1.000]
     ~~~~~~~~~~~~~~~~~~~~~~~~~~~~~~~~~~~~~~~~~~~~~~~~~~~~~~~~~~~


================================================================================
           ---------------- ENERGY COMPONENTS (Eh) ----------------
           | Kinetic                    :       63.98401501980447 |
           | Core Hartree               :     -967.85327729229380 |
           | CoreHart (non-coul chg cor):        0.00155689502347
           | Hartree                    :      432.72889459930718 |
           | Exchange-correlation       :      -30.34275735124925 |
           | Ewald                      :      287.78384243978076 |
           | Dij0                       :       -0.17320340605803 |
           | Dijhartree                 :       10.88806758195395 |
           | Exc [AE core]              :     -113.53753173881771 |
           | Exc DC [AE core]           :      -48.29872376462151 |
           | Exc [PS core]              :      -24.43889909630267 |
           | Exc DC [PS core]           :      -28.84569488078165 |
           | Exc [Core]                 :      -75.10233528622905 |
           | Total [Sphere]             :       -3.28143318039007 |
           | Total                      :     -216.98071576504071 |
           --------------------------------------------------------
           ------ LOCAL ENERGY COMPONENTS FROM MATRIX TRACES ------
           | Core Hartree               :     -967.85327729229448 |
           | Hartree (Valence)          :      432.72889459930781 |
           --------------------------------------------------------
           Integrated compensation chrg.:       11.33600905175578
           Integrated density           :       72.99999932309858
           Integrated spin density      :        4.99999995355374
           Integrated |spin density|    :        5.02785865571177
           Local density approx. <S^2>  :        8.76392935107621
           Integrated density tr(KS)    :       73.00000000000000
           Integrated spin tr(KS)       :        5.00000000000001
================================================================================




################################################################################
########################### NGWF CG iteration  006 #############################
################################################################################
****** Reciprocal space K.E. preconditioning with k_zero =  3.0000 a0^-1 *******

>>> Checking for convergence of NGWFs:   NOT CONVERGED
  ========================================================================
         NGWF RMS gradient =  4.4324E-05 >  2.0000E-06  | above tolerance
  ========================================================================

>>> Improving NGWFs using line search:
============ Calculation of NGWF S^-1 using Hotelling algorithm ================ 
     Iteration  |  Spin  |  Frobenius norm and Maximum abs value (of I-S*S_n^-1)
         1           1      0.15392980E-01     0.16849802E-02
         1           2      0.15776648E-01     0.17562235E-02
         2           1      0.41315385E-04     0.76445965E-05
         2           2      0.42315701E-04     0.81971101E-05
         3           1      0.57367363E-09     0.97295505E-10
         3           2      0.59509641E-09     0.11046863E-09
         4           1      0.62892298E-14     0.13322676E-14
         4           2      0.55093913E-14     0.15543122E-14
================================================================================
============ Calculation of NGWF S^-1 using Hotelling algorithm ================ 
     Iteration  |  Spin  |  Frobenius norm and Maximum abs value (of I-S*S_n^-1)
         1           1      0.54592825E-02     0.65525735E-03
         1           2      0.55683325E-02     0.63993281E-03
         2           1      0.53149165E-05     0.75266266E-06
         2           2      0.54118126E-05     0.81322676E-06
         3           1      0.83860184E-11     0.10802470E-11
         3           2      0.86038964E-11     0.12443380E-11
         4           1      0.63976666E-14     0.25535130E-14
         4           2      0.53722653E-14     0.13322676E-14
================================================================================
------------------------------- NGWF line search -------------------------------
RMS gradient                =       0.00004432391344
Trial step length           =               0.697244
Gradient along search dir.  =         -0.00437981916
Functional at step 0        =    -216.98071576504137
Functional at step 1        =    -216.98260217828047
Functional predicted        =    -216.98271289472456
Selected quadratic step     =               0.911969
Conjugate gradients coeff.  =               0.432348
--------------------------- NGWF line search finished --------------------------
                                               
Writing NGWFs to file "Fe_EtOH_3_HighSpin_NGWFSP.tightbox_ngwfs".... done

>>> Optimising kernel for current NGWFs:
   Initial electron number for spin 1:      39.00160159
   Initial electron number for spin 2:      34.00156762
     Final electron number for spin 1:      39.00000000
     Final electron number for spin 2:      34.00000000

=================== Penalty functional idempotency correction ==================
 RMS occupancy error at iteration   1:  0.000258 (step -0.4999 Ne1=     39.0000)
                                                               Ne2=     34.0000
 RMS occupancy error at iteration   2:  0.000000 (step -0.5000 Ne1=     39.0000)
                                                               Ne2=     34.0000
            Final RMS occupancy error   :  0.000000 (Ne1=     39.0000)
                                                     Ne2=     34.0000
            Final occupancy bounds spin 1: [  0.000,  1.000]
            Final occupancy bounds spin 2: [  0.000,  1.000]
================================================================================

................................................................................
<<<<<<<<<<<<<< LNV (Original version) density kernel optimisation >>>>>>>>>>>>>>
~~~~~~~~~~~~~~~~~~~~~~~~~~~~~~~~~~~~~~~~~~~~~~~~~~~~~~~~~~~~~~~~~~~~~~~~~~~~~~~~
   iter  |      energy (Eh)       | rms gradient |  commutator  |   dE (Eh)
      ideal mu1:      -0.975999820282
      ideal mu2:      -0.998948430514
             Q0:        -216.982709454081
             G0:      -0.000550169931
   RMS gradient:       0.000495095091
     Trial step:       0.598868097548
             Q1:        -216.982714921778
 Quadratic coef:       0.000324011523
 Linear coef   :      -0.000329479220
           Qmin:        -216.982793213877
Quadratic minimum step length (  0.304487000339) accepted
    Initial Ne1:      39.00000000
    Initial Ne2:      34.00000000
      Final Ne1:      39.00000000
      Final Ne2:      34.00000000

=================== Penalty functional idempotency correction ==================
 RMS occupancy error at iteration   1:  0.000002 (step -0.5000 Ne1=     39.0000)
                                                               Ne2=     34.0000
            Final RMS occupancy error   :  0.000000 (Ne1=     39.0000)
                                                     Ne2=     34.0000
            Final occupancy bounds spin 1: [  0.000,  1.000]
            Final occupancy bounds spin 2: [  0.000,  1.000]
================================================================================

    1        -2.169827094541E+02     4.9510E-04     3.2335E-04
      ideal mu1:      -0.976853189830
      ideal mu2:      -0.999518503245
             Q0:        -216.982793946720
             G0:      -0.000382755569
   RMS gradient:       0.000414652369
     Trial step:       0.427021721487
             Q1:        -216.982881164953
 Quadratic coef:       0.000076226709
 Linear coef   :      -0.000163444942
           Qmin:        -216.982881561185
Quadratic minimum step length (  0.457808961108) accepted
    Initial Ne1:      39.00000000
    Initial Ne2:      34.00000000
      Final Ne1:      39.00000000
      Final Ne2:      34.00000000

=================== Penalty functional idempotency correction ==================
 RMS occupancy error at iteration   1:  0.000008 (step -0.5000 Ne1=     39.0000)
                                                               Ne2=     34.0000
            Final RMS occupancy error   :  0.000000 (Ne1=     39.0000)
                                                     Ne2=     34.0000
            Final occupancy bounds spin 1: [  0.000,  1.000]
            Final occupancy bounds spin 2: [  0.000,  1.000]
================================================================================

    2        -2.169827939467E+02     4.1465E-04     2.6629E-04    -8.4493E-05
      ideal mu1:      -0.977825460362
      ideal mu2:      -1.000216347557
             Q0:        -216.982881469604
             G0:      -0.000200795877
   RMS gradient:       0.000301716728
     Trial step:       0.442147453554
             Q1:        -216.982918986921
 Quadratic coef:       0.000051264069
 Linear coef   :      -0.000088781386
           Qmin:        -216.982919908488
Quadratic minimum step length (  0.382865273136) accepted
    Initial Ne1:      39.00000001
    Initial Ne2:      33.99999997
      Final Ne1:      39.00000000
      Final Ne2:      34.00000000

=================== Penalty functional idempotency correction ==================
 RMS occupancy error at iteration   1:  0.000008 (step -0.5000 Ne1=     39.0000)
                                                               Ne2=     34.0000
            Final RMS occupancy error   :  0.000000 (Ne1=     39.0000)
                                                     Ne2=     34.0000
            Final occupancy bounds spin 1: [  0.000,  1.000]
            Final occupancy bounds spin 2: [  0.000,  1.000]
================================================================================

    3        -2.169828814696E+02     3.0172E-04     1.9698E-04    -8.7523E-05
      ideal mu1:      -0.977828339044
      ideal mu2:      -1.000268369889
             Q0:        -216.982919905593
             G0:      -0.000137690116
   RMS gradient:       0.000247432674
     Trial step:       0.411440038853
             Q1:        -216.982957924034
 Quadratic coef:       0.000018632785
 Linear coef   :      -0.000056651227
           Qmin:        -216.982962966271
Quadratic minimum step length (  0.625472328143) accepted
    Initial Ne1:      39.00000001
    Initial Ne2:      33.99999990
      Final Ne1:      39.00000000
      Final Ne2:      34.00000000

=================== Penalty functional idempotency correction ==================
 RMS occupancy error at iteration   1:  0.000018 (step -0.4999 Ne1=     39.0000)
                                                               Ne2=     34.0000
            Final RMS occupancy error   :  0.000000 (Ne1=     39.0000)
                                                     Ne2=     34.0000
            Final occupancy bounds spin 1: [ -0.000,  1.000]
            Final occupancy bounds spin 2: [ -0.000,  1.000]
================================================================================

    4        -2.169829199056E+02     2.4743E-04     1.6173E-04    -3.8436E-05
      ideal mu1:      -0.977639856452
      ideal mu2:      -1.000135800828
    5        -2.169829632046E+02     2.9927E-04     1.9361E-04    -4.3299E-05
Finished density kernel iterations (   5)

Writing density kernel to file "Fe_EtOH_3_HighSpin_NGWFSP.dkn" ... done


>>> Density kernel optimised for the current NGWF basis:
     ~~~~~~~~~~~~~~~~~~~~~~~~~~~~~~~~~~~~~~~~~~~~~~~~~~~~~~~~~~~
     Total energy                =  -2.16982963204557E+02  Eh
     Estimated bandgap (UP spin) =   1.8857E-01  Eh
     Estimated bandgap (DN spin) =   2.3416E-02  Eh
     RMS occupancy error         =   1.5104E-09
     [H,K] commutator            =   1.9361E-04
     UP spin occupancy bounds    = [ -0.000:  1.000]
     DN spin occupancy bounds    = [ -0.000:  1.000]
     ~~~~~~~~~~~~~~~~~~~~~~~~~~~~~~~~~~~~~~~~~~~~~~~~~~~~~~~~~~~




################################################################################
########################### NGWF CG iteration  007 #############################
################################################################################
****** Reciprocal space K.E. preconditioning with k_zero =  3.0000 a0^-1 *******

>>> Checking for convergence of NGWFs:   NOT CONVERGED
  ========================================================================
         NGWF RMS gradient =  3.1796E-05 >  2.0000E-06  | above tolerance
  ========================================================================

>>> Improving NGWFs using line search:
============ Calculation of NGWF S^-1 using Hotelling algorithm ================ 
     Iteration  |  Spin  |  Frobenius norm and Maximum abs value (of I-S*S_n^-1)
         1           1      0.22279624E-01     0.25714368E-02
         1           2      0.22527118E-01     0.25479562E-02
         2           1      0.90869392E-04     0.13991531E-04
         2           2      0.92260017E-04     0.15220968E-04
         3           1      0.26307027E-08     0.36244341E-09
         3           2      0.27062075E-08     0.42490433E-09
         4           1      0.56776815E-14     0.12212453E-14
         4           2      0.55806746E-14     0.12212453E-14
================================================================================
============ Calculation of NGWF S^-1 using Hotelling algorithm ================ 
     Iteration  |  Spin  |  Frobenius norm and Maximum abs value (of I-S*S_n^-1)
         1           1      0.59571473E-02     0.74893094E-03
         1           2      0.60144149E-02     0.73209968E-03
         2           1      0.67085383E-05     0.82087086E-06
         2           2      0.67963199E-05     0.82630174E-06
         3           1      0.13061811E-10     0.13389290E-11
         3           2      0.13311454E-10     0.14737100E-11
         4           1      0.55426193E-14     0.18873791E-14
         4           2      0.54345121E-14     0.11102230E-14
================================================================================
------------------------------- NGWF line search -------------------------------
RMS gradient                =       0.00003179623217
Trial step length           =               0.797411
Gradient along search dir.  =         -0.00227727380
Functional at step 0        =    -216.98296320455677
Functional at step 1        =    -216.98403929163649
Functional predicted        =    -216.98407749745923
Selected quadratic step     =               0.978620
Conjugate gradients coeff.  =               0.514606
--------------------------- NGWF line search finished --------------------------
                                               
Writing NGWFs to file "Fe_EtOH_3_HighSpin_NGWFSP.tightbox_ngwfs".... done

>>> Optimising kernel for current NGWFs:
   Initial electron number for spin 1:      39.00310851
   Initial electron number for spin 2:      34.00286772
     Final electron number for spin 1:      39.00000000
     Final electron number for spin 2:      34.00000000

=================== Penalty functional idempotency correction ==================
 RMS occupancy error at iteration   1:  0.000293 (step -0.4997 Ne1=     39.0000)
                                                               Ne2=     34.0000
 RMS occupancy error at iteration   2:  0.000001 (step -0.5000 Ne1=     39.0000)
                                                               Ne2=     34.0000
            Final RMS occupancy error   :  0.000000 (Ne1=     39.0000)
                                                     Ne2=     34.0000
            Final occupancy bounds spin 1: [  0.000,  1.000]
            Final occupancy bounds spin 2: [  0.000,  1.000]
================================================================================

................................................................................
<<<<<<<<<<<<<< LNV (Original version) density kernel optimisation >>>>>>>>>>>>>>
~~~~~~~~~~~~~~~~~~~~~~~~~~~~~~~~~~~~~~~~~~~~~~~~~~~~~~~~~~~~~~~~~~~~~~~~~~~~~~~~
   iter  |      energy (Eh)       | rms gradient |  commutator  |   dE (Eh)
      ideal mu1:      -0.977625355297
      ideal mu2:      -0.999942449706
             Q0:        -216.984076080984
             G0:      -0.000255695918
   RMS gradient:       0.000337522006
     Trial step:       0.507291197433
             Q1:        -216.984059884606
 Quadratic coef:       0.000145908666
 Linear coef   :      -0.000129712289
           Qmin:        -216.984104909425
Quadratic minimum step length (  0.225490041391) accepted
    Initial Ne1:      39.00000000
    Initial Ne2:      34.00000000
      Final Ne1:      39.00000000
      Final Ne2:      34.00000000

=================== Penalty functional idempotency correction ==================
 RMS occupancy error at iteration   1:  0.000001 (step -0.5000 Ne1=     39.0000)
                                                               Ne2=     34.0000
            Final RMS occupancy error   :  0.000000 (Ne1=     39.0000)
                                                     Ne2=     34.0000
            Final occupancy bounds spin 1: [  0.000,  1.000]
            Final occupancy bounds spin 2: [  0.000,  1.000]
================================================================================

    1        -2.169840760810E+02     3.3752E-04     2.2099E-04
      ideal mu1:      -0.977372918855
      ideal mu2:      -0.999774846881
             Q0:        -216.984105021688
             G0:      -0.000124510522
   RMS gradient:       0.000235937925
     Trial step:       0.338214596235
             Q1:        -216.984137048199
 Quadratic coef:       0.000010084764
 Linear coef   :      -0.000042111276
           Qmin:        -216.984148983041
Quadratic minimum step length (  0.706146803609) accepted
    Initial Ne1:      39.00000000
    Initial Ne2:      34.00000000
      Final Ne1:      39.00000000
      Final Ne2:      34.00000000

=================== Penalty functional idempotency correction ==================
 RMS occupancy error at iteration   1:  0.000005 (step -0.5000 Ne1=     39.0000)
                                                               Ne2=     34.0000
            Final RMS occupancy error   :  0.000000 (Ne1=     39.0000)
                                                     Ne2=     34.0000
            Final occupancy bounds spin 1: [  0.000,  1.000]
            Final occupancy bounds spin 2: [  0.000,  1.000]
================================================================================

    2        -2.169841050217E+02     2.3594E-04     1.5513E-04    -2.8941E-05
      ideal mu1:      -0.976931359825
      ideal mu2:      -0.999459136550
             Q0:        -216.984149161381
             G0:      -0.000081202871
   RMS gradient:       0.000189461699
     Trial step:       0.488701499962
             Q1:        -216.984168024904
 Quadratic coef:       0.000020820442
 Linear coef   :      -0.000039683965
           Qmin:        -216.984168070887
Quadratic minimum step length (  0.465734910543) accepted
    Initial Ne1:      39.00000000
    Initial Ne2:      33.99999999
      Final Ne1:      39.00000000
      Final Ne2:      34.00000000

=================== Penalty functional idempotency correction ==================
 RMS occupancy error at iteration   1:  0.000005 (step -0.5000 Ne1=     39.0000)
                                                               Ne2=     34.0000
            Final RMS occupancy error   :  0.000000 (Ne1=     39.0000)
                                                     Ne2=     34.0000
            Final occupancy bounds spin 1: [  0.000,  1.000]
            Final occupancy bounds spin 2: [  0.000,  1.000]
================================================================================

    3        -2.169841491614E+02     1.8946E-04     1.2602E-04    -4.4140E-05
      ideal mu1:      -0.976988275140
      ideal mu2:      -0.999474603767
             Q0:        -216.984168075196
             G0:      -0.000106187869
   RMS gradient:       0.000217769081
     Trial step:       0.477080024071
             Q1:        -216.984204439092
 Quadratic coef:       0.000014296216
 Linear coef   :      -0.000050660111
           Qmin:        -216.984212955025
Quadratic minimum step length (  0.845291075224) accepted
    Initial Ne1:      39.00000000
    Initial Ne2:      33.99999994
      Final Ne1:      39.00000000
      Final Ne2:      34.00000000

=================== Penalty functional idempotency correction ==================
 RMS occupancy error at iteration   1:  0.000034 (step -0.4997 Ne1=     39.0000)
                                                               Ne2=     34.0000
            Final RMS occupancy error   :  0.000000 (Ne1=     39.0000)
                                                     Ne2=     34.0000
            Final occupancy bounds spin 1: [ -0.000,  1.000]
            Final occupancy bounds spin 2: [ -0.000,  1.000]
================================================================================

    4        -2.169841680752E+02     2.1777E-04     1.4488E-04    -1.8914E-05
      ideal mu1:      -0.977213119537
      ideal mu2:      -0.999615832842
    5        -2.169842115215E+02     2.9412E-04     1.9260E-04    -4.3446E-05
Finished density kernel iterations (   5)

Writing density kernel to file "Fe_EtOH_3_HighSpin_NGWFSP.dkn" ... done


>>> Density kernel optimised for the current NGWF basis:
     ~~~~~~~~~~~~~~~~~~~~~~~~~~~~~~~~~~~~~~~~~~~~~~~~~~~~~~~~~~~
     Total energy                =  -2.16984211521464E+02  Eh
     Estimated bandgap (UP spin) =   1.9214E-01  Eh
     Estimated bandgap (DN spin) =   2.2785E-02  Eh
     RMS occupancy error         =   4.6394E-09
     [H,K] commutator            =   1.9260E-04
     UP spin occupancy bounds    = [ -0.000:  1.000]
     DN spin occupancy bounds    = [ -0.000:  1.000]
     ~~~~~~~~~~~~~~~~~~~~~~~~~~~~~~~~~~~~~~~~~~~~~~~~~~~~~~~~~~~




################################################################################
########################### NGWF CG iteration  008 #############################
################################################################################
****** Reciprocal space K.E. preconditioning with k_zero =  3.0000 a0^-1 *******

>>> Checking for convergence of NGWFs:   NOT CONVERGED
  ========================================================================
         NGWF RMS gradient =  2.0134E-05 >  2.0000E-06  | above tolerance
  ========================================================================

>>> Improving NGWFs using line search:
============ Calculation of NGWF S^-1 using Hotelling algorithm ================ 
     Iteration  |  Spin  |  Frobenius norm and Maximum abs value (of I-S*S_n^-1)
         1           1      0.22210423E-01     0.24678052E-02
         1           2      0.22624237E-01     0.24590643E-02
         2           1      0.98280627E-04     0.15197759E-04
         2           2      0.10095048E-03     0.16488565E-04
         3           1      0.31520832E-08     0.44017612E-09
         3           2      0.33377390E-08     0.51614457E-09
         4           1      0.53361404E-14     0.13322676E-14
         4           2      0.53998492E-14     0.11102230E-14
================================================================================
============ Calculation of NGWF S^-1 using Hotelling algorithm ================ 
     Iteration  |  Spin  |  Frobenius norm and Maximum abs value (of I-S*S_n^-1)
         1           1      0.24678075E-02     0.29006920E-03
         1           2      0.25074256E-02     0.28916671E-03
         2           1      0.12316649E-05     0.15163896E-06
         2           2      0.12599335E-05     0.16615265E-06
         3           1      0.46609741E-12     0.49404925E-13
         3           2      0.48746615E-12     0.58841820E-13
================================================================================
------------------------------- NGWF line search -------------------------------
RMS gradient                =       0.00002013400867
Trial step length           =               0.883381
Gradient along search dir.  =         -0.00093162825
Functional at step 0        =    -216.98421152146423
Functional at step 1        =    -216.98457787114160
Functional predicted        =    -216.98458233377346
Selected quadratic step     =               0.796052
Conjugate gradients coeff.  =               0.400968
--------------------------- NGWF line search finished --------------------------
                                               
Writing NGWFs to file "Fe_EtOH_3_HighSpin_NGWFSP.tightbox_ngwfs".... done

>>> Optimising kernel for current NGWFs:
   Initial electron number for spin 1:      39.00254076
   Initial electron number for spin 2:      34.00230083
     Final electron number for spin 1:      39.00000000
     Final electron number for spin 2:      34.00000000

=================== Penalty functional idempotency correction ==================
 RMS occupancy error at iteration   1:  0.000206 (step -0.4998 Ne1=     39.0000)
                                                               Ne2=     34.0000
 RMS occupancy error at iteration   2:  0.000000 (step -0.5000 Ne1=     39.0000)
                                                               Ne2=     34.0000
            Final RMS occupancy error   :  0.000000 (Ne1=     39.0000)
                                                     Ne2=     34.0000
            Final occupancy bounds spin 1: [  0.000,  1.000]
            Final occupancy bounds spin 2: [  0.000,  1.000]
================================================================================

................................................................................
<<<<<<<<<<<<<< LNV (Original version) density kernel optimisation >>>>>>>>>>>>>>
~~~~~~~~~~~~~~~~~~~~~~~~~~~~~~~~~~~~~~~~~~~~~~~~~~~~~~~~~~~~~~~~~~~~~~~~~~~~~~~~
   iter  |      energy (Eh)       | rms gradient |  commutator  |   dE (Eh)
      ideal mu1:      -0.977462545961
      ideal mu2:      -0.999787732896
             Q0:        -216.984579738104
             G0:      -0.000118051364
   RMS gradient:       0.000229337831
     Trial step:       0.635036602500
             Q1:        -216.984568690641
 Quadratic coef:       0.000086014400
 Linear coef   :      -0.000074966937
           Qmin:        -216.984596072699
Quadratic minimum step length (  0.276737086055) accepted
    Initial Ne1:      39.00000000
    Initial Ne2:      34.00000000
      Final Ne1:      39.00000000
      Final Ne2:      34.00000000

=================== Penalty functional idempotency correction ==================
 RMS occupancy error at iteration   1:  0.000000 (step -0.5000 Ne1=     39.0000)
                                                               Ne2=     34.0000
            Final RMS occupancy error   :  0.000000 (Ne1=     39.0000)
                                                     Ne2=     34.0000
            Final occupancy bounds spin 1: [  0.000,  1.000]
            Final occupancy bounds spin 2: [  0.000,  1.000]
================================================================================

    1        -2.169845797381E+02     2.2934E-04     1.4984E-04
      ideal mu1:      -0.977176340035
      ideal mu2:      -0.999580489521
             Q0:        -216.984595813422
             G0:      -0.000060877628
   RMS gradient:       0.000163715147
     Trial step:       0.419211377367
             Q1:        -216.984606075727
 Quadratic coef:       0.000015258290
 Linear coef   :      -0.000025520594
           Qmin:        -216.984606484683
Quadratic minimum step length (  0.350580695787) accepted
    Initial Ne1:      39.00000000
    Initial Ne2:      34.00000000
      Final Ne1:      39.00000000
      Final Ne2:      34.00000000

=================== Penalty functional idempotency correction ==================
 RMS occupancy error at iteration   1:  0.000001 (step -0.5000 Ne1=     39.0000)
                                                               Ne2=     34.0000
            Final RMS occupancy error   :  0.000000 (Ne1=     39.0000)
                                                     Ne2=     34.0000
            Final occupancy bounds spin 1: [  0.000,  1.000]
            Final occupancy bounds spin 2: [  0.000,  1.000]
================================================================================

    2        -2.169845958134E+02     1.6372E-04     1.0629E-04    -1.6075E-05
      ideal mu1:      -0.976949907040
      ideal mu2:      -0.999401755798
             Q0:        -216.984606353516
             G0:      -0.000027795169
   RMS gradient:       0.000107895848
     Trial step:       0.383363295530
             Q1:        -216.984613434160
 Quadratic coef:       0.000003575003
 Linear coef   :      -0.000010655648
           Qmin:        -216.984614293566
Quadratic minimum step length (  0.571325905535) accepted
    Initial Ne1:      39.00000000
    Initial Ne2:      34.00000000
      Final Ne1:      39.00000000
      Final Ne2:      34.00000000

=================== Penalty functional idempotency correction ==================
 RMS occupancy error at iteration   1:  0.000001 (step -0.5000 Ne1=     39.0000)
                                                               Ne2=     34.0000
            Final RMS occupancy error   :  0.000000 (Ne1=     39.0000)
                                                     Ne2=     34.0000
            Final occupancy bounds spin 1: [  0.000,  1.000]
            Final occupancy bounds spin 2: [  0.000,  1.000]
================================================================================

    3        -2.169846063535E+02     1.0790E-04     7.1911E-05    -1.0540E-05
      ideal mu1:      -0.976981569818
      ideal mu2:      -0.999403065864
             Q0:        -216.984614357967
             G0:      -0.000038736763
   RMS gradient:       0.000129668246
     Trial step:       0.468001476458
             Q1:        -216.984627757440
 Quadratic coef:       0.000004729389
 Linear coef   :      -0.000018128862
           Qmin:        -216.984631731017
Quadratic minimum step length (  0.896979954749) accepted
    Initial Ne1:      39.00000000
    Initial Ne2:      34.00000000
      Final Ne1:      39.00000000
      Final Ne2:      34.00000000

=================== Penalty functional idempotency correction ==================
 RMS occupancy error at iteration   1:  0.000012 (step -0.4999 Ne1=     39.0000)
                                                               Ne2=     34.0000
            Final RMS occupancy error   :  0.000000 (Ne1=     39.0000)
                                                     Ne2=     34.0000
            Final occupancy bounds spin 1: [ -0.000,  1.000]
            Final occupancy bounds spin 2: [ -0.000,  1.000]
================================================================================

    4        -2.169846143580E+02     1.2967E-04     8.5360E-05    -8.0045E-06
      ideal mu1:      -0.977201363269
      ideal mu2:      -0.999558763004
    5        -2.169846306429E+02     1.8650E-04     1.2286E-04    -1.6285E-05
Finished density kernel iterations (   5)

Writing density kernel to file "Fe_EtOH_3_HighSpin_NGWFSP.dkn" ... done


>>> Density kernel optimised for the current NGWF basis:
     ~~~~~~~~~~~~~~~~~~~~~~~~~~~~~~~~~~~~~~~~~~~~~~~~~~~~~~~~~~~
     Total energy                =  -2.16984630642880E+02  Eh
     Estimated bandgap (UP spin) =   1.9140E-01  Eh
     Estimated bandgap (DN spin) =   2.2525E-02  Eh
     RMS occupancy error         =   5.4068E-10
     [H,K] commutator            =   1.2286E-04
     UP spin occupancy bounds    = [ -0.000:  1.000]
     DN spin occupancy bounds    = [ -0.000:  1.000]
     ~~~~~~~~~~~~~~~~~~~~~~~~~~~~~~~~~~~~~~~~~~~~~~~~~~~~~~~~~~~




################################################################################
########################### NGWF CG iteration  009 #############################
################################################################################
****** Reciprocal space K.E. preconditioning with k_zero =  3.0000 a0^-1 *******

>>> Checking for convergence of NGWFs:   NOT CONVERGED
  ========================================================================
         NGWF RMS gradient =  1.3665E-05 >  2.0000E-06  | above tolerance
  ========================================================================

>>> Improving NGWFs using line search:
============ Calculation of NGWF S^-1 using Hotelling algorithm ================ 
     Iteration  |  Spin  |  Frobenius norm and Maximum abs value (of I-S*S_n^-1)
         1           1      0.80327010E-02     0.10515125E-02
         1           2      0.82308220E-02     0.11113838E-02
         2           1      0.14025664E-04     0.38306968E-05
         2           2      0.14821126E-04     0.42278715E-05
         3           1      0.85027826E-10     0.19566904E-10
         3           2      0.96378458E-10     0.23851476E-10
         4           1      0.57300413E-14     0.19984014E-14
         4           2      0.58341334E-14     0.14432899E-14
================================================================================
============ Calculation of NGWF S^-1 using Hotelling algorithm ================ 
     Iteration  |  Spin  |  Frobenius norm and Maximum abs value (of I-S*S_n^-1)
         1           1      0.29060431E-02     0.36929510E-03
         1           2      0.29744292E-02     0.39073604E-03
         2           1      0.18103117E-05     0.46743243E-06
         2           2      0.19113323E-05     0.51803547E-06
         3           1      0.14010393E-11     0.30120351E-12
         3           2      0.15843761E-11     0.36970427E-12
================================================================================
------------------------------- NGWF line search -------------------------------
RMS gradient                =       0.00001366483796
Trial step length           =               0.838581
Gradient along search dir.  =         -0.00040990094
Functional at step 0        =    -216.98463064288023
Functional at step 1        =    -216.98471024247880
Functional predicted        =    -216.98474247354903
Selected quadratic step     =               0.545647
Conjugate gradients coeff.  =               0.000000
--------------------------- NGWF line search finished --------------------------
                                               
Writing NGWFs to file "Fe_EtOH_3_HighSpin_NGWFSP.tightbox_ngwfs".... done

>>> Optimising kernel for current NGWFs:
   Initial electron number for spin 1:      39.00033287
   Initial electron number for spin 2:      34.00019787
     Final electron number for spin 1:      39.00000000
     Final electron number for spin 2:      34.00000000

=================== Penalty functional idempotency correction ==================
 RMS occupancy error at iteration   1:  0.000076 (step -0.5000 Ne1=     39.0000)
                                                               Ne2=     34.0000
            Final RMS occupancy error   :  0.000000 (Ne1=     39.0000)
                                                     Ne2=     34.0000
            Final occupancy bounds spin 1: [  0.000,  1.000]
            Final occupancy bounds spin 2: [  0.000,  1.000]
================================================================================

................................................................................
<<<<<<<<<<<<<< LNV (Original version) density kernel optimisation >>>>>>>>>>>>>>
~~~~~~~~~~~~~~~~~~~~~~~~~~~~~~~~~~~~~~~~~~~~~~~~~~~~~~~~~~~~~~~~~~~~~~~~~~~~~~~~
   iter  |      energy (Eh)       | rms gradient |  commutator  |   dE (Eh)
      ideal mu1:      -0.976582245738
      ideal mu2:      -0.999126351603
             Q0:        -216.984744238046
             G0:      -0.000053164854
   RMS gradient:       0.000153904922
     Trial step:       0.647910443793
             Q1:        -216.984733223452
 Quadratic coef:       0.000045460659
 Linear coef   :      -0.000034446064
           Qmin:        -216.984750763091
Quadratic minimum step length (  0.245464598251) accepted
    Initial Ne1:      38.99999924
    Initial Ne2:      33.99999866
      Final Ne1:      39.00000000
      Final Ne2:      34.00000000

=================== Penalty functional idempotency correction ==================
 RMS occupancy error at iteration   1:  0.000000 (step -0.5000 Ne1=     39.0000)
                                                               Ne2=     34.0000
            Final RMS occupancy error   :  0.000000 (Ne1=     39.0000)
                                                     Ne2=     34.0000
            Final occupancy bounds spin 1: [  0.000,  1.000]
            Final occupancy bounds spin 2: [  0.000,  1.000]
================================================================================

    1        -2.169847442380E+02     1.5390E-04     1.0144E-04
      ideal mu1:      -0.976840475335
      ideal mu2:      -0.999283088382
             Q0:        -216.984750779903
             G0:      -0.000022734049
   RMS gradient:       0.000100700124
     Trial step:       0.398797037085
             Q1:        -216.984755723706
 Quadratic coef:       0.000004122468
 Linear coef   :      -0.000009066272
           Qmin:        -216.984755764616
Quadratic minimum step length (  0.438523936566) accepted
    Initial Ne1:      38.99999942
    Initial Ne2:      33.99999898
      Final Ne1:      39.00000000
      Final Ne2:      34.00000000

=================== Penalty functional idempotency correction ==================
 RMS occupancy error at iteration   1:  0.000000 (step -0.5000 Ne1=     39.0000)
                                                               Ne2=     34.0000
            Final RMS occupancy error   :  0.000000 (Ne1=     39.0000)
                                                     Ne2=     34.0000
            Final occupancy bounds spin 1: [  0.000,  1.000]
            Final occupancy bounds spin 2: [  0.000,  1.000]
================================================================================

    2        -2.169847507799E+02     1.0070E-04     6.5790E-05    -6.5419E-06
      ideal mu1:      -0.977125384401
      ideal mu2:      -0.999463545516
             Q0:        -216.984755715356
             G0:      -0.000014778173
   RMS gradient:       0.000085965308
     Trial step:       0.418189008217
             Q1:        -216.984759746854
 Quadratic coef:       0.000002148571
 Linear coef   :      -0.000006180070
           Qmin:        -216.984760159386
Quadratic minimum step length (  0.601431682342) accepted
    Initial Ne1:      38.99999942
    Initial Ne2:      33.99999898
      Final Ne1:      39.00000000
      Final Ne2:      34.00000000

=================== Penalty functional idempotency correction ==================
 RMS occupancy error at iteration   1:  0.000001 (step -0.5000 Ne1=     39.0000)
                                                               Ne2=     34.0000
            Final RMS occupancy error   :  0.000000 (Ne1=     39.0000)
                                                     Ne2=     34.0000
            Final occupancy bounds spin 1: [  0.000,  1.000]
            Final occupancy bounds spin 2: [  0.000,  1.000]
================================================================================

    3        -2.169847557154E+02     8.5965E-05     5.6769E-05    -4.9355E-06
      ideal mu1:      -0.977211095690
      ideal mu2:      -0.999545063783
             Q0:        -216.984759841778
             G0:      -0.000021965292
   RMS gradient:       0.000111203913
     Trial step:       0.501509839135
             Q1:        -216.984766491494
 Quadratic coef:       0.000004366093
 Linear coef   :      -0.000011015810
           Qmin:        -216.984766790099
Quadratic minimum step length (  0.632663679443) accepted
    Initial Ne1:      38.99999898
    Initial Ne2:      33.99999820
      Final Ne1:      39.00000000
      Final Ne2:      34.00000000

=================== Penalty functional idempotency correction ==================
 RMS occupancy error at iteration   1:  0.000006 (step -0.5000 Ne1=     39.0000)
                                                               Ne2=     34.0000
            Final RMS occupancy error   :  0.000000 (Ne1=     39.0000)
                                                     Ne2=     34.0000
            Final occupancy bounds spin 1: [  0.000,  1.000]
            Final occupancy bounds spin 2: [  0.000,  1.000]
================================================================================

    4        -2.169847598418E+02     1.1120E-04     7.2666E-05    -4.1264E-06
      ideal mu1:      -0.977181382644
      ideal mu2:      -0.999561573625
    5        -2.169847666609E+02     1.1567E-04     7.6566E-05    -6.8192E-06
Finished density kernel iterations (   5)

Writing density kernel to file "Fe_EtOH_3_HighSpin_NGWFSP.dkn" ... done


>>> Density kernel optimised for the current NGWF basis:
     ~~~~~~~~~~~~~~~~~~~~~~~~~~~~~~~~~~~~~~~~~~~~~~~~~~~~~~~~~~~
     Total energy                =  -2.16984766660950E+02  Eh
     Estimated bandgap (UP spin) =   1.8773E-01  Eh
     Estimated bandgap (DN spin) =   2.2965E-02  Eh
     RMS occupancy error         =   5.1157E-10
     [H,K] commutator            =   7.6566E-05
     UP spin occupancy bounds    = [  0.000:  1.000]
     DN spin occupancy bounds    = [  0.000:  1.000]
     ~~~~~~~~~~~~~~~~~~~~~~~~~~~~~~~~~~~~~~~~~~~~~~~~~~~~~~~~~~~




################################################################################
########################### NGWF CG iteration  010 #############################
################################################################################
****** Reciprocal space K.E. preconditioning with k_zero =  3.0000 a0^-1 *******

>>> Checking for convergence of NGWFs:   NOT CONVERGED
  ========================================================================
         NGWF RMS gradient =  9.1023E-06 >  2.0000E-06  | above tolerance
  ========================================================================

>>> Improving NGWFs using line search:
============ Calculation of NGWF S^-1 using Hotelling algorithm ================ 
     Iteration  |  Spin  |  Frobenius norm and Maximum abs value (of I-S*S_n^-1)
         1           1      0.92272832E-02     0.12309312E-02
         1           2      0.95002619E-02     0.12947833E-02
         2           1      0.19070126E-04     0.48292483E-05
         2           2      0.19973489E-04     0.53162275E-05
         3           1      0.16393707E-09     0.32825742E-10
         3           2      0.18088361E-09     0.39493298E-10
         4           1      0.60163033E-14     0.13322676E-14
         4           2      0.64995249E-14     0.15543122E-14
================================================================================
============ Calculation of NGWF S^-1 using Hotelling algorithm ================ 
     Iteration  |  Spin  |  Frobenius norm and Maximum abs value (of I-S*S_n^-1)
         1           1      0.80603869E-02     0.96406360E-03
         1           2      0.82614304E-02     0.10176048E-02
         2           1      0.14259464E-04     0.28762061E-05
         2           2      0.14875177E-04     0.32090396E-05
         3           1      0.84601941E-10     0.13419044E-10
         3           2      0.92769381E-10     0.16506130E-10
         4           1      0.66950810E-14     0.14432899E-14
         4           2      0.60850392E-14     0.15543122E-14
================================================================================
------------------------------- NGWF line search -------------------------------
RMS gradient                =       0.00000910229886
Trial step length           =               0.676439
Gradient along search dir.  =         -0.00017671323
Functional at step 0        =    -216.98476666094953
Functional at step 1        =    -216.98485243556567
Functional predicted        =    -216.98487246908755
Selected quadratic step     =               1.197512
Conjugate gradients coeff.  =               0.443704
--------------------------- NGWF line search finished --------------------------
                                               
Writing NGWFs to file "Fe_EtOH_3_HighSpin_NGWFSP.tightbox_ngwfs".... done

>>> Optimising kernel for current NGWFs:
   Initial electron number for spin 1:      39.00093229
   Initial electron number for spin 2:      34.00053593
     Final electron number for spin 1:      39.00000000
     Final electron number for spin 2:      34.00000000

=================== Penalty functional idempotency correction ==================
 RMS occupancy error at iteration   1:  0.000233 (step -0.4999 Ne1=     39.0000)
                                                               Ne2=     34.0000
 RMS occupancy error at iteration   2:  0.000000 (step -0.5000 Ne1=     39.0000)
                                                               Ne2=     34.0000
            Final RMS occupancy error   :  0.000000 (Ne1=     39.0000)
                                                     Ne2=     34.0000
            Final occupancy bounds spin 1: [  0.000,  1.000]
            Final occupancy bounds spin 2: [  0.000,  1.000]
================================================================================

................................................................................
<<<<<<<<<<<<<< LNV (Original version) density kernel optimisation >>>>>>>>>>>>>>
~~~~~~~~~~~~~~~~~~~~~~~~~~~~~~~~~~~~~~~~~~~~~~~~~~~~~~~~~~~~~~~~~~~~~~~~~~~~~~~~
   iter  |      energy (Eh)       | rms gradient |  commutator  |   dE (Eh)
      ideal mu1:      -0.977173590160
      ideal mu2:      -0.999472273249
             Q0:        -216.984869702311
             G0:      -0.000105189472
   RMS gradient:       0.000216484264
     Trial step:       0.563282398184
             Q1:        -216.984862056833
 Quadratic coef:       0.000066896856
 Linear coef   :      -0.000059251378
           Qmin:        -216.984882822232
Quadratic minimum step length (  0.249453115867) accepted
    Initial Ne1:      39.00000000
    Initial Ne2:      34.00000000
      Final Ne1:      39.00000000
      Final Ne2:      34.00000000

=================== Penalty functional idempotency correction ==================
 RMS occupancy error at iteration   1:  0.000000 (step -0.5000 Ne1=     39.0000)
                                                               Ne2=     34.0000
            Final RMS occupancy error   :  0.000000 (Ne1=     39.0000)
                                                     Ne2=     34.0000
            Final occupancy bounds spin 1: [  0.000,  1.000]
            Final occupancy bounds spin 2: [  0.000,  1.000]
================================================================================

    1        -2.169848697023E+02     2.1648E-04     1.3999E-04
      ideal mu1:      -0.976990139184
      ideal mu2:      -0.999319627208
             Q0:        -216.984882724231
             G0:      -0.000055082563
   RMS gradient:       0.000156204650
     Trial step:       0.374850035801
             Q1:        -216.984892909308
 Quadratic coef:       0.000010462624
 Linear coef   :      -0.000020647701
           Qmin:        -216.984892911148
Quadratic minimum step length (  0.369878125196) accepted
    Initial Ne1:      39.00000000
    Initial Ne2:      34.00000000
      Final Ne1:      39.00000000
      Final Ne2:      34.00000000

=================== Penalty functional idempotency correction ==================
 RMS occupancy error at iteration   1:  0.000001 (step -0.5000 Ne1=     39.0000)
                                                               Ne2=     34.0000
            Final RMS occupancy error   :  0.000000 (Ne1=     39.0000)
                                                     Ne2=     34.0000
            Final occupancy bounds spin 1: [  0.000,  1.000]
            Final occupancy bounds spin 2: [  0.000,  1.000]
================================================================================

    2        -2.169848827242E+02     1.5620E-04     1.0019E-04    -1.3022E-05
      ideal mu1:      -0.976736870375
      ideal mu2:      -0.999113843759
             Q0:        -216.984892903798
             G0:      -0.000012148401
   RMS gradient:       0.000071603202
     Trial step:       0.372355782112
             Q1:        -216.984894947507
 Quadratic coef:       0.000002479818
 Linear coef   :      -0.000004523527
           Qmin:        -216.984894966681
Quadratic minimum step length (  0.339613955029) accepted
    Initial Ne1:      39.00000000
    Initial Ne2:      34.00000000
      Final Ne1:      39.00000000
      Final Ne2:      34.00000000

=================== Penalty functional idempotency correction ==================
 RMS occupancy error at iteration   1:  0.000000 (step -0.5000 Ne1=     39.0000)
                                                               Ne2=     34.0000
            Final RMS occupancy error   :  0.000000 (Ne1=     39.0000)
                                                     Ne2=     34.0000
            Final occupancy bounds spin 1: [  0.000,  1.000]
            Final occupancy bounds spin 2: [  0.000,  1.000]
================================================================================

    3        -2.169848929038E+02     7.1603E-05     4.6813E-05    -1.0180E-05
      ideal mu1:      -0.976771254341
      ideal mu2:      -0.999151149807
             Q0:        -216.984894957335
             G0:      -0.000006184346
   RMS gradient:       0.000051231095
     Trial step:       0.355608239276
             Q1:        -216.984896590540
 Quadratic coef:       0.000000565999
 Linear coef   :      -0.000002199204
           Qmin:        -216.984897093601
Quadratic minimum step length (  0.690862543351) accepted
    Initial Ne1:      39.00000000
    Initial Ne2:      34.00000000
      Final Ne1:      39.00000000
      Final Ne2:      34.00000000

=================== Penalty functional idempotency correction ==================
 RMS occupancy error at iteration   1:  0.000000 (step -0.5000 Ne1=     39.0000)
                                                               Ne2=     34.0000
            Final RMS occupancy error   :  0.000000 (Ne1=     39.0000)
                                                     Ne2=     34.0000
            Final occupancy bounds spin 1: [  0.000,  1.000]
            Final occupancy bounds spin 2: [  0.000,  1.000]
================================================================================

    4        -2.169848949573E+02     5.1231E-05     3.4251E-05    -2.0535E-06
      ideal mu1:      -0.976906620249
      ideal mu2:      -0.999268080707
    5        -2.169848966945E+02     7.4556E-05     4.9817E-05    -1.7372E-06
Finished density kernel iterations (   5)

Writing density kernel to file "Fe_EtOH_3_HighSpin_NGWFSP.dkn" ... done


>>> Density kernel optimised for the current NGWF basis:
     ~~~~~~~~~~~~~~~~~~~~~~~~~~~~~~~~~~~~~~~~~~~~~~~~~~~~~~~~~~~
     Total energy                =  -2.16984896694526E+02  Eh
     Estimated bandgap (UP spin) =   1.8773E-01  Eh
     Estimated bandgap (DN spin) =   2.2829E-02  Eh
     RMS occupancy error         =   1.9282E-12
     [H,K] commutator            =   4.9817E-05
     UP spin occupancy bounds    = [  0.000:  1.000]
     DN spin occupancy bounds    = [  0.000:  1.000]
     ~~~~~~~~~~~~~~~~~~~~~~~~~~~~~~~~~~~~~~~~~~~~~~~~~~~~~~~~~~~


================================================================================
           ---------------- ENERGY COMPONENTS (Eh) ----------------
           | Kinetic                    :       63.97988393855081 |
           | Core Hartree               :     -967.95078455248563 |
           | CoreHart (non-coul chg cor):        0.00155689502347
           | Hartree                    :      432.80994599065684 |
           | Exchange-correlation       :      -30.34808140162055 |
           | Ewald                      :      287.78384243978076 |
           | Dij0                       :       -0.16783455293725 |
           | Dijhartree                 :       10.92211455575851 |
           | Exc [AE core]              :     -113.55341653592252 |
           | Exc DC [AE core]           :      -48.31812374182319 |
           | Exc [PS core]              :      -24.43709813746661 |
           | Exc DC [PS core]           :      -28.84407978825724 |
           | Exc [Core]                 :      -75.10233528622905 |
           | Total [Sphere]             :       -3.25970310940561 |
           | Total                      :     -216.98489669452346 |
           --------------------------------------------------------
           ------ LOCAL ENERGY COMPONENTS FROM MATRIX TRACES ------
           | Core Hartree               :     -967.95078455248699 |
           | Hartree (Valence)          :      432.80994599065605 |
           --------------------------------------------------------
           Integrated compensation chrg.:       11.34421025609485
           Integrated density           :       72.99999932308555
           Integrated spin density      :        4.99999995435530
           Integrated |spin density|    :        5.01606491179749
           Local density approx. <S^2>  :        8.75803247871817
           Integrated density tr(KS)    :       73.00000000000000
           Integrated spin tr(KS)       :        5.00000000000000
================================================================================




################################################################################
########################### NGWF CG iteration  011 #############################
################################################################################
****** Reciprocal space K.E. preconditioning with k_zero =  3.0000 a0^-1 *******

>>> Checking for convergence of NGWFs:   NOT CONVERGED
  ========================================================================
         NGWF RMS gradient =  7.1108E-06 >  2.0000E-06  | above tolerance
  ========================================================================

>>> Improving NGWFs using line search:
============ Calculation of NGWF S^-1 using Hotelling algorithm ================ 
     Iteration  |  Spin  |  Frobenius norm and Maximum abs value (of I-S*S_n^-1)
         1           1      0.18120466E-01     0.22119740E-02
         1           2      0.18550168E-01     0.23396396E-02
         2           1      0.73344496E-04     0.14148018E-04
         2           2      0.76456893E-04     0.15891594E-04
         3           1      0.22739855E-08     0.32912206E-09
         3           2      0.24816629E-08     0.40805925E-09
         4           1      0.60654458E-14     0.17763568E-14
         4           2      0.57476296E-14     0.11102230E-14
================================================================================
============ Calculation of NGWF S^-1 using Hotelling algorithm ================ 
     Iteration  |  Spin  |  Frobenius norm and Maximum abs value (of I-S*S_n^-1)
         1           1      0.15349935E-02     0.16763047E-03
         1           2      0.15655144E-02     0.17784600E-03
         2           1      0.52478201E-06     0.78931524E-07
         2           2      0.54342272E-06     0.89847776E-07
         3           1      0.10604943E-12     0.12068038E-13
         3           2      0.11410101E-12     0.14876989E-13
================================================================================
------------------------------- NGWF line search -------------------------------
RMS gradient                =       0.00000711079929
Trial step length           =               0.900024
Gradient along search dir.  =         -0.00012330072
Functional at step 0        =    -216.98489669452556
Functional at step 1        =    -216.98495603772460
Functional predicted        =    -216.98495632576538
Selected quadratic step     =               0.967249
Conjugate gradients coeff.  =               0.610288
--------------------------- NGWF line search finished --------------------------
                                               
Writing NGWFs to file "Fe_EtOH_3_HighSpin_NGWFSP.tightbox_ngwfs".... done

>>> Optimising kernel for current NGWFs:
   Initial electron number for spin 1:      39.00131434
   Initial electron number for spin 2:      34.00085577
     Final electron number for spin 1:      39.00000000
     Final electron number for spin 2:      34.00000000

=================== Penalty functional idempotency correction ==================
 RMS occupancy error at iteration   1:  0.000234 (step -0.4999 Ne1=     39.0000)
                                                               Ne2=     34.0000
 RMS occupancy error at iteration   2:  0.000000 (step -0.5000 Ne1=     39.0000)
                                                               Ne2=     34.0000
            Final RMS occupancy error   :  0.000000 (Ne1=     39.0000)
                                                     Ne2=     34.0000
            Final occupancy bounds spin 1: [  0.000,  1.000]
            Final occupancy bounds spin 2: [  0.000,  1.000]
================================================================================

................................................................................
<<<<<<<<<<<<<< LNV (Original version) density kernel optimisation >>>>>>>>>>>>>>
~~~~~~~~~~~~~~~~~~~~~~~~~~~~~~~~~~~~~~~~~~~~~~~~~~~~~~~~~~~~~~~~~~~~~~~~~~~~~~~~
   iter  |      energy (Eh)       | rms gradient |  commutator  |   dE (Eh)
      ideal mu1:      -0.976923144822
      ideal mu2:      -0.999242570729
             Q0:        -216.984958310785
             G0:      -0.000062243753
   RMS gradient:       0.000166528312
     Trial step:       0.495657555801
             Q1:        -216.984958320116
 Quadratic coef:       0.000030842255
 Linear coef   :      -0.000030851586
           Qmin:        -216.984966026015
Quadratic minimum step length (  0.247903755961) accepted
    Initial Ne1:      39.00000000
    Initial Ne2:      34.00000000
      Final Ne1:      39.00000000
      Final Ne2:      34.00000000

=================== Penalty functional idempotency correction ==================
 RMS occupancy error at iteration   1:  0.000000 (step -0.5000 Ne1=     39.0000)
                                                               Ne2=     34.0000
            Final RMS occupancy error   :  0.000000 (Ne1=     39.0000)
                                                     Ne2=     34.0000
            Final occupancy bounds spin 1: [  0.000,  1.000]
            Final occupancy bounds spin 2: [  0.000,  1.000]
================================================================================

    1        -2.169849583108E+02     1.6653E-04     1.0711E-04
      ideal mu1:      -0.976844770671
      ideal mu2:      -0.999182389890
             Q0:        -216.984966015540
             G0:      -0.000032617066
   RMS gradient:       0.000120473241
     Trial step:       0.350535832339
             Q1:        -216.984972395241
 Quadratic coef:       0.000005053749
 Linear coef   :      -0.000011433450
           Qmin:        -216.984972482213
Quadratic minimum step length (  0.396520855028) accepted
    Initial Ne1:      39.00000000
    Initial Ne2:      34.00000000
      Final Ne1:      39.00000000
      Final Ne2:      34.00000000

=================== Penalty functional idempotency correction ==================
 RMS occupancy error at iteration   1:  0.000001 (step -0.5000 Ne1=     39.0000)
                                                               Ne2=     34.0000
            Final RMS occupancy error   :  0.000000 (Ne1=     39.0000)
                                                     Ne2=     34.0000
            Final occupancy bounds spin 1: [  0.000,  1.000]
            Final occupancy bounds spin 2: [  0.000,  1.000]
================================================================================

    2        -2.169849660155E+02     1.2047E-04     7.6932E-05    -7.7048E-06
      ideal mu1:      -0.976724497950
      ideal mu2:      -0.999093521298
             Q0:        -216.984972505736
             G0:      -0.000009479993
   RMS gradient:       0.000063991907
     Trial step:       0.372820020864
             Q1:        -216.984974174395
 Quadratic coef:       0.000001865672
 Linear coef   :      -0.000003534331
           Qmin:        -216.984974179596
Quadratic minimum step length (  0.353135339441) accepted
    Initial Ne1:      39.00000000
    Initial Ne2:      34.00000000
      Final Ne1:      39.00000000
      Final Ne2:      34.00000000

=================== Penalty functional idempotency correction ==================
 RMS occupancy error at iteration   1:  0.000000 (step -0.5000 Ne1=     39.0000)
                                                               Ne2=     34.0000
            Final RMS occupancy error   :  0.000000 (Ne1=     39.0000)
                                                     Ne2=     34.0000
            Final occupancy bounds spin 1: [  0.000,  1.000]
            Final occupancy bounds spin 2: [  0.000,  1.000]
================================================================================

    3        -2.169849725057E+02     6.3992E-05     4.1745E-05    -6.4902E-06
      ideal mu1:      -0.976748652418
      ideal mu2:      -0.999115623467
             Q0:        -216.984974174866
             G0:      -0.000004305780
   RMS gradient:       0.000042693702
     Trial step:       0.362844215357
             Q1:        -216.984975333131
 Quadratic coef:       0.000000404062
 Linear coef   :      -0.000001562327
           Qmin:        -216.984975685072
Quadratic minimum step length (  0.701478490197) accepted
    Initial Ne1:      39.00000000
    Initial Ne2:      34.00000000
      Final Ne1:      39.00000000
      Final Ne2:      34.00000000

=================== Penalty functional idempotency correction ==================
 RMS occupancy error at iteration   1:  0.000000 (step -0.5000 Ne1=     39.0000)
                                                               Ne2=     34.0000
            Final RMS occupancy error   :  0.000000 (Ne1=     39.0000)
                                                     Ne2=     34.0000
            Final occupancy bounds spin 1: [  0.000,  1.000]
            Final occupancy bounds spin 2: [  0.000,  1.000]
================================================================================

    4        -2.169849741749E+02     4.2694E-05     2.8128E-05    -1.6691E-06
      ideal mu1:      -0.976815537210
      ideal mu2:      -0.999167242014
    5        -2.169849754827E+02     5.7772E-05     3.8078E-05    -1.3078E-06
Finished density kernel iterations (   5)

Writing density kernel to file "Fe_EtOH_3_HighSpin_NGWFSP.dkn" ... done


>>> Density kernel optimised for the current NGWF basis:
     ~~~~~~~~~~~~~~~~~~~~~~~~~~~~~~~~~~~~~~~~~~~~~~~~~~~~~~~~~~~
     Total energy                =  -2.16984975482709E+02  Eh
     Estimated bandgap (UP spin) =   1.8898E-01  Eh
     Estimated bandgap (DN spin) =   2.2642E-02  Eh
     RMS occupancy error         =   1.2197E-12
     [H,K] commutator            =   3.8078E-05
     UP spin occupancy bounds    = [  0.000:  1.000]
     DN spin occupancy bounds    = [  0.000:  1.000]
     ~~~~~~~~~~~~~~~~~~~~~~~~~~~~~~~~~~~~~~~~~~~~~~~~~~~~~~~~~~~




################################################################################
########################### NGWF CG iteration  012 #############################
################################################################################
****** Reciprocal space K.E. preconditioning with k_zero =  3.0000 a0^-1 *******

>>> Checking for convergence of NGWFs:   NOT CONVERGED
  ========================================================================
         NGWF RMS gradient =  5.6904E-06 >  2.0000E-06  | above tolerance
  ========================================================================

>>> Improving NGWFs using line search:
============ Calculation of NGWF S^-1 using Hotelling algorithm ================ 
     Iteration  |  Spin  |  Frobenius norm and Maximum abs value (of I-S*S_n^-1)
         1           1      0.23459013E-01     0.27416266E-02
         1           2      0.23952323E-01     0.29037973E-02
         2           1      0.12535520E-03     0.20202073E-04
         2           2      0.12997857E-03     0.22997158E-04
         3           1      0.64161632E-08     0.77251787E-09
         3           2      0.69196995E-08     0.93537667E-09
         4           1      0.62352715E-14     0.17763568E-14
         4           2      0.57319073E-14     0.14432899E-14
================================================================================
============ Calculation of NGWF S^-1 using Hotelling algorithm ================ 
     Iteration  |  Spin  |  Frobenius norm and Maximum abs value (of I-S*S_n^-1)
         1           1      0.30978841E-02     0.32784297E-03
         1           2      0.31534613E-02     0.34817771E-03
         2           1      0.21842112E-05     0.28079434E-06
         2           2      0.22512664E-05     0.32368644E-06
         3           1      0.18005984E-11     0.19946891E-12
         3           2      0.19194428E-11     0.21227464E-12
================================================================================
------------------------------- NGWF line search -------------------------------
RMS gradient                =       0.00000569035092
Trial step length           =               0.933031
Gradient along search dir.  =         -0.00009707809
Functional at step 0        =    -216.98497548270899
Functional at step 1        =    -216.98501469977998
Functional predicted        =    -216.98501541749360
Selected quadratic step     =               0.822735
Conjugate gradients coeff.  =               0.640385
--------------------------- NGWF line search finished --------------------------
                                               
Writing NGWFs to file "Fe_EtOH_3_HighSpin_NGWFSP.tightbox_ngwfs".... done

>>> Optimising kernel for current NGWFs:
   Initial electron number for spin 1:      39.00140869
   Initial electron number for spin 2:      34.00095588
     Final electron number for spin 1:      39.00000000
     Final electron number for spin 2:      34.00000000

=================== Penalty functional idempotency correction ==================
 RMS occupancy error at iteration   1:  0.000221 (step -0.4999 Ne1=     39.0000)
                                                               Ne2=     34.0000
 RMS occupancy error at iteration   2:  0.000000 (step -0.5000 Ne1=     39.0000)
                                                               Ne2=     34.0000
            Final RMS occupancy error   :  0.000000 (Ne1=     39.0000)
                                                     Ne2=     34.0000
            Final occupancy bounds spin 1: [  0.000,  1.000]
            Final occupancy bounds spin 2: [  0.000,  1.000]
================================================================================

................................................................................
<<<<<<<<<<<<<< LNV (Original version) density kernel optimisation >>>>>>>>>>>>>>
~~~~~~~~~~~~~~~~~~~~~~~~~~~~~~~~~~~~~~~~~~~~~~~~~~~~~~~~~~~~~~~~~~~~~~~~~~~~~~~~
   iter  |      energy (Eh)       | rms gradient |  commutator  |   dE (Eh)
      ideal mu1:      -0.976764607957
      ideal mu2:      -0.999135313695
             Q0:        -216.985017096577
             G0:      -0.000051734215
   RMS gradient:       0.000151820049
     Trial step:       0.504507098429
             Q1:        -216.985016961663
 Quadratic coef:       0.000026235193
 Linear coef   :      -0.000026100279
           Qmin:        -216.985023588092
Quadratic minimum step length (  0.250956336327) accepted
    Initial Ne1:      39.00000000
    Initial Ne2:      34.00000000
      Final Ne1:      39.00000000
      Final Ne2:      34.00000000

=================== Penalty functional idempotency correction ==================
 RMS occupancy error at iteration   1:  0.000000 (step -0.5000 Ne1=     39.0000)
                                                               Ne2=     34.0000
            Final RMS occupancy error   :  0.000000 (Ne1=     39.0000)
                                                     Ne2=     34.0000
            Final occupancy bounds spin 1: [  0.000,  1.000]
            Final occupancy bounds spin 2: [  0.000,  1.000]
================================================================================

    1        -2.169850170966E+02     1.5182E-04     9.7639E-05
      ideal mu1:      -0.976783008618
      ideal mu2:      -0.999144264778
             Q0:        -216.985023641605
             G0:      -0.000026971044
   RMS gradient:       0.000110069285
     Trial step:       0.355821940123
             Q1:        -216.985029036271
 Quadratic coef:       0.000004202223
 Linear coef   :      -0.000009596889
           Qmin:        -216.985029120864
Quadratic minimum step length (  0.406306827389) accepted
    Initial Ne1:      39.00000000
    Initial Ne2:      34.00000000
      Final Ne1:      39.00000000
      Final Ne2:      34.00000000

=================== Penalty functional idempotency correction ==================
 RMS occupancy error at iteration   1:  0.000000 (step -0.5000 Ne1=     39.0000)
                                                               Ne2=     34.0000
            Final RMS occupancy error   :  0.000000 (Ne1=     39.0000)
                                                     Ne2=     34.0000
            Final occupancy bounds spin 1: [  0.000,  1.000]
            Final occupancy bounds spin 2: [  0.000,  1.000]
================================================================================

    2        -2.169850236416E+02     1.1007E-04     7.0102E-05    -6.5450E-06
      ideal mu1:      -0.976788515280
      ideal mu2:      -0.999146746333
             Q0:        -216.985029128215
             G0:      -0.000008052218
   RMS gradient:       0.000059578333
     Trial step:       0.380227410383
             Q1:        -216.985030220324
 Quadratic coef:       0.000001969564
 Linear coef   :      -0.000003061674
           Qmin:        -216.985030318052
Quadratic minimum step length (  0.295530422078) accepted
    Initial Ne1:      39.00000000
    Initial Ne2:      34.00000000
      Final Ne1:      39.00000000
      Final Ne2:      34.00000000

=================== Penalty functional idempotency correction ==================
 RMS occupancy error at iteration   1:  0.000000 (step -0.5000 Ne1=     39.0000)
                                                               Ne2=     34.0000
            Final RMS occupancy error   :  0.000000 (Ne1=     39.0000)
                                                     Ne2=     34.0000
            Final occupancy bounds spin 1: [  0.000,  1.000]
            Final occupancy bounds spin 2: [  0.000,  1.000]
================================================================================

    3        -2.169850291282E+02     5.9578E-05     3.8720E-05    -5.4866E-06
      ideal mu1:      -0.976783881898
      ideal mu2:      -0.999148089343
             Q0:        -216.985030295016
             G0:      -0.000002971674
   RMS gradient:       0.000035204023
     Trial step:       0.335214509048
             Q1:        -216.985031079019
 Quadratic coef:       0.000000212145
 Linear coef   :      -0.000000996148
           Qmin:        -216.985031464394
Quadratic minimum step length (  0.787015931867) accepted
    Initial Ne1:      39.00000000
    Initial Ne2:      34.00000000
      Final Ne1:      39.00000000
      Final Ne2:      34.00000000

=================== Penalty functional idempotency correction ==================
 RMS occupancy error at iteration   1:  0.000000 (step -0.5000 Ne1=     39.0000)
                                                               Ne2=     34.0000
            Final RMS occupancy error   :  0.000000 (Ne1=     39.0000)
                                                     Ne2=     34.0000
            Final occupancy bounds spin 1: [  0.000,  1.000]
            Final occupancy bounds spin 2: [  0.000,  1.000]
================================================================================

    4        -2.169850302950E+02     3.5204E-05     2.3384E-05    -1.1668E-06
      ideal mu1:      -0.976798056947
      ideal mu2:      -0.999162036304
    5        -2.169850312600E+02     5.0683E-05     3.3579E-05    -9.6499E-07
Finished density kernel iterations (   5)

Writing density kernel to file "Fe_EtOH_3_HighSpin_NGWFSP.dkn" ... done


>>> Density kernel optimised for the current NGWF basis:
     ~~~~~~~~~~~~~~~~~~~~~~~~~~~~~~~~~~~~~~~~~~~~~~~~~~~~~~~~~~~
     Total energy                =  -2.16985031260006E+02  Eh
     Estimated bandgap (UP spin) =   1.8891E-01  Eh
     Estimated bandgap (DN spin) =   2.2983E-02  Eh
     RMS occupancy error         =   6.7695E-13
     [H,K] commutator            =   3.3579E-05
     UP spin occupancy bounds    = [  0.000:  1.000]
     DN spin occupancy bounds    = [  0.000:  1.000]
     ~~~~~~~~~~~~~~~~~~~~~~~~~~~~~~~~~~~~~~~~~~~~~~~~~~~~~~~~~~~




################################################################################
########################### NGWF CG iteration  013 #############################
################################################################################
****** Reciprocal space K.E. preconditioning with k_zero =  3.0000 a0^-1 *******

>>> Checking for convergence of NGWFs:   NOT CONVERGED
  ========================================================================
         NGWF RMS gradient =  4.6168E-06 >  2.0000E-06  | above tolerance
  ========================================================================

>>> Improving NGWFs using line search:
============ Calculation of NGWF S^-1 using Hotelling algorithm ================ 
     Iteration  |  Spin  |  Frobenius norm and Maximum abs value (of I-S*S_n^-1)
         1           1      0.72345201E-02     0.11431507E-02
         1           2      0.74928125E-02     0.11977167E-02
         2           1      0.13395698E-04     0.35347856E-05
         2           2      0.14050698E-04     0.39279220E-05
         3           1      0.83111896E-10     0.16688873E-10
         3           2      0.90273688E-10     0.19932722E-10
         4           1      0.55511462E-14     0.11102230E-14
         4           2      0.56473901E-14     0.11102230E-14
================================================================================
============ Calculation of NGWF S^-1 using Hotelling algorithm ================ 
     Iteration  |  Spin  |  Frobenius norm and Maximum abs value (of I-S*S_n^-1)
         1           1      0.11765025E-02     0.18229009E-03
         1           2      0.12173035E-02     0.19119954E-03
         2           1      0.34997329E-06     0.88680213E-07
         2           2      0.36701769E-06     0.98963418E-07
         3           1      0.58067804E-13     0.10769163E-13
         3           2      0.62763871E-13     0.12878587E-13
================================================================================
------------------------------- NGWF line search -------------------------------
RMS gradient                =       0.00000461676720
Trial step length           =               0.876149
Gradient along search dir.  =         -0.00004678923
Functional at step 0        =    -216.98503126000645
Functional at step 1        =    -216.98504788579686
Functional predicted        =    -216.98504850083668
Selected quadratic step     =               0.736957
Conjugate gradients coeff.  =               0.000000
--------------------------- NGWF line search finished --------------------------
                                               
Writing NGWFs to file "Fe_EtOH_3_HighSpin_NGWFSP.tightbox_ngwfs".... done

>>> Optimising kernel for current NGWFs:
   Initial electron number for spin 1:      39.00041718
   Initial electron number for spin 2:      34.00028427
     Final electron number for spin 1:      39.00000000
     Final electron number for spin 2:      34.00000000

=================== Penalty functional idempotency correction ==================
 RMS occupancy error at iteration   1:  0.000078 (step -0.5000 Ne1=     39.0000)
                                                               Ne2=     34.0000
            Final RMS occupancy error   :  0.000000 (Ne1=     39.0000)
                                                     Ne2=     34.0000
            Final occupancy bounds spin 1: [  0.000,  1.000]
            Final occupancy bounds spin 2: [  0.000,  1.000]
================================================================================

................................................................................
<<<<<<<<<<<<<< LNV (Original version) density kernel optimisation >>>>>>>>>>>>>>
~~~~~~~~~~~~~~~~~~~~~~~~~~~~~~~~~~~~~~~~~~~~~~~~~~~~~~~~~~~~~~~~~~~~~~~~~~~~~~~~
   iter  |      energy (Eh)       | rms gradient |  commutator  |   dE (Eh)
      ideal mu1:      -0.977000947384
      ideal mu2:      -0.999311163327
             Q0:        -216.985048428434
             G0:      -0.000010604469
   RMS gradient:       0.000068736063
     Trial step:       0.513633292548
             Q1:        -216.985047667356
 Quadratic coef:       0.000006207887
 Linear coef   :      -0.000005446808
           Qmin:        -216.985049623193
Quadratic minimum step length (  0.225331275122) accepted
    Initial Ne1:      38.99999875
    Initial Ne2:      33.99999875
      Final Ne1:      39.00000000
      Final Ne2:      34.00000000

=================== Penalty functional idempotency correction ==================
 RMS occupancy error at iteration   1:  0.000000 (step -0.5000 Ne1=     39.0000)
                                                               Ne2=     34.0000
            Final RMS occupancy error   :  0.000000 (Ne1=     39.0000)
                                                     Ne2=     34.0000
            Final occupancy bounds spin 1: [  0.000,  1.000]
            Final occupancy bounds spin 2: [  0.000,  1.000]
================================================================================

    1        -2.169850484284E+02     6.8736E-05     4.5087E-05
      ideal mu1:      -0.976923592775
      ideal mu2:      -0.999260041561
             Q0:        -216.985049572983
             G0:      -0.000004147863
   RMS gradient:       0.000042302999
     Trial step:       0.340202358538
             Q1:        -216.985050262568
 Quadratic coef:       0.000000721528
 Linear coef   :      -0.000001411113
           Qmin:        -216.985050262922
Quadratic minimum step length (  0.332671887401) accepted
    Initial Ne1:      38.99999930
    Initial Ne2:      33.99999930
      Final Ne1:      39.00000000
      Final Ne2:      34.00000000

=================== Penalty functional idempotency correction ==================
 RMS occupancy error at iteration   1:  0.000000 (step -0.5000 Ne1=     39.0000)
                                                               Ne2=     34.0000
            Final RMS occupancy error   :  0.000000 (Ne1=     39.0000)
                                                     Ne2=     34.0000
            Final occupancy bounds spin 1: [  0.000,  1.000]
            Final occupancy bounds spin 2: [  0.000,  1.000]
================================================================================

    2        -2.169850495730E+02     4.2303E-05     2.7713E-05    -1.1445E-06
      ideal mu1:      -0.976838157106
      ideal mu2:      -0.999202196172
             Q0:        -216.985050260001
             G0:      -0.000001873550
   RMS gradient:       0.000026442245
     Trial step:       0.336416052995
             Q1:        -216.985050641376
 Quadratic coef:       0.000000248917
 Linear coef   :      -0.000000630292
           Qmin:        -216.985050658998
Quadratic minimum step length (  0.425926308548) accepted
    Initial Ne1:      38.99999965
    Initial Ne2:      33.99999965
      Final Ne1:      39.00000000
      Final Ne2:      34.00000000

=================== Penalty functional idempotency correction ==================
 RMS occupancy error at iteration   1:  0.000000 (step -0.5000 Ne1=     39.0000)
                                                               Ne2=     34.0000
            Final RMS occupancy error   :  0.000000 (Ne1=     39.0000)
                                                     Ne2=     34.0000
            Final occupancy bounds spin 1: [  0.000,  1.000]
            Final occupancy bounds spin 2: [  0.000,  1.000]
================================================================================

    3        -2.169850502600E+02     2.6442E-05     1.7713E-05    -6.8702E-07
      ideal mu1:      -0.976819071230
      ideal mu2:      -0.999186980964
             Q0:        -216.985050679269
             G0:      -0.000001649570
   RMS gradient:       0.000023881621
     Trial step:       0.378534605536
             Q1:        -216.985051163071
 Quadratic coef:       0.000000140617
 Linear coef   :      -0.000000624419
           Qmin:        -216.985051372463
Quadratic minimum step length (  0.840454347873) accepted
    Initial Ne1:      38.99999944
    Initial Ne2:      33.99999944
      Final Ne1:      39.00000000
      Final Ne2:      34.00000000

=================== Penalty functional idempotency correction ==================
 RMS occupancy error at iteration   1:  0.000000 (step -0.5000 Ne1=     39.0000)
                                                               Ne2=     34.0000
            Final RMS occupancy error   :  0.000000 (Ne1=     39.0000)
                                                     Ne2=     34.0000
            Final occupancy bounds spin 1: [  0.000,  1.000]
            Final occupancy bounds spin 2: [  0.000,  1.000]
================================================================================

    4        -2.169850506793E+02     2.3882E-05     1.6118E-05    -4.1927E-07
      ideal mu1:      -0.976832666001
      ideal mu2:      -0.999192705309
    5        -2.169850512959E+02     4.5933E-05     3.0672E-05    -6.1663E-07
Finished density kernel iterations (   5)

Writing density kernel to file "Fe_EtOH_3_HighSpin_NGWFSP.dkn" ... done


>>> Density kernel optimised for the current NGWF basis:
     ~~~~~~~~~~~~~~~~~~~~~~~~~~~~~~~~~~~~~~~~~~~~~~~~~~~~~~~~~~~
     Total energy                =  -2.16985051295899E+02  Eh
     Estimated bandgap (UP spin) =   1.8936E-01  Eh
     Estimated bandgap (DN spin) =   2.2730E-02  Eh
     RMS occupancy error         =   1.0080E-12
     [H,K] commutator            =   3.0672E-05
     UP spin occupancy bounds    = [  0.000:  1.000]
     DN spin occupancy bounds    = [  0.000:  1.000]
     ~~~~~~~~~~~~~~~~~~~~~~~~~~~~~~~~~~~~~~~~~~~~~~~~~~~~~~~~~~~




################################################################################
########################### NGWF CG iteration  014 #############################
################################################################################
****** Reciprocal space K.E. preconditioning with k_zero =  3.0000 a0^-1 *******

>>> Checking for convergence of NGWFs:   NOT CONVERGED
  ========================================================================
         NGWF RMS gradient =  3.8170E-06 >  2.0000E-06  | above tolerance
  ========================================================================

>>> Improving NGWFs using line search:
============ Calculation of NGWF S^-1 using Hotelling algorithm ================ 
     Iteration  |  Spin  |  Frobenius norm and Maximum abs value (of I-S*S_n^-1)
         1           1      0.11572422E-01     0.17774346E-02
         1           2      0.11971369E-01     0.18687857E-02
         2           1      0.33731207E-04     0.83642714E-05
         2           2      0.35444792E-04     0.93874181E-05
         3           1      0.53565097E-09     0.95833563E-10
         3           2      0.58198589E-09     0.11647439E-09
         4           1      0.58601804E-14     0.19984014E-14
         4           2      0.56727499E-14     0.14432899E-14
================================================================================
============ Calculation of NGWF S^-1 using Hotelling algorithm ================ 
     Iteration  |  Spin  |  Frobenius norm and Maximum abs value (of I-S*S_n^-1)
         1           1      0.56115849E-03     0.82739606E-04
         1           2      0.57927427E-03     0.87151400E-04
         2           1      0.77961551E-07     0.17722199E-07
         2           2      0.81749537E-07     0.20037720E-07
         3           1      0.68146869E-14     0.15543122E-14
         3           2      0.60323977E-14     0.14432899E-14
================================================================================
------------------------------- NGWF line search -------------------------------
RMS gradient                =       0.00000381702161
Trial step length           =               0.803545
Gradient along search dir.  =         -0.00003741197
Functional at step 0        =    -216.98505129589924
Functional at step 1        =    -216.98506559754807
Functional predicted        =    -216.98506563130979
Selected quadratic step     =               0.766354
Conjugate gradients coeff.  =               0.683555
--------------------------- NGWF line search finished --------------------------
                                               
Writing NGWFs to file "Fe_EtOH_3_HighSpin_NGWFSP.tightbox_ngwfs".... done

>>> Optimising kernel for current NGWFs:
   Initial electron number for spin 1:      39.00082197
   Initial electron number for spin 2:      34.00057804
     Final electron number for spin 1:      39.00000000
     Final electron number for spin 2:      34.00000000

=================== Penalty functional idempotency correction ==================
 RMS occupancy error at iteration   1:  0.000137 (step -0.5000 Ne1=     39.0000)
                                                               Ne2=     34.0000
 RMS occupancy error at iteration   2:  0.000000 (step -0.5000 Ne1=     39.0000)
                                                               Ne2=     34.0000
            Final RMS occupancy error   :  0.000000 (Ne1=     39.0000)
                                                     Ne2=     34.0000
            Final occupancy bounds spin 1: [  0.000,  1.000]
            Final occupancy bounds spin 2: [  0.000,  1.000]
================================================================================

................................................................................
<<<<<<<<<<<<<< LNV (Original version) density kernel optimisation >>>>>>>>>>>>>>
~~~~~~~~~~~~~~~~~~~~~~~~~~~~~~~~~~~~~~~~~~~~~~~~~~~~~~~~~~~~~~~~~~~~~~~~~~~~~~~~
   iter  |      energy (Eh)       | rms gradient |  commutator  |   dE (Eh)
      ideal mu1:      -0.976892367789
      ideal mu2:      -0.999254790868
             Q0:        -216.985065858903
             G0:      -0.000017858444
   RMS gradient:       0.000089199415
     Trial step:       0.564039941000
             Q1:        -216.985063417536
 Quadratic coef:       0.000012514243
 Linear coef   :      -0.000010072876
           Qmin:        -216.985067885850
Quadratic minimum step length (  0.227001522337) accepted
    Initial Ne1:      39.00000000
    Initial Ne2:      34.00000000
      Final Ne1:      39.00000000
      Final Ne2:      34.00000000

=================== Penalty functional idempotency correction ==================
 RMS occupancy error at iteration   1:  0.000000 (step -0.5000 Ne1=     39.0000)
                                                               Ne2=     34.0000
            Final RMS occupancy error   :  0.000000 (Ne1=     39.0000)
                                                     Ne2=     34.0000
            Final occupancy bounds spin 1: [  0.000,  1.000]
            Final occupancy bounds spin 2: [  0.000,  1.000]
================================================================================

    1        -2.169850658589E+02     8.9199E-05     5.7911E-05
      ideal mu1:      -0.976895866201
      ideal mu2:      -0.999255170411
             Q0:        -216.985067872003
             G0:      -0.000007099633
   RMS gradient:       0.000056114316
     Trial step:       0.357823874645
             Q1:        -216.985069270100
 Quadratic coef:       0.000001142322
 Linear coef   :      -0.000002540418
           Qmin:        -216.985069284418
Quadratic minimum step length (  0.397883720927) accepted
    Initial Ne1:      39.00000000
    Initial Ne2:      34.00000000
      Final Ne1:      39.00000000
      Final Ne2:      34.00000000

=================== Penalty functional idempotency correction ==================
 RMS occupancy error at iteration   1:  0.000000 (step -0.5000 Ne1=     39.0000)
                                                               Ne2=     34.0000
            Final RMS occupancy error   :  0.000000 (Ne1=     39.0000)
                                                     Ne2=     34.0000
            Final occupancy bounds spin 1: [  0.000,  1.000]
            Final occupancy bounds spin 2: [  0.000,  1.000]
================================================================================

    2        -2.169850678720E+02     5.6114E-05     3.6311E-05    -2.0131E-06
      ideal mu1:      -0.976883547232
      ideal mu2:      -0.999245375663
             Q0:        -216.985069298281
             G0:      -0.000003113615
   RMS gradient:       0.000035544955
     Trial step:       0.377322534022
             Q1:        -216.985069748912
 Quadratic coef:       0.000000724207
 Linear coef   :      -0.000001174837
           Qmin:        -216.985069774748
Quadratic minimum step length (  0.306053908519) accepted
    Initial Ne1:      39.00000000
    Initial Ne2:      34.00000000
      Final Ne1:      39.00000000
      Final Ne2:      34.00000000

=================== Penalty functional idempotency correction ==================
 RMS occupancy error at iteration   1:  0.000000 (step -0.5000 Ne1=     39.0000)
                                                               Ne2=     34.0000
            Final RMS occupancy error   :  0.000000 (Ne1=     39.0000)
                                                     Ne2=     34.0000
            Final occupancy bounds spin 1: [  0.000,  1.000]
            Final occupancy bounds spin 2: [  0.000,  1.000]
================================================================================

    3        -2.169850692983E+02     3.5545E-05     2.3201E-05    -1.4263E-06
      ideal mu1:      -0.976878835817
      ideal mu2:      -0.999243542694
             Q0:        -216.985069765118
             G0:      -0.000000975480
   RMS gradient:       0.000019920002
     Trial step:       0.339825008364
             Q1:        -216.985070068084
 Quadratic coef:       0.000000028527
 Linear coef   :      -0.000000331493
           Qmin:        -216.985070728130
Quadratic minimum step length (  1.974435526111) accepted
    Initial Ne1:      39.00000000
    Initial Ne2:      34.00000000
      Final Ne1:      39.00000000
      Final Ne2:      34.00000000

=================== Penalty functional idempotency correction ==================
 RMS occupancy error at iteration   1:  0.000000 (step -0.5000 Ne1=     39.0000)
                                                               Ne2=     34.0000
            Final RMS occupancy error   :  0.000000 (Ne1=     39.0000)
                                                     Ne2=     34.0000
            Final occupancy bounds spin 1: [  0.000,  1.000]
            Final occupancy bounds spin 2: [  0.000,  1.000]
================================================================================

    4        -2.169850697651E+02     1.9920E-05     1.3378E-05    -4.6684E-07
      ideal mu1:      -0.976933728542
      ideal mu2:      -0.999285589183
    5        -2.169850689939E+02     9.2740E-05     6.2487E-05     7.7120E-07
Finished density kernel iterations (   5)

Writing density kernel to file "Fe_EtOH_3_HighSpin_NGWFSP.dkn" ... done


>>> Density kernel optimised for the current NGWF basis:
     ~~~~~~~~~~~~~~~~~~~~~~~~~~~~~~~~~~~~~~~~~~~~~~~~~~~~~~~~~~~
     Total energy                =  -2.16985068993917E+02  Eh
     Estimated bandgap (UP spin) =   1.8869E-01  Eh
     Estimated bandgap (DN spin) =   2.2464E-02  Eh
     RMS occupancy error         =   1.5240E-12
     [H,K] commutator            =   6.2487E-05
     UP spin occupancy bounds    = [  0.000:  1.000]
     DN spin occupancy bounds    = [  0.000:  1.000]
     ~~~~~~~~~~~~~~~~~~~~~~~~~~~~~~~~~~~~~~~~~~~~~~~~~~~~~~~~~~~




################################################################################
########################### NGWF CG iteration  015 #############################
################################################################################
****** Reciprocal space K.E. preconditioning with k_zero =  3.0000 a0^-1 *******

>>> Checking for convergence of NGWFs:   NOT CONVERGED
  ========================================================================
         NGWF RMS gradient =  3.2744E-06 >  2.0000E-06  | above tolerance
  ========================================================================

>>> Improving NGWFs using line search:
============ Calculation of NGWF S^-1 using Hotelling algorithm ================ 
     Iteration  |  Spin  |  Frobenius norm and Maximum abs value (of I-S*S_n^-1)
         1           1      0.15829373E-01     0.23165471E-02
         1           2      0.16343963E-01     0.24425584E-02
         2           1      0.62261298E-04     0.13875077E-04
         2           2      0.65235655E-04     0.15744669E-04
         3           1      0.18314780E-08     0.27718072E-09
         3           2      0.19760578E-08     0.34198744E-09
         4           1      0.60313866E-14     0.16653345E-14
         4           2      0.60426513E-14     0.11102230E-14
================================================================================
============ Calculation of NGWF S^-1 using Hotelling algorithm ================ 
     Iteration  |  Spin  |  Frobenius norm and Maximum abs value (of I-S*S_n^-1)
         1           1      0.48140117E-02     0.67552303E-03
         1           2      0.49596540E-02     0.71348046E-03
         2           1      0.56869398E-05     0.11555301E-05
         2           2      0.59424941E-05     0.13204753E-05
         3           1      0.15072586E-10     0.20224751E-11
         3           2      0.16192782E-10     0.25092151E-11
         4           1      0.58727576E-14     0.17763568E-14
         4           2      0.55583685E-14     0.13322676E-14
================================================================================
------------------------------- NGWF line search -------------------------------
RMS gradient                =       0.00000327436030
Trial step length           =               0.784729
Gradient along search dir.  =         -0.00003619571
Functional at step 0        =    -216.98506899391685
Functional at step 1        =    -216.98507738675346
Functional predicted        =    -216.98507907309681
Selected quadratic step     =               0.556927
Conjugate gradients coeff.  =               0.735874
--------------------------- NGWF line search finished --------------------------
                                               
Writing NGWFs to file "Fe_EtOH_3_HighSpin_NGWFSP.tightbox_ngwfs".... done

>>> Optimising kernel for current NGWFs:
   Initial electron number for spin 1:      39.00079455
   Initial electron number for spin 2:      34.00056645
     Final electron number for spin 1:      39.00000000
     Final electron number for spin 2:      34.00000000

=================== Penalty functional idempotency correction ==================
 RMS occupancy error at iteration   1:  0.000130 (step -0.5000 Ne1=     39.0000)
                                                               Ne2=     34.0000
            Final RMS occupancy error   :  0.000000 (Ne1=     39.0000)
                                                     Ne2=     34.0000
            Final occupancy bounds spin 1: [  0.000,  1.000]
            Final occupancy bounds spin 2: [  0.000,  1.000]
================================================================================

................................................................................
<<<<<<<<<<<<<< LNV (Original version) density kernel optimisation >>>>>>>>>>>>>>
~~~~~~~~~~~~~~~~~~~~~~~~~~~~~~~~~~~~~~~~~~~~~~~~~~~~~~~~~~~~~~~~~~~~~~~~~~~~~~~~
   iter  |      energy (Eh)       | rms gradient |  commutator  |   dE (Eh)
      ideal mu1:      -0.976941322373
      ideal mu2:      -0.999302855345
             Q0:        -216.985079065229
             G0:      -0.000019823771
   RMS gradient:       0.000093979543
     Trial step:       0.819123048861
             Q1:        -216.985064558742
 Quadratic coef:       0.000030744594
 Linear coef   :      -0.000016238108
           Qmin:        -216.985081209314
Quadratic minimum step length (  0.216314583090) accepted
    Initial Ne1:      38.99999664
    Initial Ne2:      33.99999663
      Final Ne1:      39.00000000
      Final Ne2:      34.00000000

=================== Penalty functional idempotency correction ==================
 RMS occupancy error at iteration   1:  0.000000 (step -0.5000 Ne1=     39.0000)
                                                               Ne2=     34.0000
            Final RMS occupancy error   :  0.000000 (Ne1=     39.0000)
                                                     Ne2=     34.0000
            Final occupancy bounds spin 1: [  0.000,  1.000]
            Final occupancy bounds spin 2: [  0.000,  1.000]
================================================================================

    1        -2.169850790652E+02     9.3980E-05     6.0184E-05
      ideal mu1:      -0.976933909843
      ideal mu2:      -0.999291333494
             Q0:        -216.985081093549
             G0:      -0.000006808072
   RMS gradient:       0.000054548886
     Trial step:       0.420937359727
             Q1:        -216.985082020346
 Quadratic coef:       0.000001938975
 Linear coef   :      -0.000002865772
           Qmin:        -216.985082152440
Quadratic minimum step length (  0.311069171159) accepted
    Initial Ne1:      38.99999837
    Initial Ne2:      33.99999837
      Final Ne1:      39.00000000
      Final Ne2:      34.00000000

=================== Penalty functional idempotency correction ==================
 RMS occupancy error at iteration   1:  0.000000 (step -0.5000 Ne1=     39.0000)
                                                               Ne2=     34.0000
            Final RMS occupancy error   :  0.000000 (Ne1=     39.0000)
                                                     Ne2=     34.0000
            Final occupancy bounds spin 1: [  0.000,  1.000]
            Final occupancy bounds spin 2: [  0.000,  1.000]
================================================================================

    2        -2.169850810935E+02     5.4549E-05     3.4684E-05    -2.0283E-06
      ideal mu1:      -0.976913638834
      ideal mu2:      -0.999271373227
             Q0:        -216.985082115717
             G0:      -0.000001817949
   RMS gradient:       0.000027133135
     Trial step:       0.361857203328
             Q1:        -216.985082435882
 Quadratic coef:       0.000000337674
 Linear coef   :      -0.000000657838
           Qmin:        -216.985082436108
Quadratic minimum step length (  0.352475603358) accepted
    Initial Ne1:      38.99999954
    Initial Ne2:      33.99999954
      Final Ne1:      39.00000000
      Final Ne2:      34.00000000

=================== Penalty functional idempotency correction ==================
 RMS occupancy error at iteration   1:  0.000000 (step -0.5000 Ne1=     39.0000)
                                                               Ne2=     34.0000
            Final RMS occupancy error   :  0.000000 (Ne1=     39.0000)
                                                     Ne2=     34.0000
            Final occupancy bounds spin 1: [  0.000,  1.000]
            Final occupancy bounds spin 2: [  0.000,  1.000]
================================================================================

    3        -2.169850821157E+02     2.7133E-05     1.7893E-05    -1.0222E-06
      ideal mu1:      -0.976903072345
      ideal mu2:      -0.999265608278
             Q0:        -216.985082435648
             G0:      -0.000000687537
   RMS gradient:       0.000017006280
     Trial step:       0.357135598999
             Q1:        -216.985082614444
 Quadratic coef:       0.000000066748
 Linear coef   :      -0.000000245544
           Qmin:        -216.985082661468
Quadratic minimum step length (  0.656896841982) accepted
    Initial Ne1:      38.99999967
    Initial Ne2:      33.99999966
      Final Ne1:      39.00000000
      Final Ne2:      34.00000000

=================== Penalty functional idempotency correction ==================
 RMS occupancy error at iteration   1:  0.000000 (step -0.5000 Ne1=     39.0000)
                                                               Ne2=     34.0000
            Final RMS occupancy error   :  0.000000 (Ne1=     39.0000)
                                                     Ne2=     34.0000
            Final occupancy bounds spin 1: [  0.000,  1.000]
            Final occupancy bounds spin 2: [  0.000,  1.000]
================================================================================

    4        -2.169850824356E+02     1.7006E-05     1.1271E-05    -3.1993E-07
      ideal mu1:      -0.976914356773
      ideal mu2:      -0.999276683738
    5        -2.169850826428E+02     2.1356E-05     1.3746E-05    -2.0711E-07
Finished density kernel iterations (   5)

Writing density kernel to file "Fe_EtOH_3_HighSpin_NGWFSP.dkn" ... done


>>> Density kernel optimised for the current NGWF basis:
     ~~~~~~~~~~~~~~~~~~~~~~~~~~~~~~~~~~~~~~~~~~~~~~~~~~~~~~~~~~~
     Total energy                =  -2.16985082642754E+02  Eh
     Estimated bandgap (UP spin) =   1.8900E-01  Eh
     Estimated bandgap (DN spin) =   2.2557E-02  Eh
     RMS occupancy error         =   2.9910E-14
     [H,K] commutator            =   1.3746E-05
     UP spin occupancy bounds    = [  0.000:  1.000]
     DN spin occupancy bounds    = [  0.000:  1.000]
     ~~~~~~~~~~~~~~~~~~~~~~~~~~~~~~~~~~~~~~~~~~~~~~~~~~~~~~~~~~~


================================================================================
           ---------------- ENERGY COMPONENTS (Eh) ----------------
           | Kinetic                    :       63.97374227219655 |
           | Core Hartree               :     -967.94453608465108 |
           | CoreHart (non-coul chg cor):        0.00155689502347
           | Hartree                    :      432.80760063678662 |
           | Exchange-correlation       :      -30.34693339047231 |
           | Ewald                      :      287.78384243978076 |
           | Dij0                       :       -0.16789989044159 |
           | Dijhartree                 :       10.92392559387944 |
           | Exc [AE core]              :     -113.55300480615718 |
           | Exc DC [AE core]           :      -48.31717387658422 |
           | Exc [PS core]              :      -24.43584530009682 |
           | Exc DC [PS core]           :      -28.84212992032042 |
           | Exc [Core]                 :      -75.10233528622905 |
           | Total [Sphere]             :       -3.25879851639345 |
           | Total                      :     -216.98508264275293 |
           --------------------------------------------------------
           ------ LOCAL ENERGY COMPONENTS FROM MATRIX TRACES ------
           | Core Hartree               :     -967.94453608465597 |
           | Hartree (Valence)          :      432.80760063678656 |
           --------------------------------------------------------
           Integrated compensation chrg.:       11.34448272469779
           Integrated density           :       72.99999932313440
           Integrated spin density      :        4.99999995439274
           Integrated |spin density|    :        5.01569313537377
           Local density approx. <S^2>  :        8.75784659048795
           Integrated density tr(KS)    :       73.00000000000000
           Integrated spin tr(KS)       :        5.00000000000000
================================================================================




################################################################################
########################### NGWF CG iteration  016 #############################
################################################################################
****** Reciprocal space K.E. preconditioning with k_zero =  3.0000 a0^-1 *******

>>> Checking for convergence of NGWFs:   NOT CONVERGED
  ========================================================================
         NGWF RMS gradient =  2.6428E-06 >  2.0000E-06  | above tolerance
  ========================================================================

>>> Improving NGWFs using line search:
============ Calculation of NGWF S^-1 using Hotelling algorithm ================ 
     Iteration  |  Spin  |  Frobenius norm and Maximum abs value (of I-S*S_n^-1)
         1           1      0.14872224E-01     0.21522681E-02
         1           2      0.15323854E-01     0.22759258E-02
         2           1      0.54969399E-04     0.11697522E-04
         2           2      0.57443228E-04     0.13394962E-04
         3           1      0.14235479E-08     0.20129964E-09
         3           2      0.15261511E-08     0.25113267E-09
         4           1      0.55702573E-14     0.13322676E-14
         4           2      0.60210053E-14     0.14432899E-14
================================================================================
============ Calculation of NGWF S^-1 using Hotelling algorithm ================ 
     Iteration  |  Spin  |  Frobenius norm and Maximum abs value (of I-S*S_n^-1)
         1           1      0.59540825E-02     0.83487645E-03
         1           2      0.61254342E-02     0.88399757E-03
         2           1      0.87349372E-05     0.17318049E-05
         2           2      0.91070798E-05     0.19939094E-05
         3           1      0.35511495E-10     0.47712520E-11
         3           2      0.37935433E-10     0.57405192E-11
         4           1      0.56260715E-14     0.11102230E-14
         4           2      0.53709253E-14     0.13322676E-14
================================================================================
------------------------------- NGWF line search -------------------------------
RMS gradient                =       0.00000264275317
Trial step length           =               0.661088
Gradient along search dir.  =         -0.00002515791
Functional at step 0        =    -216.98508264275407
Functional at step 1        =    -216.98508571371457
Functional predicted        =    -216.98508774225320
Selected quadratic step     =               0.405399
Conjugate gradients coeff.  =               0.651419
--------------------------- NGWF line search finished --------------------------
                                               
Writing NGWFs to file "Fe_EtOH_3_HighSpin_NGWFSP.tightbox_ngwfs".... done

>>> Optimising kernel for current NGWFs:
   Initial electron number for spin 1:      39.00063354
   Initial electron number for spin 2:      34.00046096
     Final electron number for spin 1:      39.00000000
     Final electron number for spin 2:      34.00000000

=================== Penalty functional idempotency correction ==================
 RMS occupancy error at iteration   1:  0.000102 (step -0.5000 Ne1=     39.0000)
                                                               Ne2=     34.0000
            Final RMS occupancy error   :  0.000000 (Ne1=     39.0000)
                                                     Ne2=     34.0000
            Final occupancy bounds spin 1: [  0.000,  1.000]
            Final occupancy bounds spin 2: [  0.000,  1.000]
================================================================================

................................................................................
<<<<<<<<<<<<<< LNV (Original version) density kernel optimisation >>>>>>>>>>>>>>
~~~~~~~~~~~~~~~~~~~~~~~~~~~~~~~~~~~~~~~~~~~~~~~~~~~~~~~~~~~~~~~~~~~~~~~~~~~~~~~~
   iter  |      energy (Eh)       | rms gradient |  commutator  |   dE (Eh)
      ideal mu1:      -0.976982264594
      ideal mu2:      -0.999328510229
             Q0:        -216.985087658300
             G0:      -0.000010673684
   RMS gradient:       0.000068960018
     Trial step:       0.484356528955
             Q1:        -216.985087576524
 Quadratic coef:       0.000005251645
 Linear coef   :      -0.000005169869
           Qmin:        -216.985088930642
Quadratic minimum step length (  0.238407183855) accepted
    Initial Ne1:      38.99999764
    Initial Ne2:      33.99999768
      Final Ne1:      39.00000000
      Final Ne2:      34.00000000

=================== Penalty functional idempotency correction ==================
 RMS occupancy error at iteration   1:  0.000000 (step -0.5000 Ne1=     39.0000)
                                                               Ne2=     34.0000
            Final RMS occupancy error   :  0.000000 (Ne1=     39.0000)
                                                     Ne2=     34.0000
            Final occupancy bounds spin 1: [  0.000,  1.000]
            Final occupancy bounds spin 2: [  0.000,  1.000]
================================================================================

    1        -2.169850876583E+02     6.8960E-05     4.4906E-05
      ideal mu1:      -0.976957478155
      ideal mu2:      -0.999308088060
             Q0:        -216.985088923347
             G0:      -0.000004730945
   RMS gradient:       0.000045784375
     Trial step:       0.339814767263
             Q1:        -216.985089801288
 Quadratic coef:       0.000000729704
 Linear coef   :      -0.000001607645
           Qmin:        -216.985089808816
Quadratic minimum step length (  0.374330840564) accepted
    Initial Ne1:      38.99999837
    Initial Ne2:      33.99999839
      Final Ne1:      39.00000000
      Final Ne2:      34.00000000

=================== Penalty functional idempotency correction ==================
 RMS occupancy error at iteration   1:  0.000000 (step -0.5000 Ne1=     39.0000)
                                                               Ne2=     34.0000
            Final RMS occupancy error   :  0.000000 (Ne1=     39.0000)
                                                     Ne2=     34.0000
            Final occupancy bounds spin 1: [  0.000,  1.000]
            Final occupancy bounds spin 2: [  0.000,  1.000]
================================================================================

    2        -2.169850889233E+02     4.5784E-05     2.9683E-05    -1.2650E-06
      ideal mu1:      -0.976913817406
      ideal mu2:      -0.999274303427
             Q0:        -216.985089824287
             G0:      -0.000001715466
   RMS gradient:       0.000025338321
     Trial step:       0.356655502503
             Q1:        -216.985090053304
 Quadratic coef:       0.000000382813
 Linear coef   :      -0.000000611830
           Qmin:        -216.985090068751
Quadratic minimum step length (  0.285012310260) accepted
    Initial Ne1:      38.99999962
    Initial Ne2:      33.99999963
      Final Ne1:      39.00000000
      Final Ne2:      34.00000000

=================== Penalty functional idempotency correction ==================
 RMS occupancy error at iteration   1:  0.000000 (step -0.5000 Ne1=     39.0000)
                                                               Ne2=     34.0000
            Final RMS occupancy error   :  0.000000 (Ne1=     39.0000)
                                                     Ne2=     34.0000
            Final occupancy bounds spin 1: [  0.000,  1.000]
            Final occupancy bounds spin 2: [  0.000,  1.000]
================================================================================

    3        -2.169850898243E+02     2.5338E-05     1.6522E-05    -9.0094E-07
      ideal mu1:      -0.976908681731
      ideal mu2:      -0.999271526536
             Q0:        -216.985090059422
             G0:      -0.000000608007
   RMS gradient:       0.000015146605
     Trial step:       0.318827866937
             Q1:        -216.985090252738
 Quadratic coef:       0.000000000534
 Linear coef   :      -0.000000193850
           Qmin:        -216.985107660839
WARNING in lnv_denskernel_optimise_cg: setting quadratic optimal_step to safe
value (Calculated optimal quadratic step= 57.898692422844)
    Initial Ne1:      38.99999993
    Initial Ne2:      33.99999993
      Final Ne1:      39.00000000
      Final Ne2:      34.00000000

=================== Penalty functional idempotency correction ==================
 RMS occupancy error at iteration   1:  0.000000 (step -0.5000 Ne1=     39.0000)
                                                               Ne2=     34.0000
            Final RMS occupancy error   :  0.000000 (Ne1=     39.0000)
                                                     Ne2=     34.0000
            Final occupancy bounds spin 1: [  0.000,  1.000]
            Final occupancy bounds spin 2: [  0.000,  1.000]
================================================================================

    4        -2.169850900594E+02     1.5147E-05     1.0173E-05    -2.3514E-07
      ideal mu1:      -0.976913122809
      ideal mu2:      -0.999275070374
    5        -2.169850901655E+02     1.1722E-05     7.8458E-06    -1.0606E-07
Finished density kernel iterations (   5)

Writing density kernel to file "Fe_EtOH_3_HighSpin_NGWFSP.dkn" ... done


>>> Density kernel optimised for the current NGWF basis:
     ~~~~~~~~~~~~~~~~~~~~~~~~~~~~~~~~~~~~~~~~~~~~~~~~~~~~~~~~~~~
     Total energy                =  -2.16985090165483E+02  Eh
     Estimated bandgap (UP spin) =   1.8668E-01  Eh
     Estimated bandgap (DN spin) =   2.2941E-02  Eh
     RMS occupancy error         =   8.5065E-16
     [H,K] commutator            =   7.8458E-06
     UP spin occupancy bounds    = [  0.000:  1.000]
     DN spin occupancy bounds    = [  0.000:  1.000]
     ~~~~~~~~~~~~~~~~~~~~~~~~~~~~~~~~~~~~~~~~~~~~~~~~~~~~~~~~~~~




################################################################################
########################### NGWF CG iteration  017 #############################
################################################################################
****** Reciprocal space K.E. preconditioning with k_zero =  3.0000 a0^-1 *******

>>> Checking for convergence of NGWFs: 
           ........................................................
           |         *** NGWF optimisation converged ***          |
           | RMS NGWF gradient =    0.00000196012647              |
           | Criteria satisfied:                                  |
           | -> RMS NGWF gradient lower than set threshold.       |
           ========================================================

================================================================================
           ---------------- ENERGY COMPONENTS (Eh) ----------------
           | Kinetic                    :       63.97411883646744 |
           | Core Hartree               :     -967.94496753482144 |
           | CoreHart (non-coul chg cor):        0.00155689502347
           | Hartree                    :      432.80837133569588 |
           | Exchange-correlation       :      -30.34709857118053 |
           | Ewald                      :      287.78384243978076 |
           | Dij0                       :       -0.16817442422414 |
           | Dijhartree                 :       10.92324435731016 |
           | Exc [AE core]              :     -113.55282932167216 |
           | Exc DC [AE core]           :      -48.31694610637297 |
           | Exc [PS core]              :      -24.43606743093160 |
           | Exc DC [PS core]           :      -28.84237799253067 |
           | Exc [Core]                 :      -75.10233528622905 |
           | Total [Sphere]             :       -3.25935667142551 |
           | Total                      :     -216.98509016548337 |
           --------------------------------------------------------
           ------ LOCAL ENERGY COMPONENTS FROM MATRIX TRACES ------
           | Core Hartree               :     -967.94496753482122 |
           | Hartree (Valence)          :      432.80837133569639 |
           --------------------------------------------------------
           Integrated compensation chrg.:       11.34424472215488
           Integrated density           :       72.99999932314162
           Integrated spin density      :        4.99999995438467
           Integrated |spin density|    :        5.01568512921468
           Local density approx. <S^2>  :        8.75784258741204
           Integrated density tr(KS)    :       73.00000000000000
           Integrated spin tr(KS)       :        5.00000000000000
================================================================================

Calculating NGWF non self-consistent forces...done.

                        <<<<< CALCULATION SUMMARY >>>>>                         
|ITER|    RMS GRADIENT   |     TOTAL ENERGY    |   step   |     Epredicted              
   0     0.00094854017636   -215.48046474529974   1.145684   -216.61186509711720        
   1     0.00042527967026   -216.71848336264807   0.994405   -216.90950358982860        
   2     0.00020369129874   -216.92182737830936   0.825861   -216.95995542244384        
   3     0.00012673338846   -216.96291354815656   0.697104   -216.97547746666112        
   4     0.00006740954509   -216.97677731883132   0.691041   -216.98022388530464        
   5     0.00004432391344   -216.98071576504137   0.911969   -216.98271289472456        
   6     0.00003179623217   -216.98296320455677   0.978620   -216.98407749745923        
   7     0.00002013400867   -216.98421152146423   0.796052   -216.98458233377346        
   8     0.00001366483796   -216.98463064288023   0.545647   -216.98474247354903        
   9     0.00000910229886   -216.98476666094953   1.197512   -216.98487246908755        
  10     0.00000711079929   -216.98489669452556   0.967249   -216.98495632576538        
  11     0.00000569035092   -216.98497548270899   0.822735   -216.98501541749360        
  12     0.00000461676720   -216.98503126000645   0.736957   -216.98504850083668        
  13     0.00000381702161   -216.98505129589924   0.766354   -216.98506563130979        
  14     0.00000327436030   -216.98506899391685   0.556927   -216.98507907309681        
  15     0.00000264275317   -216.98508264275407   0.405399   -216.98508774225320        
  16     0.00000196012647   -216.98509016548343  <-- CG                                 

======================== Writing density and potential =========================
Writing "Fe_EtOH_3_HighSpin_NGWFSP_ps_density.cube" ... done
Writing "Fe_EtOH_3_HighSpin_NGWFSP_ps_spindensity.cube" ... done
Writing "Fe_EtOH_3_HighSpin_NGWFSP_ae_density.cube" ... done
Writing "Fe_EtOH_3_HighSpin_NGWFSP_ae_spindensity.cube" ... done
Writing "Fe_EtOH_3_HighSpin_NGWFSP_potential.cube" ... done
Writing "Fe_EtOH_3_HighSpin_NGWFSP_electrostatic_potential.cube" ... done
================================================================================

    Mulliken Atomic Populations
    ---------------------------
Species  Ion    Total   Charge (e)    Spin (hbar)
=================================================
  Fe     1      14.399      1.601      2.02
  O      2       6.675     -0.675      0.12
  O      3       6.669     -0.669      0.12
  O      4       6.674     -0.674      0.11
  H      5       0.448      0.552      0.00
  C      6       4.324     -0.324      0.01
  H      7       0.450      0.550      0.00
  C      8       4.362     -0.362      0.00
  H      9       0.451      0.549      0.00
  C     10       4.372     -0.372      0.00
  H     11       0.632      0.368      0.01
  H     12       0.649      0.351      0.01
  C     13       4.845     -0.845      0.01
  H     14       0.668      0.332      0.00
  H     15       0.599      0.401      0.01
  H     16       0.657      0.343      0.00
  H     17       0.650      0.350      0.00
  C     18       4.841     -0.841      0.01
  H     19       0.619      0.381      0.01
  H     20       0.654      0.346      0.00
  H     21       0.665      0.335      0.00
  H     22       0.596      0.404      0.01
  H     23       0.642      0.358      0.01
  H     24       0.681      0.319      0.00
  C     25       4.807     -0.807      0.01
  H     26       0.683      0.317      0.00
  H     27       0.615      0.385      0.01
  H     28       0.672      0.328      0.00
=================================================

        Bond         Population      Spin       Length (bohr)
=============================================================
 O     4 -- H     9        0.54     -0.00      1.84591
 O     3 -- H     7        0.54     -0.00      1.84651
 O     2 -- H     5        0.54     -0.00      1.84657
 C    10 -- H    17        0.81      0.00      2.05807
 C     8 -- H    12        0.81      0.00      2.05851
 C     6 -- H    24        0.82      0.00      2.05856
 C     8 -- H    11        0.80      0.01      2.06014
 C    10 -- H    19        0.79      0.01      2.06030
 C    25 -- H    28        0.79      0.00      2.06099
 C    18 -- H    20        0.79      0.00      2.06113
 C     6 -- H    23        0.80      0.01      2.06122
 C    13 -- H    16        0.79      0.00      2.06175
 C    18 -- H    21        0.79      0.00      2.06626
 C    13 -- H    14        0.79      0.00      2.06673
 C    25 -- H    26        0.80      0.00      2.06688
 C    25 -- H    27        0.73      0.01      2.08297
 C    13 -- H    15        0.72      0.01      2.08464
 C    18 -- H    22        0.71      0.01      2.08799
 C    10 -- C    18        0.69     -0.00      2.78612
 C     8 -- C    13        0.68     -0.00      2.79257
 C     6 -- C    25        0.69     -0.00      2.79723
 O     4 -- C     6        0.30     -0.01      3.05365
 O     2 -- C     8        0.29     -0.01      3.08633
 O     3 -- C    10        0.28     -0.01      3.12791
 H    21 -- H    22       -0.07     -0.00      3.30478
 H    26 -- H    27       -0.08     -0.00      3.30555
 H    14 -- H    15       -0.07     -0.00      3.30598
 H    15 -- H    16       -0.07     -0.00      3.32424
 H    20 -- H    22       -0.07     -0.00      3.32540
 H    27 -- H    28       -0.07     -0.00      3.32923
 H    26 -- H    28       -0.09     -0.00      3.41805
 H    14 -- H    16       -0.08     -0.00      3.42461
 H    20 -- H    21       -0.08     -0.00      3.42610
 H    23 -- H    24       -0.10     -0.00      3.43054
 H    11 -- H    12       -0.09     -0.01      3.43859
 H    17 -- H    19       -0.09     -0.01      3.44152
 Fe    1 -- O     3        0.30     -0.06      3.51697
 Fe    1 -- O     2        0.29     -0.06      3.52495
 Fe    1 -- O     4        0.30     -0.05      3.53157
 C    10 -- H    22       -0.09     -0.00      3.86393
 C     8 -- H    15       -0.09     -0.00      3.88406
 C     6 -- H    27       -0.09     -0.00      3.89251
 C     6 -- H     9       -0.12     -0.00      3.94660
 H     5 -- C     8       -0.11     -0.00      3.95945
 H     7 -- C    10       -0.11     -0.00      3.99118
 O     4 -- H    23       -0.09     -0.00      4.01002
 O     4 -- H    24       -0.08     -0.00      4.02145
 O     2 -- H    11       -0.08     -0.00      4.02847
 O     2 -- H    12       -0.08     -0.00      4.03883
 O     3 -- H    19       -0.08     -0.00      4.04455
 O     3 -- H    17       -0.08     -0.00      4.06007
 C     8 -- H    14       -0.11     -0.00      4.08016
 C    10 -- H    21       -0.11     -0.00      4.08160
 C     6 -- H    26       -0.11      0.00      4.08202
 C     8 -- H    16       -0.11     -0.00      4.08384
 C    10 -- H    20       -0.11     -0.00      4.08413
 C     6 -- H    28       -0.12     -0.00      4.08537
 H    24 -- C    25       -0.13     -0.00      4.11753
 H    11 -- C    13       -0.12     -0.00      4.11803
 H    17 -- C    18       -0.12     -0.00      4.11874
 H    12 -- C    13       -0.12     -0.00      4.12082
 H    23 -- C    25       -0.12     -0.00      4.12103
 C    18 -- H    19       -0.12     -0.00      4.12376
 H     5 -- H    14       -0.01      0.00      4.48055
 H     9 -- H    26       -0.01     -0.00      4.49542
 H     7 -- H    21       -0.01      0.00      4.52857
 H     5 -- C    13       -0.06     -0.00      4.54272
 H     7 -- C    18       -0.06     -0.00      4.62693
 H     9 -- C    25       -0.05     -0.00      4.63284
 H    23 -- H    27       -0.02      0.00      4.70895
 H    19 -- H    22       -0.02      0.00      4.70928
 H    11 -- H    15       -0.02      0.00      4.71107
 H    17 -- H    22       -0.02     -0.00      4.72386
 Fe    1 -- H     5       -0.13     -0.01      4.73035
 Fe    1 -- H     7       -0.13     -0.01      4.73163
 H    24 -- H    27       -0.02      0.00      4.73359
 H    12 -- H    15       -0.02     -0.00      4.73752
 O     4 -- C    25       -0.11     -0.00      4.74417
 H    11 -- H    14       -0.03     -0.00      4.74438
 Fe    1 -- H     9       -0.13     -0.01      4.74775
 H    19 -- H    21       -0.03     -0.00      4.75241
 H    12 -- H    16       -0.03     -0.00      4.75250
 H    24 -- H    28       -0.04     -0.00      4.75255
 H    17 -- H    20       -0.03     -0.00      4.75263
 H    23 -- H    26       -0.03     -0.00      4.75272
 O     2 -- C    13       -0.11     -0.00      4.75555
 H     9 -- H    23       -0.01     -0.00      4.77105
 O     3 -- C    18       -0.10     -0.00      4.78767
 H     7 -- H    19       -0.00     -0.00      4.82888
 H     5 -- H    11        0.00     -0.00      4.90294
 H     5 -- H    16       -0.01     -0.00      4.97663
 H     7 -- H    20       -0.01     -0.00      5.14332
 H     9 -- H    28       -0.01     -0.00      5.17971
 O     4 -- H    26       -0.02     -0.00      5.29892
 O     2 -- H    14       -0.02     -0.00      5.30864
 O     4 -- H    28       -0.01      0.00      5.32208
 O     2 -- H    16       -0.01      0.00      5.33194
 H     5 -- H    12        0.02      0.00      5.34732
 O     3 -- H    21       -0.02     -0.00      5.35057
 O     3 -- H    20       -0.01      0.00      5.36787
 H     7 -- H    17        0.02      0.00      5.40618
 H     9 -- H    24        0.02      0.00      5.40697
=============================================================


============== Orbital energy and occupancy information for spin 1 =============

      Total number of orbitals:      67
   Number of occupied orbitals:      39.000000000
   Occupancy sum (eigenvalues):      39.000000000
                 HOMO-LUMO gap:       0.186115298 Eh
                 Mid-gap level:      -0.460488326 Eh

                        Orbital | Energy (Eh) | Occupancy
                            1    -3.878287530   1.0000000
                        .......   ...........   .........
                           30    -0.607788041   1.0000000
                           31    -0.598921980   1.0000000
                           32    -0.593927527   1.0000000
                           33    -0.589721611   1.0000000
                           34    -0.578239075   1.0000000
                           35    -0.571951015   1.0000000
                           36    -0.568534280   1.0000000
                           37    -0.556501644   1.0000000
                           38    -0.555403203   1.0000000
                           39    -0.553545975   1.0000000
                        .......   --- gap ---   .........
                           40    -0.367430677   0.0000000
                           41    -0.301172840   0.0000000
                           42    -0.299227120   0.0000000
                           43    -0.284916319   0.0000000
                           44    -0.252483965   0.0000000
                           45    -0.243496212   0.0000000
                           46    -0.237681571   0.0000000
                           47    -0.211667559   0.0000000
                           48    -0.190676272   0.0000000
                           49    -0.164206223   0.0000000
                        .......   ...........   .........
                           67    -0.006080949   0.0000000

================================================================================

============== Orbital energy and occupancy information for spin 2 =============

      Total number of orbitals:      67
   Number of occupied orbitals:      34.000000000
   Occupancy sum (eigenvalues):      34.000000000
                 HOMO-LUMO gap:       0.022510382 Eh
                 Mid-gap level:      -0.542542555 Eh

                        Orbital | Energy (Eh) | Occupancy
                            1    -3.713554281   1.0000000
                        .......   ...........   .........
                           25    -0.620244187   1.0000000
                           26    -0.602926226   1.0000000
                           27    -0.600884863   1.0000000
                           28    -0.595928425   0.9999999
                           29    -0.577442505   0.9999998
                           30    -0.576771432   0.9999995
                           31    -0.572924050   0.9999997
                           32    -0.557300669   0.9999873
                           33    -0.556246873   0.9999961
                           34    -0.553797746   0.9999903
                        .......   --- gap ---   .........
                           35    -0.531287364   0.0000018
                           36    -0.524634541   0.0000163
                           37    -0.520462513   0.0000091
                           38    -0.498772638   0.0000000
                           39    -0.496693108   0.0000001
                           40    -0.343374702   0.0000000
                           41    -0.292019882   0.0000000
                           42    -0.283458339   0.0000000
                           43    -0.267326992   0.0000000
                           44    -0.244198760   0.0000000
                        .......   ...........   .........
                           67    -0.003970440   0.0000000

================================================================================

===================== Writing canonical molecular orbitals =====================
    Spin 1
| Orbital  Energy (eV)  Norm     |
| HOMO-5  -15.73468586  1.000000 | Writing "Fe_EtOH_3_HighSpin_NGWFSP_HOMO-5_UP.cube" ... done
| HOMO-4  -15.56357906  1.000000 | Writing "Fe_EtOH_3_HighSpin_NGWFSP_HOMO-4_UP.cube" ... done
| HOMO-3  -15.47060496  1.000000 | Writing "Fe_EtOH_3_HighSpin_NGWFSP_HOMO-3_UP.cube" ... done
| HOMO-2  -15.14318028  1.000000 | Writing "Fe_EtOH_3_HighSpin_NGWFSP_HOMO-2_UP.cube" ... done
| HOMO-1  -15.11329016  1.000000 | Writing "Fe_EtOH_3_HighSpin_NGWFSP_HOMO-1_UP.cube" ... done
| HOMO    -15.06275241  1.000000 | Writing "Fe_EtOH_3_HighSpin_NGWFSP_HOMO_UP.cube" ... done
| LUMO     -9.99829746  1.000000 | Writing "Fe_EtOH_3_HighSpin_NGWFSP_LUMO_UP.cube" ... done
| LUMO+1   -8.19532999  1.000000 | Writing "Fe_EtOH_3_HighSpin_NGWFSP_LUMO+1_UP.cube" ... done
| LUMO+2   -8.14238424  1.000000 | Writing "Fe_EtOH_3_HighSpin_NGWFSP_LUMO+2_UP.cube" ... done
| LUMO+3   -7.75296753  1.000000 | Writing "Fe_EtOH_3_HighSpin_NGWFSP_LUMO+3_UP.cube" ... done
| LUMO+4   -6.87043829  1.000000 | Writing "Fe_EtOH_3_HighSpin_NGWFSP_LUMO+4_UP.cube" ... done
| LUMO+5   -6.62586907  1.000000 | Writing "Fe_EtOH_3_HighSpin_NGWFSP_LUMO+5_UP.cube" ... done
================================================================================

===================== Writing canonical molecular orbitals =====================
    Spin 2
| Orbital  Energy (eV)  Norm     |
| HOMO-5  -15.71301011  1.000000 | Writing "Fe_EtOH_3_HighSpin_NGWFSP_HOMO-5_DN.cube" ... done
| HOMO-4  -15.69474927  1.000000 | Writing "Fe_EtOH_3_HighSpin_NGWFSP_HOMO-4_DN.cube" ... done
| HOMO-3  -15.59005667  1.000000 | Writing "Fe_EtOH_3_HighSpin_NGWFSP_HOMO-3_DN.cube" ... done
| HOMO-2  -15.16492286  1.000000 | Writing "Fe_EtOH_3_HighSpin_NGWFSP_HOMO-2_DN.cube" ... done
| HOMO-1  -15.13624760  1.000000 | Writing "Fe_EtOH_3_HighSpin_NGWFSP_HOMO-1_DN.cube" ... done
| HOMO    -15.06960347  1.000000 | Writing "Fe_EtOH_3_HighSpin_NGWFSP_HOMO_DN.cube" ... done
| LUMO    -14.45706481  1.000000 | Writing "Fe_EtOH_3_HighSpin_NGWFSP_LUMO_DN.cube" ... done
| LUMO+1  -14.27603228  1.000000 | Writing "Fe_EtOH_3_HighSpin_NGWFSP_LUMO+1_DN.cube" ... done
| LUMO+2  -14.16250563  1.000000 | Writing "Fe_EtOH_3_HighSpin_NGWFSP_LUMO+2_DN.cube" ... done
| LUMO+3  -13.57229409  1.000000 | Writing "Fe_EtOH_3_HighSpin_NGWFSP_LUMO+3_DN.cube" ... done
| LUMO+4  -13.51570719  1.000000 | Writing "Fe_EtOH_3_HighSpin_NGWFSP_LUMO+4_DN.cube" ... done
| LUMO+5   -9.34370108  1.000000 | Writing "Fe_EtOH_3_HighSpin_NGWFSP_LUMO+5_DN.cube" ... done
================================================================================
 
=============== Density of States (DOS) calculation for UP spin ================
Writing "Fe_EtOH_3_HighSpin_NGWFSP_UP_DOS.txt" ... done
================================================================================
 
============== Density of States (DOS) calculation for DOWN spin ===============
Writing "Fe_EtOH_3_HighSpin_NGWFSP_DN_DOS.txt" ... done
================================================================================
 
Writing bands to file "Fe_EtOH_3_HighSpin_NGWFSP.val_bands" ... done

================================= Core Density =================================
               Core den box size:   39 x  39 x  39
================================================================================
 
********************* Unconstrained **********************
********************** Ewald forces **********************
*                                                        *
* Element  Atom         Cartesian components (Eh/a)      *
* ------------------------------------------------------ *
*                       x            y            z      *
*                                                        *
*    Fe      1     -0.82529272   0.01605824   0.67154481 *
*    O       2     -3.41003007   4.53877659  -2.90267501 *
*    O       3     -4.42269782  -2.22617831   4.23531751 *
*    O       4      5.90538102  -2.20572961   0.58210649 *
*    H       5     -2.71490044   0.51423433  -0.49284407 *
*    C       6      3.39267645   1.20698499  -2.30264035 *
*    H       7     -2.35035498   0.99875845   1.15074246 *
*    C       8      1.58978830   3.11569802  -2.25087214 *
*    H       9      1.44875254  -1.61663842   1.77415878 *
*    C      10      0.31708025  -3.44119517   2.27383348 *
*    H      11      0.54515131   0.03192721  -1.81592298 *
*    H      12      1.35792891   1.14680216   0.50562406 *
*    C      13     -1.93052972   3.71008293  -1.09609371 *
*    H      14     -1.38618698   0.26764570  -1.02844348 *
*    H      15      0.31787673   1.55600371  -0.82693655 *
*    H      16     -0.68783664   1.19290204   1.03760410 *
*    H      17      0.57256257  -1.62279907  -0.57215313 *
*    C      18     -3.28268182  -2.24548897   1.51692732 *
*    H      19      0.76679885  -0.33127313   1.73331780 *
*    H      20     -1.30593389  -0.64420855  -0.87965845 *
*    H      21     -1.16752788   0.41354651   1.22200012 *
*    H      22     -0.37402023  -1.53303316   0.83039049 *
*    H      23      1.35689468   1.36954496   0.28291707 *
*    H      24      0.02144997   0.33004223  -1.79208408 *
*    C      25      3.47696108  -2.38980736  -1.06806193 *
*    H      26      1.29482629  -0.63228792   1.00906833 *
*    H      27      1.47948575   0.01151967  -1.03015708 *
*    H      28      0.01437850  -1.53188810  -0.76700986 *
*                                                        *
**********************************************************
TOTAL:              0.00000000  -0.00000000  -0.00000000
 
********************* Unconstrained **********************
***************** Local potential forces *****************
*                                                        *
* Element  Atom         Cartesian components (Eh/a)      *
* ------------------------------------------------------ *
*                       x            y            z      *
*                                                        *
*    Fe      1      0.81314645  -0.01226838  -0.65769023 *
*    O       2      3.87225274  -4.61642222   2.97605728 *
*    O       3      4.82656755   2.02599359  -4.40323423 *
*    O       4     -6.14836012   2.48470030  -0.87260286 *
*    H       5      2.68298820  -0.51064239   0.48955423 *
*    C       6     -3.22678062  -1.17562785   2.17464621 *
*    H       7      2.32352447  -0.98487553  -1.14057966 *
*    C       8     -1.52278295  -2.94787093   2.15078375 *
*    H       9     -1.43591240   1.59693575  -1.75275571 *
*    C      10     -0.32921329   3.26630519  -2.17846096 *
*    H      11     -0.53813006  -0.04020359   1.79561532 *
*    H      12     -1.33987453  -1.14140984  -0.49322373 *
*    C      13      1.85615367  -3.63765577   1.09841259 *
*    H      14      1.36940560  -0.27150405   1.01619716 *
*    H      15     -0.30964111  -1.53945112   0.81623576 *
*    H      16      0.68145461  -1.18447661  -1.01930026 *
*    H      17     -0.56140409   1.60985443   0.55754389 *
*    C      18      3.18060043   2.22329576  -1.50930669 *
*    H      19     -0.75409002   0.33435275  -1.71442890 *
*    H      20      1.29398415   0.64082073   0.86259150 *
*    H      21      1.15664302  -0.40238975  -1.20765627 *
*    H      22      0.37429591   1.51410490  -0.82039106 *
*    H      23     -1.34659036  -1.35068919  -0.27472773 *
*    H      24     -0.03200588  -0.32482018   1.77305551 *
*    C      25     -3.42197731   2.30248650   1.05952751 *
*    H      26     -1.28367907   0.62723173  -0.99187974 *
*    H      27     -1.46351007  -0.00677837   1.01667569 *
*    H      28     -0.02305376   1.51447088   0.75896215 *
*                                                        *
**********************************************************
TOTAL:              0.69401113  -0.00653328  -0.49037950
 
********************* Unconstrained **********************
************** Compensation density forces ***************
*                                                        *
* Element  Atom         Cartesian components (Eh/a)      *
* ------------------------------------------------------ *
*                       x            y            z      *
*                                                        *
*    Fe      1      0.00555775  -0.00190010  -0.00654543 *
*    O       2     -0.06936844   0.01339686  -0.01220147 *
*    O       3     -0.06139223   0.02855161   0.02646057 *
*    O       4      0.03857951  -0.04195222   0.04291202 *
*    H       5     -0.01168080   0.00140521  -0.00143118 *
*    C       6     -0.00388801  -0.00060938   0.00296479 *
*    H       7     -0.00931183   0.00469845   0.00380986 *
*    C       8     -0.00143906  -0.00390238   0.00227600 *
*    H       9      0.00470477  -0.00679381   0.00741593 *
*    C      10      0.00037907   0.00393443  -0.00214053 *
*    H      11      0.00224459  -0.00301652  -0.00729713 *
*    H      12      0.00635368   0.00220952   0.00460651 *
*    C      13      0.00238686  -0.00222564  -0.00010758 *
*    H      14     -0.00619403  -0.00172289  -0.00449121 *
*    H      15      0.00289896   0.00596126  -0.00366866 *
*    H      16     -0.00237498   0.00302959   0.00681976 *
*    H      17      0.00371434  -0.00487450  -0.00547714 *
*    C      18      0.00323861   0.00063595  -0.00021327 *
*    H      19      0.00438227   0.00121734   0.00678754 *
*    H      20     -0.00437749  -0.00117012  -0.00640427 *
*    H      21     -0.00386015   0.00441524   0.00523960 *
*    H      22      0.00001759  -0.00673793   0.00339222 *
*    H      23      0.00370991   0.00663307   0.00305308 *
*    H      24     -0.00372813   0.00153494  -0.00703351 *
*    C      25     -0.00167866   0.00276313   0.00020501 *
*    H      26      0.00389002  -0.00176865   0.00653722 *
*    H      27      0.00561472   0.00151751  -0.00485137 *
*    H      28     -0.00332645  -0.00646180  -0.00292306 *
*                                                        *
**********************************************************
TOTAL:             -0.09494762  -0.00123184   0.05769431
 
********************* Unconstrained **********************
*************** Non-local potential forces ***************
*                                                        *
* Element  Atom         Cartesian components (Eh/a)      *
* ------------------------------------------------------ *
*                       x            y            z      *
*                                                        *
*    Fe      1      0.00636201  -0.00231736  -0.00727153 *
*    O       2     -0.38560903   0.06967031  -0.06449467 *
*    O       3     -0.33924846   0.16307610   0.14398077 *
*    O       4      0.20784744  -0.23333682   0.24084387 *
*    H       5      0.03388514  -0.00418241   0.00416594 *
*    C       6     -0.17602239  -0.03793765   0.13674945 *
*    H       7      0.02810034  -0.01424830  -0.01147385 *
*    C       8     -0.07598281  -0.17725328   0.10823948 *
*    H       9     -0.01419313   0.02056455  -0.02238939 *
*    C      10      0.00860965   0.18767155  -0.10279880 *
*    H      11     -0.00701821   0.00939418   0.02260328 *
*    H      12     -0.01975392  -0.00678626  -0.01444285 *
*    C      13      0.07579704  -0.07780764  -0.00067930 *
*    H      14      0.01900125   0.00541092   0.01374763 *
*    H      15     -0.00898000  -0.01814270   0.01122578 *
*    H      16      0.00727694  -0.00948243  -0.02113395 *
*    H      17     -0.01171778   0.01502835   0.01690054 *
*    C      18      0.10556602   0.02666753  -0.00964609 *
*    H      19     -0.01371473  -0.00387735  -0.02113816 *
*    H      20      0.01363813   0.00371109   0.01978942 *
*    H      21      0.01188579  -0.01349681  -0.01606822 *
*    H      22     -0.00020161   0.02054938  -0.01032691 *
*    H      23     -0.01147263  -0.02059685  -0.00956920 *
*    H      24      0.01180262  -0.00492006   0.02181083 *
*    C      25     -0.05939283   0.08953637   0.01130720 *
*    H      26     -0.01206544   0.00536950  -0.02006263 *
*    H      27     -0.01718515  -0.00476891   0.01485463 *
*    H      28      0.01022766   0.02003003   0.00915303 *
*                                                        *
**********************************************************
TOTAL:             -0.61255810   0.00752500   0.44387631
 
********************* Unconstrained **********************
************ NGWF non self-consistent forces *************
*                                                        *
* Element  Atom         Cartesian components (Eh/a)      *
* ------------------------------------------------------ *
*                       x            y            z      *
*                                                        *
*    Fe      1      0.00010481   0.00008533  -0.00009454 *
*    O       2     -0.00020150   0.00010871  -0.00005661 *
*    O       3     -0.00014865  -0.00003910   0.00004687 *
*    O       4      0.00005971  -0.00013898   0.00003378 *
*    H       5     -0.00001199  -0.00001408   0.00000870 *
*    C       6      0.00008947   0.00003382  -0.00008452 *
*    H       7      0.00001505   0.00001101   0.00000017 *
*    C       8      0.00004281   0.00011527  -0.00007235 *
*    H       9      0.00001257   0.00000373   0.00001005 *
*    C      10     -0.00000526  -0.00012644   0.00010763 *
*    H      11     -0.00003165   0.00005048  -0.00003386 *
*    H      12      0.00000950   0.00010278  -0.00001121 *
*    C      13      0.00009540  -0.00001414   0.00000824 *
*    H      14      0.00000755  -0.00002847  -0.00000203 *
*    H      15      0.00005474  -0.00001263  -0.00000599 *
*    H      16      0.00001500   0.00000546   0.00001734 *
*    H      17     -0.00002660  -0.00010030   0.00003142 *
*    C      18      0.00003061  -0.00008757  -0.00002293 *
*    H      19     -0.00003654  -0.00001529   0.00004476 *
*    H      20     -0.00000645  -0.00001699  -0.00000858 *
*    H      21      0.00001490   0.00000134   0.00000928 *
*    H      22      0.00004987  -0.00001015  -0.00001814 *
*    H      23      0.00004696  -0.00002531   0.00000189 *
*    H      24      0.00007737  -0.00001132  -0.00007976 *
*    C      25     -0.00005797   0.00008054  -0.00003616 *
*    H      26     -0.00001549   0.00002989   0.00001551 *
*    H      27     -0.00000945   0.00004619  -0.00001610 *
*    H      28     -0.00000859  -0.00000397  -0.00001401 *
*                                                        *
**********************************************************
TOTAL:              0.00016619   0.00002981  -0.00022116
 
********************* Unconstrained **********************
********************** NLCC forces ***********************
*                                                        *
* Element  Atom         Cartesian components (Eh/a)      *
* ------------------------------------------------------ *
*                       x            y            z      *
*                                                        *
*    Fe      1     -0.00000000  -0.00000000   0.00000000 *
*    O       2     -0.00000176  -0.00000221   0.00000130 *
*    O       3     -0.00000036   0.00000288  -0.00000105 *
*    O       4     -0.00000194  -0.00000101   0.00000231 *
*    H       5      0.00000000   0.00000000   0.00000000 *
*    C       6      0.01235360   0.00356123  -0.01025805 *
*    H       7      0.00000000   0.00000000   0.00000000 *
*    C       8      0.00612905   0.01263004  -0.00780470 *
*    H       9      0.00000000   0.00000000   0.00000000 *
*    C      10      0.00004396  -0.01397697   0.00750447 *
*    H      11      0.00000000   0.00000000   0.00000000 *
*    H      12      0.00000000   0.00000000   0.00000000 *
*    C      13     -0.00374429   0.00420320  -0.00018090 *
*    H      14      0.00000000   0.00000000   0.00000000 *
*    H      15      0.00000000   0.00000000   0.00000000 *
*    H      16      0.00000000   0.00000000   0.00000000 *
*    H      17      0.00000000   0.00000000   0.00000000 *
*    C      18     -0.00523519  -0.00195723   0.00056500 *
*    H      19      0.00000000   0.00000000   0.00000000 *
*    H      20      0.00000000   0.00000000   0.00000000 *
*    H      21      0.00000000   0.00000000   0.00000000 *
*    H      22      0.00000000   0.00000000   0.00000000 *
*    H      23      0.00000000   0.00000000   0.00000000 *
*    H      24      0.00000000   0.00000000   0.00000000 *
*    C      25      0.00327324  -0.00442654  -0.00098160 *
*    H      26      0.00000000   0.00000000   0.00000000 *
*    H      27      0.00000000   0.00000000   0.00000000 *
*    H      28      0.00000000   0.00000000   0.00000000 *
*                                                        *
**********************************************************
TOTAL:              0.01281632   0.00003339  -0.01115321
 
********************* Unconstrained **********************
****** Correction to ensure the total force is zero ******
*                                                        *
* Element  Atom         Cartesian components (Eh/a)      *
* ------------------------------------------------------ *
*                       x            y            z      *
*                                                        *
*    Fe      1      0.00001829   0.00000632   0.00000654 *
*    O       2      0.00001829   0.00000632   0.00000654 *
*    O       3      0.00001829   0.00000632   0.00000654 *
*    O       4      0.00001829   0.00000632   0.00000654 *
*    H       5      0.00001829   0.00000632   0.00000654 *
*    C       6      0.00001829   0.00000632   0.00000654 *
*    H       7      0.00001829   0.00000632   0.00000654 *
*    C       8      0.00001829   0.00000632   0.00000654 *
*    H       9      0.00001829   0.00000632   0.00000654 *
*    C      10      0.00001829   0.00000632   0.00000654 *
*    H      11      0.00001829   0.00000632   0.00000654 *
*    H      12      0.00001829   0.00000632   0.00000654 *
*    C      13      0.00001829   0.00000632   0.00000654 *
*    H      14      0.00001829   0.00000632   0.00000654 *
*    H      15      0.00001829   0.00000632   0.00000654 *
*    H      16      0.00001829   0.00000632   0.00000654 *
*    H      17      0.00001829   0.00000632   0.00000654 *
*    C      18      0.00001829   0.00000632   0.00000654 *
*    H      19      0.00001829   0.00000632   0.00000654 *
*    H      20      0.00001829   0.00000632   0.00000654 *
*    H      21      0.00001829   0.00000632   0.00000654 *
*    H      22      0.00001829   0.00000632   0.00000654 *
*    H      23      0.00001829   0.00000632   0.00000654 *
*    H      24      0.00001829   0.00000632   0.00000654 *
*    C      25      0.00001829   0.00000632   0.00000654 *
*    H      26      0.00001829   0.00000632   0.00000654 *
*    H      27      0.00001829   0.00000632   0.00000654 *
*    H      28      0.00001829   0.00000632   0.00000654 *
*                                                        *
**********************************************************
TOTAL:              0.00051208   0.00017691   0.00018326

********************* Unconstrained **********************
************************* Forces *************************
*                                                        *
* Element  Atom         Cartesian components (Eh/a)      *
* ------------------------------------------------------ *
*                       x            y            z      *
*                                                        *
*    Fe      1     -0.00010342  -0.00033595  -0.00005038 *
*    O       2      0.00706022   0.00553436  -0.00336263 *
*    O       3      0.00309833  -0.00858692   0.00257698 *
*    O       4      0.00352391   0.00354798  -0.00669784 *
*    H       5     -0.00970160   0.00080698  -0.00053983 *
*    C       6     -0.00155321  -0.00358853   0.00138407 *
*    H       7     -0.00800866   0.00435040   0.00250553 *
*    C       8     -0.00422638  -0.00057694   0.00255659 *
*    H       9      0.00338264  -0.00592188   0.00644620 *
*    C      10     -0.00308732   0.00261890  -0.00194816 *
*    H      11      0.00223426  -0.00184193  -0.00502882 *
*    H      12      0.00468192   0.00092468   0.00255931 *
*    C      13      0.00017724  -0.00341074   0.00136589 *
*    H      14     -0.00394831  -0.00019247  -0.00298539 *
*    H      15      0.00222762   0.00436482  -0.00314312 *
*    H      16     -0.00144679   0.00198436   0.00401353 *
*    H      17      0.00314673  -0.00288477  -0.00314787 *
*    C      18      0.00153695   0.00307180  -0.00169013 *
*    H      19      0.00335811   0.00041063   0.00458958 *
*    H      20     -0.00267726  -0.00085752  -0.00368384 *
*    H      21     -0.00282603   0.00208284   0.00353106 *
*    H      22      0.00015982  -0.00512064   0.00305314 *
*    H      23      0.00260685   0.00487300   0.00168166 *
*    H      24     -0.00238576   0.00183192  -0.00432446 *
*    C      25     -0.00285416   0.00063897   0.00196657 *
*    H      26      0.00297459  -0.00141913   0.00368523 *
*    H      27      0.00441409   0.00154241  -0.00348769 *
*    H      28     -0.00176437  -0.00384665  -0.00182521 *
*                                                        *
**********************************************************
* TOTAL:            0.00000000   0.00000000  -0.00000000 *
**********************************************************
 
 
***********************************************************
********** Summary of Forces (values in Eh/a) *************
*                                                         *
* ---------------------- Minimum ------------------------ *
* Atom:         1, |F|min =    0.00035510                 *
* Components:     Fx|min       Fy|min       Fz|min        *
*              -0.00010342  -0.00033595  -0.00005038      *
*                                                         *
* ---------------------- Maximum ------------------------ *
* Atom:         5, |F|max =    0.00975006                 *
* Components:     Fx|max       Fy|max       Fz|max        *
*              -0.00970160   0.00080698  -0.00053983      *
*                                                         *
* ---------------- Root Mean Square Force --------------- *
*                  |F|rms =    0.00613488                 *
* Components:     Fx|rms       Fy|rms       Fz|rms        *
*               0.00383486   0.00341535   0.00335650      *
***********************************************************
 

------------------------------ TIMING INFORMATION ------------------------------
AVERAGE TIME:    2583.704s on      6 proc(s)                                    
TOTAL TIME:      2583.704s on      6 proc(s)                                    
==================== AVERAGE TIMINGS FROM ALL PROCS (CUMULATIVE) =====================
|| TAG                                         #calls     cpu time   %total  Gflops ||
|| onetep.F90 main loop imbalance             :     1        0.00s   0.000%  ------ ||
|| hash_table_free                            :    33        0.00s   0.000%  ------ ||
|| sparse_spam3toblacs_real_fast_imbal        :     6        0.00s   0.000%  ------ ||
|| sparse_spam3toblacs_real_fast_B2           :    36        0.00s   0.000%  ------ ||
|| ewald_calculate_forces_realspace           :     1        0.00s   0.000%  ------ ||
|| sparse_blacstospam3_real_fast_imbal        :    24        0.00s   0.000%  ------ ||
|| density_fftbox_interp_mult_imbal           :  4602        0.00s   0.000%  ------ ||
|| sparse_spam3toblacs_real_fast_B1           :    36        0.00s   0.000%  ------ ||
|| onetep.F90 final imbalance                 :     1        0.00s   0.000%  ------ ||
|| sparse_spam3toblacs_real_fast              :     6        0.00s   0.000%  ------ ||
|| sparse_set_to_garbage                      :   390        0.00s   0.000%  ------ ||
|| sw_bessel_init_cpu                         :     1        0.01s   0.001%  ------ || (1 procs only)
|| ewald_calculate_energy                     :     1        0.00s   0.000%  ------ ||
|| ewald_calculate_forces_recipspace          :     1        0.00s   0.000%  ------ ||
|| ewald_calculate_forces                     :     1        0.00s   0.000%  ------ ||
|| sparse_blacstospam3_real_fast              :    24        0.01s   0.000%  ------ ||
|| paw_dij_hartree                            :   192        0.01s   0.000%  ------ ||
|| sparse_init                                :     1        0.03s   0.001%  ------ ||
|| basis_extract_function_from_box            :   759        0.04s   0.002%  ------ ||
|| restart_kernel_write                       :    18        0.04s   0.002%  ------ ||
|| augmentation_density_forces                :     1        0.05s   0.002%  ------ ||
|| linalg_dgemv                               :    80        0.05s   0.002%  ------ ||
|| sw_init                                    :   361        0.07s   0.003%  ------ ||
|| palser_mano_kernel_optimise_spam3_embed    :     2        0.07s   0.003%  ------ ||
|| sparse_embed_array_hotelling_invert        :    33        0.07s   0.003%  ------ ||
|| paw_tcore_density                          :     1        0.11s   0.004%  ------ ||
|| dense_eigensolve                           :     2        0.13s   0.005%  ------ ||
|| pseudo_make_structure_factor               :     1        0.18s   0.007%  ------ ||
|| ngwfs_initialise_from_radial               :     2        0.25s   0.010%  ------ ||
|| lnv_gradient_norm                          :    85        0.32s   0.012%  ------ ||
|| paw_sphere_density_on_grid                 :     1        0.36s   0.014%  ------ ||
|| paw_tcore_hartree_on_grid                  :     1        0.38s   0.015%  ------ ||
|| kernel_purify                              :   271        0.38s   0.015%  ------ ||
|| kernel_fix                                 :    85        0.48s   0.019%  ------ ||
|| paw_tcore_hartree_calc_forces              :     1        0.58s   0.022%  ------ ||
|| integrals_grad_spam3                       :     2        0.67s   0.026%  ------ ||
|| nonsc_forces_ngwfs_calc                    :     1        0.67s   0.026%  ------ ||
|| sparse_trace                               :  7382        0.77s   0.030%  ------ ||
|| function_ops_brappd_ketppd_spam3           :    66        1.15s   0.045%  ------ ||
|| sparse_product                             : 10360        1.66s   0.064%  ------ ||
|| paw_dataset_init                           :     4        1.79s   0.069%  ------ ||
|| ngwf_gradient_coeffs                       :    17        1.95s   0.076%  ------ ||
|| restart_ngwfs_tightbox_output              :    16        2.66s   0.103%  ------ ||
|| paw_species_calc_proj_prec_mat             :     1        2.85s   0.110%  ------ ||
|| paw_nlcc_calculate_forces                  :     1        3.51s   0.136%  ------ ||
|| projectors_func_grad_ovlp_box_spam3        :     6        4.71s   0.182%  ------ ||
|| aug_nl_calculate_forces                    :     1        4.84s   0.187%  ------ ||
|| eigenstates_calculate                      :     1        5.05s   0.196%  ------ ||
|| basis_copy_function_to_box                 :  7459        5.42s   0.210%  ------ ||
|| fourier_apply_box_pair                     :  1167        6.58s   0.255% 116.557 ||
|| basis_dot_function_with_box                : 277.9k       7.55s   0.292%  ------ ||
|| augmentation_screen_dij_spam3              :   183        7.89s   0.305%  ------ ||
|| cell_grid_extract_box_real                 :  5715        9.76s   0.378%  ------ ||
|| energy_and_force_init_cell                 :     1        9.79s   0.379%  ------ ||
|| basis_add_function_to_box                  : 366.6k      10.47s   0.405%  ------ ||
|| integrals_kinetic_spam3                    :    66       10.70s   0.414%  ------ ||
|| density_batch_row_sums                     :   354       12.32s   0.477%  ------ ||
|| aug_nonlocal_mat_spam3_embed_array         :   174       18.80s   0.727%  ------ ||
|| paw_dij_xc                                 :   192       20.42s   0.790%  ------ ||
|| forces_calculate                           :     1       20.70s   0.801%  ------ ||
|| density_init_guess_real                    :     2       21.82s   0.845%  ------ ||
|| cell_grid_deposit_box_real                 :  7441       23.32s   0.903%  ------ ||
|| aug_density_on_grid_spam3                  :   177       29.66s   1.148%  ------ ||
|| integrals_locpot_mat_els_batch             :   190       33.48s   1.296%  ------ ||
|| density_fftbox_deposit_to_cell             :  4602       35.79s   1.385%  ------ ||
|| projectors_init_fftbox_recip               :   141       37.59s   1.455%  ------ ||
|| projectors_func_ovlp_box_spam3             :    66       46.29s   1.792%  ------ ||
|| fourier_filter_cell                        :   224       52.66s   2.038%  21.572 ||
|| fourier_filter                             :  1519       56.51s   2.187%  ------ ||
|| hamiltonian_energy_components              :     4       62.29s   2.411%  ------ ||
|| hartree_on_grid_single                     :   176       68.89s   2.666%  ------ ||
|| fourier_interpolate_cell                   :   354       75.42s   2.919%  23.805 ||
|| fourier_interpolate                        :  1519       93.15s   3.605%  ------ ||
|| properties_calculate                       :     1      120.78s   4.675%  ------ ||
|| projectors_gradient_batch                  :    34      209.20s   8.097%  ------ ||
|| projectors_grad_precond_batch              :    34      232.97s   9.017%  ------ ||
|| fourier_interpolate_product                :  3953      242.13s   9.371%  ------ ||
|| potential_apply_to_ngwf_batch              :   190      246.44s   9.538%  ------ ||
|| fourier_apply_box                          : 26836      257.13s   9.952% 194.300 ||
|| density_fftbox_interpolate_multiply        :  4602      261.04s  10.103%  ------ ||
|| fourier_apply_cell_forward                 :  1585      266.63s  10.320%  27.138 ||
|| integrals_locpot_dbl_grid                  :   190      280.58s  10.859%  ------ ||
|| fourier_apply_cell_backward                :  1585      283.60s  10.977%  25.513 ||
|| density_batch_interp_deposit               :   354      442.85s  17.140%  ------ ||
|| density_on_dbl_grid                        :   354      465.78s  18.027%  ------ ||
|| ngwf_gradient_build_batch                  :    34      519.11s  20.092%  ------ ||
|| ngwf_gradient_batch                        :    34      575.52s  22.275%  ------ ||
|| ngwf_gradient_lnv                          :    17      589.23s  22.805%  ------ ||
|| xc_energy_potential                        :   176      596.65s  23.093%  ------ ||
|| hamiltonian_lhxc_calculate                 :   170     1338.86s  51.819%  ------ ||
|| lnv_denskernel_optimise_cg                 :    17     1517.95s  58.751%  ------ ||
|| ngwf_cg_optimise                           :     1     2393.56s  92.641%  ------ ||
|| energy_and_forces                          :     1     2573.45s  99.603%  ------ ||
|| total_time                                 :     1     2583.70s 100.000%  ------ ||
======================================================================================
Overhead of generating timer report: 
- 0 ms averaging over threads,
- 0 ms ensuring consistency across MPI ranks,
- 0 ms printing in order.

Job completed: 24-10-2025 11:43 (+0100)

onetep_launcher: ONETEP seems to have finished correctly (zero exit code).
                 Brought to you by PID 128903 on nid003045.
