==================================================================================
It's Fri 24 Oct 2025 11:01:40 AM BST.
*** Starting onetep_launcher (node nid005080, PIDs 232812 232813 232814 232815 232816 232817)...
    - ONETEP arguments: Fe_EtOH_3_LowSpin.dat
    - Current directory: /mnt/lustre/a2fs-work3/work/e89/e89/phsmea/onetep_ali_PBE/Fe_EtOH_3/LS/nsp
    - Launcher executable directory: /mnt/lustre/a2fs-work3/work/e89/e89/phsmea/onetep_ali
    - (-e) ONETEP executable specified through command-line: /work/e89/e89/phsmea/onetep.archer2_2024_cray_2
      ... trying /work/e89/e89/phsmea/onetep.archer2_2024_cray_2
          -> looks OK
*** Setting up environment...
    - (-s) Process stack size: unlimited
    - (-t) OMP_NUM_THREADS: 8
    - (-o) OMP_STACKSIZE: 64M
    - (-c) Maximum core file size: 2048000
    - (-d) decfort_dump_flag: n
    - (-m) I_MPI_OFA_TRANSLATION_CACHE: 0
    - (-m) I_MPI_DAPL_TRANSLATION_CACHE: 0
    - (-m) I_MPI_DAPL_UD_TRANSLATION_CACHE: 0
*** Starting ONETEP...
    - /work/e89/e89/phsmea/onetep.archer2_2024_cray_2 Fe_EtOH_3_LowSpin.dat
=================================================================================
_________________________________________________________________________________
 +---------------------------------------------------------------+
 |                                                               |
 |        ####### #     # ####### ####### ####### ######         |
 |        #     # ##    # #          #    #       #     #        |
 |        #     # # #   # #          #    #       #     #        |
 |        #     # #  #  # #####      #    #####   ######         |
 |        #     # #   # # #          #    #       #              |
 |        #     # #    ## #          #    #       #              |
 |        ####### #     # #######    #    ####### #              |
 |                                                               |
 |        Linear-Scaling Ab Initio Total Energy Program          |
 |                                                               |
 |          Release for academic collaborators of ODG            |
 |                                             Version 7.3.0     |
 | Remote: git@github.com:Miesaz/onetep_mea.git                  |
 | Local branch: master                                          |
 | Commit ID: 4af45e89288c8df5499704252eec3e032ee3d0c8           |
 | Date: Tue Aug 6 11:28:44 2024 +0100                           |
 | Locally modified files:                                       |
 |   src/hubbard_build_mod.F90                                   |
 |   src/services_mod.F90                                        |
 |                                                               |
 +---------------------------------------------------------------+
 |                                                               |
 |  Authors:                                                     |
 |  Jacek Dziedzic, Peter D. Haynes, Nicholas D. M. Hine,        |
 |  Arash A. Mostofi, Mike C. Payne and Chris-Kriton Skylaris    |
 |                                                               |
 |  Contributors:                                                |
 |  J. Aarons, L. Andrinopoulos, P. W. Avraam, R. A. Bell,       |
 |  A. Bhandari, G. A. Bramley, R. J. Charlton, S. J. Clark,     |
 |  R. J. Clements, G. C. Constantinescu, F. Corsetti,           |
 |  N. Corsini, O. Dieguez, S. M. M. Dubois, K. K. B. Duff,      |
 |  J. M. Escartin, M. Escobar Azor, A. Greco,                   |
 |  H. Helal, Q. O. Hill, L. P. Lee, J.-H. Li,                   |
 |  T. Li, E. B. Linscott, G. Moynihan, D. D. O`Regan,           |
 |  O. K. Okan, E. Parkinson, M. J. S. Phipps,                   |
 |  C. J. Pickard, J. C. A. Prentice, M. I. J. Probert,          |
 |  L. E. Ratcliff, M. Robinson, A. Ruiz Serrano,                |
 |  M. dos Santos Dias, J. S. Spencer, E. W. Tait,               |
 |  G. Teobaldi, D. Turban, V. Vitale, K. A. Wilkinson,          |
 |  C. Weber, J. C. Womack, Chengcheng Xiao, N. Yeung,           |
 |  and T. J. Zuehlsdorff.                                       |
 |                                                               |
 |                                   Copyright (c) 2004-2025     |
 |                                                               |
 |  Please cite:                                                 |
 |  "The ONETEP linear-scaling density functional theory program"|
 |   J. Chem. Phys. 152(17) 174111 (2020)                        |
 |                                                               |
 |          in all publications arising from your use of ONETEP. |
 |                                                               |
 +---------------------------------------------------------------+
 |                                                               |
 |   ONETEP is based on developments described in the following  |
 |   publications:                                               |
 |                                                               |
 |  "Nonorthogonal generalized Wannier function pseudopotential  |
 |   plane-wave method".                                         |
 |   C.-K. Skylaris, A. A. Mostofi, P. D. Haynes, O. Dieguez,    |
 |   M. C. Payne.                                                |
 |   Phys. Rev. B 66 035119 (2002).                              |
 |                                                               |
 |  "Preconditioned iterative minimization for linear-scaling    |
 |   electronic structure calculations".                         |
 |   A. A. Mostofi, P. D. Haynes, C.-K. Skylaris, M. C. Payne.   |
 |   J. Chem. Phys. 119(17), pp.8842-8848 (2003).                |
 |                                                               |
 |  "Total-energy calculations on a real space grid with         |
 |   localized functions and a plane-wave basis".                |
 |   A. A. Mostofi, C.-K. Skylaris, P. D. Haynes, M. C. Payne.   |
 |   Comput. Phys. Commun. 147, pp.788-802 (2002).               |
 |                                                               |
 |  "Accurate kinetic energy evaluation in electronic structure  |
 |   calculations with localized functions on real space grids"  |
 |   C.-K. Skylaris, A. A. Mostofi, P. D. Haynes, C. J. Pickard, |
 |   M. C. Payne.                                                |
 |   Comput. Phys. Commun. 140, pp.315-322 (2001).               |
 |                                                               |
 |  "Accurate ionic forces and geometry optimization in linear-  |
 |   scaling density-functional theory with local orbitals"      |
 |   N. D. M. Hine, M. Robinson, P. D. Haynes, C.-K. Skylaris,   |
 |   M. C. Payne, and A. A. Mostofi.                             |
 |   Phys. Rev. B 83 195102 (2011).                              |
 |                                                               |
 +---------------------------------------------------------------+

Job started: 24-10-2025 11:02 (+0100)
 
Reading parameters from file "Fe_EtOH_3_LowSpin.dat" ...... done

If your calculation crashes here, before "Checking processes and threads..."
is displayed, then your stack size is insufficient.
If so, use "ulimit -s unlimited" at runtime.
You can disable this check with "check_stack_size F".

Checking processes and threads...
   Determining the default number of threads...
      No default threads set at compilation time: defaulting to 1.
      OpenMP library call suggests 8 threads.
      Hybrid MPI-OpenMP compilation detected.
      Number of MPI processes > 1.
      OMP_NUM_THREADS environment variable present and
      its value matches the one obtained from the OpenMP library call.
      Using this value as default.
      Default threads: 8
      Default applies to threads_max and threads_num_fftboxes.
      Settings in the input file override this default.
   ... done

   Running with 6 MPI processes.
   There are 6 MPI processes running on the same node as the root process.
   Each MPI process is using: 
               1 threads for simulation cell FFTs.
               1 threads for threaded FFT box operations.
               8 threads for loops over batched FFT box operations.
               8 threads in other parallel regions.
   MPI Interface: S1 (use mpi_f08) (-DMPI -DUSE_MPI_F08).
   MPI_ASYNC_PROTECTS_NONBLOCKING: Yes. MPI_SUBARRAYS_SUPPORTED: Yes.
   FFTW Interface: OMP-capable and MODERN. (-DUSE_MODERN_FFTW specified).
   GPU Interface: None.
   GPU FFT Backend: None.
... done

Basic input checks...... done

Reading geometry and species blocks from file "Fe_EtOH_3_LowSpin.dat" ...   
  Number of PPD points along a3 set to 1.  This is 
  the default value, it may have been provided also in the input file.
... done


--------------------------------------------------------------------------------
---------------------------------- INPUT FILE ----------------------------------
--------------------------------------------------------------------------------

charge : 3                                                                      
cutoff_energy : 800 eV                                                          
do_properties : T                                                               
edft : F                                                                        
fine_grid_scale : 4                                                             
forces_output_detail : VERBOSE                                                  
output_detail : VERBOSE                                                         
paw : T                                                                         
pseudo_path : ../../../                                                         
spin : 1                                                                        
task : SINGLEPOINT                                                              
write_denskern : T                                                              
write_forces : T                                                                
write_tightbox_ngwfs : T                                                        
xc_functional : pbe                                                             
%BLOCK LATTICE_CART                                                             
ang                                                                             
27.84119898       0.00000000       0.00000000                                   
0.00000000      27.95738238       0.00000000                                    
0.00000000       0.00000000      26.56600724                                    
%ENDBLOCK LATTICE_CART                                                          
%BLOCK POSITIONS_ABS                                                            
ang                                                                             
Fe    12.945725    13.008170    12.366393                                       
O    12.016493    14.602567    11.784556                                        
O    12.265510    12.331331    14.071551                                        
O    14.548123    12.065909    11.780545                                        
H    11.256164    14.501932    11.183947                                        
C    15.981783    12.205111    12.132576                                        
H    12.274563    12.898587    14.861918                                        
C    12.202572    16.058940    12.042923                                        
H    14.482036    11.468034    11.014263                                        
C    11.725453    11.003930    14.440015                                        
H    13.263265    16.187932    12.291435                                        
H    11.628468    16.261185    12.968459                                        
C    11.738304    16.908310    10.922970                                        
H    12.334266    16.765395    10.000000                                        
H    11.854586    17.957382    11.214479                                        
H    10.686539    16.744411    10.642585                                        
H    11.189566    10.633982    13.554300                                        
C    10.904431    11.023367    15.671873                                        
H    12.608650    10.343210    14.566201                                        
H    10.000000    11.653232    15.560438                                        
H    11.428134    11.402131    16.566007                                        
H    10.584391    10.000000    15.889363                                        
H    16.004830    12.349473    13.220805                                        
H    16.326072    13.154600    11.677085                                        
C    16.806215    11.071025    11.646291                                        
H    16.450258    10.103501    12.039806                                        
H    17.841199    11.252551    11.957586                                        
H    16.848393    10.956338    10.547116                                        
%ENDBLOCK POSITIONS_ABS                                                         
%BLOCK SPECIES                                                                  
C C 6 -1 10.0                                                                   
Fe Fe 26 -1 10.0                                                                
H H 1 -1 10.0                                                                   
O O 8 -1 10.0                                                                   
%ENDBLOCK SPECIES                                                               
%BLOCK SPECIES_ATOMIC_SET                                                       
C  "SOLVE"                                                                      
Fe "SOLVE INIT SPIN=1"                                                          
H  "SOLVE"                                                                      
O  "SOLVE"                                                                      
%ENDBLOCK SPECIES_ATOMIC_SET                                                    
%BLOCK SPECIES_POT                                                              
C C.PBE-paw.abinit                                                              
Fe Fe.PBE-paw.abinit                                                            
H H.PBE-paw.abinit                                                              
O O.PBE-paw.abinit                                                              
%ENDBLOCK SPECIES_POT                                                           

--------------------------------------------------------------------------------
-------------------------------- END INPUT FILE --------------------------------
--------------------------------------------------------------------------------


 
 ESDF WARNING(1): "charge" (esdf_physical) has no units. Assume "e".
<<<<<<<<<<<<<<<<<<<<<<<<<<<<<<<<< Full system >>>>>>>>>>>>>>>>>>>>>>>>>>>>>>>>>>
<<<<<<<<<<<<<<<<<<<<<<<<<<< PAW Dataset information >>>>>>>>>>>>>>>>>>>>>>>>>>>
File: Fe.PBE-paw.abinit; rc = 2.12 bohr; shape type =  2; rshape = 1.81 bohr;
  Atomic number: 26;  ionic charge: 16.000000
    Partial Wave 1: l = 0
    Partial Wave 2: l = 0
    Partial Wave 3: l = 1
    Partial Wave 4: l = 1
    Partial Wave 5: l = 2
    Partial Wave 6: l = 2
  Core charge supplied for Nonlinear Core Corrections
File: O.PBE-paw.abinit; rc = 1.41 bohr; shape type =  2; rshape = 1.20 bohr;
  Atomic number:  8;  ionic charge:  6.000000
    Partial Wave 1: l = 0
    Partial Wave 2: l = 0
    Partial Wave 3: l = 1
    Partial Wave 4: l = 1
  Core charge supplied for Nonlinear Core Corrections
File: H.PBE-paw.abinit; rc = 0.90 bohr; shape type =  2; rshape = 0.80 bohr;
  Atomic number:  1;  ionic charge:  1.000000
    Partial Wave 1: l = 0
    Partial Wave 2: l = 0
    Partial Wave 3: l = 1
File: C.PBE-paw.abinit; rc = 1.51 bohr; shape type =  2; rshape = 1.30 bohr;
  Atomic number:  6;  ionic charge:  4.000000
    Partial Wave 1: l = 0
    Partial Wave 2: l = 0
    Partial Wave 3: l = 1
    Partial Wave 4: l = 1
  Core charge supplied for Nonlinear Core Corrections
<<<<<<<<<<<<<<<<<<<<<<<<<<<<<<<<<<<<<<< >>>>>>>>>>>>>>>>>>>>>>>>>>>>>>>>>>>>>>>

-------------------------- Atom counting information ---------------------------
Symbol    Natoms    Nngwfs    Nprojs
  Fe         1        13        18
  O          3        12        24
  H         18        18        90
  C          6        24        48
.......   ......    ......    ......
Totals:     28        67       180
--------------------------------------------------------------------------------

=============================== PSINC grid sizes ===============================
                      Simulation cell:  105 x 105 x  99
                              FFT-box:  105 x 105 x  99
                                  PPD:    5 x   5 x   1
Grid space d1=  0.501068965054a0 (KE cutoff=  30.25582Eh = 823.30288eV)
Grid space d2=  0.503159963219a0 (KE cutoff=  30.00488Eh = 816.47424eV)
Grid space d3=  0.507095739121a0 (KE cutoff=  29.54092Eh = 803.84945eV)
================================================================================

********************* Fourier parallelisation information **********************
       Coarse grid (whole simulation cell) dimensions:    105   105    99
          Real-space ('12') slabs/proc (min max mean):     16    17    16
         Recip-space ('23') slabs/proc (min max mean):      8     9     8
********************************************************************************

********************* Fourier parallelisation information **********************
       Double grid (whole simulation cell) dimensions:    210   210   198
          Real-space ('12') slabs/proc (min max mean):     33    33    33
         Recip-space ('23') slabs/proc (min max mean):     17    18    17
********************************************************************************

********************* Fourier parallelisation information **********************
         Fine grid (whole simulation cell) dimensions:    420   420   396
          Real-space ('12') slabs/proc (min max mean):     66    66    66
         Recip-space ('23') slabs/proc (min max mean):     35    36    35
********************************************************************************

Atom SCF Calculation for C  : Z (AE atom) =   6 : Z (PS atom) =   4
Config String: 2s2.0 2p2.0
Orbitals (num,occ):  2     2.00 2.00
Orbitals   (num,l):  2        0    1
Real-space Grid (nr,dr,rmax): 1503    0.0066577896   10.0000000000
Spherical Bessel Basis (nsws,lmax,cutoff):   37    2  176.3967570603
Confining potential (l,width,scale):  0    3.0000000000  100.0000000000
Confining potential (l,width,scale):  1    3.0000000000  100.0000000000
  1         -5.4381308884   -1.2721298092    4.5135250045   -1.9381135692
  2         -5.3849331102   -1.3649505469    4.4159511708   -1.9005879768
  3         -5.3930021612   -1.3849430624    4.3947033354   -1.8924421815
  4         -5.4001802281   -1.3891927246    4.3902388137   -1.8907518289
  5         -5.4037205329   -1.3915457087    4.3877695258   -1.8898885469
  6         -5.4055416859   -1.3928069742    4.3864477540   -1.8894519912
  7         -5.4065002767   -1.3934742451    4.3857498837   -1.8892319620
  8         -5.4070074727   -1.3938267709    4.3853820092   -1.8891207968
  9         -5.4072763209   -1.3940130896    4.3851880206   -1.8890645345
 10         -5.4074189962   -1.3941116277    4.3850856600   -1.8890360408
 11         -5.4074947717   -1.3941637823    4.3850316039   -1.8890216105
 12         -5.4075350443   -1.3941914082    4.3850030336   -1.8890143059
 13         -5.4075564617   -1.3942060527    4.3849879208   -1.8890106114
 14         -5.4075678586   -1.3942138217    4.3849799198   -1.8890087446
 15         -5.4075739267   -1.3942179465    4.3849756804   -1.8890078024
 16         -5.4075771595   -1.3942201380    4.3849734321   -1.8890073276
 17         -5.4075788827   -1.3942213034    4.3849722389   -1.8890070886
 18         -5.4075798017   -1.3942219235    4.3849716050   -1.8890069685
 19         -5.4075802921   -1.3942222537    4.3849712680   -1.8890069082
 20         -5.4075805539   -1.3942224296    4.3849710888   -1.8890068781
 21         -5.4075806938   -1.3942225235    4.3849709933   -1.8890068630
 22         -5.4075807686   -1.3942225735    4.3849709424   -1.8890068555
Atom SCF converged after  22 iterations to a total energy of     -5.40758077

Atom SCF Calculation for Fe : Z (AE atom) =  26 : Z (PS atom) =  16
Config String: 3s2.0 3p6.0 3d6.0 4s2.0 4p0.0 INIT SPIN=1
Orbitals (num,occ):  5     2.00 6.00 6.00 2.00 0.00
Orbitals   (num,l):  5        0    1    2    0    1
Real-space Grid (nr,dr,rmax): 1503    0.0066577896   10.0000000000
Spherical Bessel Basis (nsws,lmax,cutoff):   37    4  176.3967570603
Confining potential (l,width,scale):  0    3.0000000000  100.0000000000
Confining potential (l,width,scale):  1    3.0000000000  100.0000000000
Confining potential (l,width,scale):  2    3.0000000000  100.0000000000
  1       -111.4005172118  -52.5575611559   72.2164000725   -4.0901868950
  2       -116.6635475262  -20.5601904919   91.7007084249   -2.2962490369
  3       -121.6156136875  -23.2753453277   92.4544705195   -2.7706732816
  4       -123.0066153699  -21.4164712440   94.7136519632   -2.9394413820
  5       -123.8168122141  -22.6370400734   94.1384349420   -3.0798102909
  6       -123.9055073486  -21.7222843370   94.9342614757   -3.0846520419
  7       -124.0956886241  -22.4138747628   94.4617720360   -3.1224050559
  8       -124.0492758687  -21.8887017510   94.8692044073   -3.1096545890
  9       -124.1222324005  -22.2877514631   94.5777385101   -3.1254730624
 10       -124.0894611846  -22.0431086758   94.7620026738   -3.1177312036
 11       -124.1066906466  -22.1417456915   94.6895757605   -3.1215019185
 12       -124.1027421480  -22.1090398813   94.7144439268   -3.1205307857
 13       -124.1039552528  -22.1131641559   94.7116547863   -3.1207645739
 14       -124.1041718268  -22.1127261003   94.7121170471   -3.1207931979
 15       -124.1043563153  -22.1126782042   94.7122440208   -3.1208211382
 16       -124.1044853288  -22.1126702816   94.7123114748   -3.1208409484
 17       -124.1045734258  -22.1126674103   94.7123551926   -3.1208545095
 18       -124.1046334193  -22.1126657134   94.7123845864   -3.1208637603
 19       -124.1046742816  -22.1126645462   94.7124045128   -3.1208700757
 20       -124.1047021281  -22.1126636961   94.7124180731   -3.1208743926
 21       -124.1047211147  -22.1126630559   94.7124273290   -3.1208773473
 22       -124.1047340666  -22.1126625637   94.7124336643   -3.1208793718
 23       -124.1047429056  -22.1126621807   94.7124380116   -3.1208807606
 24       -124.1047489402  -22.1126618812   94.7124410017   -3.1208817142
 25       -124.1047530616  -22.1126616468   94.7124430628   -3.1208823696
 26       -124.1047558771  -22.1126614637   94.7124444863   -3.1208828204
 27       -124.1047578011  -22.1126613212   94.7124454714   -3.1208831306
 28       -124.1047591161  -22.1126612109   94.7124461541   -3.1208833444
 29       -124.1047600152  -22.1126611259   94.7124466281   -3.1208834917
 30       -124.1047606300  -22.1126610607   94.7124469575   -3.1208835933
 31       -124.1047610504  -22.1126610110   94.7124471869   -3.1208836634
 32       -124.1047613380  -22.1126609733   94.7124473467   -3.1208837118
 33       -124.1047615347  -22.1126609447   94.7124474583   -3.1208837453
 34       -124.1047616693  -22.1126609232   94.7124475361   -3.1208837684
 35       -124.1047617614  -22.1126609071   94.7124475906   -3.1208837843
Atom SCF converged after  35 iterations to a total energy of   -124.10476176
Adjusting orbital occupancies:
Orbitals (num,spin,occ):  5  1     1.00 3.00 3.50 1.00 0.00
Orbitals   (num,spin,l):  5  1        0    1    2    0    1
Orbitals (num,spin,occ):  5  2     1.00 3.00 3.00 0.50 0.00
Orbitals   (num,spin,l):  5  2        0    1    2    0    1

Atom SCF Calculation for H  : Z (AE atom) =   1 : Z (PS atom) =   1
Config String: 1s1.0
Orbitals (num,occ):  1     1.00
Orbitals   (num,l):  1        0
Real-space Grid (nr,dr,rmax): 1503    0.0066577896   10.0000000000
Spherical Bessel Basis (nsws,lmax,cutoff):   37    2  176.3967570603
Confining potential (l,width,scale):  0    3.0000000000  100.0000000000
  1         -0.3348525927   -0.2401819449    0.2820953128   -0.2388448411
  2         -0.4038948821   -0.2405504229    0.2866889240   -0.2416217444
  3         -0.4360732773   -0.2390089543    0.2890729861   -0.2443653791
  4         -0.4497314704   -0.2383264046    0.2899315599   -0.2456060208
  5         -0.4551901081   -0.2381357631    0.2901452306   -0.2460489407
  6         -0.4573594294   -0.2381000300    0.2901742710   -0.2461947705
  7         -0.4582326910   -0.2381004501    0.2901659451   -0.2462415077
  8         -0.4585900702   -0.2381055523    0.2901559649   -0.2462564278
  9         -0.4587384807   -0.2381092319    0.2901497571   -0.2462612174
 10         -0.4588008132   -0.2381112609    0.2901465144   -0.2462627659
 11         -0.4588272086   -0.2381122698    0.2901449456   -0.2462632682
 12         -0.4588384507   -0.2381127465    0.2901442163   -0.2462634302
 13         -0.4588432580   -0.2381129655    0.2901438848   -0.2462634814
 14         -0.4588453195   -0.2381130645    0.2901437362   -0.2462634968
 15         -0.4588462053   -0.2381131088    0.2901436700   -0.2462635011
 16         -0.4588465865   -0.2381131284    0.2901436407   -0.2462635020
 17         -0.4588467508   -0.2381131372    0.2901436278   -0.2462635020
 18         -0.4588468216   -0.2381131410    0.2901436222   -0.2462635019
Atom SCF converged after  18 iterations to a total energy of     -0.45884682

Atom SCF Calculation for O  : Z (AE atom) =   8 : Z (PS atom) =   6
Config String: 2s2.0 2p4.0
Orbitals (num,occ):  2     2.00 4.00
Orbitals   (num,l):  2        0    1
Real-space Grid (nr,dr,rmax): 1503    0.0066577896   10.0000000000
Spherical Bessel Basis (nsws,lmax,cutoff):   37    2  176.3967570603
Confining potential (l,width,scale):  0    3.0000000000  100.0000000000
Confining potential (l,width,scale):  1    3.0000000000  100.0000000000
  1         -8.3209332552   -7.4828484739   10.1554312602   -2.1270270195
  2        -15.1405599232   -3.0474882742   13.6590820486   -2.5134754209
  3        -15.5174094640   -3.1101891961   13.6243211040   -2.6472956001
  4        -15.7606118231   -3.0805775314   13.6668776248   -2.7100307789
  5        -15.8308896490   -3.0881936416   13.6633910567   -2.7338682066
  6        -15.8678540393   -3.0862312957   13.6673103078   -2.7443897972
  7        -15.8801393942   -3.0873360689   13.6669183555   -2.7485230919
  8        -15.8859601688   -3.0872977830   13.6672813272   -2.7502957173
  9        -15.8880580832   -3.0874730763   13.6672320183   -2.7510066526
 10        -15.8889924584   -3.0874981416   13.6672623218   -2.7513066537
 11        -15.8893459980   -3.0875277929   13.6672548500   -2.7514284384
 12        -15.8894977936   -3.0875355600   13.6672566096   -2.7514793465
 13        -15.8895569380   -3.0875407304   13.6672553199   -2.7515001537
 14        -15.8895817884   -3.0875424467   13.6672552475   -2.7515088021
 15        -15.8895916441   -3.0875433561   13.6672550136   -2.7515123499
 16        -15.8895957327   -3.0875436929   13.6672549605   -2.7515138192
 17        -15.8895973717   -3.0875438525   13.6672549179   -2.7515144231
 18        -15.8895980466   -3.0875439149   13.6672549044   -2.7515146726
 19        -15.8895983189   -3.0875439428   13.6672548968   -2.7515147752
 20        -15.8895984306   -3.0875439540   13.6672548940   -2.7515148175
 21        -15.8895984758   -3.0875439588   13.6672548927   -2.7515148349
Atom SCF converged after  21 iterations to a total energy of    -15.88959848

BC: Task: SINGLEPOINT
BC: +++++++++++++++ Summary of boundary conditions ++++++++++++++
BC: |       Component       |     Keyword     |   Periodicity   |
BC: |                       |                 |     X  Y  Z [1] |
BC: |-----------------------------------------------------------|
BC: | Ion-ion               | ion_ion_bc [2]  |     P  P  P     |
BC: | Local pseudopotential | pspot_bc [3]    |     P  P  P     |
BC: +++++++++++++++++++++++++++++++++++++++++++++++++++++++++++++
BC: P: Periodic, O: Open.
BC: [1] Not strictly along X, Y, Z but rather along lattice vectors A1, A2, A3.
BC: [2] Also affected by: pbc_correction_cutoff, cutoff_coulomb_type,
BC:     is_smeared_ion_rep, is_implicit_solvent, openbc_ion_ion.
BC: [3] Also affected by: is_smeared_ion_rep, is_implicit_solvent, openbc_pspot.

Determining parallel strategy ...
... using space-filling curve
... NGWF load balancing: max     13;  min     10;  average     11
... Projector load balancing: max     38;  min     18;  average     30
... done
Calculating Ewald energy ...
              Ewald: real-space energy =          276.960350
        Ewald: reciprocal-space energy =           43.844418
         Ewald: (sum_charge)**2 energy =           18.336174
         Ewald: (sum_charge**2) energy =           16.058998
                          Ewald energy =          286.409595
Basis initialisation ...
... NGWF spheres initialised
... Projector spheres initialised
... NGWF tight boxes initialised
... Projector tight boxes initialised
... Tight-boxes gathered
... NGWF basis size (local,global):        186743       968481
... PAW projector initialisation
... done

============================= Charge Augmentation ==============================
                           Aug box size:   35 x  35 x  35
================================================================================

========================== Sparse matrix information ===========================
                        Overlap matrix filling: 100.00%
                        Density kernel filling: 100.00% (known to be dense)
              NGWF-Proj overlap matrix filling:  74.25%
                    Aug Overlap matrix filling: 100.00%
                    Hamiltonian matrix filling: 100.00%
                  NGWF diagonal matrix filling:   7.37%
                             KS matrix filling: 100.00% 
                           KSKS matrix filling: 100.00% 
================================================================================

Sparse matrix initialisation ...
 done
NGWF initialisation ... done
============ Calculation of NGWF S^-1 using Hotelling algorithm ================ 
     Iteration  |  Spin  |  Frobenius norm and Maximum abs value (of I-S*S_n^-1)
         1           1      0.78237714E+01     0.97138740E+00
         2           1      0.75445819E+01     0.94361279E+00
         3           1      0.71300547E+01     0.89047345E+00
         4           1      0.65810157E+01     0.79316234E+00
         5           1      0.59241827E+01     0.69695021E+00
         6           1      0.52350596E+01     0.66657575E+00
         7           1      0.46179754E+01     0.63361237E+00
         8           1      0.40004052E+01     0.58017559E+00
         9           1      0.31756445E+01     0.49122501E+00
        10           1      0.21114630E+01     0.35486372E+00
        11           1      0.10126760E+01     0.18851743E+00
        12           1      0.27367242E+00     0.56174159E-01
        13           1      0.28343898E-01     0.58404965E-02
        14           1      0.43036739E-03     0.83516525E-04
        15           1      0.11231779E-06     0.22229682E-07
        16           1      0.10810107E-13     0.26645353E-14
================================================================================
Calculating core density ...
================================= Core Density =================================
               Core den box size:   39 x  39 x  39
================================================================================
 ... done
Density renormalisation, spin  1 ...
Target Charge:    37.000000000000 ; Input Charge:    38.500453174437
Density renormalisation, spin  2 ...
Target Charge:    36.000000000000 ; Input Charge:    37.500445259823
Density kernel initialisation
 
======= Optimisation of K by Palser-Manolopoulos canonical purification ======== 
         Iteration  |  Band structure energy |    c_n   
               1         -34.61679084257743    0.5390511
               2         -35.76202321076951    0.5326438
               3         -37.08893538245103    0.5239397
               4         -38.56077874380127    0.5153488
               5         -40.22690959406543    0.5087846
               6         -42.03644896147774    0.5121829
               7         -43.66000369896223    0.5463109
               8         -44.67306341494383    0.6257744
               9         -45.08786728127284    0.7201288
              10         -45.23668760669343    0.8081839
              11         -45.28325619188249    0.8550333
              12         -45.29608690710836    0.8599364
              13         -45.30302733951045    0.8512241
              14         -45.31006753833528    0.8394749
              15         -45.31758141145390    0.8244660
              16         -45.32563783866840    0.8049721
              17         -45.33428728553957    0.7792198
              18         -45.34353372469108    0.7445835
              19         -45.35327885152984    0.6970226
              20         -45.36321749286753    0.6300051
              21         -45.37264426892020    0.5333066
              22         -45.38008631815618    0.4036474
              23         -45.38191665543786    0.3646994
              24         -45.38218751793944    0.3832167
              25         -45.38248291443545    0.4126485
              26         -45.38281625123955    0.4495480
              27         -45.38313395574896    0.4827287
              28         -45.38334930895810    0.4979947
              29         -45.38342248061585    0.4999745
              30         -45.38342904586115    0.5000000
              31         -45.38342909394277    0.4999952
              32         -45.38342909394532    0.4999952
Termination criterion satisfied: band energy change below threshold.
Final occupancy bounds: [   -0.00000000000000:    1.00000000000000]
Closest occupancy to 0.5:     1.00000000000000
================================================================================
 
======= Optimisation of K by Palser-Manolopoulos canonical purification ======== 
         Iteration  |  Band structure energy |    c_n   
               1         -33.80532518198611    0.5242968
               2         -35.03451236133002    0.5177088
               3         -36.45630913441119    0.5089322
               4         -38.01518460110192    0.5015183
               5         -39.76042439204018    0.4985227
               6         -41.57793336382323    0.5113372
               7         -43.08556295845955    0.5635956
               8         -43.90087408184078    0.6573574
               9         -44.19403872372231    0.7466886
              10         -44.28742631385974    0.7997092
              11         -44.31378815905872    0.8060386
              12         -44.32669533399533    0.7945029
              13         -44.33899247508570    0.7787295
              14         -44.35164099162425    0.7588567
              15         -44.36472426546150    0.7335439
              16         -44.37827098050633    0.7011995
              17         -44.39217491185464    0.6604278
              18         -44.40599526620031    0.6114935
              19         -44.41860880453869    0.5594940
              20         -44.42804942219537    0.5172189
              21         -44.43278671901461    0.4989216
              22         -44.43408349247639    0.4994268
              23         -44.43428106623102    0.4999969
              24         -44.43428919990016    0.5000000
              25         -44.43428921361711    0.5003468
              26         -44.43428921361713    0.5003468
Termination criterion satisfied: band energy change below threshold.
Final occupancy bounds: [    0.00000000000000:    1.00000000000000]
Closest occupancy to 0.5:     1.00000000000000
================================================================================

Writing density kernel to file "Fe_EtOH_3_LowSpin.dkn" ... done

>>> Optimising kernel for current NGWFs:
   Initial electron number for spin 1:      37.00000000
   Initial electron number for spin 2:      36.00000000
     Final electron number for spin 1:      37.00000000
     Final electron number for spin 2:      36.00000000

=================== Penalty functional idempotency correction ==================
 RMS occupancy error at iteration   1:  0.000000 (step -0.5000 Ne1=     37.0000)
                                                               Ne2=     36.0000
            Final RMS occupancy error   :  0.000000 (Ne1=     37.0000)
                                                     Ne2=     36.0000
            Final occupancy bounds spin 1: [ -0.000,  1.000]
            Final occupancy bounds spin 2: [ -0.000,  1.000]
================================================================================

................................................................................
<<<<<<<<<<<<<< LNV (Original version) density kernel optimisation >>>>>>>>>>>>>>
~~~~~~~~~~~~~~~~~~~~~~~~~~~~~~~~~~~~~~~~~~~~~~~~~~~~~~~~~~~~~~~~~~~~~~~~~~~~~~~~
   iter  |      energy (Eh)       | rms gradient |  commutator  |   dE (Eh)
      ideal mu1:      -0.079897263438
      ideal mu2:      -0.066284873005
             Q0:        -208.895133599931
             G0:     -14.078097262087
   RMS gradient:       0.079197628236
    Initial Ne1:      37.00000000
    Initial Ne2:      36.00000000
      Final Ne1:      37.00000000
      Final Ne2:      36.00000000

=================== Penalty functional idempotency correction ==================
 RMS occupancy error at iteration   1:  0.003764 (step -0.4869 Ne1=     37.0000)
                                                               Ne2=     36.0000
 RMS occupancy error at iteration   2:  0.000042 (step -0.5002 Ne1=     37.0000)
                                                               Ne2=     36.0000
            Final RMS occupancy error   :  0.000000 (Ne1=     37.0000)
                                                     Ne2=     36.0000
            Final occupancy bounds spin 1: [  0.000,  1.000]
            Final occupancy bounds spin 2: [  0.000,  1.000]
================================================================================

    1        -2.088951335999E+02     7.9198E-02     5.1470E-02
      ideal mu1:      -0.214259865015
      ideal mu2:      -0.207103040918
             Q0:        -210.238868719259
             G0:     -24.169060974427
   RMS gradient:       0.075309451520
    Initial Ne1:      36.99999984
    Initial Ne2:      35.99999969
      Final Ne1:      37.00000000
      Final Ne2:      36.00000000

=================== Penalty functional idempotency correction ==================
 RMS occupancy error at iteration   1:  0.020700 (step -0.4269 Ne1=     37.0000)
                                                               Ne2=     36.0000
 RMS occupancy error at iteration   2:  0.001345 (step -0.5037 Ne1=     37.0000)
                                                               Ne2=     36.0000
 RMS occupancy error at iteration   3:  0.000018 (step -0.5001 Ne1=     37.0000)
                                                               Ne2=     36.0000
            Final RMS occupancy error   :  0.000000 (Ne1=     37.0000)
                                                     Ne2=     36.0000
            Final occupancy bounds spin 1: [ -0.000,  1.000]
            Final occupancy bounds spin 2: [ -0.000,  1.000]
================================================================================

    2        -2.102388687193E+02     7.5309E-02     4.8994E-02    -1.3437E+00
      ideal mu1:      -0.484191975163
      ideal mu2:      -0.489134216104
             Q0:        -212.230652057855
             G0:     -21.868342062860
   RMS gradient:       0.066409913232
    Initial Ne1:      36.99999990
    Initial Ne2:      35.99999976
      Final Ne1:      37.00000000
      Final Ne2:      36.00000000

=================== Penalty functional idempotency correction ==================
 RMS occupancy error at iteration   1:  0.046694 (step -0.3487 Ne1=     37.0000)
                                                               Ne2=     36.0000
 RMS occupancy error at iteration   2:  0.005621 (step -0.5056 Ne1=     37.0000)
                                                               Ne2=     36.0000
 RMS occupancy error at iteration   3:  0.000293 (step -0.5022 Ne1=     37.0000)
                                                               Ne2=     36.0000
            Final RMS occupancy error   :  0.000001 (Ne1=     37.0000)
                                                     Ne2=     36.0000
            Final occupancy bounds spin 1: [ -0.000,  1.000]
            Final occupancy bounds spin 2: [ -0.000,  1.000]
================================================================================

    3        -2.122306520579E+02     6.6410E-02     4.3249E-02    -1.9918E+00
      ideal mu1:      -0.789999364043
      ideal mu2:      -0.801515886696
             Q0:        -213.495671601898
             G0:      -9.871499594582
   RMS gradient:       0.053922787223
    Initial Ne1:      37.00001079
    Initial Ne2:      36.00000435
      Final Ne1:      37.00000000
      Final Ne2:      36.00000000

=================== Penalty functional idempotency correction ==================
 RMS occupancy error at iteration   1:  0.053076 (step -0.3298 Ne1=     37.0000)
                                                               Ne2=     36.0000
 RMS occupancy error at iteration   2:  0.006381 (step -0.5005 Ne1=     37.0000)
                                                               Ne2=     36.0000
 RMS occupancy error at iteration   3:  0.000340 (step -0.5027 Ne1=     37.0000)
                                                               Ne2=     36.0000
            Final RMS occupancy error   :  0.000001 (Ne1=     37.0000)
                                                     Ne2=     36.0000
            Final occupancy bounds spin 1: [ -0.000,  1.000]
            Final occupancy bounds spin 2: [ -0.000,  1.000]
================================================================================

    4        -2.134956716019E+02     5.3923E-02     3.5064E-02    -1.2650E+00
      ideal mu1:      -0.984469596336
      ideal mu2:      -0.994748636499
    5        -2.139615778734E+02     5.2443E-02     3.4057E-02    -4.6591E-01
Finished density kernel iterations (   5)

Writing density kernel to file "Fe_EtOH_3_LowSpin.dkn" ... done


>>> Density kernel optimised for the current NGWF basis:
     ~~~~~~~~~~~~~~~~~~~~~~~~~~~~~~~~~~~~~~~~~~~~~~~~~~~~~~~~~~~
     Total energy                =  -2.13961577873407E+02  Eh
     Estimated bandgap (UP spin) =  -3.3367E-01  Eh
     Estimated bandgap (DN spin) =  -3.2804E-01  Eh
     RMS occupancy error         =   8.8123E-07
     [H,K] commutator            =   3.4057E-02
     UP spin occupancy bounds    = [ -0.000:  1.000]
     DN spin occupancy bounds    = [ -0.000:  1.000]
     ~~~~~~~~~~~~~~~~~~~~~~~~~~~~~~~~~~~~~~~~~~~~~~~~~~~~~~~~~~~




################################################################################
########################### NGWF CG iteration  001 #############################
################################################################################
****** Reciprocal space K.E. preconditioning with k_zero =  3.0000 a0^-1 *******

>>> Checking for convergence of NGWFs:   NOT CONVERGED
  ========================================================================
         NGWF RMS gradient =  1.2043E-03 >  2.0000E-06  | above tolerance
  ========================================================================

>>> Improving NGWFs using line search:
============ Calculation of NGWF S^-1 using Hotelling algorithm ================ 
     Iteration  |  Spin  |  Frobenius norm and Maximum abs value (of I-S*S_n^-1)
         1           1      0.73637567E-01     0.20345561E-01
         2           1      0.86389923E-03     0.29996886E-03
         3           1      0.23175081E-06     0.88015482E-07
         4           1      0.20373217E-13     0.79936058E-14
================================================================================
============ Calculation of NGWF S^-1 using Hotelling algorithm ================ 
     Iteration  |  Spin  |  Frobenius norm and Maximum abs value (of I-S*S_n^-1)
         1           1      0.66033281E+00     0.17432281E+00
         2           1      0.69575902E-01     0.23548796E-01
         3           1      0.15398876E-02     0.59634486E-03
         4           1      0.98309135E-06     0.40660999E-06
         5           1      0.55965001E-12     0.21804780E-12
================================================================================
------------------------------- NGWF line search -------------------------------
RMS gradient                =       0.00120426306229
Trial step length           =               0.122474
Gradient along search dir.  =         -3.18355729810
Functional at step 0        =    -213.96157787340712
Functional at step 1        =    -214.33185357615295
Functional predicted        =    -215.89782984107208
Selected quadratic step     =               1.216408
Conjugate gradients coeff.  =               0.000000
--------------------------- NGWF line search finished --------------------------
                                               
Writing NGWFs to file "Fe_EtOH_3_LowSpin.tightbox_ngwfs".... done

>>> Optimising kernel for current NGWFs:
   Initial electron number for spin 1:      37.39899663
   Initial electron number for spin 2:      36.44752907
     Final electron number for spin 1:      37.00000000
     Final electron number for spin 2:      36.00000000

=================== Penalty functional idempotency correction ==================
 RMS occupancy error at iteration   1:  0.009526 (step -0.4823 Ne1=     37.0000)
                                                               Ne2=     36.0000
 RMS occupancy error at iteration   2:  0.000336 (step -0.5024 Ne1=     37.0000)
                                                               Ne2=     36.0000
 RMS occupancy error at iteration   3:  0.000001 (step -0.5000 Ne1=     37.0000)
                                                               Ne2=     36.0000
            Final RMS occupancy error   :  0.000000 (Ne1=     37.0000)
                                                     Ne2=     36.0000
            Final occupancy bounds spin 1: [  0.000,  1.000]
            Final occupancy bounds spin 2: [  0.000,  1.000]
================================================================================

................................................................................
<<<<<<<<<<<<<< LNV (Original version) density kernel optimisation >>>>>>>>>>>>>>
~~~~~~~~~~~~~~~~~~~~~~~~~~~~~~~~~~~~~~~~~~~~~~~~~~~~~~~~~~~~~~~~~~~~~~~~~~~~~~~~
   iter  |      energy (Eh)       | rms gradient |  commutator  |   dE (Eh)
      ideal mu1:      -0.901462153230
      ideal mu2:      -0.910967199615
             Q0:        -215.847948802363
             G0:      -0.991133446166
   RMS gradient:       0.021013880636
     Trial step:       0.500000000000
             Q1:        -216.081557499237
 Quadratic coef:       0.261958026209
 Linear coef   :      -0.495566723083
           Qmin:        -216.082324496612
Quadratic minimum step length (  0.472944778840) accepted
    Initial Ne1:      37.00000000
    Initial Ne2:      36.00000000
      Final Ne1:      37.00000000
      Final Ne2:      36.00000000

=================== Penalty functional idempotency correction ==================
 RMS occupancy error at iteration   1:  0.007553 (step -0.4684 Ne1=     37.0000)
                                                               Ne2=     36.0000
 RMS occupancy error at iteration   2:  0.000123 (step -0.4998 Ne1=     37.0000)
                                                               Ne2=     36.0000
            Final RMS occupancy error   :  0.000000 (Ne1=     37.0000)
                                                     Ne2=     36.0000
            Final occupancy bounds spin 1: [  0.000,  1.000]
            Final occupancy bounds spin 2: [  0.000,  1.000]
================================================================================

    1        -2.158479488024E+02     2.1014E-02     1.3651E-02
      ideal mu1:      -0.940567631849
      ideal mu2:      -0.948873556359
             Q0:        -216.094402527706
             G0:      -1.320979686501
   RMS gradient:       0.023595333324
     Trial step:       0.486284268119
             Q1:        -216.157469217343
 Quadratic coef:       0.579304950414
 Linear coef   :      -0.642371640050
           Qmin:        -216.272478566780
Quadratic minimum step length (  0.269612077904) accepted
    Initial Ne1:      36.99999902
    Initial Ne2:      35.99999624
      Final Ne1:      37.00000000
      Final Ne2:      36.00000000

=================== Penalty functional idempotency correction ==================
 RMS occupancy error at iteration   1:  0.017455 (step -0.4324 Ne1=     37.0000)
                                                               Ne2=     36.0000
 RMS occupancy error at iteration   2:  0.000694 (step -0.4995 Ne1=     37.0000)
                                                               Ne2=     36.0000
 RMS occupancy error at iteration   3:  0.000003 (step -0.5000 Ne1=     37.0000)
                                                               Ne2=     36.0000
            Final RMS occupancy error   :  0.000000 (Ne1=     37.0000)
                                                     Ne2=     36.0000
            Final occupancy bounds spin 1: [  0.000,  1.000]
            Final occupancy bounds spin 2: [  0.000,  1.000]
================================================================================

    2        -2.160944025277E+02     2.3595E-02     1.5312E-02    -2.4645E-01
      ideal mu1:      -0.956983185243
      ideal mu2:      -0.964545336824
             Q0:        -216.322891576574
             G0:      -0.387621048457
   RMS gradient:       0.011298409578
     Trial step:       0.362088541630
             Q1:        -216.383598806206
 Quadratic coef:       0.079645910510
 Linear coef   :      -0.140353140141
           Qmin:        -216.384724644404
Quadratic minimum step length (  0.319038752282) accepted
    Initial Ne1:      36.99999973
    Initial Ne2:      35.99999897
      Final Ne1:      37.00000000
      Final Ne2:      36.00000000

=================== Penalty functional idempotency correction ==================
 RMS occupancy error at iteration   1:  0.008209 (step -0.4658 Ne1=     37.0000)
                                                               Ne2=     36.0000
 RMS occupancy error at iteration   2:  0.000171 (step -0.4999 Ne1=     37.0000)
                                                               Ne2=     36.0000
 RMS occupancy error at iteration   3:  0.000000 (step -0.5000 Ne1=     37.0000)
                                                               Ne2=     36.0000
            Final RMS occupancy error   :  0.000000 (Ne1=     37.0000)
                                                     Ne2=     36.0000
            Final occupancy bounds spin 1: [  0.000,  1.000]
            Final occupancy bounds spin 2: [  0.000,  1.000]
================================================================================

    3        -2.163228915766E+02     1.1298E-02     7.3398E-03    -2.2849E-01
      ideal mu1:      -0.968267465470
      ideal mu2:      -0.975531914444
             Q0:        -216.392659361628
             G0:      -0.307013583794
   RMS gradient:       0.010626526954
     Trial step:       0.339882739393
             Q1:        -216.437089433503
 Quadratic coef:       0.059918546016
 Linear coef   :      -0.104348617891
           Qmin:        -216.438090345772
Quadratic minimum step length (  0.295954228357) accepted
    Initial Ne1:      36.99999978
    Initial Ne2:      35.99999916
      Final Ne1:      37.00000000
      Final Ne2:      36.00000000

=================== Penalty functional idempotency correction ==================
 RMS occupancy error at iteration   1:  0.010665 (step -0.4566 Ne1=     37.0000)
                                                               Ne2=     36.0000
 RMS occupancy error at iteration   2:  0.000280 (step -0.4999 Ne1=     37.0000)
                                                               Ne2=     36.0000
 RMS occupancy error at iteration   3:  0.000001 (step -0.5000 Ne1=     37.0000)
                                                               Ne2=     36.0000
            Final RMS occupancy error   :  0.000000 (Ne1=     37.0000)
                                                     Ne2=     36.0000
            Final occupancy bounds spin 1: [  0.000,  1.000]
            Final occupancy bounds spin 2: [  0.000,  1.000]
================================================================================

    4        -2.163926593616E+02     1.0627E-02     6.9002E-03    -6.9768E-02
      ideal mu1:      -0.979401036536
      ideal mu2:      -0.986123395879
    5        -2.164489506951E+02     7.2126E-03     4.6913E-03    -5.6291E-02
Finished density kernel iterations (   5)

Writing density kernel to file "Fe_EtOH_3_LowSpin.dkn" ... done


>>> Density kernel optimised for the current NGWF basis:
     ~~~~~~~~~~~~~~~~~~~~~~~~~~~~~~~~~~~~~~~~~~~~~~~~~~~~~~~~~~~
     Total energy                =  -2.16448950695075E+02  Eh
     Estimated bandgap (UP spin) =  -4.3953E-02  Eh
     Estimated bandgap (DN spin) =  -4.7079E-02  Eh
     RMS occupancy error         =   3.4411E-12
     [H,K] commutator            =   4.6913E-03
     UP spin occupancy bounds    = [  0.000:  1.000]
     DN spin occupancy bounds    = [  0.000:  1.000]
     ~~~~~~~~~~~~~~~~~~~~~~~~~~~~~~~~~~~~~~~~~~~~~~~~~~~~~~~~~~~




################################################################################
########################### NGWF CG iteration  002 #############################
################################################################################
****** Reciprocal space K.E. preconditioning with k_zero =  3.0000 a0^-1 *******

>>> Checking for convergence of NGWFs:   NOT CONVERGED
  ========================================================================
         NGWF RMS gradient =  5.4878E-04 >  2.0000E-06  | above tolerance
  ========================================================================

>>> Improving NGWFs using line search:
============ Calculation of NGWF S^-1 using Hotelling algorithm ================ 
     Iteration  |  Spin  |  Frobenius norm and Maximum abs value (of I-S*S_n^-1)
         1           1      0.74794027E-01     0.17541065E-01
         2           1      0.80907239E-03     0.26741530E-03
         3           1      0.19765530E-06     0.71136546E-07
         4           1      0.18227701E-13     0.64392935E-14
================================================================================
============ Calculation of NGWF S^-1 using Hotelling algorithm ================ 
     Iteration  |  Spin  |  Frobenius norm and Maximum abs value (of I-S*S_n^-1)
         1           1      0.10071043E+00     0.22674582E-01
         2           1      0.14470933E-02     0.45290357E-03
         3           1      0.59983835E-06     0.20431352E-06
         4           1      0.14849022E-12     0.47295501E-13
================================================================================
------------------------------- NGWF line search -------------------------------
RMS gradient                =       0.00054877768947
Trial step length           =               0.385978
Gradient along search dir.  =         -0.61089947008
Functional at step 0        =    -216.44895069507470
Functional at step 1        =    -216.63358269506827
Functional predicted        =    -216.72063185918375
Selected quadratic step     =               0.889446
Conjugate gradients coeff.  =               0.207659
--------------------------- NGWF line search finished --------------------------
                                               
Writing NGWFs to file "Fe_EtOH_3_LowSpin.tightbox_ngwfs".... done

>>> Optimising kernel for current NGWFs:
   Initial electron number for spin 1:      37.28628088
   Initial electron number for spin 2:      36.29287840
     Final electron number for spin 1:      37.00000000
     Final electron number for spin 2:      36.00000000

=================== Penalty functional idempotency correction ==================
 RMS occupancy error at iteration   1:  0.005409 (step -0.4909 Ne1=     37.0000)
                                                               Ne2=     36.0000
 RMS occupancy error at iteration   2:  0.000088 (step -0.5007 Ne1=     37.0000)
                                                               Ne2=     36.0000
            Final RMS occupancy error   :  0.000000 (Ne1=     37.0000)
                                                     Ne2=     36.0000
            Final occupancy bounds spin 1: [  0.000,  1.000]
            Final occupancy bounds spin 2: [  0.000,  1.000]
================================================================================

................................................................................
<<<<<<<<<<<<<< LNV (Original version) density kernel optimisation >>>>>>>>>>>>>>
~~~~~~~~~~~~~~~~~~~~~~~~~~~~~~~~~~~~~~~~~~~~~~~~~~~~~~~~~~~~~~~~~~~~~~~~~~~~~~~~
   iter  |      energy (Eh)       | rms gradient |  commutator  |   dE (Eh)
      ideal mu1:      -0.953173338845
      ideal mu2:      -0.960830095568
             Q0:        -216.722483672037
             G0:      -0.189875081026
   RMS gradient:       0.009197592860
     Trial step:       0.317158846430
             Q1:        -216.740980874628
 Quadratic coef:       0.041723359073
 Linear coef   :      -0.060220561664
           Qmin:        -216.744213202734
Quadratic minimum step length (  0.228882384990) accepted
    Initial Ne1:      36.99999684
    Initial Ne2:      35.99999880
      Final Ne1:      37.00000000
      Final Ne2:      36.00000000

=================== Penalty functional idempotency correction ==================
 RMS occupancy error at iteration   1:  0.000334 (step -0.4986 Ne1=     37.0000)
                                                               Ne2=     36.0000
 RMS occupancy error at iteration   2:  0.000000 (step -0.5000 Ne1=     37.0000)
                                                               Ne2=     36.0000
            Final RMS occupancy error   :  0.000000 (Ne1=     37.0000)
                                                     Ne2=     36.0000
            Final occupancy bounds spin 1: [  0.000,  1.000]
            Final occupancy bounds spin 2: [  0.000,  1.000]
================================================================================

    1        -2.167224836720E+02     9.1976E-03     5.9748E-03
      ideal mu1:      -0.965728328577
      ideal mu2:      -0.972458438745
             Q0:        -216.744409707527
             G0:      -0.051224405991
   RMS gradient:       0.004772835883
     Trial step:       0.269429161732
             Q1:        -216.754920426327
 Quadratic coef:       0.003290629967
 Linear coef   :      -0.013801348766
           Qmin:        -216.758880890073
Quadratic minimum step length (  0.565011238897) accepted
    Initial Ne1:      36.99999790
    Initial Ne2:      35.99999920
      Final Ne1:      37.00000000
      Final Ne2:      36.00000000

=================== Penalty functional idempotency correction ==================
 RMS occupancy error at iteration   1:  0.001206 (step -0.4924 Ne1=     37.0000)
                                                               Ne2=     36.0000
 RMS occupancy error at iteration   2:  0.000009 (step -0.5000 Ne1=     37.0000)
                                                               Ne2=     36.0000
            Final RMS occupancy error   :  0.000000 (Ne1=     37.0000)
                                                     Ne2=     36.0000
            Final occupancy bounds spin 1: [  0.000,  1.000]
            Final occupancy bounds spin 2: [  0.000,  1.000]
================================================================================

    2        -2.167444097075E+02     4.7728E-03     3.1036E-03    -2.1926E-02
      ideal mu1:      -0.970406061209
      ideal mu2:      -0.976776203237
             Q0:        -216.759005289139
             G0:      -0.081913576664
   RMS gradient:       0.006005038032
     Trial step:       0.390167277543
             Q1:        -216.779450985826
 Quadratic coef:       0.011514300513
 Linear coef   :      -0.031959997201
           Qmin:        -216.781182958982
Quadratic minimum step length (  0.541489475786) accepted
    Initial Ne1:      36.99999681
    Initial Ne2:      35.99999875
      Final Ne1:      37.00000000
      Final Ne2:      36.00000000

=================== Penalty functional idempotency correction ==================
 RMS occupancy error at iteration   1:  0.006468 (step -0.4538 Ne1=     37.0000)
                                                               Ne2=     36.0000
 RMS occupancy error at iteration   2:  0.000266 (step -0.4998 Ne1=     37.0000)
                                                               Ne2=     36.0000
 RMS occupancy error at iteration   3:  0.000001 (step -0.5000 Ne1=     37.0000)
                                                               Ne2=     36.0000
            Final RMS occupancy error   :  0.000000 (Ne1=     37.0000)
                                                     Ne2=     36.0000
            Final occupancy bounds spin 1: [  0.000,  1.000]
            Final occupancy bounds spin 2: [  0.000,  1.000]
================================================================================

    3        -2.167590052891E+02     6.0050E-03     3.8992E-03    -1.4596E-02
      ideal mu1:      -0.974561845344
      ideal mu2:      -0.980877521134
             Q0:        -216.782726565925
             G0:      -0.038985750750
   RMS gradient:       0.003983905745
     Trial step:       0.459642768447
             Q1:        -216.791296312045
 Quadratic coef:       0.009349772285
 Linear coef   :      -0.017919518404
           Qmin:        -216.791312580913
Quadratic minimum step length (  0.440469393157) accepted
    Initial Ne1:      36.99999886
    Initial Ne2:      35.99999955
      Final Ne1:      37.00000000
      Final Ne2:      36.00000000

=================== Penalty functional idempotency correction ==================
 RMS occupancy error at iteration   1:  0.004219 (step -0.4678 Ne1=     37.0000)
                                                               Ne2=     36.0000
 RMS occupancy error at iteration   2:  0.000117 (step -0.4999 Ne1=     37.0000)
                                                               Ne2=     36.0000
            Final RMS occupancy error   :  0.000000 (Ne1=     37.0000)
                                                     Ne2=     36.0000
            Final occupancy bounds spin 1: [  0.000,  1.000]
            Final occupancy bounds spin 2: [  0.000,  1.000]
================================================================================

    4        -2.167827265659E+02     3.9839E-03     2.5886E-03    -2.3721E-02
      ideal mu1:      -0.977962558145
      ideal mu2:      -0.984161951336
    5        -2.167918106744E+02     3.1635E-03     2.0579E-03    -9.0841E-03
Finished density kernel iterations (   5)

Writing density kernel to file "Fe_EtOH_3_LowSpin.dkn" ... done


>>> Density kernel optimised for the current NGWF basis:
     ~~~~~~~~~~~~~~~~~~~~~~~~~~~~~~~~~~~~~~~~~~~~~~~~~~~~~~~~~~~
     Total energy                =  -2.16791810674394E+02  Eh
     Estimated bandgap (UP spin) =  -1.3270E-02  Eh
     Estimated bandgap (DN spin) =  -1.0025E-02  Eh
     RMS occupancy error         =   1.1955E-07
     [H,K] commutator            =   2.0579E-03
     UP spin occupancy bounds    = [  0.000:  1.000]
     DN spin occupancy bounds    = [  0.000:  1.000]
     ~~~~~~~~~~~~~~~~~~~~~~~~~~~~~~~~~~~~~~~~~~~~~~~~~~~~~~~~~~~




################################################################################
########################### NGWF CG iteration  003 #############################
################################################################################
****** Reciprocal space K.E. preconditioning with k_zero =  3.0000 a0^-1 *******

>>> Checking for convergence of NGWFs:   NOT CONVERGED
  ========================================================================
         NGWF RMS gradient =  2.4346E-04 >  2.0000E-06  | above tolerance
  ========================================================================

>>> Improving NGWFs using line search:
============ Calculation of NGWF S^-1 using Hotelling algorithm ================ 
     Iteration  |  Spin  |  Frobenius norm and Maximum abs value (of I-S*S_n^-1)
         1           1      0.41929351E-01     0.71612191E-02
         2           1      0.22148675E-03     0.54857090E-04
         3           1      0.12222458E-07     0.38626391E-08
         4           1      0.66202740E-14     0.15543122E-14
================================================================================
============ Calculation of NGWF S^-1 using Hotelling algorithm ================ 
     Iteration  |  Spin  |  Frobenius norm and Maximum abs value (of I-S*S_n^-1)
         1           1      0.17856058E-01     0.30827204E-02
         2           1      0.40365631E-04     0.93692791E-05
         3           1      0.39374841E-09     0.11452050E-09
         4           1      0.58152410E-14     0.13322676E-14
================================================================================
------------------------------- NGWF line search -------------------------------
RMS gradient                =       0.00024345739021
Trial step length           =               0.585924
Gradient along search dir.  =         -0.13652118692
Functional at step 0        =    -216.79181067439424
Functional at step 1        =    -216.84338801850885
Functional predicted        =    -216.84810895413119
Selected quadratic step     =               0.824755
Conjugate gradients coeff.  =               0.196813
--------------------------- NGWF line search finished --------------------------
                                               
Writing NGWFs to file "Fe_EtOH_3_LowSpin.tightbox_ngwfs".... done

>>> Optimising kernel for current NGWFs:
   Initial electron number for spin 1:      37.08541960
   Initial electron number for spin 2:      36.08747519
     Final electron number for spin 1:      37.00000000
     Final electron number for spin 2:      36.00000000

=================== Penalty functional idempotency correction ==================
 RMS occupancy error at iteration   1:  0.001783 (step -0.4975 Ne1=     37.0000)
                                                               Ne2=     36.0000
 RMS occupancy error at iteration   2:  0.000016 (step -0.5002 Ne1=     37.0000)
                                                               Ne2=     36.0000
            Final RMS occupancy error   :  0.000000 (Ne1=     37.0000)
                                                     Ne2=     36.0000
            Final occupancy bounds spin 1: [ -0.000,  1.000]
            Final occupancy bounds spin 2: [ -0.000,  1.000]
================================================================================

................................................................................
<<<<<<<<<<<<<< LNV (Original version) density kernel optimisation >>>>>>>>>>>>>>
~~~~~~~~~~~~~~~~~~~~~~~~~~~~~~~~~~~~~~~~~~~~~~~~~~~~~~~~~~~~~~~~~~~~~~~~~~~~~~~~
   iter  |      energy (Eh)       | rms gradient |  commutator  |   dE (Eh)
      ideal mu1:      -0.978856999501
      ideal mu2:      -0.984754909732
             Q0:        -216.848117937849
             G0:      -0.015443861361
   RMS gradient:       0.002623119901
     Trial step:       0.449953965742
             Q1:        -216.851697628105
 Quadratic coef:       0.003369336410
 Linear coef   :      -0.006949026666
           Qmin:        -216.851700911299
Quadratic minimum step length (  0.463999690965) accepted
    Initial Ne1:      36.99999999
    Initial Ne2:      36.00000002
      Final Ne1:      37.00000000
      Final Ne2:      36.00000000

=================== Penalty functional idempotency correction ==================
 RMS occupancy error at iteration   1:  0.000103 (step -0.4994 Ne1=     37.0000)
                                                               Ne2=     36.0000
            Final RMS occupancy error   :  0.000000 (Ne1=     37.0000)
                                                     Ne2=     36.0000
            Final occupancy bounds spin 1: [ -0.000,  1.000]
            Final occupancy bounds spin 2: [ -0.000,  1.000]
================================================================================

    1        -2.168481179378E+02     2.6231E-03     1.7054E-03
      ideal mu1:      -0.975384850916
      ideal mu2:      -0.981253726865
             Q0:        -216.851702814941
             G0:      -0.013755042480
   RMS gradient:       0.002464876243
     Trial step:       0.456922861162
             Q1:        -216.855765506364
 Quadratic coef:       0.002222301943
 Linear coef   :      -0.006284993366
           Qmin:        -216.856146533957
Quadratic minimum step length (  0.646122179877) accepted
    Initial Ne1:      37.00000456
    Initial Ne2:      36.00000212
      Final Ne1:      37.00000000
      Final Ne2:      36.00000000

=================== Penalty functional idempotency correction ==================
 RMS occupancy error at iteration   1:  0.000777 (step -0.4938 Ne1=     37.0000)
                                                               Ne2=     36.0000
 RMS occupancy error at iteration   2:  0.000004 (step -0.5000 Ne1=     37.0000)
                                                               Ne2=     36.0000
            Final RMS occupancy error   :  0.000000 (Ne1=     37.0000)
                                                     Ne2=     36.0000
            Final occupancy bounds spin 1: [  0.000,  1.000]
            Final occupancy bounds spin 2: [  0.000,  1.000]
================================================================================

    2        -2.168517028149E+02     2.4649E-03     1.6019E-03    -3.5849E-03
      ideal mu1:      -0.970644478983
      ideal mu2:      -0.976728931410
             Q0:        -216.856171979474
             G0:      -0.025014656332
   RMS gradient:       0.003310289346
     Trial step:       0.543348870515
             Q1:        -216.861290912272
 Quadratic coef:       0.008472752466
 Linear coef   :      -0.013591685264
           Qmin:        -216.861622802836
Quadratic minimum step length (  0.435810373669) accepted
    Initial Ne1:      37.00000554
    Initial Ne2:      36.00000258
      Final Ne1:      37.00000000
      Final Ne2:      36.00000000

=================== Penalty functional idempotency correction ==================
 RMS occupancy error at iteration   1:  0.002881 (step -0.4751 Ne1=     37.0000)
                                                               Ne2=     36.0000
 RMS occupancy error at iteration   2:  0.000052 (step -0.4999 Ne1=     37.0000)
                                                               Ne2=     36.0000
            Final RMS occupancy error   :  0.000000 (Ne1=     37.0000)
                                                     Ne2=     36.0000
            Final occupancy bounds spin 1: [  0.000,  1.000]
            Final occupancy bounds spin 2: [  0.000,  1.000]
================================================================================

    3        -2.168561719795E+02     3.3103E-03     2.1498E-03    -4.4692E-03
      ideal mu1:      -0.971791103564
      ideal mu2:      -0.977786935570
             Q0:        -216.861842820939
             G0:      -0.016668609496
   RMS gradient:       0.002639154767
     Trial step:       0.486617996268
             Q1:        -216.866271381667
 Quadratic coef:       0.003682684625
 Linear coef   :      -0.008111245353
           Qmin:        -216.866309148352
Quadratic minimum step length (  0.535896820298) accepted
    Initial Ne1:      37.00000382
    Initial Ne2:      36.00000103
      Final Ne1:      37.00000000
      Final Ne2:      36.00000000

=================== Penalty functional idempotency correction ==================
 RMS occupancy error at iteration   1:  0.004474 (step -0.4594 Ne1=     37.0000)
                                                               Ne2=     36.0000
 RMS occupancy error at iteration   2:  0.000115 (step -0.4996 Ne1=     37.0000)
                                                               Ne2=     36.0000
            Final RMS occupancy error   :  0.000000 (Ne1=     37.0000)
                                                     Ne2=     36.0000
            Final occupancy bounds spin 1: [ -0.000,  1.000]
            Final occupancy bounds spin 2: [  0.000,  1.000]
================================================================================

    4        -2.168618428209E+02     2.6392E-03     1.7157E-03    -5.6708E-03
      ideal mu1:      -0.979809190264
      ideal mu2:      -0.984820787049
    5        -2.168666286430E+02     2.4109E-03     1.5642E-03    -4.7858E-03
Finished density kernel iterations (   5)

Writing density kernel to file "Fe_EtOH_3_LowSpin.dkn" ... done


>>> Density kernel optimised for the current NGWF basis:
     ~~~~~~~~~~~~~~~~~~~~~~~~~~~~~~~~~~~~~~~~~~~~~~~~~~~~~~~~~~~
     Total energy                =  -2.16866628643038E+02  Eh
     Estimated bandgap (UP spin) =  -7.3398E-03  Eh
     Estimated bandgap (DN spin) =   8.2616E-03  Eh
     RMS occupancy error         =   9.9122E-08
     [H,K] commutator            =   1.5642E-03
     UP spin occupancy bounds    = [ -0.000:  1.000]
     DN spin occupancy bounds    = [  0.000:  1.000]
     ~~~~~~~~~~~~~~~~~~~~~~~~~~~~~~~~~~~~~~~~~~~~~~~~~~~~~~~~~~~




################################################################################
########################### NGWF CG iteration  004 #############################
################################################################################
****** Reciprocal space K.E. preconditioning with k_zero =  3.0000 a0^-1 *******

>>> Checking for convergence of NGWFs:   NOT CONVERGED
  ========================================================================
         NGWF RMS gradient =  1.6170E-04 >  2.0000E-06  | above tolerance
  ========================================================================

>>> Improving NGWFs using line search:
============ Calculation of NGWF S^-1 using Hotelling algorithm ================ 
     Iteration  |  Spin  |  Frobenius norm and Maximum abs value (of I-S*S_n^-1)
         1           1      0.42892226E-01     0.56739479E-02
         2           1      0.23951510E-03     0.35055611E-04
         3           1      0.14518797E-07     0.22492249E-08
         4           1      0.61505613E-14     0.11102230E-14
================================================================================
============ Calculation of NGWF S^-1 using Hotelling algorithm ================ 
     Iteration  |  Spin  |  Frobenius norm and Maximum abs value (of I-S*S_n^-1)
         1           1      0.29188354E-02     0.38558242E-03
         2           1      0.11248350E-05     0.15924566E-06
         3           1      0.30266327E-12     0.45823371E-13
================================================================================
------------------------------- NGWF line search -------------------------------
RMS gradient                =       0.00016170138256
Trial step length           =               0.695157
Gradient along search dir.  =         -0.05798321330
Functional at step 0        =    -216.86662864303847
Functional at step 1        =    -216.88538505672852
Functional predicted        =    -216.88547565483978
Selected quadratic step     =               0.650085
Conjugate gradients coeff.  =               0.441145
--------------------------- NGWF line search finished --------------------------
                                               
Writing NGWFs to file "Fe_EtOH_3_LowSpin.tightbox_ngwfs".... done

>>> Optimising kernel for current NGWFs:
   Initial electron number for spin 1:      37.03622982
   Initial electron number for spin 2:      36.03727105
     Final electron number for spin 1:      37.00000000
     Final electron number for spin 2:      36.00000000

=================== Penalty functional idempotency correction ==================
 RMS occupancy error at iteration   1:  0.001019 (step -0.4983 Ne1=     37.0000)
                                                               Ne2=     36.0000
 RMS occupancy error at iteration   2:  0.000007 (step -0.5000 Ne1=     37.0000)
                                                               Ne2=     36.0000
            Final RMS occupancy error   :  0.000000 (Ne1=     37.0000)
                                                     Ne2=     36.0000
            Final occupancy bounds spin 1: [  0.000,  1.000]
            Final occupancy bounds spin 2: [  0.000,  1.000]
================================================================================

................................................................................
<<<<<<<<<<<<<< LNV (Original version) density kernel optimisation >>>>>>>>>>>>>>
~~~~~~~~~~~~~~~~~~~~~~~~~~~~~~~~~~~~~~~~~~~~~~~~~~~~~~~~~~~~~~~~~~~~~~~~~~~~~~~~
   iter  |      energy (Eh)       | rms gradient |  commutator  |   dE (Eh)
      ideal mu1:      -0.965881592085
      ideal mu2:      -0.972039286021
             Q0:        -216.885580116743
             G0:      -0.019129337954
   RMS gradient:       0.002919376885
     Trial step:       0.510663330287
             Q1:        -216.886246968500
 Quadratic coef:       0.009101799669
 Linear coef   :      -0.009768651426
           Qmin:        -216.888201206916
Quadratic minimum step length (  0.274038775350) accepted
    Initial Ne1:      36.99999999
    Initial Ne2:      36.00000000
      Final Ne1:      37.00000000
      Final Ne2:      36.00000000

=================== Penalty functional idempotency correction ==================
 RMS occupancy error at iteration   1:  0.000052 (step -0.4997 Ne1=     37.0000)
                                                               Ne2=     36.0000
            Final RMS occupancy error   :  0.000000 (Ne1=     37.0000)
                                                     Ne2=     36.0000
            Final occupancy bounds spin 1: [ -0.000,  1.000]
            Final occupancy bounds spin 2: [  0.000,  1.000]
================================================================================

    1        -2.168855801167E+02     2.9194E-03     1.8997E-03
      ideal mu1:      -0.972473274730
      ideal mu2:      -0.977719356651
             Q0:        -216.888205141188
             G0:      -0.008061408572
   RMS gradient:       0.001892734642
     Trial step:       0.374087628301
             Q1:        -216.890058818895
 Quadratic coef:       0.001161995507
 Linear coef   :      -0.003015673214
           Qmin:        -216.890161750504
Quadratic minimum step length (  0.485426162916) accepted
    Initial Ne1:      37.00000035
    Initial Ne2:      36.00000038
      Final Ne1:      37.00000000
      Final Ne2:      36.00000000

=================== Penalty functional idempotency correction ==================
 RMS occupancy error at iteration   1:  0.000178 (step -0.4989 Ne1=     37.0000)
                                                               Ne2=     36.0000
 RMS occupancy error at iteration   2:  0.000000 (step -0.5000 Ne1=     37.0000)
                                                               Ne2=     36.0000
            Final RMS occupancy error   :  0.000000 (Ne1=     37.0000)
                                                     Ne2=     36.0000
            Final occupancy bounds spin 1: [  0.000,  1.000]
            Final occupancy bounds spin 2: [  0.000,  1.000]
================================================================================

    2        -2.168882051412E+02     1.8927E-03     1.2314E-03    -2.6250E-03
      ideal mu1:      -0.976623291652
      ideal mu2:      -0.981331553850
             Q0:        -216.890168791305
             G0:      -0.007069514628
   RMS gradient:       0.001765712220
     Trial step:       0.426136036965
             Q1:        -216.891947750965
 Quadratic coef:       0.001233615286
 Linear coef   :      -0.003012574947
           Qmin:        -216.892008021069
Quadratic minimum step length (  0.520327027025) accepted
    Initial Ne1:      37.00000033
    Initial Ne2:      36.00000035
      Final Ne1:      37.00000000
      Final Ne2:      36.00000000

=================== Penalty functional idempotency correction ==================
 RMS occupancy error at iteration   1:  0.000451 (step -0.4967 Ne1=     37.0000)
                                                               Ne2=     36.0000
 RMS occupancy error at iteration   2:  0.000001 (step -0.5000 Ne1=     37.0000)
                                                               Ne2=     36.0000
            Final RMS occupancy error   :  0.000000 (Ne1=     37.0000)
                                                     Ne2=     36.0000
            Final occupancy bounds spin 1: [  0.000,  1.000]
            Final occupancy bounds spin 2: [  0.000,  1.000]
================================================================================

    3        -2.168901687913E+02     1.7657E-03     1.1454E-03    -1.9637E-03
      ideal mu1:      -0.976400957418
      ideal mu2:      -0.981284761807
             Q0:        -216.892021742823
             G0:      -0.005678368210
   RMS gradient:       0.001578219250
     Trial step:       0.470882254096
             Q1:        -216.893430375411
 Quadratic coef:       0.001265210234
 Linear coef   :      -0.002673842822
           Qmin:        -216.893434439947
Quadratic minimum step length (  0.497571510733) accepted
    Initial Ne1:      37.00000025
    Initial Ne2:      36.00000027
      Final Ne1:      37.00000000
      Final Ne2:      36.00000000

=================== Penalty functional idempotency correction ==================
 RMS occupancy error at iteration   1:  0.000706 (step -0.4943 Ne1=     37.0000)
                                                               Ne2=     36.0000
 RMS occupancy error at iteration   2:  0.000003 (step -0.5000 Ne1=     37.0000)
                                                               Ne2=     36.0000
            Final RMS occupancy error   :  0.000000 (Ne1=     37.0000)
                                                     Ne2=     36.0000
            Final occupancy bounds spin 1: [  0.000,  1.000]
            Final occupancy bounds spin 2: [  0.000,  1.000]
================================================================================

    4        -2.168920217428E+02     1.5782E-03     1.0233E-03    -1.8530E-03
      ideal mu1:      -0.973666194100
      ideal mu2:      -0.978790011940
    5        -2.168934523104E+02     1.5317E-03     9.9396E-04    -1.4306E-03
Finished density kernel iterations (   5)

Writing density kernel to file "Fe_EtOH_3_LowSpin.dkn" ... done


>>> Density kernel optimised for the current NGWF basis:
     ~~~~~~~~~~~~~~~~~~~~~~~~~~~~~~~~~~~~~~~~~~~~~~~~~~~~~~~~~~~
     Total energy                =  -2.16893452310381E+02  Eh
     Estimated bandgap (UP spin) =   8.2804E-04  Eh
     Estimated bandgap (DN spin) =   5.3792E-03  Eh
     RMS occupancy error         =   8.8929E-11
     [H,K] commutator            =   9.9396E-04
     UP spin occupancy bounds    = [  0.000:  1.000]
     DN spin occupancy bounds    = [  0.000:  1.000]
     ~~~~~~~~~~~~~~~~~~~~~~~~~~~~~~~~~~~~~~~~~~~~~~~~~~~~~~~~~~~




################################################################################
########################### NGWF CG iteration  005 #############################
################################################################################
****** Reciprocal space K.E. preconditioning with k_zero =  3.0000 a0^-1 *******

>>> Checking for convergence of NGWFs:   NOT CONVERGED
  ========================================================================
         NGWF RMS gradient =  8.6158E-05 >  2.0000E-06  | above tolerance
  ========================================================================

>>> Improving NGWFs using line search:
============ Calculation of NGWF S^-1 using Hotelling algorithm ================ 
     Iteration  |  Spin  |  Frobenius norm and Maximum abs value (of I-S*S_n^-1)
         1           1      0.14777691E-01     0.15849950E-02
         2           1      0.29588481E-04     0.74354537E-05
         3           1      0.25284152E-09     0.79062756E-10
         4           1      0.56250026E-14     0.11102230E-14
================================================================================
============ Calculation of NGWF S^-1 using Hotelling algorithm ================ 
     Iteration  |  Spin  |  Frobenius norm and Maximum abs value (of I-S*S_n^-1)
         1           1      0.26363262E-02     0.27430951E-03
         2           1      0.94848612E-06     0.22159296E-06
         3           1      0.25429961E-12     0.73052675E-13
================================================================================
------------------------------- NGWF line search -------------------------------
RMS gradient                =       0.00008615751634
Trial step length           =               0.672244
Gradient along search dir.  =         -0.01629507192
Functional at step 0        =    -216.89345231038084
Functional at step 1        =    -216.89973127229692
Functional predicted        =    -216.89986879018483
Selected quadratic step     =               0.787536
Conjugate gradients coeff.  =               0.000000
--------------------------- NGWF line search finished --------------------------
                                               
Writing NGWFs to file "Fe_EtOH_3_LowSpin.tightbox_ngwfs".... done

>>> Optimising kernel for current NGWFs:
   Initial electron number for spin 1:      36.99858688
   Initial electron number for spin 2:      35.99939107
     Final electron number for spin 1:      37.00000000
     Final electron number for spin 2:      36.00000000

=================== Penalty functional idempotency correction ==================
 RMS occupancy error at iteration   1:  0.000513 (step -0.5001 Ne1=     37.0000)
                                                               Ne2=     36.0000
 RMS occupancy error at iteration   2:  0.000003 (step -0.5000 Ne1=     37.0000)
                                                               Ne2=     36.0000
            Final RMS occupancy error   :  0.000000 (Ne1=     37.0000)
                                                     Ne2=     36.0000
            Final occupancy bounds spin 1: [  0.000,  1.000]
            Final occupancy bounds spin 2: [  0.000,  1.000]
================================================================================

................................................................................
<<<<<<<<<<<<<< LNV (Original version) density kernel optimisation >>>>>>>>>>>>>>
~~~~~~~~~~~~~~~~~~~~~~~~~~~~~~~~~~~~~~~~~~~~~~~~~~~~~~~~~~~~~~~~~~~~~~~~~~~~~~~~
   iter  |      energy (Eh)       | rms gradient |  commutator  |   dE (Eh)
      ideal mu1:      -0.974057114080
      ideal mu2:      -0.978873322677
             Q0:        -216.899899637257
             G0:      -0.003641539225
   RMS gradient:       0.001273745584
     Trial step:       0.484042967667
             Q1:        -216.900434329634
 Quadratic coef:       0.001227969076
 Linear coef   :      -0.001762661453
           Qmin:        -216.900532180751
Quadratic minimum step length (  0.347404465448) accepted
    Initial Ne1:      37.00000000
    Initial Ne2:      36.00000000
      Final Ne1:      37.00000000
      Final Ne2:      36.00000000

=================== Penalty functional idempotency correction ==================
 RMS occupancy error at iteration   1:  0.000018 (step -0.4999 Ne1=     37.0000)
                                                               Ne2=     36.0000
            Final RMS occupancy error   :  0.000000 (Ne1=     37.0000)
                                                     Ne2=     36.0000
            Final occupancy bounds spin 1: [ -0.000,  1.000]
            Final occupancy bounds spin 2: [ -0.000,  1.000]
================================================================================

    1        -2.168998996373E+02     1.2737E-03     8.2532E-04
      ideal mu1:      -0.972566951466
      ideal mu2:      -0.977525196455
             Q0:        -216.900531105441
             G0:      -0.003572877169
   RMS gradient:       0.001258880674
     Trial step:       0.410071565018
             Q1:        -216.901571104721
 Quadratic coef:       0.000425136052
 Linear coef   :      -0.001465135332
           Qmin:        -216.901793419899
Quadratic minimum step length (  0.706609490502) accepted
    Initial Ne1:      37.00000013
    Initial Ne2:      36.00000006
      Final Ne1:      37.00000000
      Final Ne2:      36.00000000

=================== Penalty functional idempotency correction ==================
 RMS occupancy error at iteration   1:  0.000226 (step -0.4984 Ne1=     37.0000)
                                                               Ne2=     36.0000
 RMS occupancy error at iteration   2:  0.000000 (step -0.5000 Ne1=     37.0000)
                                                               Ne2=     36.0000
            Final RMS occupancy error   :  0.000000 (Ne1=     37.0000)
                                                     Ne2=     36.0000
            Final occupancy bounds spin 1: [  0.000,  1.000]
            Final occupancy bounds spin 2: [  0.000,  1.000]
================================================================================

    2        -2.169005311054E+02     1.2589E-03     8.1539E-04    -6.3147E-04
      ideal mu1:      -0.971228070845
      ideal mu2:      -0.976206782947
             Q0:        -216.901804049005
             G0:      -0.004263548175
   RMS gradient:       0.001365508873
     Trial step:       0.538294027114
             Q1:        -216.902560343652
 Quadratic coef:       0.001538747870
 Linear coef   :      -0.002295042517
           Qmin:        -216.902659813009
Quadratic minimum step length (  0.401432782749) accepted
    Initial Ne1:      37.00000009
    Initial Ne2:      36.00000004
      Final Ne1:      37.00000000
      Final Ne2:      36.00000000

=================== Penalty functional idempotency correction ==================
 RMS occupancy error at iteration   1:  0.000389 (step -0.4971 Ne1=     37.0000)
                                                               Ne2=     36.0000
 RMS occupancy error at iteration   2:  0.000001 (step -0.5000 Ne1=     37.0000)
                                                               Ne2=     36.0000
            Final RMS occupancy error   :  0.000000 (Ne1=     37.0000)
                                                     Ne2=     36.0000
            Final occupancy bounds spin 1: [  0.000,  1.000]
            Final occupancy bounds spin 2: [  0.000,  1.000]
================================================================================

    3        -2.169018040490E+02     1.3655E-03     8.8434E-04    -1.2729E-03
      ideal mu1:      -0.972265704716
      ideal mu2:      -0.977031410635
             Q0:        -216.902661822707
             G0:      -0.003433014321
   RMS gradient:       0.001224526298
     Trial step:       0.464853599794
             Q1:        -216.903795501632
 Quadratic coef:       0.000462170141
 Linear coef   :      -0.001595849065
           Qmin:        -216.904039418323
Quadratic minimum step length (  0.802557454012) accepted
    Initial Ne1:      37.00000014
    Initial Ne2:      36.00000007
      Final Ne1:      37.00000000
      Final Ne2:      36.00000000

=================== Penalty functional idempotency correction ==================
 RMS occupancy error at iteration   1:  0.001373 (step -0.4891 Ne1=     37.0000)
                                                               Ne2=     36.0000
 RMS occupancy error at iteration   2:  0.000007 (step -0.5000 Ne1=     37.0000)
                                                               Ne2=     36.0000
            Final RMS occupancy error   :  0.000000 (Ne1=     37.0000)
                                                     Ne2=     36.0000
            Final occupancy bounds spin 1: [  0.000,  1.000]
            Final occupancy bounds spin 2: [  0.000,  1.000]
================================================================================

    4        -2.169026618227E+02     1.2245E-03     7.9319E-04    -8.5777E-04
      ideal mu1:      -0.973213300563
      ideal mu2:      -0.977706923971
    5        -2.169040821274E+02     1.7528E-03     1.1378E-03    -1.4203E-03
Finished density kernel iterations (   5)

Writing density kernel to file "Fe_EtOH_3_LowSpin.dkn" ... done


>>> Density kernel optimised for the current NGWF basis:
     ~~~~~~~~~~~~~~~~~~~~~~~~~~~~~~~~~~~~~~~~~~~~~~~~~~~~~~~~~~~
     Total energy                =  -2.16904082127442E+02  Eh
     Estimated bandgap (UP spin) =   2.7194E-03  Eh
     Estimated bandgap (DN spin) =   1.3012E-02  Eh
     RMS occupancy error         =   4.2316E-10
     [H,K] commutator            =   1.1378E-03
     UP spin occupancy bounds    = [  0.000:  1.000]
     DN spin occupancy bounds    = [  0.000:  1.000]
     ~~~~~~~~~~~~~~~~~~~~~~~~~~~~~~~~~~~~~~~~~~~~~~~~~~~~~~~~~~~


================================================================================
           ---------------- ENERGY COMPONENTS (Eh) ----------------
           | Kinetic                    :       64.30470060146860 |
           | Core Hartree               :     -966.17268793010044 |
           | CoreHart (non-coul chg cor):        0.00155689502347
           | Hartree                    :      432.29005420424551 |
           | Exchange-correlation       :      -30.31630445601455 |
           | Ewald                      :      286.40959520493226 |
           | Dij0                       :       -0.31920649272918 |
           | Dijhartree                 :       10.81289726583327 |
           | Exc [AE core]              :     -113.45648384950874 |
           | Exc DC [AE core]           :      -48.18933414367920 |
           | Exc [PS core]              :      -24.44101803820331 |
           | Exc DC [PS core]           :      -28.85129629520746 |
           | Exc [Core]                 :      -75.10233528622905 |
           | Total [Sphere]             :       -3.41943975197229 |
           | Total                      :     -216.90408212744097 |
           --------------------------------------------------------
           ------ LOCAL ENERGY COMPONENTS FROM MATRIX TRACES ------
           | Core Hartree               :     -966.17268793009748 |
           | Hartree (Valence)          :      432.29005420424477 |
           --------------------------------------------------------
           Integrated compensation chrg.:       11.37603753237806
           Integrated density           :       72.99999932319018
           Integrated spin density      :        1.00000001363043
           Integrated |spin density|    :        2.04459923621395
           Local density approx. <S^2>  :        1.27229961129191
           Integrated density tr(KS)    :       73.00000000000000
           Integrated spin tr(KS)       :        1.00000000000000
================================================================================




################################################################################
########################### NGWF CG iteration  006 #############################
################################################################################
****** Reciprocal space K.E. preconditioning with k_zero =  3.0000 a0^-1 *******

>>> Checking for convergence of NGWFs:   NOT CONVERGED
  ========================================================================
         NGWF RMS gradient =  6.0465E-05 >  2.0000E-06  | above tolerance
  ========================================================================

>>> Improving NGWFs using line search:
============ Calculation of NGWF S^-1 using Hotelling algorithm ================ 
     Iteration  |  Spin  |  Frobenius norm and Maximum abs value (of I-S*S_n^-1)
         1           1      0.21858998E-01     0.26938162E-02
         2           1      0.62954085E-04     0.11321874E-04
         3           1      0.10038582E-08     0.19484370E-09
         4           1      0.60238748E-14     0.13322676E-14
================================================================================
============ Calculation of NGWF S^-1 using Hotelling algorithm ================ 
     Iteration  |  Spin  |  Frobenius norm and Maximum abs value (of I-S*S_n^-1)
         1           1      0.25525466E-02     0.30948912E-03
         2           1      0.89117610E-06     0.13072249E-06
         3           1      0.19113840E-12     0.27977620E-13
================================================================================
------------------------------- NGWF line search -------------------------------
RMS gradient                =       0.00006046500209
Trial step length           =               0.727610
Gradient along search dir.  =         -0.00798106170
Functional at step 0        =    -216.90408212744182
Functional at step 1        =    -216.90726713241131
Functional predicted        =    -216.90729734377342
Selected quadratic step     =               0.805711
Conjugate gradients coeff.  =               0.492518
--------------------------- NGWF line search finished --------------------------
                                               
Writing NGWFs to file "Fe_EtOH_3_LowSpin.tightbox_ngwfs".... done

>>> Optimising kernel for current NGWFs:
   Initial electron number for spin 1:      37.00166146
   Initial electron number for spin 2:      36.00216216
     Final electron number for spin 1:      37.00000000
     Final electron number for spin 2:      36.00000000

=================== Penalty functional idempotency correction ==================
 RMS occupancy error at iteration   1:  0.000710 (step -0.4991 Ne1=     37.0000)
                                                               Ne2=     36.0000
 RMS occupancy error at iteration   2:  0.000004 (step -0.5000 Ne1=     37.0000)
                                                               Ne2=     36.0000
            Final RMS occupancy error   :  0.000000 (Ne1=     37.0000)
                                                     Ne2=     36.0000
            Final occupancy bounds spin 1: [  0.000,  1.000]
            Final occupancy bounds spin 2: [  0.000,  1.000]
================================================================================

................................................................................
<<<<<<<<<<<<<< LNV (Original version) density kernel optimisation >>>>>>>>>>>>>>
~~~~~~~~~~~~~~~~~~~~~~~~~~~~~~~~~~~~~~~~~~~~~~~~~~~~~~~~~~~~~~~~~~~~~~~~~~~~~~~~
   iter  |      energy (Eh)       | rms gradient |  commutator  |   dE (Eh)
      ideal mu1:      -0.968332924813
      ideal mu2:      -0.973151758430
             Q0:        -216.907393457933
             G0:      -0.005625595142
   RMS gradient:       0.001583158628
     Trial step:       0.610795973742
             Q1:        -216.906532781027
 Quadratic coef:       0.004296767769
 Linear coef   :      -0.003436090862
           Qmin:        -216.908080411537
Quadratic minimum step length (  0.244224330588) accepted
    Initial Ne1:      37.00000000
    Initial Ne2:      36.00000000
      Final Ne1:      37.00000000
      Final Ne2:      36.00000000

=================== Penalty functional idempotency correction ==================
 RMS occupancy error at iteration   1:  0.000015 (step -0.4999 Ne1=     37.0000)
                                                               Ne2=     36.0000
            Final RMS occupancy error   :  0.000000 (Ne1=     37.0000)
                                                     Ne2=     36.0000
            Final occupancy bounds spin 1: [ -0.000,  1.000]
            Final occupancy bounds spin 2: [ -0.000,  1.000]
================================================================================

    1        -2.169073934579E+02     1.5832E-03     1.0300E-03
      ideal mu1:      -0.969429509305
      ideal mu2:      -0.974068724595
             Q0:        -216.908081076321
             G0:      -0.002206004516
   RMS gradient:       0.000989789554
     Trial step:       0.386226925282
             Q1:        -216.908648188865
 Quadratic coef:       0.000284905798
 Linear coef   :      -0.000852018341
           Qmin:        -216.908718072181
Quadratic minimum step length (  0.577510930082) accepted
    Initial Ne1:      37.00000004
    Initial Ne2:      36.00000013
      Final Ne1:      37.00000000
      Final Ne2:      36.00000000

=================== Penalty functional idempotency correction ==================
 RMS occupancy error at iteration   1:  0.000056 (step -0.4997 Ne1=     37.0000)
                                                               Ne2=     36.0000
            Final RMS occupancy error   :  0.000000 (Ne1=     37.0000)
                                                     Ne2=     36.0000
            Final occupancy bounds spin 1: [ -0.000,  1.000]
            Final occupancy bounds spin 2: [ -0.000,  1.000]
================================================================================

    2        -2.169080810763E+02     9.8979E-04     6.4324E-04    -6.8762E-04
      ideal mu1:      -0.971072444692
      ideal mu2:      -0.975474869426
             Q0:        -216.908719973245
             G0:      -0.002180794950
   RMS gradient:       0.000981975035
     Trial step:       0.472281982340
             Q1:        -216.909177176234
 Quadratic coef:       0.000572747174
 Linear coef   :      -0.001029950162
           Qmin:        -216.909183003612
Quadratic minimum step length (  0.424643652808) accepted
    Initial Ne1:      37.00000057
    Initial Ne2:      36.00000072
      Final Ne1:      37.00000000
      Final Ne2:      36.00000000

=================== Penalty functional idempotency correction ==================
 RMS occupancy error at iteration   1:  0.000098 (step -0.4995 Ne1=     37.0000)
                                                               Ne2=     36.0000
            Final RMS occupancy error   :  0.000000 (Ne1=     37.0000)
                                                     Ne2=     36.0000
            Final occupancy bounds spin 1: [ -0.000,  1.000]
            Final occupancy bounds spin 2: [ -0.000,  1.000]
================================================================================

    3        -2.169087199732E+02     9.8198E-04     6.3749E-04    -6.3890E-04
      ideal mu1:      -0.971264216750
      ideal mu2:      -0.975669964249
             Q0:        -216.909183681186
             G0:      -0.001511723560
   RMS gradient:       0.000816641072
     Trial step:       0.447829818275
             Q1:        -216.909515975841
 Quadratic coef:       0.000344700232
 Linear coef   :      -0.000676994887
           Qmin:        -216.909516087458
Quadratic minimum step length (  0.439771240534) accepted
    Initial Ne1:      37.00000161
    Initial Ne2:      36.00000163
      Final Ne1:      37.00000000
      Final Ne2:      36.00000000

=================== Penalty functional idempotency correction ==================
 RMS occupancy error at iteration   1:  0.000134 (step -0.4992 Ne1=     37.0000)
                                                               Ne2=     36.0000
            Final RMS occupancy error   :  0.000000 (Ne1=     37.0000)
                                                     Ne2=     36.0000
            Final occupancy bounds spin 1: [ -0.000,  1.000]
            Final occupancy bounds spin 2: [ -0.000,  1.000]
================================================================================

    4        -2.169091836812E+02     8.1664E-04     5.2889E-04    -4.6371E-04
      ideal mu1:      -0.970483546565
      ideal mu2:      -0.974952857940
    5        -2.169095170107E+02     8.4099E-04     5.4607E-04    -3.3333E-04
Finished density kernel iterations (   5)

Writing density kernel to file "Fe_EtOH_3_LowSpin.dkn" ... done


>>> Density kernel optimised for the current NGWF basis:
     ~~~~~~~~~~~~~~~~~~~~~~~~~~~~~~~~~~~~~~~~~~~~~~~~~~~~~~~~~~~
     Total energy                =  -2.16909517010734E+02  Eh
     Estimated bandgap (UP spin) =   5.7454E-03  Eh
     Estimated bandgap (DN spin) =   1.2374E-02  Eh
     RMS occupancy error         =   9.1260E-08
     [H,K] commutator            =   5.4607E-04
     UP spin occupancy bounds    = [ -0.000:  1.000]
     DN spin occupancy bounds    = [ -0.000:  1.000]
     ~~~~~~~~~~~~~~~~~~~~~~~~~~~~~~~~~~~~~~~~~~~~~~~~~~~~~~~~~~~




################################################################################
########################### NGWF CG iteration  007 #############################
################################################################################
****** Reciprocal space K.E. preconditioning with k_zero =  3.0000 a0^-1 *******

>>> Checking for convergence of NGWFs:   NOT CONVERGED
  ========================================================================
         NGWF RMS gradient =  4.2564E-05 >  2.0000E-06  | above tolerance
  ========================================================================

>>> Improving NGWFs using line search:
============ Calculation of NGWF S^-1 using Hotelling algorithm ================ 
     Iteration  |  Spin  |  Frobenius norm and Maximum abs value (of I-S*S_n^-1)
         1           1      0.24079025E-01     0.28419096E-02
         2           1      0.84021298E-04     0.12832201E-04
         3           1      0.17024493E-08     0.22607682E-09
         4           1      0.60759870E-14     0.12663481E-14
================================================================================
============ Calculation of NGWF S^-1 using Hotelling algorithm ================ 
     Iteration  |  Spin  |  Frobenius norm and Maximum abs value (of I-S*S_n^-1)
         1           1      0.10427864E-01     0.13323806E-02
         2           1      0.16896261E-04     0.24050778E-05
         3           1      0.68849350E-10     0.84477980E-11
         4           1      0.65762556E-14     0.17763568E-14
================================================================================
------------------------------- NGWF line search -------------------------------
RMS gradient                =       0.00004256422748
Trial step length           =               0.765665
Gradient along search dir.  =         -0.00423856707
Functional at step 0        =    -216.90951701073411
Functional at step 1        =    -216.91158259242803
Functional predicted        =    -216.91174888092985
Selected quadratic step     =               1.053125
Conjugate gradients coeff.  =               0.495543
--------------------------- NGWF line search finished --------------------------
                                               
Writing NGWFs to file "Fe_EtOH_3_LowSpin.tightbox_ngwfs".... done

>>> Optimising kernel for current NGWFs:
   Initial electron number for spin 1:      37.00534282
   Initial electron number for spin 2:      36.00604000
     Final electron number for spin 1:      37.00000000
     Final electron number for spin 2:      36.00000000

=================== Penalty functional idempotency correction ==================
 RMS occupancy error at iteration   1:  0.000921 (step -0.4990 Ne1=     37.0000)
                                                               Ne2=     36.0000
 RMS occupancy error at iteration   2:  0.000006 (step -0.5000 Ne1=     37.0000)
                                                               Ne2=     36.0000
            Final RMS occupancy error   :  0.000000 (Ne1=     37.0000)
                                                     Ne2=     36.0000
            Final occupancy bounds spin 1: [  0.000,  1.000]
            Final occupancy bounds spin 2: [  0.000,  1.000]
================================================================================

................................................................................
<<<<<<<<<<<<<< LNV (Original version) density kernel optimisation >>>>>>>>>>>>>>
~~~~~~~~~~~~~~~~~~~~~~~~~~~~~~~~~~~~~~~~~~~~~~~~~~~~~~~~~~~~~~~~~~~~~~~~~~~~~~~~
   iter  |      energy (Eh)       | rms gradient |  commutator  |   dE (Eh)
      ideal mu1:      -0.968819623752
      ideal mu2:      -0.973376819591
             Q0:        -216.911910270061
             G0:      -0.002304679430
   RMS gradient:       0.001013317301
     Trial step:       0.443782237963
             Q1:        -216.911940993465
 Quadratic coef:       0.000992052391
 Linear coef   :      -0.001022775795
           Qmin:        -216.912173882733
Quadratic minimum step length (  0.228762984327) accepted
    Initial Ne1:      37.00000000
    Initial Ne2:      36.00000000
      Final Ne1:      37.00000000
      Final Ne2:      36.00000000

=================== Penalty functional idempotency correction ==================
 RMS occupancy error at iteration   1:  0.000005 (step -0.5000 Ne1=     37.0000)
                                                               Ne2=     36.0000
            Final RMS occupancy error   :  0.000000 (Ne1=     37.0000)
                                                     Ne2=     36.0000
            Final occupancy bounds spin 1: [  0.000,  1.000]
            Final occupancy bounds spin 2: [  0.000,  1.000]
================================================================================

    1        -2.169119102701E+02     1.0133E-03     6.5766E-04
      ideal mu1:      -0.968944865035
      ideal mu2:      -0.973435676675
             Q0:        -216.912173407046
             G0:      -0.000897398957
   RMS gradient:       0.000631303420
     Trial step:       0.318623522590
             Q1:        -216.912392723680
 Quadratic coef:       0.000066615783
 Linear coef   :      -0.000285932417
           Qmin:        -216.912480231281
Quadratic minimum step length (  0.683807871239) accepted
    Initial Ne1:      37.00000004
    Initial Ne2:      36.00000003
      Final Ne1:      37.00000000
      Final Ne2:      36.00000000

=================== Penalty functional idempotency correction ==================
 RMS occupancy error at iteration   1:  0.000033 (step -0.4998 Ne1=     37.0000)
                                                               Ne2=     36.0000
            Final RMS occupancy error   :  0.000000 (Ne1=     37.0000)
                                                     Ne2=     36.0000
            Final occupancy bounds spin 1: [ -0.000,  1.000]
            Final occupancy bounds spin 2: [ -0.000,  1.000]
================================================================================

    2        -2.169121734070E+02     6.3130E-04     4.0897E-04    -2.6314E-04
      ideal mu1:      -0.969674038246
      ideal mu2:      -0.973941324797
             Q0:        -216.912488083674
             G0:      -0.001554803834
   RMS gradient:       0.000812717029
     Trial step:       0.466773256206
             Q1:        -216.912912119443
 Quadratic coef:       0.000301705079
 Linear coef   :      -0.000725740848
           Qmin:        -216.912924519631
Quadratic minimum step length (  0.561403242265) accepted
    Initial Ne1:      37.00000005
    Initial Ne2:      36.00000021
      Final Ne1:      37.00000000
      Final Ne2:      36.00000000

=================== Penalty functional idempotency correction ==================
 RMS occupancy error at iteration   1:  0.000164 (step -0.4987 Ne1=     37.0000)
                                                               Ne2=     36.0000
 RMS occupancy error at iteration   2:  0.000000 (step -0.5000 Ne1=     37.0000)
                                                               Ne2=     36.0000
            Final RMS occupancy error   :  0.000000 (Ne1=     37.0000)
                                                     Ne2=     36.0000
            Final occupancy bounds spin 1: [  0.000,  1.000]
            Final occupancy bounds spin 2: [  0.000,  1.000]
================================================================================

    3        -2.169124880837E+02     8.1272E-04     5.2680E-04    -3.1468E-04
      ideal mu1:      -0.969472334832
      ideal mu2:      -0.973693877343
             Q0:        -216.912927929197
             G0:      -0.001321293254
   RMS gradient:       0.000751638964
     Trial step:       0.511906260400
             Q1:        -216.913327061575
 Quadratic coef:       0.000277245910
 Linear coef   :      -0.000676378289
           Qmin:        -216.913340457905
Quadratic minimum step length (  0.624431718347) accepted
    Initial Ne1:      37.00000004
    Initial Ne2:      36.00000020
      Final Ne1:      37.00000000
      Final Ne2:      36.00000000

=================== Penalty functional idempotency correction ==================
 RMS occupancy error at iteration   1:  0.000372 (step -0.4967 Ne1=     37.0000)
                                                               Ne2=     36.0000
 RMS occupancy error at iteration   2:  0.000001 (step -0.5000 Ne1=     37.0000)
                                                               Ne2=     36.0000
            Final RMS occupancy error   :  0.000000 (Ne1=     37.0000)
                                                     Ne2=     36.0000
            Final occupancy bounds spin 1: [  0.000,  1.000]
            Final occupancy bounds spin 2: [  0.000,  1.000]
================================================================================

    4        -2.169129279292E+02     7.5164E-04     4.8653E-04    -4.3985E-04
      ideal mu1:      -0.968322942010
      ideal mu2:      -0.972691183803
    5        -2.169133459846E+02     1.0267E-03     6.6561E-04    -4.1806E-04
Finished density kernel iterations (   5)

Writing density kernel to file "Fe_EtOH_3_LowSpin.dkn" ... done


>>> Density kernel optimised for the current NGWF basis:
     ~~~~~~~~~~~~~~~~~~~~~~~~~~~~~~~~~~~~~~~~~~~~~~~~~~~~~~~~~~~
     Total energy                =  -2.16913345984617E+02  Eh
     Estimated bandgap (UP spin) =   7.9044E-03  Eh
     Estimated bandgap (DN spin) =   1.3352E-02  Eh
     RMS occupancy error         =   8.1953E-12
     [H,K] commutator            =   6.6561E-04
     UP spin occupancy bounds    = [  0.000:  1.000]
     DN spin occupancy bounds    = [  0.000:  1.000]
     ~~~~~~~~~~~~~~~~~~~~~~~~~~~~~~~~~~~~~~~~~~~~~~~~~~~~~~~~~~~




################################################################################
########################### NGWF CG iteration  008 #############################
################################################################################
****** Reciprocal space K.E. preconditioning with k_zero =  3.0000 a0^-1 *******

>>> Checking for convergence of NGWFs:   NOT CONVERGED
  ========================================================================
         NGWF RMS gradient =  2.9666E-05 >  2.0000E-06  | above tolerance
  ========================================================================

>>> Improving NGWFs using line search:
============ Calculation of NGWF S^-1 using Hotelling algorithm ================ 
     Iteration  |  Spin  |  Frobenius norm and Maximum abs value (of I-S*S_n^-1)
         1           1      0.29340306E-01     0.33439163E-02
         2           1      0.13737189E-03     0.19107771E-04
         3           1      0.48019771E-08     0.56069716E-09
         4           1      0.62992917E-14     0.14432899E-14
================================================================================
============ Calculation of NGWF S^-1 using Hotelling algorithm ================ 
     Iteration  |  Spin  |  Frobenius norm and Maximum abs value (of I-S*S_n^-1)
         1           1      0.72085883E-02     0.82265638E-03
         2           1      0.85908945E-05     0.11297274E-05
         3           1      0.18618747E-10     0.20434765E-11
         4           1      0.54529848E-14     0.10967789E-14
================================================================================
------------------------------- NGWF line search -------------------------------
RMS gradient                =       0.00002966587689
Trial step length           =               0.897965
Gradient along search dir.  =         -0.00219635746
Functional at step 0        =    -216.91334598461654
Functional at step 1        =    -216.91404478435203
Functional predicted        =    -216.91410961321785
Selected quadratic step     =               0.695359
Conjugate gradients coeff.  =               0.485763
--------------------------- NGWF line search finished --------------------------
                                               
Writing NGWFs to file "Fe_EtOH_3_LowSpin.tightbox_ngwfs".... done

>>> Optimising kernel for current NGWFs:
   Initial electron number for spin 1:      37.00314163
   Initial electron number for spin 2:      36.00404934
     Final electron number for spin 1:      37.00000000
     Final electron number for spin 2:      36.00000000

=================== Penalty functional idempotency correction ==================
 RMS occupancy error at iteration   1:  0.000586 (step -0.4995 Ne1=     37.0000)
                                                               Ne2=     36.0000
 RMS occupancy error at iteration   2:  0.000003 (step -0.5000 Ne1=     37.0000)
                                                               Ne2=     36.0000
            Final RMS occupancy error   :  0.000000 (Ne1=     37.0000)
                                                     Ne2=     36.0000
            Final occupancy bounds spin 1: [  0.000,  1.000]
            Final occupancy bounds spin 2: [  0.000,  1.000]
================================================================================

................................................................................
<<<<<<<<<<<<<< LNV (Original version) density kernel optimisation >>>>>>>>>>>>>>
~~~~~~~~~~~~~~~~~~~~~~~~~~~~~~~~~~~~~~~~~~~~~~~~~~~~~~~~~~~~~~~~~~~~~~~~~~~~~~~~
   iter  |      energy (Eh)       | rms gradient |  commutator  |   dE (Eh)
      ideal mu1:      -0.969203798142
      ideal mu2:      -0.973414249100
             Q0:        -216.914181853946
             G0:      -0.002338741260
   RMS gradient:       0.001020777959
     Trial step:       0.565376428421
             Q1:        -216.913803401503
 Quadratic coef:       0.001700721623
 Linear coef   :      -0.001322269180
           Qmin:        -216.914438861877
Quadratic minimum step length (  0.219783125149) accepted
    Initial Ne1:      37.00000000
    Initial Ne2:      36.00000000
      Final Ne1:      37.00000000
      Final Ne2:      36.00000000

=================== Penalty functional idempotency correction ==================
 RMS occupancy error at iteration   1:  0.000006 (step -0.5000 Ne1=     37.0000)
                                                               Ne2=     36.0000
            Final RMS occupancy error   :  0.000000 (Ne1=     37.0000)
                                                     Ne2=     36.0000
            Final occupancy bounds spin 1: [  0.000,  1.000]
            Final occupancy bounds spin 2: [  0.000,  1.000]
================================================================================

    1        -2.169141818539E+02     1.0208E-03     6.6119E-04
      ideal mu1:      -0.968689771176
      ideal mu2:      -0.972919185420
             Q0:        -216.914436061774
             G0:      -0.000828732228
   RMS gradient:       0.000605341623
     Trial step:       0.352505600415
             Q1:        -216.914642744870
 Quadratic coef:       0.000085449656
 Linear coef   :      -0.000292132752
           Qmin:        -216.914685745473
Quadratic minimum step length (  0.602567853419) accepted
    Initial Ne1:      37.00000006
    Initial Ne2:      36.00000002
      Final Ne1:      37.00000000
      Final Ne2:      36.00000000

=================== Penalty functional idempotency correction ==================
 RMS occupancy error at iteration   1:  0.000023 (step -0.4999 Ne1=     37.0000)
                                                               Ne2=     36.0000
            Final RMS occupancy error   :  0.000000 (Ne1=     37.0000)
                                                     Ne2=     36.0000
            Final occupancy bounds spin 1: [  0.000,  1.000]
            Final occupancy bounds spin 2: [ -0.000,  1.000]
================================================================================

    2        -2.169144360618E+02     6.0534E-04     3.9147E-04    -2.5421E-04
      ideal mu1:      -0.968003728596
      ideal mu2:      -0.972211930830
             Q0:        -216.914692062371
             G0:      -0.001055405411
   RMS gradient:       0.000665394955
     Trial step:       0.460878013101
             Q1:        -216.914937911767
 Quadratic coef:       0.000240563753
 Linear coef   :      -0.000486413149
           Qmin:        -216.914937940801
Quadratic minimum step length (  0.465941196902) accepted
    Initial Ne1:      37.00000016
    Initial Ne2:      36.00000009
      Final Ne1:      37.00000000
      Final Ne2:      36.00000000

=================== Penalty functional idempotency correction ==================
 RMS occupancy error at iteration   1:  0.000063 (step -0.4996 Ne1=     37.0000)
                                                               Ne2=     36.0000
            Final RMS occupancy error   :  0.000000 (Ne1=     37.0000)
                                                     Ne2=     36.0000
            Final occupancy bounds spin 1: [ -0.000,  1.000]
            Final occupancy bounds spin 2: [ -0.000,  1.000]
================================================================================

    3        -2.169146920624E+02     6.6539E-04     4.3118E-04    -2.5600E-04
      ideal mu1:      -0.967914830951
      ideal mu2:      -0.972096952519
             Q0:        -216.914938349025
             G0:      -0.000737518818
   RMS gradient:       0.000560118662
     Trial step:       0.463402689947
             Q1:        -216.915132101436
 Quadratic coef:       0.000148015793
 Linear coef   :      -0.000341768204
           Qmin:        -216.915135634570
Quadratic minimum step length (  0.534997995667) accepted
    Initial Ne1:      37.00000045
    Initial Ne2:      36.00000136
      Final Ne1:      37.00000000
      Final Ne2:      36.00000000

=================== Penalty functional idempotency correction ==================
 RMS occupancy error at iteration   1:  0.000112 (step -0.4991 Ne1=     37.0000)
                                                               Ne2=     36.0000
            Final RMS occupancy error   :  0.000000 (Ne1=     37.0000)
                                                     Ne2=     36.0000
            Final occupancy bounds spin 1: [ -0.000,  1.000]
            Final occupancy bounds spin 2: [ -0.000,  1.000]
================================================================================

    4        -2.169149383490E+02     5.6012E-04     3.6288E-04    -2.4629E-04
      ideal mu1:      -0.968393672239
      ideal mu2:      -0.972538450890
    5        -2.169151385334E+02     7.0048E-04     4.5461E-04    -2.0018E-04
Finished density kernel iterations (   5)

Writing density kernel to file "Fe_EtOH_3_LowSpin.dkn" ... done


>>> Density kernel optimised for the current NGWF basis:
     ~~~~~~~~~~~~~~~~~~~~~~~~~~~~~~~~~~~~~~~~~~~~~~~~~~~~~~~~~~~
     Total energy                =  -2.16915138533371E+02  Eh
     Estimated bandgap (UP spin) =   1.1366E-02  Eh
     Estimated bandgap (DN spin) =   1.5989E-02  Eh
     RMS occupancy error         =   7.3997E-08
     [H,K] commutator            =   4.5461E-04
     UP spin occupancy bounds    = [ -0.000:  1.000]
     DN spin occupancy bounds    = [ -0.000:  1.000]
     ~~~~~~~~~~~~~~~~~~~~~~~~~~~~~~~~~~~~~~~~~~~~~~~~~~~~~~~~~~~




################################################################################
########################### NGWF CG iteration  009 #############################
################################################################################
****** Reciprocal space K.E. preconditioning with k_zero =  3.0000 a0^-1 *******

>>> Checking for convergence of NGWFs:   NOT CONVERGED
  ========================================================================
         NGWF RMS gradient =  2.0432E-05 >  2.0000E-06  | above tolerance
  ========================================================================

>>> Improving NGWFs using line search:
============ Calculation of NGWF S^-1 using Hotelling algorithm ================ 
     Iteration  |  Spin  |  Frobenius norm and Maximum abs value (of I-S*S_n^-1)
         1           1      0.90784461E-02     0.13788184E-02
         2           1      0.13211777E-04     0.37675401E-05
         3           1      0.49933048E-10     0.15658030E-10
         4           1      0.58010978E-14     0.11102230E-14
================================================================================
============ Calculation of NGWF S^-1 using Hotelling algorithm ================ 
     Iteration  |  Spin  |  Frobenius norm and Maximum abs value (of I-S*S_n^-1)
         1           1      0.30276871E-02     0.45161886E-03
         2           1      0.14641619E-05     0.39932408E-06
         3           1      0.60484413E-12     0.17785773E-12
================================================================================
------------------------------- NGWF line search -------------------------------
RMS gradient                =       0.00002043238028
Trial step length           =               0.790195
Gradient along search dir.  =         -0.00091644808
Functional at step 0        =    -216.91513853337145
Functional at step 1        =    -216.91532539837308
Functional predicted        =    -216.91538253979638
Selected quadratic step     =               0.532505
Conjugate gradients coeff.  =               0.000000
--------------------------- NGWF line search finished --------------------------
                                               
Writing NGWFs to file "Fe_EtOH_3_LowSpin.tightbox_ngwfs".... done

>>> Optimising kernel for current NGWFs:
   Initial electron number for spin 1:      36.99992803
   Initial electron number for spin 2:      36.00015322
     Final electron number for spin 1:      37.00000000
     Final electron number for spin 2:      36.00000000

=================== Penalty functional idempotency correction ==================
 RMS occupancy error at iteration   1:  0.000187 (step -0.5000 Ne1=     37.0000)
                                                               Ne2=     36.0000
 RMS occupancy error at iteration   2:  0.000000 (step -0.5000 Ne1=     37.0000)
                                                               Ne2=     36.0000
            Final RMS occupancy error   :  0.000000 (Ne1=     37.0000)
                                                     Ne2=     36.0000
            Final occupancy bounds spin 1: [  0.000,  1.000]
            Final occupancy bounds spin 2: [  0.000,  1.000]
================================================================================

................................................................................
<<<<<<<<<<<<<< LNV (Original version) density kernel optimisation >>>>>>>>>>>>>>
~~~~~~~~~~~~~~~~~~~~~~~~~~~~~~~~~~~~~~~~~~~~~~~~~~~~~~~~~~~~~~~~~~~~~~~~~~~~~~~~
   iter  |      energy (Eh)       | rms gradient |  commutator  |   dE (Eh)
      ideal mu1:      -0.967245212650
      ideal mu2:      -0.971531491865
             Q0:        -216.915389058503
             G0:      -0.001196630704
   RMS gradient:       0.000730163747
     Trial step:       0.497915163767
             Q1:        -216.915429088898
 Quadratic coef:       0.000555790179
 Linear coef   :      -0.000595820573
           Qmin:        -216.915548742035
Quadratic minimum step length (  0.266888575522) accepted
    Initial Ne1:      37.00000000
    Initial Ne2:      36.00000000
      Final Ne1:      37.00000000
      Final Ne2:      36.00000000

=================== Penalty functional idempotency correction ==================
 RMS occupancy error at iteration   1:  0.000004 (step -0.5000 Ne1=     37.0000)
                                                               Ne2=     36.0000
            Final RMS occupancy error   :  0.000000 (Ne1=     37.0000)
                                                     Ne2=     36.0000
            Final occupancy bounds spin 1: [  0.000,  1.000]
            Final occupancy bounds spin 2: [  0.000,  1.000]
================================================================================

    1        -2.169153890585E+02     7.3016E-04     4.7371E-04
      ideal mu1:      -0.967737001571
      ideal mu2:      -0.971901964594
             Q0:        -216.915548676099
             G0:      -0.000602453296
   RMS gradient:       0.000517365770
     Trial step:       0.364537883887
             Q1:        -216.915698100896
 Quadratic coef:       0.000070192253
 Linear coef   :      -0.000219617050
           Qmin:        -216.915720460188
Quadratic minimum step length (  0.570281844543) accepted
    Initial Ne1:      37.00000002
    Initial Ne2:      36.00000001
      Final Ne1:      37.00000000
      Final Ne2:      36.00000000

=================== Penalty functional idempotency correction ==================
 RMS occupancy error at iteration   1:  0.000020 (step -0.4999 Ne1=     37.0000)
                                                               Ne2=     36.0000
            Final RMS occupancy error   :  0.000000 (Ne1=     37.0000)
                                                     Ne2=     36.0000
            Final occupancy bounds spin 1: [ -0.000,  1.000]
            Final occupancy bounds spin 2: [ -0.000,  1.000]
================================================================================

    2        -2.169155486761E+02     5.1737E-04     3.3460E-04    -1.5962E-04
      ideal mu1:      -0.968519061589
      ideal mu2:      -0.972496807707
             Q0:        -216.915726529824
             G0:      -0.000801336128
   RMS gradient:       0.000569703951
     Trial step:       0.455948831371
             Q1:        -216.915938045010
 Quadratic coef:       0.000153853085
 Linear coef   :      -0.000365368271
           Qmin:        -216.915943447758
Quadratic minimum step length (  0.541390628017) accepted
    Initial Ne1:      37.00000005
    Initial Ne2:      36.00000005
      Final Ne1:      37.00000000
      Final Ne2:      36.00000000

=================== Penalty functional idempotency correction ==================
 RMS occupancy error at iteration   1:  0.000073 (step -0.4994 Ne1=     37.0000)
                                                               Ne2=     36.0000
            Final RMS occupancy error   :  0.000000 (Ne1=     37.0000)
                                                     Ne2=     36.0000
            Final occupancy bounds spin 1: [ -0.000,  1.000]
            Final occupancy bounds spin 2: [ -0.000,  1.000]
================================================================================

    3        -2.169157265298E+02     5.6970E-04     3.6865E-04    -1.7785E-04
      ideal mu1:      -0.968768953630
      ideal mu2:      -0.972717983686
             Q0:        -216.915947045487
             G0:      -0.000815626657
   RMS gradient:       0.000571119182
     Trial step:       0.496836415895
             Q1:        -216.916175119405
 Quadratic coef:       0.000177159107
 Linear coef   :      -0.000405233025
           Qmin:        -216.916178777583
Quadratic minimum step length (  0.568230804569) accepted
    Initial Ne1:      37.00000036
    Initial Ne2:      36.00000158
      Final Ne1:      37.00000000
      Final Ne2:      36.00000000

=================== Penalty functional idempotency correction ==================
 RMS occupancy error at iteration   1:  0.000186 (step -0.4984 Ne1=     37.0000)
                                                               Ne2=     36.0000
 RMS occupancy error at iteration   2:  0.000000 (step -0.5000 Ne1=     37.0000)
                                                               Ne2=     36.0000
            Final RMS occupancy error   :  0.000000 (Ne1=     37.0000)
                                                     Ne2=     36.0000
            Final occupancy bounds spin 1: [  0.000,  1.000]
            Final occupancy bounds spin 2: [  0.000,  1.000]
================================================================================

    4        -2.169159470455E+02     5.7112E-04     3.6954E-04    -2.2052E-04
      ideal mu1:      -0.968223790405
      ideal mu2:      -0.972276267952
    5        -2.169161827105E+02     7.4788E-04     4.8489E-04    -2.3567E-04
Finished density kernel iterations (   5)

Writing density kernel to file "Fe_EtOH_3_LowSpin.dkn" ... done


>>> Density kernel optimised for the current NGWF basis:
     ~~~~~~~~~~~~~~~~~~~~~~~~~~~~~~~~~~~~~~~~~~~~~~~~~~~~~~~~~~~
     Total energy                =  -2.16916182710537E+02  Eh
     Estimated bandgap (UP spin) =   9.0030E-03  Eh
     Estimated bandgap (DN spin) =   1.9248E-02  Eh
     RMS occupancy error         =   2.4823E-13
     [H,K] commutator            =   4.8489E-04
     UP spin occupancy bounds    = [  0.000:  1.000]
     DN spin occupancy bounds    = [  0.000:  1.000]
     ~~~~~~~~~~~~~~~~~~~~~~~~~~~~~~~~~~~~~~~~~~~~~~~~~~~~~~~~~~~




################################################################################
########################### NGWF CG iteration  010 #############################
################################################################################
****** Reciprocal space K.E. preconditioning with k_zero =  3.0000 a0^-1 *******

>>> Checking for convergence of NGWFs:   NOT CONVERGED
  ========================================================================
         NGWF RMS gradient =  1.5021E-05 >  2.0000E-06  | above tolerance
  ========================================================================

>>> Improving NGWFs using line search:
============ Calculation of NGWF S^-1 using Hotelling algorithm ================ 
     Iteration  |  Spin  |  Frobenius norm and Maximum abs value (of I-S*S_n^-1)
         1           1      0.11291421E-01     0.17147402E-02
         2           1      0.20916106E-04     0.55399756E-05
         3           1      0.12542665E-09     0.37105319E-10
         4           1      0.62646302E-14     0.11102230E-14
================================================================================
============ Calculation of NGWF S^-1 using Hotelling algorithm ================ 
     Iteration  |  Spin  |  Frobenius norm and Maximum abs value (of I-S*S_n^-1)
         1           1      0.65541802E-02     0.93333360E-03
         2           1      0.71103475E-05     0.15907738E-05
         3           1      0.14123963E-10     0.32441827E-11
         4           1      0.64653993E-14     0.19984014E-14
================================================================================
------------------------------- NGWF line search -------------------------------
RMS gradient                =       0.00001502112886
Trial step length           =               0.648678
Gradient along search dir.  =         -0.00050170614
Functional at step 0        =    -216.91618271053662
Functional at step 1        =    -216.91640233349463
Functional predicted        =    -216.91643292843042
Selected quadratic step     =               0.997468
Conjugate gradients coeff.  =               0.540465
--------------------------- NGWF line search finished --------------------------
                                               
Writing NGWFs to file "Fe_EtOH_3_LowSpin.tightbox_ngwfs".... done

>>> Optimising kernel for current NGWFs:
   Initial electron number for spin 1:      37.00005751
   Initial electron number for spin 2:      36.00080511
     Final electron number for spin 1:      37.00000000
     Final electron number for spin 2:      36.00000000

=================== Penalty functional idempotency correction ==================
 RMS occupancy error at iteration   1:  0.000514 (step -0.4999 Ne1=     37.0000)
                                                               Ne2=     36.0000
 RMS occupancy error at iteration   2:  0.000002 (step -0.5000 Ne1=     37.0000)
                                                               Ne2=     36.0000
            Final RMS occupancy error   :  0.000000 (Ne1=     37.0000)
                                                     Ne2=     36.0000
            Final occupancy bounds spin 1: [  0.000,  1.000]
            Final occupancy bounds spin 2: [  0.000,  1.000]
================================================================================

................................................................................
<<<<<<<<<<<<<< LNV (Original version) density kernel optimisation >>>>>>>>>>>>>>
~~~~~~~~~~~~~~~~~~~~~~~~~~~~~~~~~~~~~~~~~~~~~~~~~~~~~~~~~~~~~~~~~~~~~~~~~~~~~~~~
   iter  |      energy (Eh)       | rms gradient |  commutator  |   dE (Eh)
      ideal mu1:      -0.968400744340
      ideal mu2:      -0.972358458096
             Q0:        -216.916481796360
             G0:      -0.001754697483
   RMS gradient:       0.000884181292
     Trial step:       0.531335822567
             Q1:        -216.916262289674
 Quadratic coef:       0.001151840316
 Linear coef   :      -0.000932333631
           Qmin:        -216.916670460966
Quadratic minimum step length (  0.215039467571) accepted
    Initial Ne1:      37.00000000
    Initial Ne2:      36.00000000
      Final Ne1:      37.00000000
      Final Ne2:      36.00000000

=================== Penalty functional idempotency correction ==================
 RMS occupancy error at iteration   1:  0.000004 (step -0.5000 Ne1=     37.0000)
                                                               Ne2=     36.0000
            Final RMS occupancy error   :  0.000000 (Ne1=     37.0000)
                                                     Ne2=     36.0000
            Final occupancy bounds spin 1: [  0.000,  1.000]
            Final occupancy bounds spin 2: [  0.000,  1.000]
================================================================================

    1        -2.169164817964E+02     8.8418E-04     5.7329E-04
      ideal mu1:      -0.968050083553
      ideal mu2:      -0.972029349165
             Q0:        -216.916666911634
             G0:      -0.000570659734
   RMS gradient:       0.000500903151
     Trial step:       0.338020964418
             Q1:        -216.916803171515
 Quadratic coef:       0.000056635073
 Linear coef   :      -0.000192894954
           Qmin:        -216.916831158191
Quadratic minimum step length (  0.575637448061) accepted
    Initial Ne1:      37.00000002
    Initial Ne2:      36.00000001
      Final Ne1:      37.00000000
      Final Ne2:      36.00000000

=================== Penalty functional idempotency correction ==================
 RMS occupancy error at iteration   1:  0.000015 (step -0.4999 Ne1=     37.0000)
                                                               Ne2=     36.0000
            Final RMS occupancy error   :  0.000000 (Ne1=     37.0000)
                                                     Ne2=     36.0000
            Final occupancy bounds spin 1: [  0.000,  1.000]
            Final occupancy bounds spin 2: [ -0.000,  1.000]
================================================================================

    2        -2.169166669116E+02     5.0090E-04     3.2429E-04    -1.8512E-04
      ideal mu1:      -0.967630935629
      ideal mu2:      -0.971604261079
             Q0:        -216.916838869474
             G0:      -0.000749939113
   RMS gradient:       0.000547105163
     Trial step:       0.441109425595
             Q1:        -216.917019106261
 Quadratic coef:       0.000150568424
 Linear coef   :      -0.000330805211
           Qmin:        -216.917020567742
Quadratic minimum step length (  0.484568054048) accepted
    Initial Ne1:      37.00000005
    Initial Ne2:      36.00000003
      Final Ne1:      37.00000000
      Final Ne2:      36.00000000

=================== Penalty functional idempotency correction ==================
 RMS occupancy error at iteration   1:  0.000046 (step -0.4997 Ne1=     37.0000)
                                                               Ne2=     36.0000
            Final RMS occupancy error   :  0.000000 (Ne1=     37.0000)
                                                     Ne2=     36.0000
            Final occupancy bounds spin 1: [ -0.000,  1.000]
            Final occupancy bounds spin 2: [ -0.000,  1.000]
================================================================================

    3        -2.169168388695E+02     5.4711E-04     3.5476E-04    -1.7196E-04
      ideal mu1:      -0.967497743329
      ideal mu2:      -0.971451673399
             Q0:        -216.917022316879
             G0:      -0.000523568293
   RMS gradient:       0.000457443161
     Trial step:       0.462328385439
             Q1:        -216.917164443948
 Quadratic coef:       0.000099933415
 Linear coef   :      -0.000242060484
           Qmin:        -216.917168897674
Quadratic minimum step length (  0.559929992617) accepted
    Initial Ne1:      37.00000021
    Initial Ne2:      36.00000063
      Final Ne1:      37.00000000
      Final Ne2:      36.00000000

=================== Penalty functional idempotency correction ==================
 RMS occupancy error at iteration   1:  0.000089 (step -0.4993 Ne1=     37.0000)
                                                               Ne2=     36.0000
            Final RMS occupancy error   :  0.000000 (Ne1=     37.0000)
                                                     Ne2=     36.0000
            Final occupancy bounds spin 1: [ -0.000,  1.000]
            Final occupancy bounds spin 2: [ -0.000,  1.000]
================================================================================

    4        -2.169170223169E+02     4.5744E-04     2.9654E-04    -1.8345E-04
      ideal mu1:      -0.967710777582
      ideal mu2:      -0.971640865251
    5        -2.169171745535E+02     5.9865E-04     3.8880E-04    -1.5224E-04
Finished density kernel iterations (   5)

Writing density kernel to file "Fe_EtOH_3_LowSpin.dkn" ... done


>>> Density kernel optimised for the current NGWF basis:
     ~~~~~~~~~~~~~~~~~~~~~~~~~~~~~~~~~~~~~~~~~~~~~~~~~~~~~~~~~~~
     Total energy                =  -2.16917174553534E+02  Eh
     Estimated bandgap (UP spin) =   9.2287E-03  Eh
     Estimated bandgap (DN spin) =   1.7510E-02  Eh
     RMS occupancy error         =   3.5833E-08
     [H,K] commutator            =   3.8880E-04
     UP spin occupancy bounds    = [ -0.000:  1.000]
     DN spin occupancy bounds    = [ -0.000:  1.000]
     ~~~~~~~~~~~~~~~~~~~~~~~~~~~~~~~~~~~~~~~~~~~~~~~~~~~~~~~~~~~


================================================================================
           ---------------- ENERGY COMPONENTS (Eh) ----------------
           | Kinetic                    :       64.32638463257746 |
           | Core Hartree               :     -966.61742141970922 |
           | CoreHart (non-coul chg cor):        0.00155689502347
           | Hartree                    :      432.66582821216593 |
           | Exchange-correlation       :      -30.32637298027878 |
           | Ewald                      :      286.40959520493226 |
           | Dij0                       :       -0.29827922104008 |
           | Dijhartree                 :       10.88646415747618 |
           | Exc [AE core]              :     -113.50743293704247 |
           | Exc DC [AE core]           :      -48.25340603902592 |
           | Exc [PS core]              :      -24.44172451115855 |
           | Exc DC [PS core]           :      -28.85455180549340 |
           | Exc [Core]                 :      -75.10233528622905 |
           | Total [Sphere]             :       -3.37518820321876 |
           | Total                      :     -216.91717455353117 |
           --------------------------------------------------------
           ------ LOCAL ENERGY COMPONENTS FROM MATRIX TRACES ------
           | Core Hartree               :     -966.61742141970933 |
           | Hartree (Valence)          :      432.66582821216514 |
           --------------------------------------------------------
           Integrated compensation chrg.:       11.40298489210624
           Integrated density           :       72.99999932182062
           Integrated spin density      :        1.00000001708960
           Integrated |spin density|    :        2.46007404618416
           Local density approx. <S^2>  :        1.48003701454777
           Integrated density tr(KS)    :       73.00000000000000
           Integrated spin tr(KS)       :        1.00000000000000
================================================================================




################################################################################
########################### NGWF CG iteration  011 #############################
################################################################################
****** Reciprocal space K.E. preconditioning with k_zero =  3.0000 a0^-1 *******

>>> Checking for convergence of NGWFs:   NOT CONVERGED
  ========================================================================
         NGWF RMS gradient =  1.2588E-05 >  2.0000E-06  | above tolerance
  ========================================================================

>>> Improving NGWFs using line search:
============ Calculation of NGWF S^-1 using Hotelling algorithm ================ 
     Iteration  |  Spin  |  Frobenius norm and Maximum abs value (of I-S*S_n^-1)
         1           1      0.20307571E-01     0.29272716E-02
         2           1      0.70098092E-04     0.15693718E-04
         3           1      0.14131875E-08     0.30861891E-09
         4           1      0.59521167E-14     0.13322676E-14
================================================================================
============ Calculation of NGWF S^-1 using Hotelling algorithm ================ 
     Iteration  |  Spin  |  Frobenius norm and Maximum abs value (of I-S*S_n^-1)
         1           1      0.39054939E-02     0.52764756E-03
         2           1      0.26541964E-05     0.49794253E-06
         3           1      0.19981155E-11     0.33728575E-12
================================================================================
------------------------------- NGWF line search -------------------------------
RMS gradient                =       0.00001258780856
Trial step length           =               0.804385
Gradient along search dir.  =         -0.00048353733
Functional at step 0        =    -216.91717455353415
Functional at step 1        =    -216.91732672014609
Functional predicted        =    -216.91733427981387
Selected quadratic step     =               0.660657
Conjugate gradients coeff.  =               0.702255
--------------------------- NGWF line search finished --------------------------
                                               
Writing NGWFs to file "Fe_EtOH_3_LowSpin.tightbox_ngwfs".... done

>>> Optimising kernel for current NGWFs:
   Initial electron number for spin 1:      37.00048565
   Initial electron number for spin 2:      36.00107297
     Final electron number for spin 1:      37.00000000
     Final electron number for spin 2:      36.00000000

=================== Penalty functional idempotency correction ==================
 RMS occupancy error at iteration   1:  0.000419 (step -0.4999 Ne1=     37.0000)
                                                               Ne2=     36.0000
 RMS occupancy error at iteration   2:  0.000001 (step -0.5000 Ne1=     37.0000)
                                                               Ne2=     36.0000
            Final RMS occupancy error   :  0.000000 (Ne1=     37.0000)
                                                     Ne2=     36.0000
            Final occupancy bounds spin 1: [  0.000,  1.000]
            Final occupancy bounds spin 2: [  0.000,  1.000]
================================================================================

................................................................................
<<<<<<<<<<<<<< LNV (Original version) density kernel optimisation >>>>>>>>>>>>>>
~~~~~~~~~~~~~~~~~~~~~~~~~~~~~~~~~~~~~~~~~~~~~~~~~~~~~~~~~~~~~~~~~~~~~~~~~~~~~~~~
   iter  |      energy (Eh)       | rms gradient |  commutator  |   dE (Eh)
      ideal mu1:      -0.968342485038
      ideal mu2:      -0.972160433533
             Q0:        -216.917365412518
             G0:      -0.001253869064
   RMS gradient:       0.000747422709
     Trial step:       0.508794191639
             Q1:        -216.917274953147
 Quadratic coef:       0.000728420668
 Linear coef   :      -0.000637961297
           Qmin:        -216.917505096438
Quadratic minimum step length (  0.222804635142) accepted
    Initial Ne1:      37.00000000
    Initial Ne2:      36.00000000
      Final Ne1:      37.00000000
      Final Ne2:      36.00000000

=================== Penalty functional idempotency correction ==================
 RMS occupancy error at iteration   1:  0.000003 (step -0.5000 Ne1=     37.0000)
                                                               Ne2=     36.0000
            Final RMS occupancy error   :  0.000000 (Ne1=     37.0000)
                                                     Ne2=     36.0000
            Final occupancy bounds spin 1: [  0.000,  1.000]
            Final occupancy bounds spin 2: [  0.000,  1.000]
================================================================================

    1        -2.169173654125E+02     7.4742E-04     4.8443E-04
      ideal mu1:      -0.967920217355
      ideal mu2:      -0.971800647080
             Q0:        -216.917504688433
             G0:      -0.000418930433
   RMS gradient:       0.000431598031
     Trial step:       0.336692299036
             Q1:        -216.917604201138
 Quadratic coef:       0.000041537945
 Linear coef   :      -0.000141050651
           Qmin:        -216.917624430068
Quadratic minimum step length (  0.571654030599) accepted
    Initial Ne1:      37.00000001
    Initial Ne2:      36.00000000
      Final Ne1:      37.00000000
      Final Ne2:      36.00000000

=================== Penalty functional idempotency correction ==================
 RMS occupancy error at iteration   1:  0.000012 (step -0.4999 Ne1=     37.0000)
                                                               Ne2=     36.0000
            Final RMS occupancy error   :  0.000000 (Ne1=     37.0000)
                                                     Ne2=     36.0000
            Final occupancy bounds spin 1: [ -0.000,  1.000]
            Final occupancy bounds spin 2: [ -0.000,  1.000]
================================================================================

    2        -2.169175046884E+02     4.3160E-04     2.7936E-04    -1.3928E-04
      ideal mu1:      -0.967525408711
      ideal mu2:      -0.971441414197
             Q0:        -216.917633074328
             G0:      -0.000641793925
   RMS gradient:       0.000492846791
     Trial step:       0.438715750590
             Q1:        -216.917796972785
 Quadratic coef:       0.000117666646
 Linear coef   :      -0.000281565103
           Qmin:        -216.917801513962
Quadratic minimum step length (  0.524902551065) accepted
    Initial Ne1:      37.00000001
    Initial Ne2:      36.00000002
      Final Ne1:      37.00000000
      Final Ne2:      36.00000000

=================== Penalty functional idempotency correction ==================
 RMS occupancy error at iteration   1:  0.000050 (step -0.4996 Ne1=     37.0000)
                                                               Ne2=     36.0000
            Final RMS occupancy error   :  0.000000 (Ne1=     37.0000)
                                                     Ne2=     36.0000
            Final occupancy bounds spin 1: [ -0.000,  1.000]
            Final occupancy bounds spin 2: [ -0.000,  1.000]
================================================================================

    3        -2.169176330743E+02     4.9285E-04     3.1961E-04    -1.2839E-04
      ideal mu1:      -0.967588306789
      ideal mu2:      -0.971454013517
             Q0:        -216.917806444842
             G0:      -0.000504866228
   RMS gradient:       0.000430971334
     Trial step:       0.479878126900
             Q1:        -216.917957534206
 Quadratic coef:       0.000091184895
 Linear coef   :      -0.000242274260
           Qmin:        -216.917967372857
Quadratic minimum step length (  0.637507547219) accepted
    Initial Ne1:      37.00000008
    Initial Ne2:      36.00000077
      Final Ne1:      37.00000000
      Final Ne2:      36.00000000

=================== Penalty functional idempotency correction ==================
 RMS occupancy error at iteration   1:  0.000119 (step -0.4990 Ne1=     37.0000)
                                                               Ne2=     36.0000
            Final RMS occupancy error   :  0.000000 (Ne1=     37.0000)
                                                     Ne2=     36.0000
            Final occupancy bounds spin 1: [ -0.000,  1.000]
            Final occupancy bounds spin 2: [ -0.000,  1.000]
================================================================================

    4        -2.169178064448E+02     4.3097E-04     2.7925E-04    -1.7337E-04
      ideal mu1:      -0.968065602847
      ideal mu2:      -0.971832756901
    5        -2.169179769136E+02     6.1274E-04     3.9738E-04    -1.7047E-04
Finished density kernel iterations (   5)

Writing density kernel to file "Fe_EtOH_3_LowSpin.dkn" ... done


>>> Density kernel optimised for the current NGWF basis:
     ~~~~~~~~~~~~~~~~~~~~~~~~~~~~~~~~~~~~~~~~~~~~~~~~~~~~~~~~~~~
     Total energy                =  -2.16917976913636E+02  Eh
     Estimated bandgap (UP spin) =   9.7406E-03  Eh
     Estimated bandgap (DN spin) =   1.9014E-02  Eh
     RMS occupancy error         =   5.2157E-08
     [H,K] commutator            =   3.9738E-04
     UP spin occupancy bounds    = [  0.000:  1.000]
     DN spin occupancy bounds    = [ -0.000:  1.000]
     ~~~~~~~~~~~~~~~~~~~~~~~~~~~~~~~~~~~~~~~~~~~~~~~~~~~~~~~~~~~




################################################################################
########################### NGWF CG iteration  012 #############################
################################################################################
****** Reciprocal space K.E. preconditioning with k_zero =  3.0000 a0^-1 *******

>>> Checking for convergence of NGWFs:   NOT CONVERGED
  ========================================================================
         NGWF RMS gradient =  1.1047E-05 >  2.0000E-06  | above tolerance
  ========================================================================

>>> Improving NGWFs using line search:
============ Calculation of NGWF S^-1 using Hotelling algorithm ================ 
     Iteration  |  Spin  |  Frobenius norm and Maximum abs value (of I-S*S_n^-1)
         1           1      0.23760394E-01     0.33017143E-02
         2           1      0.99476102E-04     0.19690436E-04
         3           1      0.28789758E-08     0.52862736E-09
         4           1      0.61902040E-14     0.21094237E-14
================================================================================
============ Calculation of NGWF S^-1 using Hotelling algorithm ================ 
     Iteration  |  Spin  |  Frobenius norm and Maximum abs value (of I-S*S_n^-1)
         1           1      0.53505905E-02     0.69374775E-03
         2           1      0.51704734E-05     0.85021380E-06
         3           1      0.76580118E-11     0.10884627E-11
         4           1      0.59762081E-14     0.13322676E-14
================================================================================
------------------------------- NGWF line search -------------------------------
RMS gradient                =       0.00001104705982
Trial step length           =               0.728988
Gradient along search dir.  =         -0.00044474382
Functional at step 0        =    -216.91797691363570
Functional at step 1        =    -216.91809633007119
Functional predicted        =    -216.91810522881596
Selected quadratic step     =               0.577030
Conjugate gradients coeff.  =               0.770182
--------------------------- NGWF line search finished --------------------------
                                               
Writing NGWFs to file "Fe_EtOH_3_LowSpin.tightbox_ngwfs".... done

>>> Optimising kernel for current NGWFs:
   Initial electron number for spin 1:      37.00086187
   Initial electron number for spin 2:      36.00130782
     Final electron number for spin 1:      37.00000000
     Final electron number for spin 2:      36.00000000

=================== Penalty functional idempotency correction ==================
 RMS occupancy error at iteration   1:  0.000429 (step -0.4998 Ne1=     37.0000)
                                                               Ne2=     36.0000
 RMS occupancy error at iteration   2:  0.000001 (step -0.5000 Ne1=     37.0000)
                                                               Ne2=     36.0000
            Final RMS occupancy error   :  0.000000 (Ne1=     37.0000)
                                                     Ne2=     36.0000
            Final occupancy bounds spin 1: [  0.000,  1.000]
            Final occupancy bounds spin 2: [  0.000,  1.000]
================================================================================

................................................................................
<<<<<<<<<<<<<< LNV (Original version) density kernel optimisation >>>>>>>>>>>>>>
~~~~~~~~~~~~~~~~~~~~~~~~~~~~~~~~~~~~~~~~~~~~~~~~~~~~~~~~~~~~~~~~~~~~~~~~~~~~~~~~
   iter  |      energy (Eh)       | rms gradient |  commutator  |   dE (Eh)
      ideal mu1:      -0.968116202252
      ideal mu2:      -0.971886116413
             Q0:        -216.918136742635
             G0:      -0.001268086888
   RMS gradient:       0.000751648337
     Trial step:       0.553105711093
             Q1:        -216.917896083960
 Quadratic coef:       0.000942044775
 Linear coef   :      -0.000701386100
           Qmin:        -216.918267294407
Quadratic minimum step length (  0.205903513295) accepted
    Initial Ne1:      37.00000000
    Initial Ne2:      36.00000000
      Final Ne1:      37.00000000
      Final Ne2:      36.00000000

=================== Penalty functional idempotency correction ==================
 RMS occupancy error at iteration   1:  0.000003 (step -0.5000 Ne1=     37.0000)
                                                               Ne2=     36.0000
            Final RMS occupancy error   :  0.000000 (Ne1=     37.0000)
                                                     Ne2=     36.0000
            Final occupancy bounds spin 1: [  0.000,  1.000]
            Final occupancy bounds spin 2: [  0.000,  1.000]
================================================================================

    1        -2.169181367426E+02     7.5165E-04     4.8756E-04
      ideal mu1:      -0.967961605040
      ideal mu2:      -0.971745893012
             Q0:        -216.918263308670
             G0:      -0.000360188454
   RMS gradient:       0.000396902519
     Trial step:       0.337470604850
             Q1:        -216.918349286901
 Quadratic coef:       0.000035574785
 Linear coef   :      -0.000121553016
           Qmin:        -216.918367140188
Quadratic minimum step length (  0.576539959245) accepted
    Initial Ne1:      37.00000001
    Initial Ne2:      36.00000001
      Final Ne1:      37.00000000
      Final Ne2:      36.00000000

=================== Penalty functional idempotency correction ==================
 RMS occupancy error at iteration   1:  0.000009 (step -0.5000 Ne1=     37.0000)
                                                               Ne2=     36.0000
            Final RMS occupancy error   :  0.000000 (Ne1=     37.0000)
                                                     Ne2=     36.0000
            Final occupancy bounds spin 1: [  0.000,  1.000]
            Final occupancy bounds spin 2: [  0.000,  1.000]
================================================================================

    2        -2.169182633087E+02     3.9690E-04     2.5709E-04    -1.2657E-04
      ideal mu1:      -0.967901352224
      ideal mu2:      -0.971675843106
             Q0:        -216.918375376634
             G0:      -0.000522752816
   RMS gradient:       0.000441304869
     Trial step:       0.441095555142
             Q1:        -216.918505233677
 Quadratic coef:       0.000100726901
 Linear coef   :      -0.000230583943
           Qmin:        -216.918507339780
Quadratic minimum step length (  0.504877802767) accepted
    Initial Ne1:      37.00000001
    Initial Ne2:      35.99999999
      Final Ne1:      37.00000000
      Final Ne2:      36.00000000

=================== Penalty functional idempotency correction ==================
 RMS occupancy error at iteration   1:  0.000035 (step -0.4997 Ne1=     37.0000)
                                                               Ne2=     36.0000
            Final RMS occupancy error   :  0.000000 (Ne1=     37.0000)
                                                     Ne2=     36.0000
            Final occupancy bounds spin 1: [ -0.000,  1.000]
            Final occupancy bounds spin 2: [ -0.000,  1.000]
================================================================================

    3        -2.169183753766E+02     4.4130E-04     2.8633E-04    -1.1207E-04
      ideal mu1:      -0.968004675368
      ideal mu2:      -0.971747189043
             Q0:        -216.918510201781
             G0:      -0.000392616006
   RMS gradient:       0.000380996551
     Trial step:       0.471910324840
             Q1:        -216.918612038598
 Quadratic coef:       0.000083442731
 Linear coef   :      -0.000185279547
           Qmin:        -216.918613052294
Quadratic minimum step length (  0.523924195196) accepted
    Initial Ne1:      37.00000010
    Initial Ne2:      36.00000025
      Final Ne1:      37.00000000
      Final Ne2:      36.00000000

=================== Penalty functional idempotency correction ==================
 RMS occupancy error at iteration   1:  0.000065 (step -0.4995 Ne1=     37.0000)
                                                               Ne2=     36.0000
            Final RMS occupancy error   :  0.000000 (Ne1=     37.0000)
                                                     Ne2=     36.0000
            Final occupancy bounds spin 1: [ -0.000,  1.000]
            Final occupancy bounds spin 2: [ -0.000,  1.000]
================================================================================

    4        -2.169185102018E+02     3.8100E-04     2.4706E-04    -1.3483E-04
      ideal mu1:      -0.968094451860
      ideal mu2:      -0.971813202078
    5        -2.169186162496E+02     4.7133E-04     3.0617E-04    -1.0605E-04
Finished density kernel iterations (   5)

Writing density kernel to file "Fe_EtOH_3_LowSpin.dkn" ... done


>>> Density kernel optimised for the current NGWF basis:
     ~~~~~~~~~~~~~~~~~~~~~~~~~~~~~~~~~~~~~~~~~~~~~~~~~~~~~~~~~~~
     Total energy                =  -2.16918616249587E+02  Eh
     Estimated bandgap (UP spin) =   9.7262E-03  Eh
     Estimated bandgap (DN spin) =   1.9793E-02  Eh
     RMS occupancy error         =   1.5100E-08
     [H,K] commutator            =   3.0617E-04
     UP spin occupancy bounds    = [ -0.000:  1.000]
     DN spin occupancy bounds    = [ -0.000:  1.000]
     ~~~~~~~~~~~~~~~~~~~~~~~~~~~~~~~~~~~~~~~~~~~~~~~~~~~~~~~~~~~




################################################################################
########################### NGWF CG iteration  013 #############################
################################################################################
****** Reciprocal space K.E. preconditioning with k_zero =  3.0000 a0^-1 *******

>>> Checking for convergence of NGWFs:   NOT CONVERGED
  ========================================================================
         NGWF RMS gradient =  9.4280E-06 >  2.0000E-06  | above tolerance
  ========================================================================

>>> Improving NGWFs using line search:
============ Calculation of NGWF S^-1 using Hotelling algorithm ================ 
     Iteration  |  Spin  |  Frobenius norm and Maximum abs value (of I-S*S_n^-1)
         1           1      0.63651073E-02     0.11020418E-02
         2           1      0.74388954E-05     0.25938965E-05
         3           1      0.19213135E-10     0.76261220E-11
         4           1      0.57189065E-14     0.19984014E-14
================================================================================
============ Calculation of NGWF S^-1 using Hotelling algorithm ================ 
     Iteration  |  Spin  |  Frobenius norm and Maximum abs value (of I-S*S_n^-1)
         1           1      0.13597480E-02     0.23184560E-03
         2           1      0.33358719E-06     0.11328803E-06
         3           1      0.37394061E-13     0.14543922E-13
================================================================================
------------------------------- NGWF line search -------------------------------
RMS gradient                =       0.00000942802285
Trial step length           =               0.648573
Gradient along search dir.  =         -0.00019512423
Functional at step 0        =    -216.91861624958744
Functional at step 1        =    -216.91869049265955
Functional predicted        =    -216.91869279191619
Selected quadratic step     =               0.784550
Conjugate gradients coeff.  =               0.000000
--------------------------- NGWF line search finished --------------------------
                                               
Writing NGWFs to file "Fe_EtOH_3_LowSpin.tightbox_ngwfs".... done

>>> Optimising kernel for current NGWFs:
   Initial electron number for spin 1:      37.00028613
   Initial electron number for spin 2:      36.00043580
     Final electron number for spin 1:      37.00000000
     Final electron number for spin 2:      36.00000000

=================== Penalty functional idempotency correction ==================
 RMS occupancy error at iteration   1:  0.000190 (step -0.5001 Ne1=     37.0000)
                                                               Ne2=     36.0000
 RMS occupancy error at iteration   2:  0.000000 (step -0.5000 Ne1=     37.0000)
                                                               Ne2=     36.0000
            Final RMS occupancy error   :  0.000000 (Ne1=     37.0000)
                                                     Ne2=     36.0000
            Final occupancy bounds spin 1: [  0.000,  1.000]
            Final occupancy bounds spin 2: [  0.000,  1.000]
================================================================================

................................................................................
<<<<<<<<<<<<<< LNV (Original version) density kernel optimisation >>>>>>>>>>>>>>
~~~~~~~~~~~~~~~~~~~~~~~~~~~~~~~~~~~~~~~~~~~~~~~~~~~~~~~~~~~~~~~~~~~~~~~~~~~~~~~~
   iter  |      energy (Eh)       | rms gradient |  commutator  |   dE (Eh)
      ideal mu1:      -0.967423871412
      ideal mu2:      -0.971249371859
             Q0:        -216.918699839987
             G0:      -0.000587158942
   RMS gradient:       0.000511467490
     Trial step:       0.497237606328
             Q1:        -216.918709180545
 Quadratic coef:       0.000282616948
 Linear coef   :      -0.000291957507
           Qmin:        -216.918775241680
Quadratic minimum step length (  0.256835715059) accepted
    Initial Ne1:      37.00000000
    Initial Ne2:      36.00000000
      Final Ne1:      37.00000000
      Final Ne2:      36.00000000

=================== Penalty functional idempotency correction ==================
 RMS occupancy error at iteration   1:  0.000002 (step -0.5000 Ne1=     37.0000)
                                                               Ne2=     36.0000
            Final RMS occupancy error   :  0.000000 (Ne1=     37.0000)
                                                     Ne2=     36.0000
            Final occupancy bounds spin 1: [  0.000,  1.000]
            Final occupancy bounds spin 2: [  0.000,  1.000]
================================================================================

    1        -2.169186998400E+02     5.1147E-04     3.3179E-04
      ideal mu1:      -0.967744107031
      ideal mu2:      -0.971504776038
             Q0:        -216.918774446731
             G0:      -0.000288482547
   RMS gradient:       0.000356236211
     Trial step:       0.357363087315
             Q1:        -216.918842594631
 Quadratic coef:       0.000034945113
 Linear coef   :      -0.000103093013
           Qmin:        -216.918850481465
Quadratic minimum step length (  0.527135769927) accepted
    Initial Ne1:      37.00000000
    Initial Ne2:      36.00000000
      Final Ne1:      37.00000000
      Final Ne2:      36.00000000

=================== Penalty functional idempotency correction ==================
 RMS occupancy error at iteration   1:  0.000009 (step -0.5000 Ne1=     37.0000)
                                                               Ne2=     36.0000
            Final RMS occupancy error   :  0.000000 (Ne1=     37.0000)
                                                     Ne2=     36.0000
            Final occupancy bounds spin 1: [  0.000,  1.000]
            Final occupancy bounds spin 2: [  0.000,  1.000]
================================================================================

    2        -2.169187744467E+02     3.5624E-04     2.3061E-04    -7.4607E-05
      ideal mu1:      -0.968360126873
      ideal mu2:      -0.972003509220
             Q0:        -216.918857071730
             G0:      -0.000376656475
   RMS gradient:       0.000362870109
     Trial step:       0.434026342721
             Q1:        -216.918948159857
 Quadratic coef:       0.000072390706
 Linear coef   :      -0.000163478832
           Qmin:        -216.918949367171
Quadratic minimum step length (  0.490077548179) accepted
    Initial Ne1:      36.99999999
    Initial Ne2:      35.99999998
      Final Ne1:      37.00000000
      Final Ne2:      36.00000000

=================== Penalty functional idempotency correction ==================
 RMS occupancy error at iteration   1:  0.000027 (step -0.4998 Ne1=     37.0000)
                                                               Ne2=     36.0000
            Final RMS occupancy error   :  0.000000 (Ne1=     37.0000)
                                                     Ne2=     36.0000
            Final occupancy bounds spin 1: [ -0.000,  1.000]
            Final occupancy bounds spin 2: [ -0.000,  1.000]
================================================================================

    3        -2.169188570717E+02     3.6287E-04     2.3540E-04    -8.2625E-05
      ideal mu1:      -0.968620905358
      ideal mu2:      -0.972234001745
             Q0:        -216.918952110376
             G0:      -0.000338822570
   RMS gradient:       0.000336582710
     Trial step:       0.461201220603
             Q1:        -216.919049733111
 Quadratic coef:       0.000058642648
 Linear coef   :      -0.000156265383
           Qmin:        -216.919056210680
Quadratic minimum step length (  0.614482702575) accepted
    Initial Ne1:      37.00000002
    Initial Ne2:      36.00000013
      Final Ne1:      37.00000000
      Final Ne2:      36.00000000

=================== Penalty functional idempotency correction ==================
 RMS occupancy error at iteration   1:  0.000075 (step -0.4994 Ne1=     37.0000)
                                                               Ne2=     36.0000
            Final RMS occupancy error   :  0.000000 (Ne1=     37.0000)
                                                     Ne2=     36.0000
            Final occupancy bounds spin 1: [ -0.000,  1.000]
            Final occupancy bounds spin 2: [ -0.000,  1.000]
================================================================================

    4        -2.169189521104E+02     3.3658E-04     2.1822E-04    -9.5039E-05
      ideal mu1:      -0.968346197786
      ideal mu2:      -0.972023927983
    5        -2.169190650400E+02     4.4266E-04     2.8735E-04    -1.1293E-04
Finished density kernel iterations (   5)

Writing density kernel to file "Fe_EtOH_3_LowSpin.dkn" ... done


>>> Density kernel optimised for the current NGWF basis:
     ~~~~~~~~~~~~~~~~~~~~~~~~~~~~~~~~~~~~~~~~~~~~~~~~~~~~~~~~~~~
     Total energy                =  -2.16919065039969E+02  Eh
     Estimated bandgap (UP spin) =   9.9255E-03  Eh
     Estimated bandgap (DN spin) =   2.0516E-02  Eh
     RMS occupancy error         =   1.5661E-08
     [H,K] commutator            =   2.8735E-04
     UP spin occupancy bounds    = [ -0.000:  1.000]
     DN spin occupancy bounds    = [ -0.000:  1.000]
     ~~~~~~~~~~~~~~~~~~~~~~~~~~~~~~~~~~~~~~~~~~~~~~~~~~~~~~~~~~~




################################################################################
########################### NGWF CG iteration  014 #############################
################################################################################
****** Reciprocal space K.E. preconditioning with k_zero =  3.0000 a0^-1 *******

>>> Checking for convergence of NGWFs:   NOT CONVERGED
  ========================================================================
         NGWF RMS gradient =  8.7624E-06 >  2.0000E-06  | above tolerance
  ========================================================================

>>> Improving NGWFs using line search:
============ Calculation of NGWF S^-1 using Hotelling algorithm ================ 
     Iteration  |  Spin  |  Frobenius norm and Maximum abs value (of I-S*S_n^-1)
         1           1      0.13091307E-01     0.22062391E-02
         2           1      0.31141124E-04     0.10083212E-04
         3           1      0.32240696E-09     0.11860357E-09
         4           1      0.60802799E-14     0.17763568E-14
================================================================================
============ Calculation of NGWF S^-1 using Hotelling algorithm ================ 
     Iteration  |  Spin  |  Frobenius norm and Maximum abs value (of I-S*S_n^-1)
         1           1      0.38561831E-03     0.62616947E-04
         2           1      0.26599630E-07     0.79486802E-08
         3           1      0.58278345E-14     0.11102230E-14
================================================================================
------------------------------- NGWF line search -------------------------------
RMS gradient                =       0.00000876237932
Trial step length           =               0.713329
Gradient along search dir.  =         -0.00020518074
Functional at step 0        =    -216.91906503996901
Functional at step 1        =    -216.91914022979282
Functional predicted        =    -216.91914028651067
Selected quadratic step     =               0.733466
Conjugate gradients coeff.  =               0.863779
--------------------------- NGWF line search finished --------------------------
                                               
Writing NGWFs to file "Fe_EtOH_3_LowSpin.tightbox_ngwfs".... done

>>> Optimising kernel for current NGWFs:
   Initial electron number for spin 1:      37.00054595
   Initial electron number for spin 2:      36.00086711
     Final electron number for spin 1:      37.00000000
     Final electron number for spin 2:      36.00000000

=================== Penalty functional idempotency correction ==================
 RMS occupancy error at iteration   1:  0.000301 (step -0.4999 Ne1=     37.0000)
                                                               Ne2=     36.0000
 RMS occupancy error at iteration   2:  0.000001 (step -0.5000 Ne1=     37.0000)
                                                               Ne2=     36.0000
            Final RMS occupancy error   :  0.000000 (Ne1=     37.0000)
                                                     Ne2=     36.0000
            Final occupancy bounds spin 1: [  0.000,  1.000]
            Final occupancy bounds spin 2: [  0.000,  1.000]
================================================================================

................................................................................
<<<<<<<<<<<<<< LNV (Original version) density kernel optimisation >>>>>>>>>>>>>>
~~~~~~~~~~~~~~~~~~~~~~~~~~~~~~~~~~~~~~~~~~~~~~~~~~~~~~~~~~~~~~~~~~~~~~~~~~~~~~~~
   iter  |      energy (Eh)       | rms gradient |  commutator  |   dE (Eh)
      ideal mu1:      -0.968246122991
      ideal mu2:      -0.971937364612
             Q0:        -216.919153309422
             G0:      -0.000802189597
   RMS gradient:       0.000597831381
     Trial step:       0.532353428154
             Q1:        -216.919023868703
 Quadratic coef:       0.000556489101
 Linear coef   :      -0.000427048382
           Qmin:        -216.919235238394
Quadratic minimum step length (  0.204263362713) accepted
    Initial Ne1:      37.00000000
    Initial Ne2:      36.00000000
      Final Ne1:      37.00000000
      Final Ne2:      36.00000000

=================== Penalty functional idempotency correction ==================
 RMS occupancy error at iteration   1:  0.000002 (step -0.5000 Ne1=     37.0000)
                                                               Ne2=     36.0000
            Final RMS occupancy error   :  0.000000 (Ne1=     37.0000)
                                                     Ne2=     36.0000
            Final occupancy bounds spin 1: [  0.000,  1.000]
            Final occupancy bounds spin 2: [  0.000,  1.000]
================================================================================

    1        -2.169191533094E+02     5.9783E-04     3.8817E-04
      ideal mu1:      -0.968222312453
      ideal mu2:      -0.971894638185
             Q0:        -216.919231424712
             G0:      -0.000217557236
   RMS gradient:       0.000306776617
     Trial step:       0.329757943629
             Q1:        -216.919279133173
 Quadratic coef:       0.000024032766
 Linear coef   :      -0.000071741227
           Qmin:        -216.919284964156
Quadratic minimum step length (  0.492187198032) accepted
    Initial Ne1:      37.00000000
    Initial Ne2:      36.00000000
      Final Ne1:      37.00000000
      Final Ne2:      36.00000000

=================== Penalty functional idempotency correction ==================
 RMS occupancy error at iteration   1:  0.000004 (step -0.5000 Ne1=     37.0000)
                                                               Ne2=     36.0000
            Final RMS occupancy error   :  0.000000 (Ne1=     37.0000)
                                                     Ne2=     36.0000
            Final occupancy bounds spin 1: [  0.000,  1.000]
            Final occupancy bounds spin 2: [  0.000,  1.000]
================================================================================

    2        -2.169192314247E+02     3.0678E-04     1.9891E-04    -7.8115E-05
      ideal mu1:      -0.968343276724
      ideal mu2:      -0.971963505789
             Q0:        -216.919289576421
             G0:      -0.000273865473
   RMS gradient:       0.000309988336
     Trial step:       0.402868015985
             Q1:        -216.919356023838
 Quadratic coef:       0.000043884222
 Linear coef   :      -0.000110331640
           Qmin:        -216.919358924070
Quadratic minimum step length (  0.506435870643) accepted
    Initial Ne1:      37.00000000
    Initial Ne2:      36.00000000
      Final Ne1:      37.00000000
      Final Ne2:      36.00000000

=================== Penalty functional idempotency correction ==================
 RMS occupancy error at iteration   1:  0.000016 (step -0.4999 Ne1=     37.0000)
                                                               Ne2=     36.0000
            Final RMS occupancy error   :  0.000000 (Ne1=     37.0000)
                                                     Ne2=     36.0000
            Final occupancy bounds spin 1: [ -0.000,  1.000]
            Final occupancy bounds spin 2: [ -0.000,  1.000]
================================================================================

    3        -2.169192895764E+02     3.0999E-04     2.0124E-04    -5.8152E-05
      ideal mu1:      -0.968472826525
      ideal mu2:      -0.972065019688
             Q0:        -216.919362841115
             G0:      -0.000221262082
   RMS gradient:       0.000269980857
     Trial step:       0.451693274722
             Q1:        -216.919415307685
 Quadratic coef:       0.000047476024
 Linear coef   :      -0.000099942594
           Qmin:        -216.919415438833
Quadratic minimum step length (  0.475433638405) accepted
    Initial Ne1:      37.00000003
    Initial Ne2:      36.00000003
      Final Ne1:      37.00000000
      Final Ne2:      36.00000000

=================== Penalty functional idempotency correction ==================
 RMS occupancy error at iteration   1:  0.000027 (step -0.4998 Ne1=     37.0000)
                                                               Ne2=     36.0000
            Final RMS occupancy error   :  0.000000 (Ne1=     37.0000)
                                                     Ne2=     36.0000
            Final occupancy bounds spin 1: [ -0.000,  1.000]
            Final occupancy bounds spin 2: [ -0.000,  1.000]
================================================================================

    4        -2.169193628411E+02     2.6998E-04     1.7518E-04    -7.3265E-05
      ideal mu1:      -0.968426259310
      ideal mu2:      -0.972045412768
    5        -2.169194165072E+02     3.0890E-04     2.0076E-04    -5.3666E-05
Finished density kernel iterations (   5)

Writing density kernel to file "Fe_EtOH_3_LowSpin.dkn" ... done


>>> Density kernel optimised for the current NGWF basis:
     ~~~~~~~~~~~~~~~~~~~~~~~~~~~~~~~~~~~~~~~~~~~~~~~~~~~~~~~~~~~
     Total energy                =  -2.16919416507220E+02  Eh
     Estimated bandgap (UP spin) =   1.0519E-02  Eh
     Estimated bandgap (DN spin) =   2.0961E-02  Eh
     RMS occupancy error         =   2.4726E-09
     [H,K] commutator            =   2.0076E-04
     UP spin occupancy bounds    = [ -0.000:  1.000]
     DN spin occupancy bounds    = [ -0.000:  1.000]
     ~~~~~~~~~~~~~~~~~~~~~~~~~~~~~~~~~~~~~~~~~~~~~~~~~~~~~~~~~~~




################################################################################
########################### NGWF CG iteration  015 #############################
################################################################################
****** Reciprocal space K.E. preconditioning with k_zero =  3.0000 a0^-1 *******

>>> Checking for convergence of NGWFs:   NOT CONVERGED
  ========================================================================
         NGWF RMS gradient =  7.2938E-06 >  2.0000E-06  | above tolerance
  ========================================================================

>>> Improving NGWFs using line search:
============ Calculation of NGWF S^-1 using Hotelling algorithm ================ 
     Iteration  |  Spin  |  Frobenius norm and Maximum abs value (of I-S*S_n^-1)
         1           1      0.17174004E-01     0.27605245E-02
         2           1      0.52696003E-04     0.15771169E-04
         3           1      0.88913669E-09     0.29194269E-09
         4           1      0.56908594E-14     0.15543122E-14
================================================================================
============ Calculation of NGWF S^-1 using Hotelling algorithm ================ 
     Iteration  |  Spin  |  Frobenius norm and Maximum abs value (of I-S*S_n^-1)
         1           1      0.36554260E-02     0.56547898E-03
         2           1      0.23818989E-05     0.64985883E-06
         3           1      0.17738984E-11     0.50381921E-12
================================================================================
------------------------------- NGWF line search -------------------------------
RMS gradient                =       0.00000729384568
Trial step length           =               0.723327
Gradient along search dir.  =         -0.00022618484
Functional at step 0        =    -216.91941650721989
Functional at step 1        =    -216.91947734189307
Functional predicted        =    -216.91948161998613
Selected quadratic step     =               0.575748
Conjugate gradients coeff.  =               0.692898
--------------------------- NGWF line search finished --------------------------
                                               
Writing NGWFs to file "Fe_EtOH_3_LowSpin.tightbox_ngwfs".... done

>>> Optimising kernel for current NGWFs:
   Initial electron number for spin 1:      37.00064827
   Initial electron number for spin 2:      36.00095234
     Final electron number for spin 1:      37.00000000
     Final electron number for spin 2:      36.00000000

=================== Penalty functional idempotency correction ==================
 RMS occupancy error at iteration   1:  0.000279 (step -0.4999 Ne1=     37.0000)
                                                               Ne2=     36.0000
 RMS occupancy error at iteration   2:  0.000001 (step -0.5000 Ne1=     37.0000)
                                                               Ne2=     36.0000
            Final RMS occupancy error   :  0.000000 (Ne1=     37.0000)
                                                     Ne2=     36.0000
            Final occupancy bounds spin 1: [  0.000,  1.000]
            Final occupancy bounds spin 2: [  0.000,  1.000]
================================================================================

................................................................................
<<<<<<<<<<<<<< LNV (Original version) density kernel optimisation >>>>>>>>>>>>>>
~~~~~~~~~~~~~~~~~~~~~~~~~~~~~~~~~~~~~~~~~~~~~~~~~~~~~~~~~~~~~~~~~~~~~~~~~~~~~~~~
   iter  |      energy (Eh)       | rms gradient |  commutator  |   dE (Eh)
      ideal mu1:      -0.968406827715
      ideal mu2:      -0.972034635953
             Q0:        -216.919493179991
             G0:      -0.000515844478
   RMS gradient:       0.000479401720
     Trial step:       0.463411455452
             Q1:        -216.919460092815
 Quadratic coef:       0.000272135417
 Linear coef   :      -0.000239048241
           Qmin:        -216.919545675971
Quadratic minimum step length (  0.203534134405) accepted
    Initial Ne1:      37.00000000
    Initial Ne2:      36.00000000
      Final Ne1:      37.00000000
      Final Ne2:      36.00000000

=================== Penalty functional idempotency correction ==================
 RMS occupancy error at iteration   1:  0.000001 (step -0.5000 Ne1=     37.0000)
                                                               Ne2=     36.0000
            Final RMS occupancy error   :  0.000000 (Ne1=     37.0000)
                                                     Ne2=     36.0000
            Final occupancy bounds spin 1: [  0.000,  1.000]
            Final occupancy bounds spin 2: [  0.000,  1.000]
================================================================================

    1        -2.169194931800E+02     4.7940E-04     3.1100E-04
      ideal mu1:      -0.968341998781
      ideal mu2:      -0.971970185663
             Q0:        -216.919544842538
             G0:      -0.000133519607
   RMS gradient:       0.000242364201
     Trial step:       0.307115693931
             Q1:        -216.919571174887
 Quadratic coef:       0.000014673618
 Linear coef   :      -0.000041005967
           Qmin:        -216.919573490710
Quadratic minimum step length (  0.429123078931) accepted
    Initial Ne1:      37.00000000
    Initial Ne2:      36.00000000
      Final Ne1:      37.00000000
      Final Ne2:      36.00000000

=================== Penalty functional idempotency correction ==================
 RMS occupancy error at iteration   1:  0.000002 (step -0.5000 Ne1=     37.0000)
                                                               Ne2=     36.0000
            Final RMS occupancy error   :  0.000000 (Ne1=     37.0000)
                                                     Ne2=     36.0000
            Final occupancy bounds spin 1: [  0.000,  1.000]
            Final occupancy bounds spin 2: [  0.000,  1.000]
================================================================================

    2        -2.169195448425E+02     2.4236E-04     1.5709E-04    -5.1663E-05
      ideal mu1:      -0.968405426538
      ideal mu2:      -0.972006132342
             Q0:        -216.919576503037
             G0:      -0.000185836400
   RMS gradient:       0.000245353301
     Trial step:       0.363029519692
             Q1:        -216.919621039789
 Quadratic coef:       0.000022927346
 Linear coef   :      -0.000067464099
           Qmin:        -216.919626131596
Quadratic minimum step length (  0.534110210405) accepted
    Initial Ne1:      37.00000000
    Initial Ne2:      36.00000000
      Final Ne1:      37.00000000
      Final Ne2:      36.00000000

=================== Penalty functional idempotency correction ==================
 RMS occupancy error at iteration   1:  0.000012 (step -0.4999 Ne1=     37.0000)
                                                               Ne2=     36.0000
            Final RMS occupancy error   :  0.000000 (Ne1=     37.0000)
                                                     Ne2=     36.0000
            Final occupancy bounds spin 1: [ -0.000,  1.000]
            Final occupancy bounds spin 2: [ -0.000,  1.000]
================================================================================

    3        -2.169195765030E+02     2.4535E-04     1.5923E-04    -3.1660E-05
      ideal mu1:      -0.968608738647
      ideal mu2:      -0.972165817422
             Q0:        -216.919634119910
             G0:      -0.000165985624
   RMS gradient:       0.000208922311
     Trial step:       0.440338248561
             Q1:        -216.919676319915
 Quadratic coef:       0.000030889814
 Linear coef   :      -0.000073089819
           Qmin:        -216.919677355211
Quadratic minimum step length (  0.520952354455) accepted
    Initial Ne1:      37.00000000
    Initial Ne2:      36.00000001
      Final Ne1:      37.00000000
      Final Ne2:      36.00000000

=================== Penalty functional idempotency correction ==================
 RMS occupancy error at iteration   1:  0.000022 (step -0.4998 Ne1=     37.0000)
                                                               Ne2=     36.0000
            Final RMS occupancy error   :  0.000000 (Ne1=     37.0000)
                                                     Ne2=     36.0000
            Final occupancy bounds spin 1: [ -0.000,  1.000]
            Final occupancy bounds spin 2: [ -0.000,  1.000]
================================================================================

    4        -2.169196341199E+02     2.0892E-04     1.3548E-04    -5.7617E-05
      ideal mu1:      -0.968665716554
      ideal mu2:      -0.972229696679
    5        -2.169196801616E+02     2.9328E-04     1.9029E-04    -4.6042E-05
Finished density kernel iterations (   5)

Writing density kernel to file "Fe_EtOH_3_LowSpin.dkn" ... done


>>> Density kernel optimised for the current NGWF basis:
     ~~~~~~~~~~~~~~~~~~~~~~~~~~~~~~~~~~~~~~~~~~~~~~~~~~~~~~~~~~~
     Total energy                =  -2.16919680161640E+02  Eh
     Estimated bandgap (UP spin) =   9.5071E-03  Eh
     Estimated bandgap (DN spin) =   2.1473E-02  Eh
     RMS occupancy error         =   1.3691E-09
     [H,K] commutator            =   1.9029E-04
     UP spin occupancy bounds    = [ -0.000:  1.000]
     DN spin occupancy bounds    = [ -0.000:  1.000]
     ~~~~~~~~~~~~~~~~~~~~~~~~~~~~~~~~~~~~~~~~~~~~~~~~~~~~~~~~~~~


================================================================================
           ---------------- ENERGY COMPONENTS (Eh) ----------------
           | Kinetic                    :       64.33293804515128 |
           | Core Hartree               :     -966.57298293539122 |
           | CoreHart (non-coul chg cor):        0.00155689502347
           | Hartree                    :      432.62198187697618 |
           | Exchange-correlation       :      -30.33062118007118 |
           | Ewald                      :      286.40959520493226 |
           | Dij0                       :       -0.29742261964529 |
           | Dijhartree                 :       10.87779804977468 |
           | Exc [AE core]              :     -113.50796573583587 |
           | Exc DC [AE core]           :      -48.25480074184635 |
           | Exc [PS core]              :      -24.44466384623906 |
           | Exc DC [PS core]           :      -28.85815295237124 |
           | Exc [Core]                 :      -75.10233528622905 |
           | Total [Sphere]             :       -3.38059117323837 |
           | Total                      :     -216.91968016164105 |
           --------------------------------------------------------
           ------ LOCAL ENERGY COMPONENTS FROM MATRIX TRACES ------
           | Core Hartree               :     -966.57298293539100 |
           | Hartree (Valence)          :      432.62198187697641 |
           --------------------------------------------------------
           Integrated compensation chrg.:       11.40110417679965
           Integrated density           :       72.99999932150621
           Integrated spin density      :        1.00000001765485
           Integrated |spin density|    :        2.54981134503495
           Local density approx. <S^2>  :        1.52490566369064
           Integrated density tr(KS)    :       73.00000000000000
           Integrated spin tr(KS)       :        1.00000000000000
================================================================================




################################################################################
########################### NGWF CG iteration  016 #############################
################################################################################
****** Reciprocal space K.E. preconditioning with k_zero =  3.0000 a0^-1 *******

>>> Checking for convergence of NGWFs:   NOT CONVERGED
  ========================================================================
         NGWF RMS gradient =  7.0079E-06 >  2.0000E-06  | above tolerance
  ========================================================================

>>> Improving NGWFs using line search:
============ Calculation of NGWF S^-1 using Hotelling algorithm ================ 
     Iteration  |  Spin  |  Frobenius norm and Maximum abs value (of I-S*S_n^-1)
         1           1      0.21855796E-01     0.33179500E-02
         2           1      0.85943127E-04     0.22755933E-04
         3           1      0.23870504E-08     0.63004135E-09
         4           1      0.60939032E-14     0.14432899E-14
================================================================================
============ Calculation of NGWF S^-1 using Hotelling algorithm ================ 
     Iteration  |  Spin  |  Frobenius norm and Maximum abs value (of I-S*S_n^-1)
         1           1      0.96282717E-02     0.14134568E-02
         2           1      0.16750284E-04     0.40731231E-05
         3           1      0.89496409E-10     0.20652147E-10
         4           1      0.65369840E-14     0.14432899E-14
================================================================================
------------------------------- NGWF line search -------------------------------
RMS gradient                =       0.00000700785482
Trial step length           =               0.645333
Gradient along search dir.  =         -0.00026858232
Functional at step 0        =    -216.91968016164049
Functional at step 1        =    -216.91970277564423
Functional predicted        =    -216.91972999468976
Selected quadratic step     =               0.371082
Conjugate gradients coeff.  =               0.923118
--------------------------- NGWF line search finished --------------------------
                                               
Writing NGWFs to file "Fe_EtOH_3_LowSpin.tightbox_ngwfs".... done

>>> Optimising kernel for current NGWFs:
   Initial electron number for spin 1:      37.00065308
   Initial electron number for spin 2:      36.00089444
     Final electron number for spin 1:      37.00000000
     Final electron number for spin 2:      36.00000000

=================== Penalty functional idempotency correction ==================
 RMS occupancy error at iteration   1:  0.000238 (step -0.4999 Ne1=     37.0000)
                                                               Ne2=     36.0000
 RMS occupancy error at iteration   2:  0.000000 (step -0.5000 Ne1=     37.0000)
                                                               Ne2=     36.0000
            Final RMS occupancy error   :  0.000000 (Ne1=     37.0000)
                                                     Ne2=     36.0000
            Final occupancy bounds spin 1: [  0.000,  1.000]
            Final occupancy bounds spin 2: [  0.000,  1.000]
================================================================================

................................................................................
<<<<<<<<<<<<<< LNV (Original version) density kernel optimisation >>>>>>>>>>>>>>
~~~~~~~~~~~~~~~~~~~~~~~~~~~~~~~~~~~~~~~~~~~~~~~~~~~~~~~~~~~~~~~~~~~~~~~~~~~~~~~~
   iter  |      energy (Eh)       | rms gradient |  commutator  |   dE (Eh)
      ideal mu1:      -0.968502554655
      ideal mu2:      -0.972098972224
             Q0:        -216.919738641337
             G0:      -0.000312605459
   RMS gradient:       0.000373197284
     Trial step:       0.478952239106
             Q1:        -216.919725635184
 Quadratic coef:       0.000162729238
 Linear coef   :      -0.000149723084
           Qmin:        -216.919773080449
Quadratic minimum step length (  0.220335962473) accepted
    Initial Ne1:      37.00000000
    Initial Ne2:      36.00000000
      Final Ne1:      37.00000000
      Final Ne2:      36.00000000

=================== Penalty functional idempotency correction ==================
 RMS occupancy error at iteration   1:  0.000001 (step -0.5000 Ne1=     37.0000)
                                                               Ne2=     36.0000
            Final RMS occupancy error   :  0.000000 (Ne1=     37.0000)
                                                     Ne2=     36.0000
            Final occupancy bounds spin 1: [  0.000,  1.000]
            Final occupancy bounds spin 2: [  0.000,  1.000]
================================================================================

    1        -2.169197386413E+02     3.7320E-04     2.4237E-04
      ideal mu1:      -0.968502446690
      ideal mu2:      -0.972085056221
             Q0:        -216.919770783255
             G0:      -0.000095808179
   RMS gradient:       0.000200921358
     Trial step:       0.324854432911
             Q1:        -216.919790311443
 Quadratic coef:       0.000011595523
 Linear coef   :      -0.000031123712
           Qmin:        -216.919791668156
Quadratic minimum step length (  0.435973239223) accepted
    Initial Ne1:      37.00000000
    Initial Ne2:      36.00000000
      Final Ne1:      37.00000000
      Final Ne2:      36.00000000

=================== Penalty functional idempotency correction ==================
 RMS occupancy error at iteration   1:  0.000002 (step -0.5000 Ne1=     37.0000)
                                                               Ne2=     36.0000
            Final RMS occupancy error   :  0.000000 (Ne1=     37.0000)
                                                     Ne2=     36.0000
            Final occupancy bounds spin 1: [  0.000,  1.000]
            Final occupancy bounds spin 2: [  0.000,  1.000]
================================================================================

    2        -2.169197707833E+02     2.0092E-04     1.3031E-04    -3.2142E-05
      ideal mu1:      -0.968612857052
      ideal mu2:      -0.972162495810
             Q0:        -216.919793885739
             G0:      -0.000145508926
   RMS gradient:       0.000212071519
     Trial step:       0.376334743802
             Q1:        -216.919829135601
 Quadratic coef:       0.000019510202
 Linear coef   :      -0.000054760065
           Qmin:        -216.919832310054
Quadratic minimum step length (  0.528136882223) accepted
    Initial Ne1:      37.00000000
    Initial Ne2:      36.00000000
      Final Ne1:      37.00000000
      Final Ne2:      36.00000000

=================== Penalty functional idempotency correction ==================
 RMS occupancy error at iteration   1:  0.000010 (step -0.4999 Ne1=     37.0000)
                                                               Ne2=     36.0000
            Final RMS occupancy error   :  0.000000 (Ne1=     37.0000)
                                                     Ne2=     36.0000
            Final occupancy bounds spin 1: [ -0.000,  1.000]
            Final occupancy bounds spin 2: [ -0.000,  1.000]
================================================================================

    3        -2.169197938857E+02     2.1207E-04     1.3763E-04    -2.3102E-05
      ideal mu1:      -0.968790815210
      ideal mu2:      -0.972305900381
             Q0:        -216.919837883361
             G0:      -0.000131030963
   RMS gradient:       0.000183664670
     Trial step:       0.445820881368
             Q1:        -216.919870171802
 Quadratic coef:       0.000026127898
 Linear coef   :      -0.000058416339
           Qmin:        -216.919870534941
Quadratic minimum step length (  0.498379617455) accepted
    Initial Ne1:      37.00000001
    Initial Ne2:      36.00000000
      Final Ne1:      37.00000000
      Final Ne2:      36.00000000

=================== Penalty functional idempotency correction ==================
 RMS occupancy error at iteration   1:  0.000018 (step -0.4999 Ne1=     37.0000)
                                                               Ne2=     36.0000
            Final RMS occupancy error   :  0.000000 (Ne1=     37.0000)
                                                     Ne2=     36.0000
            Final occupancy bounds spin 1: [ -0.000,  1.000]
            Final occupancy bounds spin 2: [ -0.000,  1.000]
================================================================================

    4        -2.169198378834E+02     1.8366E-04     1.1915E-04    -4.3998E-05
      ideal mu1:      -0.968751695217
      ideal mu2:      -0.972287993158
    5        -2.169198724120E+02     2.2947E-04     1.4913E-04    -3.4529E-05
Finished density kernel iterations (   5)

Writing density kernel to file "Fe_EtOH_3_LowSpin.dkn" ... done


>>> Density kernel optimised for the current NGWF basis:
     ~~~~~~~~~~~~~~~~~~~~~~~~~~~~~~~~~~~~~~~~~~~~~~~~~~~~~~~~~~~
     Total energy                =  -2.16919872412032E+02  Eh
     Estimated bandgap (UP spin) =   9.4398E-03  Eh
     Estimated bandgap (DN spin) =   2.1867E-02  Eh
     RMS occupancy error         =   9.0870E-10
     [H,K] commutator            =   1.4913E-04
     UP spin occupancy bounds    = [ -0.000:  1.000]
     DN spin occupancy bounds    = [ -0.000:  1.000]
     ~~~~~~~~~~~~~~~~~~~~~~~~~~~~~~~~~~~~~~~~~~~~~~~~~~~~~~~~~~~




################################################################################
########################### NGWF CG iteration  017 #############################
################################################################################
****** Reciprocal space K.E. preconditioning with k_zero =  3.0000 a0^-1 *******

>>> Checking for convergence of NGWFs:   NOT CONVERGED
  ========================================================================
         NGWF RMS gradient =  6.3646E-06 >  2.0000E-06  | above tolerance
  ========================================================================

>>> Improving NGWFs using line search:
============ Calculation of NGWF S^-1 using Hotelling algorithm ================ 
     Iteration  |  Spin  |  Frobenius norm and Maximum abs value (of I-S*S_n^-1)
         1           1      0.47386555E-02     0.77867400E-03
         2           1      0.42851345E-05     0.14680615E-05
         3           1      0.74022246E-11     0.27333691E-11
         4           1      0.63454399E-14     0.15543122E-14
================================================================================
============ Calculation of NGWF S^-1 using Hotelling algorithm ================ 
     Iteration  |  Spin  |  Frobenius norm and Maximum abs value (of I-S*S_n^-1)
         1           1      0.24778618E-02     0.40467701E-03
         2           1      0.11537168E-05     0.39241351E-06
         3           1      0.51692148E-12     0.19273472E-12
================================================================================
------------------------------- NGWF line search -------------------------------
RMS gradient                =       0.00000636462112
Trial step length           =               0.489358
Gradient along search dir.  =         -0.00008892319
Functional at step 0        =    -216.91987241203165
Functional at step 1        =    -216.91990159994472
Functional predicted        =    -216.91990545332291
Selected quadratic step     =               0.743142
Conjugate gradients coeff.  =               0.000000
--------------------------- NGWF line search finished --------------------------
                                               
Writing NGWFs to file "Fe_EtOH_3_LowSpin.tightbox_ngwfs".... done

>>> Optimising kernel for current NGWFs:
   Initial electron number for spin 1:      37.00045486
   Initial electron number for spin 2:      36.00060512
     Final electron number for spin 1:      37.00000000
     Final electron number for spin 2:      36.00000000

=================== Penalty functional idempotency correction ==================
 RMS occupancy error at iteration   1:  0.000148 (step -0.4999 Ne1=     37.0000)
                                                               Ne2=     36.0000
 RMS occupancy error at iteration   2:  0.000000 (step -0.5000 Ne1=     37.0000)
                                                               Ne2=     36.0000
            Final RMS occupancy error   :  0.000000 (Ne1=     37.0000)
                                                     Ne2=     36.0000
            Final occupancy bounds spin 1: [  0.000,  1.000]
            Final occupancy bounds spin 2: [  0.000,  1.000]
================================================================================

................................................................................
<<<<<<<<<<<<<< LNV (Original version) density kernel optimisation >>>>>>>>>>>>>>
~~~~~~~~~~~~~~~~~~~~~~~~~~~~~~~~~~~~~~~~~~~~~~~~~~~~~~~~~~~~~~~~~~~~~~~~~~~~~~~~
   iter  |      energy (Eh)       | rms gradient |  commutator  |   dE (Eh)
      ideal mu1:      -0.968443702149
      ideal mu2:      -0.972029932563
             Q0:        -216.919910605329
             G0:      -0.000173950968
   RMS gradient:       0.000278389993
     Trial step:       0.471368264003
             Q1:        -216.919914982671
 Quadratic coef:       0.000077617623
 Linear coef   :      -0.000081994966
           Qmin:        -216.919932260122
Quadratic minimum step length (  0.248975831807) accepted
    Initial Ne1:      37.00000000
    Initial Ne2:      36.00000000
      Final Ne1:      37.00000000
      Final Ne2:      36.00000000

=================== Penalty functional idempotency correction ==================
 RMS occupancy error at iteration   1:  0.000000 (step -0.5000 Ne1=     37.0000)
                                                               Ne2=     36.0000
            Final RMS occupancy error   :  0.000000 (Ne1=     37.0000)
                                                     Ne2=     36.0000
            Final occupancy bounds spin 1: [  0.000,  1.000]
            Final occupancy bounds spin 2: [  0.000,  1.000]
================================================================================

    1        -2.169199106053E+02     2.7839E-04     1.8068E-04
      ideal mu1:      -0.968546930135
      ideal mu2:      -0.972104790933
             Q0:        -216.919931460012
             G0:      -0.000067088126
   RMS gradient:       0.000169356217
     Trial step:       0.342577444701
             Q1:        -216.919944627689
 Quadratic coef:       0.000009815202
 Linear coef   :      -0.000022982879
           Qmin:        -216.919944913956
Quadratic minimum step length (  0.401082724649) accepted
    Initial Ne1:      37.00000000
    Initial Ne2:      36.00000000
      Final Ne1:      37.00000000
      Final Ne2:      36.00000000

=================== Penalty functional idempotency correction ==================
 RMS occupancy error at iteration   1:  0.000001 (step -0.5000 Ne1=     37.0000)
                                                               Ne2=     36.0000
            Final RMS occupancy error   :  0.000000 (Ne1=     37.0000)
                                                     Ne2=     36.0000
            Final occupancy bounds spin 1: [  0.000,  1.000]
            Final occupancy bounds spin 2: [  0.000,  1.000]
================================================================================

    2        -2.169199314600E+02     1.6936E-04     1.0972E-04    -2.0855E-05
      ideal mu1:      -0.968717785783
      ideal mu2:      -0.972235615151
             Q0:        -216.919945959134
             G0:      -0.000102760576
   RMS gradient:       0.000171514757
     Trial step:       0.370677615893
             Q1:        -216.919969287046
 Quadratic coef:       0.000014763133
 Linear coef   :      -0.000038091045
           Qmin:        -216.919970529252
Quadratic minimum step length (  0.478201254056) accepted
    Initial Ne1:      37.00000000
    Initial Ne2:      36.00000000
      Final Ne1:      37.00000000
      Final Ne2:      36.00000000

=================== Penalty functional idempotency correction ==================
 RMS occupancy error at iteration   1:  0.000006 (step -0.5000 Ne1=     37.0000)
                                                               Ne2=     36.0000
            Final RMS occupancy error   :  0.000000 (Ne1=     37.0000)
                                                     Ne2=     36.0000
            Final occupancy bounds spin 1: [  0.000,  1.000]
            Final occupancy bounds spin 2: [  0.000,  1.000]
================================================================================

    3        -2.169199459591E+02     1.7151E-04     1.1127E-04    -1.4499E-05
      ideal mu1:      -0.968897086597
      ideal mu2:      -0.972384705361
             Q0:        -216.919973818794
             G0:      -0.000104655697
   RMS gradient:       0.000155420680
     Trial step:       0.421020784250
             Q1:        -216.920000834758
 Quadratic coef:       0.000017046260
 Linear coef   :      -0.000044062224
           Qmin:        -216.920002292482
Quadratic minimum step length (  0.544140248551) accepted
    Initial Ne1:      36.99999998
    Initial Ne2:      35.99999998
      Final Ne1:      37.00000000
      Final Ne2:      36.00000000

=================== Penalty functional idempotency correction ==================
 RMS occupancy error at iteration   1:  0.000015 (step -0.4999 Ne1=     37.0000)
                                                               Ne2=     36.0000
            Final RMS occupancy error   :  0.000000 (Ne1=     37.0000)
                                                     Ne2=     36.0000
            Final occupancy bounds spin 1: [ -0.000,  1.000]
            Final occupancy bounds spin 2: [ -0.000,  1.000]
================================================================================

    4        -2.169199738188E+02     1.5542E-04     1.0072E-04    -2.7860E-05
      ideal mu1:      -0.968876654505
      ideal mu2:      -0.972385732444
    5        -2.169200059168E+02     2.0729E-04     1.3437E-04    -3.2098E-05
Finished density kernel iterations (   5)

Writing density kernel to file "Fe_EtOH_3_LowSpin.dkn" ... done


>>> Density kernel optimised for the current NGWF basis:
     ~~~~~~~~~~~~~~~~~~~~~~~~~~~~~~~~~~~~~~~~~~~~~~~~~~~~~~~~~~~
     Total energy                =  -2.16920005916796E+02  Eh
     Estimated bandgap (UP spin) =   9.2158E-03  Eh
     Estimated bandgap (DN spin) =   2.3185E-02  Eh
     RMS occupancy error         =   6.6693E-10
     [H,K] commutator            =   1.3437E-04
     UP spin occupancy bounds    = [ -0.000:  1.000]
     DN spin occupancy bounds    = [ -0.000:  1.000]
     ~~~~~~~~~~~~~~~~~~~~~~~~~~~~~~~~~~~~~~~~~~~~~~~~~~~~~~~~~~~




################################################################################
########################### NGWF CG iteration  018 #############################
################################################################################
****** Reciprocal space K.E. preconditioning with k_zero =  3.0000 a0^-1 *******

>>> Checking for convergence of NGWFs:   NOT CONVERGED
  ========================================================================
         NGWF RMS gradient =  5.5830E-06 >  2.0000E-06  | above tolerance
  ========================================================================

>>> Improving NGWFs using line search:
============ Calculation of NGWF S^-1 using Hotelling algorithm ================ 
     Iteration  |  Spin  |  Frobenius norm and Maximum abs value (of I-S*S_n^-1)
         1           1      0.10309149E-01     0.16735254E-02
         2           1      0.19953379E-04     0.67629415E-05
         3           1      0.15372914E-09     0.57626348E-10
         4           1      0.57479064E-14     0.15543122E-14
================================================================================
============ Calculation of NGWF S^-1 using Hotelling algorithm ================ 
     Iteration  |  Spin  |  Frobenius norm and Maximum abs value (of I-S*S_n^-1)
         1           1      0.16184189E-02     0.26001429E-03
         2           1      0.48384235E-06     0.16132642E-06
         3           1      0.86587425E-13     0.32418512E-13
================================================================================
------------------------------- NGWF line search -------------------------------
RMS gradient                =       0.00000558303215
Trial step length           =               0.603045
Gradient along search dir.  =         -0.00010356673
Functional at step 0        =    -216.92000591679559
Functional at step 1        =    -216.92003141835286
Functional predicted        =    -216.92003230563552
Selected quadratic step     =               0.509601
Conjugate gradients coeff.  =               0.769476
--------------------------- NGWF line search finished --------------------------
                                               
Writing NGWFs to file "Fe_EtOH_3_LowSpin.tightbox_ngwfs".... done

>>> Optimising kernel for current NGWFs:
   Initial electron number for spin 1:      37.00055170
   Initial electron number for spin 2:      36.00073001
     Final electron number for spin 1:      37.00000000
     Final electron number for spin 2:      36.00000000

=================== Penalty functional idempotency correction ==================
 RMS occupancy error at iteration   1:  0.000173 (step -0.4999 Ne1=     37.0000)
                                                               Ne2=     36.0000
 RMS occupancy error at iteration   2:  0.000000 (step -0.5000 Ne1=     37.0000)
                                                               Ne2=     36.0000
            Final RMS occupancy error   :  0.000000 (Ne1=     37.0000)
                                                     Ne2=     36.0000
            Final occupancy bounds spin 1: [  0.000,  1.000]
            Final occupancy bounds spin 2: [  0.000,  1.000]
================================================================================

................................................................................
<<<<<<<<<<<<<< LNV (Original version) density kernel optimisation >>>>>>>>>>>>>>
~~~~~~~~~~~~~~~~~~~~~~~~~~~~~~~~~~~~~~~~~~~~~~~~~~~~~~~~~~~~~~~~~~~~~~~~~~~~~~~~
   iter  |      energy (Eh)       | rms gradient |  commutator  |   dE (Eh)
      ideal mu1:      -0.968808108535
      ideal mu2:      -0.972330051798
             Q0:        -216.920038650305
             G0:      -0.000205623912
   RMS gradient:       0.000302675315
     Trial step:       0.478638019997
             Q1:        -216.920025074129
 Quadratic coef:       0.000111995598
 Linear coef   :      -0.000098419422
           Qmin:        -216.920060272545
Quadratic minimum step length (  0.210308610305) accepted
    Initial Ne1:      37.00000000
    Initial Ne2:      36.00000000
      Final Ne1:      37.00000000
      Final Ne2:      36.00000000

=================== Penalty functional idempotency correction ==================
 RMS occupancy error at iteration   1:  0.000000 (step -0.5000 Ne1=     37.0000)
                                                               Ne2=     36.0000
            Final RMS occupancy error   :  0.000000 (Ne1=     37.0000)
                                                     Ne2=     36.0000
            Final occupancy bounds spin 1: [  0.000,  1.000]
            Final occupancy bounds spin 2: [  0.000,  1.000]
================================================================================

    1        -2.169200386503E+02     3.0268E-04     1.9660E-04
      ideal mu1:      -0.968762143588
      ideal mu2:      -0.972279828461
             Q0:        -216.920058530305
             G0:      -0.000051175485
   RMS gradient:       0.000146421912
     Trial step:       0.317272275537
             Q1:        -216.920067998706
 Quadratic coef:       0.000006768162
 Linear coef   :      -0.000016236563
           Qmin:        -216.920068268029
Quadratic minimum step length (  0.380562057584) accepted
    Initial Ne1:      37.00000000
    Initial Ne2:      36.00000000
      Final Ne1:      37.00000000
      Final Ne2:      36.00000000

=================== Penalty functional idempotency correction ==================
 RMS occupancy error at iteration   1:  0.000001 (step -0.5000 Ne1=     37.0000)
                                                               Ne2=     36.0000
            Final RMS occupancy error   :  0.000000 (Ne1=     37.0000)
                                                     Ne2=     36.0000
            Final occupancy bounds spin 1: [  0.000,  1.000]
            Final occupancy bounds spin 2: [  0.000,  1.000]
================================================================================

    2        -2.169200585303E+02     1.4642E-04     9.4940E-05    -1.9880E-05
      ideal mu1:      -0.968782793723
      ideal mu2:      -0.972285316147
             Q0:        -216.920069009014
             G0:      -0.000074902384
   RMS gradient:       0.000149783036
     Trial step:       0.347479193612
             Q1:        -216.920085886756
 Quadratic coef:       0.000009149278
 Linear coef   :      -0.000026027020
           Qmin:        -216.920087518829
Quadratic minimum step length (  0.494238358207) accepted
    Initial Ne1:      37.00000000
    Initial Ne2:      36.00000000
      Final Ne1:      37.00000000
      Final Ne2:      36.00000000

=================== Penalty functional idempotency correction ==================
 RMS occupancy error at iteration   1:  0.000004 (step -0.5000 Ne1=     37.0000)
                                                               Ne2=     36.0000
            Final RMS occupancy error   :  0.000000 (Ne1=     37.0000)
                                                     Ne2=     36.0000
            Final occupancy bounds spin 1: [  0.000,  1.000]
            Final occupancy bounds spin 2: [  0.000,  1.000]
================================================================================

    3        -2.169200690090E+02     1.4978E-04     9.7147E-05    -1.0479E-05
      ideal mu1:      -0.968838999888
      ideal mu2:      -0.972323310335
             Q0:        -216.920091062927
             G0:      -0.000080149660
   RMS gradient:       0.000134886816
     Trial step:       0.414412290071
             Q1:        -216.920107781557
 Quadratic coef:       0.000016496375
 Linear coef   :      -0.000033215004
           Qmin:        -216.920107782305
Quadratic minimum step length (  0.417203971295) accepted
    Initial Ne1:      36.99999999
    Initial Ne2:      35.99999999
      Final Ne1:      37.00000000
      Final Ne2:      36.00000000

=================== Penalty functional idempotency correction ==================
 RMS occupancy error at iteration   1:  0.000007 (step -0.5000 Ne1=     37.0000)
                                                               Ne2=     36.0000
            Final RMS occupancy error   :  0.000000 (Ne1=     37.0000)
                                                     Ne2=     36.0000
            Final occupancy bounds spin 1: [  0.000,  1.000]
            Final occupancy bounds spin 2: [  0.000,  1.000]
================================================================================

    4        -2.169200910629E+02     1.3489E-04     8.7488E-05    -2.2054E-05
      ideal mu1:      -0.968843851742
      ideal mu2:      -0.972335437267
    5        -2.169201078460E+02     1.6230E-04     1.0535E-04    -1.6783E-05
Finished density kernel iterations (   5)

Writing density kernel to file "Fe_EtOH_3_LowSpin.dkn" ... done


>>> Density kernel optimised for the current NGWF basis:
     ~~~~~~~~~~~~~~~~~~~~~~~~~~~~~~~~~~~~~~~~~~~~~~~~~~~~~~~~~~~
     Total energy                =  -2.16920107846040E+02  Eh
     Estimated bandgap (UP spin) =   9.1759E-03  Eh
     Estimated bandgap (DN spin) =   2.2524E-02  Eh
     RMS occupancy error         =   6.7933E-10
     [H,K] commutator            =   1.0535E-04
     UP spin occupancy bounds    = [  0.000:  1.000]
     DN spin occupancy bounds    = [  0.000:  1.000]
     ~~~~~~~~~~~~~~~~~~~~~~~~~~~~~~~~~~~~~~~~~~~~~~~~~~~~~~~~~~~




################################################################################
########################### NGWF CG iteration  019 #############################
################################################################################
****** Reciprocal space K.E. preconditioning with k_zero =  3.0000 a0^-1 *******

>>> Checking for convergence of NGWFs:   NOT CONVERGED
  ========================================================================
         NGWF RMS gradient =  5.2750E-06 >  2.0000E-06  | above tolerance
  ========================================================================

>>> Improving NGWFs using line search:
============ Calculation of NGWF S^-1 using Hotelling algorithm ================ 
     Iteration  |  Spin  |  Frobenius norm and Maximum abs value (of I-S*S_n^-1)
         1           1      0.13989757E-01     0.22578703E-02
         2           1      0.36056244E-04     0.12131167E-04
         3           1      0.47575530E-09     0.18187207E-09
         4           1      0.64125609E-14     0.13322676E-14
================================================================================
============ Calculation of NGWF S^-1 using Hotelling algorithm ================ 
     Iteration  |  Spin  |  Frobenius norm and Maximum abs value (of I-S*S_n^-1)
         1           1      0.51728560E-02     0.82448202E-03
         2           1      0.48694645E-05     0.15996837E-05
         3           1      0.83330186E-11     0.31412650E-11
         4           1      0.64318886E-14     0.19984014E-14
================================================================================
------------------------------- NGWF line search -------------------------------
RMS gradient                =       0.00000527500985
Trial step length           =               0.554357
Gradient along search dir.  =         -0.00014450672
Functional at step 0        =    -216.92010784604000
Functional at step 1        =    -216.92012495464630
Functional predicted        =    -216.92013331180877
Selected quadratic step     =               0.352451
Conjugate gradients coeff.  =               0.892702
--------------------------- NGWF line search finished --------------------------
                                               
Writing NGWFs to file "Fe_EtOH_3_LowSpin.tightbox_ngwfs".... done

>>> Optimising kernel for current NGWFs:
   Initial electron number for spin 1:      37.00058401
   Initial electron number for spin 2:      36.00076756
     Final electron number for spin 1:      37.00000000
     Final electron number for spin 2:      36.00000000

=================== Penalty functional idempotency correction ==================
 RMS occupancy error at iteration   1:  0.000172 (step -0.4999 Ne1=     37.0000)
                                                               Ne2=     36.0000
 RMS occupancy error at iteration   2:  0.000000 (step -0.5000 Ne1=     37.0000)
                                                               Ne2=     36.0000
            Final RMS occupancy error   :  0.000000 (Ne1=     37.0000)
                                                     Ne2=     36.0000
            Final occupancy bounds spin 1: [  0.000,  1.000]
            Final occupancy bounds spin 2: [  0.000,  1.000]
================================================================================

................................................................................
<<<<<<<<<<<<<< LNV (Original version) density kernel optimisation >>>>>>>>>>>>>>
~~~~~~~~~~~~~~~~~~~~~~~~~~~~~~~~~~~~~~~~~~~~~~~~~~~~~~~~~~~~~~~~~~~~~~~~~~~~~~~~
   iter  |      energy (Eh)       | rms gradient |  commutator  |   dE (Eh)
      ideal mu1:      -0.968852744963
      ideal mu2:      -0.972347661070
             Q0:        -216.920139719238
             G0:      -0.000172514416
   RMS gradient:       0.000277238086
     Trial step:       0.415805787803
             Q1:        -216.920140640434
 Quadratic coef:       0.000070811296
 Linear coef   :      -0.000071732493
           Qmin:        -216.920157885656
Quadratic minimum step length (  0.210607538496) accepted
    Initial Ne1:      37.00000000
    Initial Ne2:      36.00000000
      Final Ne1:      37.00000000
      Final Ne2:      36.00000000

=================== Penalty functional idempotency correction ==================
 RMS occupancy error at iteration   1:  0.000000 (step -0.5000 Ne1=     37.0000)
                                                               Ne2=     36.0000
            Final RMS occupancy error   :  0.000000 (Ne1=     37.0000)
                                                     Ne2=     36.0000
            Final occupancy bounds spin 1: [  0.000,  1.000]
            Final occupancy bounds spin 2: [  0.000,  1.000]
================================================================================

    1        -2.169201397192E+02     2.7724E-04     1.7984E-04
      ideal mu1:      -0.968800809141
      ideal mu2:      -0.972300651545
             Q0:        -216.920157368390
             G0:      -0.000038231078
   RMS gradient:       0.000128638152
     Trial step:       0.295925384957
             Q1:        -216.920163498816
 Quadratic coef:       0.000005183120
 Linear coef   :      -0.000011313547
           Qmin:        -216.920163542100
Quadratic minimum step length (  0.322968160655) accepted
    Initial Ne1:      37.00000000
    Initial Ne2:      36.00000000
      Final Ne1:      37.00000000
      Final Ne2:      36.00000000

=================== Penalty functional idempotency correction ==================
 RMS occupancy error at iteration   1:  0.000000 (step -0.5000 Ne1=     37.0000)
                                                               Ne2=     36.0000
            Final RMS occupancy error   :  0.000000 (Ne1=     37.0000)
                                                     Ne2=     36.0000
            Final occupancy bounds spin 1: [  0.000,  1.000]
            Final occupancy bounds spin 2: [  0.000,  1.000]
================================================================================

    2        -2.169201573684E+02     1.2864E-04     8.3303E-05    -1.7649E-05
      ideal mu1:      -0.968823246904
      ideal mu2:      -0.972314776070
             Q0:        -216.920163803207
             G0:      -0.000055056737
   RMS gradient:       0.000127003917
     Trial step:       0.309151220717
             Q1:        -216.920174970672
 Quadratic coef:       0.000005853392
 Linear coef   :      -0.000017020857
           Qmin:        -216.920176176784
Quadratic minimum step length (  0.449484568338) accepted
    Initial Ne1:      37.00000000
    Initial Ne2:      36.00000000
      Final Ne1:      37.00000000
      Final Ne2:      36.00000000

=================== Penalty functional idempotency correction ==================
 RMS occupancy error at iteration   1:  0.000002 (step -0.5000 Ne1=     37.0000)
                                                               Ne2=     36.0000
            Final RMS occupancy error   :  0.000000 (Ne1=     37.0000)
                                                     Ne2=     36.0000
            Final occupancy bounds spin 1: [  0.000,  1.000]
            Final occupancy bounds spin 2: [  0.000,  1.000]
================================================================================

    3        -2.169201638032E+02     1.2700E-04     8.2297E-05    -6.4348E-06
      ideal mu1:      -0.968902117591
      ideal mu2:      -0.972375843628
             Q0:        -216.920179288886
             G0:      -0.000076903464
   RMS gradient:       0.000123983991
     Trial step:       0.372771649935
             Q1:        -216.920195070715
 Quadratic coef:       0.000012885602
 Linear coef   :      -0.000028667431
           Qmin:        -216.920195233458
Quadratic minimum step length (  0.414664578185) accepted
    Initial Ne1:      37.00000000
    Initial Ne2:      36.00000000
      Final Ne1:      37.00000000
      Final Ne2:      36.00000000

=================== Penalty functional idempotency correction ==================
 RMS occupancy error at iteration   1:  0.000006 (step -0.5000 Ne1=     37.0000)
                                                               Ne2=     36.0000
            Final RMS occupancy error   :  0.000000 (Ne1=     37.0000)
                                                     Ne2=     36.0000
            Final occupancy bounds spin 1: [  0.000,  1.000]
            Final occupancy bounds spin 2: [  0.000,  1.000]
================================================================================

    4        -2.169201792889E+02     1.2398E-04     8.0307E-05    -1.5486E-05
      ideal mu1:      -0.968947349502
      ideal mu2:      -0.972416463431
    5        -2.169201961160E+02     1.5576E-04     1.0089E-04    -1.6827E-05
Finished density kernel iterations (   5)

Writing density kernel to file "Fe_EtOH_3_LowSpin.dkn" ... done


>>> Density kernel optimised for the current NGWF basis:
     ~~~~~~~~~~~~~~~~~~~~~~~~~~~~~~~~~~~~~~~~~~~~~~~~~~~~~~~~~~~
     Total energy                =  -2.16920196115985E+02  Eh
     Estimated bandgap (UP spin) =   9.0341E-03  Eh
     Estimated bandgap (DN spin) =   2.2745E-02  Eh
     RMS occupancy error         =   4.6674E-10
     [H,K] commutator            =   1.0089E-04
     UP spin occupancy bounds    = [  0.000:  1.000]
     DN spin occupancy bounds    = [  0.000:  1.000]
     ~~~~~~~~~~~~~~~~~~~~~~~~~~~~~~~~~~~~~~~~~~~~~~~~~~~~~~~~~~~




################################################################################
########################### NGWF CG iteration  020 #############################
################################################################################
****** Reciprocal space K.E. preconditioning with k_zero =  3.0000 a0^-1 *******

>>> Checking for convergence of NGWFs:   NOT CONVERGED
  ========================================================================
         NGWF RMS gradient =  4.6337E-06 >  2.0000E-06  | above tolerance
  ========================================================================

>>> Improving NGWFs using line search:
============ Calculation of NGWF S^-1 using Hotelling algorithm ================ 
     Iteration  |  Spin  |  Frobenius norm and Maximum abs value (of I-S*S_n^-1)
         1           1      0.12959714E-01     0.20801194E-02
         2           1      0.30823743E-04     0.10324513E-04
         3           1      0.34114792E-09     0.13112755E-09
         4           1      0.70212545E-14     0.26645353E-14
================================================================================
============ Calculation of NGWF S^-1 using Hotelling algorithm ================ 
     Iteration  |  Spin  |  Frobenius norm and Maximum abs value (of I-S*S_n^-1)
         1           1      0.49041225E-02     0.77788682E-03
         2           1      0.43713302E-05     0.14297151E-05
         3           1      0.66289004E-11     0.25022207E-11
         4           1      0.59050506E-14     0.13322676E-14
================================================================================
------------------------------- NGWF line search -------------------------------
RMS gradient                =       0.00000463374927
Trial step length           =               0.442022
Gradient along search dir.  =         -0.00013911547
Functional at step 0        =    -216.92019611598479
Functional at step 1        =    -216.92020856075430
Functional predicted        =    -216.92021538961529
Selected quadratic step     =               0.277088
Conjugate gradients coeff.  =               0.771647
--------------------------- NGWF line search finished --------------------------
                                               
Writing NGWFs to file "Fe_EtOH_3_LowSpin.tightbox_ngwfs".... done

>>> Optimising kernel for current NGWFs:
   Initial electron number for spin 1:      37.00055835
   Initial electron number for spin 2:      36.00072001
     Final electron number for spin 1:      37.00000000
     Final electron number for spin 2:      36.00000000

=================== Penalty functional idempotency correction ==================
 RMS occupancy error at iteration   1:  0.000156 (step -0.4999 Ne1=     37.0000)
                                                               Ne2=     36.0000
 RMS occupancy error at iteration   2:  0.000000 (step -0.5000 Ne1=     37.0000)
                                                               Ne2=     36.0000
            Final RMS occupancy error   :  0.000000 (Ne1=     37.0000)
                                                     Ne2=     36.0000
            Final occupancy bounds spin 1: [  0.000,  1.000]
            Final occupancy bounds spin 2: [  0.000,  1.000]
================================================================================

................................................................................
<<<<<<<<<<<<<< LNV (Original version) density kernel optimisation >>>>>>>>>>>>>>
~~~~~~~~~~~~~~~~~~~~~~~~~~~~~~~~~~~~~~~~~~~~~~~~~~~~~~~~~~~~~~~~~~~~~~~~~~~~~~~~
   iter  |      energy (Eh)       | rms gradient |  commutator  |   dE (Eh)
      ideal mu1:      -0.968920161255
      ideal mu2:      -0.972398369017
             Q0:        -216.920220658464
             G0:      -0.000128404383
   RMS gradient:       0.000239182896
     Trial step:       0.393160525714
             Q1:        -216.920226825202
 Quadratic coef:       0.000044316796
 Linear coef   :      -0.000050483535
           Qmin:        -216.920235035560
Quadratic minimum step length (  0.223934656025) accepted
    Initial Ne1:      37.00000000
    Initial Ne2:      36.00000000
      Final Ne1:      37.00000000
      Final Ne2:      36.00000000

=================== Penalty functional idempotency correction ==================
 RMS occupancy error at iteration   1:  0.000000 (step -0.5000 Ne1=     37.0000)
                                                               Ne2=     36.0000
            Final RMS occupancy error   :  0.000000 (Ne1=     37.0000)
                                                     Ne2=     36.0000
            Final occupancy bounds spin 1: [  0.000,  1.000]
            Final occupancy bounds spin 2: [  0.000,  1.000]
================================================================================

    1        -2.169202206585E+02     2.3918E-04     1.5522E-04
      ideal mu1:      -0.968872721197
      ideal mu2:      -0.972353990171
             Q0:        -216.920234316822
             G0:      -0.000030908503
   RMS gradient:       0.000113643053
     Trial step:       0.296719172094
             Q1:        -216.920239797892
 Quadratic coef:       0.000003690075
 Linear coef   :      -0.000009171145
           Qmin:        -216.920240015209
Quadratic minimum step length (  0.368726183263) accepted
    Initial Ne1:      37.00000000
    Initial Ne2:      36.00000000
      Final Ne1:      37.00000000
      Final Ne2:      36.00000000

=================== Penalty functional idempotency correction ==================
 RMS occupancy error at iteration   1:  0.000000 (step -0.5000 Ne1=     37.0000)
                                                               Ne2=     36.0000
            Final RMS occupancy error   :  0.000000 (Ne1=     37.0000)
                                                     Ne2=     36.0000
            Final occupancy bounds spin 1: [  0.000,  1.000]
            Final occupancy bounds spin 2: [  0.000,  1.000]
================================================================================

    2        -2.169202343168E+02     1.1364E-04     7.3631E-05    -1.3658E-05
      ideal mu1:      -0.968900909218
      ideal mu2:      -0.972372981777
             Q0:        -216.920240666151
             G0:      -0.000054735607
   RMS gradient:       0.000122503115
     Trial step:       0.330768994658
             Q1:        -216.920252766771
 Quadratic coef:       0.000006004222
 Linear coef   :      -0.000018104842
           Qmin:        -216.920254314269
Quadratic minimum step length (  0.498692475407) accepted
    Initial Ne1:      37.00000000
    Initial Ne2:      36.00000000
      Final Ne1:      37.00000000
      Final Ne2:      36.00000000

=================== Penalty functional idempotency correction ==================
 RMS occupancy error at iteration   1:  0.000003 (step -0.5000 Ne1=     37.0000)
                                                               Ne2=     36.0000
            Final RMS occupancy error   :  0.000000 (Ne1=     37.0000)
                                                     Ne2=     36.0000
            Final occupancy bounds spin 1: [  0.000,  1.000]
            Final occupancy bounds spin 2: [  0.000,  1.000]
================================================================================

    3        -2.169202406662E+02     1.2250E-04     7.9385E-05    -6.3493E-06
      ideal mu1:      -0.968976465123
      ideal mu2:      -0.972431380785
             Q0:        -216.920257883057
             G0:      -0.000058946689
   RMS gradient:       0.000107619003
     Trial step:       0.406142842771
             Q1:        -216.920271997564
 Quadratic coef:       0.000009826268
 Linear coef   :      -0.000023940776
           Qmin:        -216.920272465417
Quadratic minimum step length (  0.494764357780) accepted
    Initial Ne1:      36.99999999
    Initial Ne2:      36.00000000
      Final Ne1:      37.00000000
      Final Ne2:      36.00000000

=================== Penalty functional idempotency correction ==================
 RMS occupancy error at iteration   1:  0.000006 (step -0.5000 Ne1=     37.0000)
                                                               Ne2=     36.0000
            Final RMS occupancy error   :  0.000000 (Ne1=     37.0000)
                                                     Ne2=     36.0000
            Final occupancy bounds spin 1: [  0.000,  1.000]
            Final occupancy bounds spin 2: [  0.000,  1.000]
================================================================================

    4        -2.169202578831E+02     1.0762E-04     6.9726E-05    -1.7217E-05
      ideal mu1:      -0.968971108055
      ideal mu2:      -0.972431565853
    5        -2.169202742017E+02     1.4983E-04     9.7294E-05    -1.6319E-05
Finished density kernel iterations (   5)

Writing density kernel to file "Fe_EtOH_3_LowSpin.dkn" ... done


>>> Density kernel optimised for the current NGWF basis:
     ~~~~~~~~~~~~~~~~~~~~~~~~~~~~~~~~~~~~~~~~~~~~~~~~~~~~~~~~~~~
     Total energy                =  -2.16920274201671E+02  Eh
     Estimated bandgap (UP spin) =   8.9801E-03  Eh
     Estimated bandgap (DN spin) =   2.2996E-02  Eh
     RMS occupancy error         =   6.1473E-10
     [H,K] commutator            =   9.7294E-05
     UP spin occupancy bounds    = [  0.000:  1.000]
     DN spin occupancy bounds    = [  0.000:  1.000]
     ~~~~~~~~~~~~~~~~~~~~~~~~~~~~~~~~~~~~~~~~~~~~~~~~~~~~~~~~~~~


================================================================================
           ---------------- ENERGY COMPONENTS (Eh) ----------------
           | Kinetic                    :       64.33092963033494 |
           | Core Hartree               :     -966.55298774145604 |
           | CoreHart (non-coul chg cor):        0.00155689502347
           | Hartree                    :      432.60116875129984 |
           | Exchange-correlation       :      -30.33121026230600 |
           | Ewald                      :      286.40959520493226 |
           | Dij0                       :       -0.29603150674971 |
           | Dijhartree                 :       10.88145784071117 |
           | Exc [AE core]              :     -113.50941819651773 |
           | Exc DC [AE core]           :      -48.25672419394657 |
           | Exc [PS core]              :      -24.44388679184712 |
           | Exc DC [PS core]           :      -28.85721233140652 |
           | Exc [Core]                 :      -75.10233528622905 |
           | Total [Sphere]             :       -3.37776978448009 |
           | Total                      :     -216.92027420167511 |
           --------------------------------------------------------
           ------ LOCAL ENERGY COMPONENTS FROM MATRIX TRACES ------
           | Core Hartree               :     -966.55298774145547 |
           | Hartree (Valence)          :      432.60116875130154 |
           --------------------------------------------------------
           Integrated compensation chrg.:       11.40233458090490
           Integrated density           :       72.99999932137257
           Integrated spin density      :        1.00000001773204
           Integrated |spin density|    :        2.56387437702121
           Local density approx. <S^2>  :        1.53193717964453
           Integrated density tr(KS)    :       73.00000000000000
           Integrated spin tr(KS)       :        1.00000000000000
================================================================================




################################################################################
########################### NGWF CG iteration  021 #############################
################################################################################
****** Reciprocal space K.E. preconditioning with k_zero =  3.0000 a0^-1 *******

>>> Checking for convergence of NGWFs:   NOT CONVERGED
  ========================================================================
         NGWF RMS gradient =  4.7285E-06 >  2.0000E-06  | above tolerance
  ========================================================================

>>> Improving NGWFs using line search:
============ Calculation of NGWF S^-1 using Hotelling algorithm ================ 
     Iteration  |  Spin  |  Frobenius norm and Maximum abs value (of I-S*S_n^-1)
         1           1      0.32884686E-02     0.54690087E-03
         2           1      0.21491510E-05     0.76632569E-06
         3           1      0.20287262E-11     0.76427753E-12
================================================================================
============ Calculation of NGWF S^-1 using Hotelling algorithm ================ 
     Iteration  |  Spin  |  Frobenius norm and Maximum abs value (of I-S*S_n^-1)
         1           1      0.36648319E-02     0.60718518E-03
         2           1      0.26265374E-05     0.93588996E-06
         3           1      0.29369478E-11     0.11254331E-11
         4           1      0.61834741E-14     0.15543122E-14
================================================================================
------------------------------- NGWF line search -------------------------------
RMS gradient                =       0.00000472847717
Trial step length           =               0.349970
Gradient along search dir.  =         -0.00004908090
Functional at step 0        =    -216.92027420167059
Functional at step 1        =    -216.92028730508059
Functional predicted        =    -216.92029230945582
Selected quadratic step     =               0.737875
Conjugate gradients coeff.  =               0.000000
--------------------------- NGWF line search finished --------------------------
                                               
Writing NGWFs to file "Fe_EtOH_3_LowSpin.tightbox_ngwfs".... done

>>> Optimising kernel for current NGWFs:
   Initial electron number for spin 1:      37.00053086
   Initial electron number for spin 2:      36.00068944
     Final electron number for spin 1:      37.00000000
     Final electron number for spin 2:      36.00000000

=================== Penalty functional idempotency correction ==================
 RMS occupancy error at iteration   1:  0.000135 (step -0.4999 Ne1=     37.0000)
                                                               Ne2=     36.0000
            Final RMS occupancy error   :  0.000000 (Ne1=     37.0000)
                                                     Ne2=     36.0000
            Final occupancy bounds spin 1: [  0.000,  1.000]
            Final occupancy bounds spin 2: [  0.000,  1.000]
================================================================================

................................................................................
<<<<<<<<<<<<<< LNV (Original version) density kernel optimisation >>>>>>>>>>>>>>
~~~~~~~~~~~~~~~~~~~~~~~~~~~~~~~~~~~~~~~~~~~~~~~~~~~~~~~~~~~~~~~~~~~~~~~~~~~~~~~~
   iter  |      energy (Eh)       | rms gradient |  commutator  |   dE (Eh)
      ideal mu1:      -0.968836369078
      ideal mu2:      -0.972320615665
             Q0:        -216.920297512461
             G0:      -0.000089726644
   RMS gradient:       0.000199940562
     Trial step:       0.448268895609
             Q1:        -216.920301784662
 Quadratic coef:       0.000035949463
 Linear coef   :      -0.000040221664
           Qmin:        -216.920308762853
Quadratic minimum step length (  0.250770380137) accepted
    Initial Ne1:      37.00000137
    Initial Ne2:      36.00000190
      Final Ne1:      37.00000000
      Final Ne2:      36.00000000

=================== Penalty functional idempotency correction ==================
 RMS occupancy error at iteration   1:  0.000001 (step -0.5000 Ne1=     37.0000)
                                                               Ne2=     36.0000
            Final RMS occupancy error   :  0.000000 (Ne1=     37.0000)
                                                     Ne2=     36.0000
            Final occupancy bounds spin 1: [  0.000,  1.000]
            Final occupancy bounds spin 2: [  0.000,  1.000]
================================================================================

    1        -2.169202975125E+02     1.9994E-04     1.2970E-04
      ideal mu1:      -0.968873823824
      ideal mu2:      -0.972347435860
             Q0:        -216.920308182644
             G0:      -0.000025328218
   RMS gradient:       0.000102888430
     Trial step:       0.335279825453
             Q1:        -216.920313444056
 Quadratic coef:       0.000003230628
 Linear coef   :      -0.000008492040
           Qmin:        -216.920313763196
Quadratic minimum step length (  0.440658845811) accepted
    Initial Ne1:      37.00000064
    Initial Ne2:      36.00000088
      Final Ne1:      37.00000000
      Final Ne2:      36.00000000

=================== Penalty functional idempotency correction ==================
 RMS occupancy error at iteration   1:  0.000001 (step -0.5000 Ne1=     37.0000)
                                                               Ne2=     36.0000
            Final RMS occupancy error   :  0.000000 (Ne1=     37.0000)
                                                     Ne2=     36.0000
            Final occupancy bounds spin 1: [  0.000,  1.000]
            Final occupancy bounds spin 2: [  0.000,  1.000]
================================================================================

    2        -2.169203081826E+02     1.0289E-04     6.6555E-05    -1.0670E-05
      ideal mu1:      -0.968973472519
      ideal mu2:      -0.972426930220
             Q0:        -216.920314766949
             G0:      -0.000053234133
   RMS gradient:       0.000114663134
     Trial step:       0.384374844270
             Q1:        -216.920328275710
 Quadratic coef:       0.000006953100
 Linear coef   :      -0.000020461862
           Qmin:        -216.920329820945
Quadratic minimum step length (  0.565576827802) accepted
    Initial Ne1:      37.00000102
    Initial Ne2:      36.00000141
      Final Ne1:      37.00000000
      Final Ne2:      36.00000000

=================== Penalty functional idempotency correction ==================
 RMS occupancy error at iteration   1:  0.000004 (step -0.5000 Ne1=     37.0000)
                                                               Ne2=     36.0000
            Final RMS occupancy error   :  0.000000 (Ne1=     37.0000)
                                                     Ne2=     36.0000
            Final occupancy bounds spin 1: [  0.000,  1.000]
            Final occupancy bounds spin 2: [  0.000,  1.000]
================================================================================

    3        -2.169203147669E+02     1.1466E-04     7.4248E-05    -6.5843E-06
      ideal mu1:      -0.969120689961
      ideal mu2:      -0.972550734377
             Q0:        -216.920333292143
             G0:      -0.000063169973
   RMS gradient:       0.000110446020
     Trial step:       0.466254764168
             Q1:        -216.920354390184
 Quadratic coef:       0.000008355260
 Linear coef   :      -0.000029453301
           Qmin:        -216.920359248755
Quadratic minimum step length (  0.821802220648) accepted
    Initial Ne1:      37.00000136
    Initial Ne2:      36.00000189
      Final Ne1:      37.00000000
      Final Ne2:      36.00000000

=================== Penalty functional idempotency correction ==================
 RMS occupancy error at iteration   1:  0.000018 (step -0.4999 Ne1=     37.0000)
                                                               Ne2=     36.0000
            Final RMS occupancy error   :  0.000000 (Ne1=     37.0000)
                                                     Ne2=     36.0000
            Final occupancy bounds spin 1: [  0.000,  1.000]
            Final occupancy bounds spin 2: [ -0.000,  1.000]
================================================================================

    4        -2.169203332921E+02     1.1045E-04     7.1466E-05    -1.8525E-05
      ideal mu1:      -0.969069136598
      ideal mu2:      -0.972520392606
    5        -2.169203687269E+02     1.1574E-04     7.4886E-05    -3.5435E-05
Finished density kernel iterations (   5)

Writing density kernel to file "Fe_EtOH_3_LowSpin.dkn" ... done


>>> Density kernel optimised for the current NGWF basis:
     ~~~~~~~~~~~~~~~~~~~~~~~~~~~~~~~~~~~~~~~~~~~~~~~~~~~~~~~~~~~
     Total energy                =  -2.16920368726898E+02  Eh
     Estimated bandgap (UP spin) =   8.8972E-03  Eh
     Estimated bandgap (DN spin) =   2.3465E-02  Eh
     RMS occupancy error         =   1.7610E-09
     [H,K] commutator            =   7.4886E-05
     UP spin occupancy bounds    = [ -0.000:  1.000]
     DN spin occupancy bounds    = [ -0.000:  1.000]
     ~~~~~~~~~~~~~~~~~~~~~~~~~~~~~~~~~~~~~~~~~~~~~~~~~~~~~~~~~~~




################################################################################
########################### NGWF CG iteration  022 #############################
################################################################################
****** Reciprocal space K.E. preconditioning with k_zero =  3.0000 a0^-1 *******

>>> Checking for convergence of NGWFs:   NOT CONVERGED
  ========================================================================
         NGWF RMS gradient =  4.5774E-06 >  2.0000E-06  | above tolerance
  ========================================================================

>>> Improving NGWFs using line search:
============ Calculation of NGWF S^-1 using Hotelling algorithm ================ 
     Iteration  |  Spin  |  Frobenius norm and Maximum abs value (of I-S*S_n^-1)
         1           1      0.93516581E-02     0.15286646E-02
         2           1      0.16914219E-04     0.59373360E-05
         3           1      0.12103007E-09     0.45840221E-10
         4           1      0.64960184E-14     0.15543122E-14
================================================================================
============ Calculation of NGWF S^-1 using Hotelling algorithm ================ 
     Iteration  |  Spin  |  Frobenius norm and Maximum abs value (of I-S*S_n^-1)
         1           1      0.87887802E-03     0.14271775E-03
         2           1      0.14683268E-06     0.51226260E-07
         3           1      0.10927759E-13     0.35527137E-14
================================================================================
------------------------------- NGWF line search -------------------------------
RMS gradient                =       0.00000457739184
Trial step length           =               0.508168
Gradient along search dir.  =         -0.00008078035
Functional at step 0        =    -216.92036872689835
Functional at step 1        =    -216.92038714352282
Functional predicted        =    -216.92038733992163
Selected quadratic step     =               0.460830
Conjugate gradients coeff.  =               0.937117
--------------------------- NGWF line search finished --------------------------
                                               
Writing NGWFs to file "Fe_EtOH_3_LowSpin.tightbox_ngwfs".... done

>>> Optimising kernel for current NGWFs:
   Initial electron number for spin 1:      37.00062355
   Initial electron number for spin 2:      36.00082798
     Final electron number for spin 1:      37.00000000
     Final electron number for spin 2:      36.00000000

=================== Penalty functional idempotency correction ==================
 RMS occupancy error at iteration   1:  0.000160 (step -0.4998 Ne1=     37.0000)
                                                               Ne2=     36.0000
 RMS occupancy error at iteration   2:  0.000000 (step -0.5000 Ne1=     37.0000)
                                                               Ne2=     36.0000
            Final RMS occupancy error   :  0.000000 (Ne1=     37.0000)
                                                     Ne2=     36.0000
            Final occupancy bounds spin 1: [  0.000,  1.000]
            Final occupancy bounds spin 2: [  0.000,  1.000]
================================================================================

................................................................................
<<<<<<<<<<<<<< LNV (Original version) density kernel optimisation >>>>>>>>>>>>>>
~~~~~~~~~~~~~~~~~~~~~~~~~~~~~~~~~~~~~~~~~~~~~~~~~~~~~~~~~~~~~~~~~~~~~~~~~~~~~~~~
   iter  |      energy (Eh)       | rms gradient |  commutator  |   dE (Eh)
      ideal mu1:      -0.969041544723
      ideal mu2:      -0.972497915101
             Q0:        -216.920392980093
             G0:      -0.000110551123
   RMS gradient:       0.000221932944
     Trial step:       0.619006624020
             Q1:        -216.920366073116
 Quadratic coef:       0.000095338855
 Linear coef   :      -0.000068431877
           Qmin:        -216.920405259771
Quadratic minimum step length (  0.222153839262) accepted
    Initial Ne1:      37.00000000
    Initial Ne2:      36.00000000
      Final Ne1:      37.00000000
      Final Ne2:      36.00000000

=================== Penalty functional idempotency correction ==================
 RMS occupancy error at iteration   1:  0.000000 (step -0.5000 Ne1=     37.0000)
                                                               Ne2=     36.0000
            Final RMS occupancy error   :  0.000000 (Ne1=     37.0000)
                                                     Ne2=     36.0000
            Final occupancy bounds spin 1: [  0.000,  1.000]
            Final occupancy bounds spin 2: [  0.000,  1.000]
================================================================================

    1        -2.169203929801E+02     2.2193E-04     1.4413E-04
      ideal mu1:      -0.969013197294
      ideal mu2:      -0.972464640206
             Q0:        -216.920404202572
             G0:      -0.000030407481
   RMS gradient:       0.000113668891
     Trial step:       0.370829742678
             Q1:        -216.920410389971
 Quadratic coef:       0.000005088599
 Linear coef   :      -0.000011275998
           Qmin:        -216.920410449288
Quadratic minimum step length (  0.410867085970) accepted
    Initial Ne1:      37.00000000
    Initial Ne2:      36.00000000
      Final Ne1:      37.00000000
      Final Ne2:      36.00000000

=================== Penalty functional idempotency correction ==================
 RMS occupancy error at iteration   1:  0.000000 (step -0.5000 Ne1=     37.0000)
                                                               Ne2=     36.0000
            Final RMS occupancy error   :  0.000000 (Ne1=     37.0000)
                                                     Ne2=     36.0000
            Final occupancy bounds spin 1: [  0.000,  1.000]
            Final occupancy bounds spin 2: [  0.000,  1.000]
================================================================================

    2        -2.169204042026E+02     1.1367E-04     7.3597E-05    -1.1222E-05
      ideal mu1:      -0.969050281940
      ideal mu2:      -0.972485721515
             Q0:        -216.920410699114
             G0:      -0.000051832578
   RMS gradient:       0.000126978490
     Trial step:       0.390335414439
             Q1:        -216.920424970728
 Quadratic coef:       0.000005960477
 Linear coef   :      -0.000020232091
           Qmin:        -216.920427867937
Quadratic minimum step length (  0.662472281364) accepted
    Initial Ne1:      37.00000000
    Initial Ne2:      36.00000000
      Final Ne1:      37.00000000
      Final Ne2:      36.00000000

=================== Penalty functional idempotency correction ==================
 RMS occupancy error at iteration   1:  0.000005 (step -0.5000 Ne1=     37.0000)
                                                               Ne2=     36.0000
            Final RMS occupancy error   :  0.000000 (Ne1=     37.0000)
                                                     Ne2=     36.0000
            Final occupancy bounds spin 1: [  0.000,  1.000]
            Final occupancy bounds spin 2: [  0.000,  1.000]
================================================================================

    3        -2.169204106991E+02     1.2698E-04     8.2324E-05    -6.4965E-06
      ideal mu1:      -0.969127389640
      ideal mu2:      -0.972540321474
             Q0:        -216.920432784642
             G0:      -0.000068464724
   RMS gradient:       0.000123236200
     Trial step:       0.508513905907
             Q1:        -216.920454140357
 Quadratic coef:       0.000013459550
 Linear coef   :      -0.000034815264
           Qmin:        -216.920455298446
Quadratic minimum step length (  0.657676010195) accepted
    Initial Ne1:      36.99999997
    Initial Ne2:      35.99999999
      Final Ne1:      37.00000000
      Final Ne2:      36.00000000

=================== Penalty functional idempotency correction ==================
 RMS occupancy error at iteration   1:  0.000015 (step -0.4999 Ne1=     37.0000)
                                                               Ne2=     36.0000
            Final RMS occupancy error   :  0.000000 (Ne1=     37.0000)
                                                     Ne2=     36.0000
            Final occupancy bounds spin 1: [ -0.000,  1.000]
            Final occupancy bounds spin 2: [ -0.000,  1.000]
================================================================================

    4        -2.169204327846E+02     1.2324E-04     7.9863E-05    -2.2086E-05
      ideal mu1:      -0.969065956507
      ideal mu2:      -0.972506067728
    5        -2.169204579912E+02     2.1160E-04     1.3749E-04    -2.5207E-05
Finished density kernel iterations (   5)

Writing density kernel to file "Fe_EtOH_3_LowSpin.dkn" ... done


>>> Density kernel optimised for the current NGWF basis:
     ~~~~~~~~~~~~~~~~~~~~~~~~~~~~~~~~~~~~~~~~~~~~~~~~~~~~~~~~~~~
     Total energy                =  -2.16920457991195E+02  Eh
     Estimated bandgap (UP spin) =   8.9988E-03  Eh
     Estimated bandgap (DN spin) =   2.4268E-02  Eh
     RMS occupancy error         =   1.3289E-09
     [H,K] commutator            =   1.3749E-04
     UP spin occupancy bounds    = [  0.000:  1.000]
     DN spin occupancy bounds    = [ -0.000:  1.000]
     ~~~~~~~~~~~~~~~~~~~~~~~~~~~~~~~~~~~~~~~~~~~~~~~~~~~~~~~~~~~




################################################################################
########################### NGWF CG iteration  023 #############################
################################################################################
****** Reciprocal space K.E. preconditioning with k_zero =  3.0000 a0^-1 *******

>>> Checking for convergence of NGWFs:   NOT CONVERGED
  ========================================================================
         NGWF RMS gradient =  4.6036E-06 >  2.0000E-06  | above tolerance
  ========================================================================

>>> Improving NGWFs using line search:
============ Calculation of NGWF S^-1 using Hotelling algorithm ================ 
     Iteration  |  Spin  |  Frobenius norm and Maximum abs value (of I-S*S_n^-1)
         1           1      0.13826928E-01     0.22388582E-02
         2           1      0.36094935E-04     0.12595614E-04
         3           1      0.51594640E-09     0.20076429E-09
         4           1      0.61631610E-14     0.13322676E-14
================================================================================
============ Calculation of NGWF S^-1 using Hotelling algorithm ================ 
     Iteration  |  Spin  |  Frobenius norm and Maximum abs value (of I-S*S_n^-1)
         1           1      0.52697537E-02     0.84630660E-03
         2           1      0.51730812E-05     0.17833368E-05
         3           1      0.10212760E-10     0.39901416E-11
         4           1      0.66307873E-14     0.16653345E-14
================================================================================
------------------------------- NGWF line search -------------------------------
RMS gradient                =       0.00000460361179
Trial step length           =               0.483921
Gradient along search dir.  =         -0.00012791516
Functional at step 0        =    -216.92045799119524
Functional at step 1        =    -216.92047019972830
Functional predicted        =    -216.92047726837924
Selected quadratic step     =               0.301406
Conjugate gradients coeff.  =               1.011489
--------------------------- NGWF line search finished --------------------------
                                               
Writing NGWFs to file "Fe_EtOH_3_LowSpin.tightbox_ngwfs".... done

>>> Optimising kernel for current NGWFs:
   Initial electron number for spin 1:      37.00063071
   Initial electron number for spin 2:      36.00084533
     Final electron number for spin 1:      37.00000000
     Final electron number for spin 2:      36.00000000

=================== Penalty functional idempotency correction ==================
 RMS occupancy error at iteration   1:  0.000159 (step -0.4998 Ne1=     37.0000)
                                                               Ne2=     36.0000
 RMS occupancy error at iteration   2:  0.000000 (step -0.5000 Ne1=     37.0000)
                                                               Ne2=     36.0000
            Final RMS occupancy error   :  0.000000 (Ne1=     37.0000)
                                                     Ne2=     36.0000
            Final occupancy bounds spin 1: [  0.000,  1.000]
            Final occupancy bounds spin 2: [  0.000,  1.000]
================================================================================

................................................................................
<<<<<<<<<<<<<< LNV (Original version) density kernel optimisation >>>>>>>>>>>>>>
~~~~~~~~~~~~~~~~~~~~~~~~~~~~~~~~~~~~~~~~~~~~~~~~~~~~~~~~~~~~~~~~~~~~~~~~~~~~~~~~
   iter  |      energy (Eh)       | rms gradient |  commutator  |   dE (Eh)
      ideal mu1:      -0.969092826274
      ideal mu2:      -0.972530126062
             Q0:        -216.920482915918
             G0:      -0.000135035117
   RMS gradient:       0.000245280803
     Trial step:       0.578305625743
             Q1:        -216.920466006744
 Quadratic coef:       0.000095000742
 Linear coef   :      -0.000078091568
           Qmin:        -216.920498963932
Quadratic minimum step length (  0.237686528629) accepted
    Initial Ne1:      37.00000000
    Initial Ne2:      36.00000000
      Final Ne1:      37.00000000
      Final Ne2:      36.00000000

=================== Penalty functional idempotency correction ==================
 RMS occupancy error at iteration   1:  0.000000 (step -0.5000 Ne1=     37.0000)
                                                               Ne2=     36.0000
            Final RMS occupancy error   :  0.000000 (Ne1=     37.0000)
                                                     Ne2=     36.0000
            Final occupancy bounds spin 1: [  0.000,  1.000]
            Final occupancy bounds spin 2: [  0.000,  1.000]
================================================================================

    1        -2.169204829159E+02     2.4528E-04     1.5932E-04
      ideal mu1:      -0.969057693848
      ideal mu2:      -0.972495278897
             Q0:        -216.920498805814
             G0:      -0.000028638117
   RMS gradient:       0.000112549417
     Trial step:       0.370749857275
             Q1:        -216.920505264731
 Quadratic coef:       0.000004158661
 Linear coef   :      -0.000010617578
           Qmin:        -216.920505582813
Quadratic minimum step length (  0.473285186774) accepted
    Initial Ne1:      37.00000000
    Initial Ne2:      36.00000000
      Final Ne1:      37.00000000
      Final Ne2:      36.00000000

=================== Penalty functional idempotency correction ==================
 RMS occupancy error at iteration   1:  0.000001 (step -0.5000 Ne1=     37.0000)
                                                               Ne2=     36.0000
            Final RMS occupancy error   :  0.000000 (Ne1=     37.0000)
                                                     Ne2=     36.0000
            Final occupancy bounds spin 1: [  0.000,  1.000]
            Final occupancy bounds spin 2: [  0.000,  1.000]
================================================================================

    2        -2.169204988058E+02     1.1255E-04     7.2891E-05    -1.5890E-05
      ideal mu1:      -0.969084595237
      ideal mu2:      -0.972509086254
             Q0:        -216.920506407849
             G0:      -0.000057643706
   RMS gradient:       0.000127958209
     Trial step:       0.418891889927
             Q1:        -216.920524099872
 Quadratic coef:       0.000006454458
 Linear coef   :      -0.000024146481
           Qmin:        -216.920528991176
Quadratic minimum step length (  0.783548778327) accepted
    Initial Ne1:      37.00000000
    Initial Ne2:      36.00000000
      Final Ne1:      37.00000000
      Final Ne2:      36.00000000

=================== Penalty functional idempotency correction ==================
 RMS occupancy error at iteration   1:  0.000008 (step -0.5000 Ne1=     37.0000)
                                                               Ne2=     36.0000
            Final RMS occupancy error   :  0.000000 (Ne1=     37.0000)
                                                     Ne2=     36.0000
            Final occupancy bounds spin 1: [  0.000,  1.000]
            Final occupancy bounds spin 2: [  0.000,  1.000]
================================================================================

    3        -2.169205064078E+02     1.2796E-04     8.2985E-05    -7.6020E-06
      ideal mu1:      -0.969213319817
      ideal mu2:      -0.972611989717
             Q0:        -216.920535619172
             G0:      -0.000089190897
   RMS gradient:       0.000140841097
     Trial step:       0.572906823666
             Q1:        -216.920574296169
 Quadratic coef:       0.000012421077
 Linear coef   :      -0.000051098073
           Qmin:        -216.920588171241
Quadratic minimum step length (  1.178417771004) accepted
    Initial Ne1:      36.99999988
    Initial Ne2:      35.99999996
      Final Ne1:      37.00000000
      Final Ne2:      36.00000000

=================== Penalty functional idempotency correction ==================
 RMS occupancy error at iteration   1:  0.000060 (step -0.4995 Ne1=     37.0000)
                                                               Ne2=     36.0000
            Final RMS occupancy error   :  0.000000 (Ne1=     37.0000)
                                                     Ne2=     36.0000
            Final occupancy bounds spin 1: [ -0.000,  1.000]
            Final occupancy bounds spin 2: [ -0.000,  1.000]
================================================================================

    4        -2.169205356192E+02     1.4084E-04     9.1278E-05    -2.9211E-05
      ideal mu1:      -0.969191145130
      ideal mu2:      -0.972620795862
    5        -2.169206054366E+02     2.4135E-04     1.5654E-04    -6.9817E-05
Finished density kernel iterations (   5)

Writing density kernel to file "Fe_EtOH_3_LowSpin.dkn" ... done


>>> Density kernel optimised for the current NGWF basis:
     ~~~~~~~~~~~~~~~~~~~~~~~~~~~~~~~~~~~~~~~~~~~~~~~~~~~~~~~~~~~
     Total energy                =  -2.16920605436617E+02  Eh
     Estimated bandgap (UP spin) =   9.0753E-03  Eh
     Estimated bandgap (DN spin) =   2.4111E-02  Eh
     RMS occupancy error         =   1.7731E-08
     [H,K] commutator            =   1.5654E-04
     UP spin occupancy bounds    = [ -0.000:  1.000]
     DN spin occupancy bounds    = [ -0.000:  1.000]
     ~~~~~~~~~~~~~~~~~~~~~~~~~~~~~~~~~~~~~~~~~~~~~~~~~~~~~~~~~~~




################################################################################
########################### NGWF CG iteration  024 #############################
################################################################################
****** Reciprocal space K.E. preconditioning with k_zero =  3.0000 a0^-1 *******

>>> Checking for convergence of NGWFs:   NOT CONVERGED
  ========================================================================
         NGWF RMS gradient =  5.3020E-06 >  2.0000E-06  | above tolerance
  ========================================================================

>>> Improving NGWFs using line search:
============ Calculation of NGWF S^-1 using Hotelling algorithm ================ 
     Iteration  |  Spin  |  Frobenius norm and Maximum abs value (of I-S*S_n^-1)
         1           1      0.18710714E-01     0.29945847E-02
         2           1      0.63997225E-04     0.21361688E-04
         3           1      0.15295332E-08     0.58188865E-09
         4           1      0.63537950E-14     0.13322676E-14
================================================================================
============ Calculation of NGWF S^-1 using Hotelling algorithm ================ 
     Iteration  |  Spin  |  Frobenius norm and Maximum abs value (of I-S*S_n^-1)
         1           1      0.92260161E-02     0.14548974E-02
         2           1      0.15397474E-04     0.50418592E-05
         3           1      0.85339879E-10     0.32219116E-10
         4           1      0.60738601E-14     0.15543122E-14
================================================================================
------------------------------- NGWF line search -------------------------------
RMS gradient                =       0.00000530202227
Trial step length           =               0.381912
Gradient along search dir.  =         -0.00024000470
Functional at step 0        =    -216.92060543661651
Functional at step 1        =    -216.92060777189579
Functional predicted        =    -216.92062895084354
Selected quadratic step     =               0.195948
Conjugate gradients coeff.  =               1.326434
--------------------------- NGWF line search finished --------------------------
                                               
Writing NGWFs to file "Fe_EtOH_3_LowSpin.tightbox_ngwfs".... done

>>> Optimising kernel for current NGWFs:
   Initial electron number for spin 1:      37.00068246
   Initial electron number for spin 2:      36.00092039
     Final electron number for spin 1:      37.00000000
     Final electron number for spin 2:      36.00000000

=================== Penalty functional idempotency correction ==================
 RMS occupancy error at iteration   1:  0.000172 (step -0.4998 Ne1=     37.0000)
                                                               Ne2=     36.0000
 RMS occupancy error at iteration   2:  0.000000 (step -0.5000 Ne1=     37.0000)
                                                               Ne2=     36.0000
            Final RMS occupancy error   :  0.000000 (Ne1=     37.0000)
                                                     Ne2=     36.0000
            Final occupancy bounds spin 1: [  0.000,  1.000]
            Final occupancy bounds spin 2: [  0.000,  1.000]
================================================================================

................................................................................
<<<<<<<<<<<<<< LNV (Original version) density kernel optimisation >>>>>>>>>>>>>>
~~~~~~~~~~~~~~~~~~~~~~~~~~~~~~~~~~~~~~~~~~~~~~~~~~~~~~~~~~~~~~~~~~~~~~~~~~~~~~~~
   iter  |      energy (Eh)       | rms gradient |  commutator  |   dE (Eh)
      ideal mu1:      -0.969221796222
      ideal mu2:      -0.972646179474
             Q0:        -216.920635386664
             G0:      -0.000124593514
   RMS gradient:       0.000235606850
     Trial step:       0.821659042510
             Q1:        -216.920550396654
 Quadratic coef:       0.000187363398
 Linear coef   :      -0.000102373388
           Qmin:        -216.920649370599
Quadratic minimum step length (  0.224472924233) accepted
    Initial Ne1:      37.00000000
    Initial Ne2:      36.00000000
      Final Ne1:      37.00000000
      Final Ne2:      36.00000000

=================== Penalty functional idempotency correction ==================
 RMS occupancy error at iteration   1:  0.000000 (step -0.5000 Ne1=     37.0000)
                                                               Ne2=     36.0000
            Final RMS occupancy error   :  0.000000 (Ne1=     37.0000)
                                                     Ne2=     36.0000
            Final occupancy bounds spin 1: [  0.000,  1.000]
            Final occupancy bounds spin 2: [  0.000,  1.000]
================================================================================

    1        -2.169206353867E+02     2.3561E-04     1.5295E-04
      ideal mu1:      -0.969209623557
      ideal mu2:      -0.972618869222
             Q0:        -216.920647439232
             G0:      -0.000053322693
   RMS gradient:       0.000150223789
     Trial step:       0.429465025345
             Q1:        -216.920661999423
 Quadratic coef:       0.000008340041
 Linear coef   :      -0.000022900232
           Qmin:        -216.920663159198
Quadratic minimum step length (  0.589616340710) accepted
    Initial Ne1:      37.00000000
    Initial Ne2:      36.00000000
      Final Ne1:      37.00000000
      Final Ne2:      36.00000000

=================== Penalty functional idempotency correction ==================
 RMS occupancy error at iteration   1:  0.000002 (step -0.5000 Ne1=     37.0000)
                                                               Ne2=     36.0000
            Final RMS occupancy error   :  0.000000 (Ne1=     37.0000)
                                                     Ne2=     36.0000
            Final occupancy bounds spin 1: [  0.000,  1.000]
            Final occupancy bounds spin 2: [  0.000,  1.000]
================================================================================

    2        -2.169206474392E+02     1.5022E-04     9.7346E-05    -1.2053E-05
      ideal mu1:      -0.969221471861
      ideal mu2:      -0.972601028022
             Q0:        -216.920664569921
             G0:      -0.000082771879
   RMS gradient:       0.000165206364
     Trial step:       0.503209297119
             Q1:        -216.920692070288
 Quadratic coef:       0.000014151212
 Linear coef   :      -0.000041651579
           Qmin:        -216.920695218427
Quadratic minimum step length (  0.740553584310) accepted
    Initial Ne1:      37.00000000
    Initial Ne2:      36.00000000
      Final Ne1:      37.00000000
      Final Ne2:      36.00000000

=================== Penalty functional idempotency correction ==================
 RMS occupancy error at iteration   1:  0.000013 (step -0.4999 Ne1=     37.0000)
                                                               Ne2=     36.0000
            Final RMS occupancy error   :  0.000000 (Ne1=     37.0000)
                                                     Ne2=     36.0000
            Final occupancy bounds spin 1: [ -0.000,  1.000]
            Final occupancy bounds spin 2: [ -0.000,  1.000]
================================================================================

    3        -2.169206645699E+02     1.6521E-04     1.0733E-04    -1.7131E-05
      ideal mu1:      -0.969208231543
      ideal mu2:      -0.972595951608
             Q0:        -216.920697927226
             G0:      -0.000158978505
   RMS gradient:       0.000226067772
     Trial step:       0.610453477867
             Q1:        -216.920752737283
 Quadratic coef:       0.000042238925
 Linear coef   :      -0.000097048982
           Qmin:        -216.920753672636
Quadratic minimum step length (  0.701294935683) accepted
    Initial Ne1:      37.00000000
    Initial Ne2:      36.00000004
      Final Ne1:      37.00000000
      Final Ne2:      36.00000000

=================== Penalty functional idempotency correction ==================
 RMS occupancy error at iteration   1:  0.000074 (step -0.4993 Ne1=     37.0000)
                                                               Ne2=     36.0000
            Final RMS occupancy error   :  0.000000 (Ne1=     37.0000)
                                                     Ne2=     36.0000
            Final occupancy bounds spin 1: [ -0.000,  1.000]
            Final occupancy bounds spin 2: [ -0.000,  1.000]
================================================================================

    4        -2.169206979272E+02     2.2607E-04     1.4696E-04    -3.3357E-05
      ideal mu1:      -0.969241258972
      ideal mu2:      -0.972655115343
    5        -2.169207563989E+02     3.5002E-04     2.2772E-04    -5.8472E-05
Finished density kernel iterations (   5)

Writing density kernel to file "Fe_EtOH_3_LowSpin.dkn" ... done


>>> Density kernel optimised for the current NGWF basis:
     ~~~~~~~~~~~~~~~~~~~~~~~~~~~~~~~~~~~~~~~~~~~~~~~~~~~~~~~~~~~
     Total energy                =  -2.16920756398881E+02  Eh
     Estimated bandgap (UP spin) =   9.2142E-03  Eh
     Estimated bandgap (DN spin) =   2.4660E-02  Eh
     RMS occupancy error         =   1.8139E-08
     [H,K] commutator            =   2.2772E-04
     UP spin occupancy bounds    = [ -0.000:  1.000]
     DN spin occupancy bounds    = [ -0.000:  1.000]
     ~~~~~~~~~~~~~~~~~~~~~~~~~~~~~~~~~~~~~~~~~~~~~~~~~~~~~~~~~~~




################################################################################
########################### NGWF CG iteration  025 #############################
################################################################################
****** Reciprocal space K.E. preconditioning with k_zero =  3.0000 a0^-1 *******

>>> Checking for convergence of NGWFs:   NOT CONVERGED
  ========================================================================
         NGWF RMS gradient =  4.5269E-06 >  2.0000E-06  | above tolerance
  ========================================================================

>>> Improving NGWFs using line search:
============ Calculation of NGWF S^-1 using Hotelling algorithm ================ 
     Iteration  |  Spin  |  Frobenius norm and Maximum abs value (of I-S*S_n^-1)
         1           1      0.25595868E-02     0.44304887E-03
         2           1      0.13681061E-05     0.52263453E-06
         3           1      0.84230115E-12     0.33717473E-12
================================================================================
============ Calculation of NGWF S^-1 using Hotelling algorithm ================ 
     Iteration  |  Spin  |  Frobenius norm and Maximum abs value (of I-S*S_n^-1)
         1           1      0.57816072E-02     0.99766632E-03
         2           1      0.68636422E-05     0.26263365E-05
         3           1      0.20616984E-10     0.84101615E-11
         4           1      0.62435587E-14     0.15543122E-14
================================================================================
------------------------------- NGWF line search -------------------------------
RMS gradient                =       0.00000452688170
Trial step length           =               0.273560
Gradient along search dir.  =         -0.00004498505
Functional at step 0        =    -216.92075639888085
Functional at step 1        =    -216.92076681115222
Functional predicted        =    -216.92077639020923
Selected quadratic step     =               0.888799
Conjugate gradients coeff.  =               0.000000
--------------------------- NGWF line search finished --------------------------
                                               
Writing NGWFs to file "Fe_EtOH_3_LowSpin.tightbox_ngwfs".... done

>>> Optimising kernel for current NGWFs:
   Initial electron number for spin 1:      37.00058494
   Initial electron number for spin 2:      36.00088654
     Final electron number for spin 1:      37.00000000
     Final electron number for spin 2:      36.00000000

=================== Penalty functional idempotency correction ==================
 RMS occupancy error at iteration   1:  0.000159 (step -0.4999 Ne1=     37.0000)
                                                               Ne2=     36.0000
 RMS occupancy error at iteration   2:  0.000000 (step -0.5000 Ne1=     37.0000)
                                                               Ne2=     36.0000
            Final RMS occupancy error   :  0.000000 (Ne1=     37.0000)
                                                     Ne2=     36.0000
            Final occupancy bounds spin 1: [  0.000,  1.000]
            Final occupancy bounds spin 2: [  0.000,  1.000]
================================================================================

................................................................................
<<<<<<<<<<<<<< LNV (Original version) density kernel optimisation >>>>>>>>>>>>>>
~~~~~~~~~~~~~~~~~~~~~~~~~~~~~~~~~~~~~~~~~~~~~~~~~~~~~~~~~~~~~~~~~~~~~~~~~~~~~~~~
   iter  |      energy (Eh)       | rms gradient |  commutator  |   dE (Eh)
      ideal mu1:      -0.969100936367
      ideal mu2:      -0.972526706354
             Q0:        -216.920782736488
             G0:      -0.000254731296
   RMS gradient:       0.000336884747
     Trial step:       0.654299573971
             Q1:        -216.920748233864
 Quadratic coef:       0.000201173203
 Linear coef   :      -0.000166670578
           Qmin:        -216.920817257838
Quadratic minimum step length (  0.271041288928) accepted
    Initial Ne1:      37.00000000
    Initial Ne2:      36.00000000
      Final Ne1:      37.00000000
      Final Ne2:      36.00000000

=================== Penalty functional idempotency correction ==================
 RMS occupancy error at iteration   1:  0.000001 (step -0.5000 Ne1=     37.0000)
                                                               Ne2=     36.0000
            Final RMS occupancy error   :  0.000000 (Ne1=     37.0000)
                                                     Ne2=     36.0000
            Final occupancy bounds spin 1: [  0.000,  1.000]
            Final occupancy bounds spin 2: [  0.000,  1.000]
================================================================================

    1        -2.169207827365E+02     3.3688E-04     2.1896E-04
      ideal mu1:      -0.969144689851
      ideal mu2:      -0.972550500276
             Q0:        -216.920817362214
             G0:      -0.000109403605
   RMS gradient:       0.000220883343
     Trial step:       0.421120172723
             Q1:        -216.920844178585
 Quadratic coef:       0.000019255694
 Linear coef   :      -0.000046072065
           Qmin:        -216.920844920753
Quadratic minimum step length (  0.503795811992) accepted
    Initial Ne1:      37.00000000
    Initial Ne2:      36.00000000
      Final Ne1:      37.00000000
      Final Ne2:      36.00000000

=================== Penalty functional idempotency correction ==================
 RMS occupancy error at iteration   1:  0.000002 (step -0.5000 Ne1=     37.0000)
                                                               Ne2=     36.0000
            Final RMS occupancy error   :  0.000000 (Ne1=     37.0000)
                                                     Ne2=     36.0000
            Final occupancy bounds spin 1: [  0.000,  1.000]
            Final occupancy bounds spin 2: [  0.000,  1.000]
================================================================================

    2        -2.169208173622E+02     2.2088E-04     1.4324E-04    -3.4626E-05
      ideal mu1:      -0.969291073502
      ideal mu2:      -0.972653372011
             Q0:        -216.920845999118
             G0:      -0.000119335275
   RMS gradient:       0.000207055831
     Trial step:       0.460606751322
             Q1:        -216.920875385994
 Quadratic coef:       0.000025579758
 Linear coef   :      -0.000054966633
           Qmin:        -216.920875527650
Quadratic minimum step length (  0.494883540988) accepted
    Initial Ne1:      37.00000000
    Initial Ne2:      36.00000000
      Final Ne1:      37.00000000
      Final Ne2:      36.00000000

=================== Penalty functional idempotency correction ==================
 RMS occupancy error at iteration   1:  0.000007 (step -0.5000 Ne1=     37.0000)
                                                               Ne2=     36.0000
            Final RMS occupancy error   :  0.000000 (Ne1=     37.0000)
                                                     Ne2=     36.0000
            Final occupancy bounds spin 1: [  0.000,  1.000]
            Final occupancy bounds spin 2: [  0.000,  1.000]
================================================================================

    3        -2.169208459991E+02     2.0706E-04     1.3453E-04    -2.8637E-05
      ideal mu1:      -0.969419359098
      ideal mu2:      -0.972771675455
             Q0:        -216.920875895350
             G0:      -0.000098161844
   RMS gradient:       0.000188785313
     Trial step:       0.477437640009
             Q1:        -216.920910962416
 Quadratic coef:       0.000011799093
 Linear coef   :      -0.000046866159
           Qmin:        -216.920922433606
Quadratic minimum step length (  0.948194403671) accepted
    Initial Ne1:      36.99999995
    Initial Ne2:      35.99999996
      Final Ne1:      37.00000000
      Final Ne2:      36.00000000

=================== Penalty functional idempotency correction ==================
 RMS occupancy error at iteration   1:  0.000037 (step -0.4997 Ne1=     37.0000)
                                                               Ne2=     36.0000
            Final RMS occupancy error   :  0.000000 (Ne1=     37.0000)
                                                     Ne2=     36.0000
            Final occupancy bounds spin 1: [ -0.000,  1.000]
            Final occupancy bounds spin 2: [ -0.000,  1.000]
================================================================================

    4        -2.169208758953E+02     1.8879E-04     1.2252E-04    -2.9896E-05
      ideal mu1:      -0.969399581349
      ideal mu2:      -0.972795514443
    5        -2.169209320782E+02     3.3146E-04     2.1475E-04    -5.6183E-05
Finished density kernel iterations (   5)

Writing density kernel to file "Fe_EtOH_3_LowSpin.dkn" ... done


>>> Density kernel optimised for the current NGWF basis:
     ~~~~~~~~~~~~~~~~~~~~~~~~~~~~~~~~~~~~~~~~~~~~~~~~~~~~~~~~~~~
     Total energy                =  -2.16920932078163E+02  Eh
     Estimated bandgap (UP spin) =   9.3376E-03  Eh
     Estimated bandgap (DN spin) =   2.5087E-02  Eh
     RMS occupancy error         =   4.3492E-09
     [H,K] commutator            =   2.1475E-04
     UP spin occupancy bounds    = [ -0.000:  1.000]
     DN spin occupancy bounds    = [ -0.000:  1.000]
     ~~~~~~~~~~~~~~~~~~~~~~~~~~~~~~~~~~~~~~~~~~~~~~~~~~~~~~~~~~~


================================================================================
           ---------------- ENERGY COMPONENTS (Eh) ----------------
           | Kinetic                    :       64.32223945617719 |
           | Core Hartree               :     -966.51839582080413 |
           | CoreHart (non-coul chg cor):        0.00155689502347
           | Hartree                    :      432.56847402046549 |
           | Exchange-correlation       :      -30.32982619164600 |
           | Ewald                      :      286.40959520493226 |
           | Dij0                       :       -0.29321488994103 |
           | Dijhartree                 :       10.88606753321874 |
           | Exc [AE core]              :     -113.50933812242377 |
           | Exc DC [AE core]           :      -48.25647338522308 |
           | Exc [PS core]              :      -24.44113144562474 |
           | Exc DC [PS core]           :      -28.85359989962830 |
           | Exc [Core]                 :      -75.10233528622905 |
           | Total [Sphere]             :       -3.37301874729226 |
           | Total                      :     -216.92093207816751 |
           --------------------------------------------------------
           ------ LOCAL ENERGY COMPONENTS FROM MATRIX TRACES ------
           | Core Hartree               :     -966.51839582080424 |
           | Hartree (Valence)          :      432.56847402046611 |
           --------------------------------------------------------
           Integrated compensation chrg.:       11.40359543476781
           Integrated density           :       72.99999932137720
           Integrated spin density      :        1.00000001825341
           Integrated |spin density|    :        2.58900753170446
           Local density approx. <S^2>  :        1.54450375672588
           Integrated density tr(KS)    :       73.00000000000001
           Integrated spin tr(KS)       :        1.00000000000001
================================================================================




################################################################################
########################### NGWF CG iteration  026 #############################
################################################################################
****** Reciprocal space K.E. preconditioning with k_zero =  3.0000 a0^-1 *******

>>> Checking for convergence of NGWFs:   NOT CONVERGED
  ========================================================================
         NGWF RMS gradient =  3.6857E-06 >  2.0000E-06  | above tolerance
  ========================================================================

>>> Improving NGWFs using line search:
============ Calculation of NGWF S^-1 using Hotelling algorithm ================ 
     Iteration  |  Spin  |  Frobenius norm and Maximum abs value (of I-S*S_n^-1)
         1           1      0.75162637E-02     0.12720936E-02
         2           1      0.11829979E-04     0.43728034E-05
         3           1      0.62448493E-10     0.24444002E-10
         4           1      0.61328512E-14     0.11295218E-14
================================================================================
============ Calculation of NGWF S^-1 using Hotelling algorithm ================ 
     Iteration  |  Spin  |  Frobenius norm and Maximum abs value (of I-S*S_n^-1)
         1           1      0.73297077E-03     0.12361170E-03
         2           1      0.11099125E-06     0.41003567E-07
         3           1      0.80748559E-14     0.19984014E-14
================================================================================
------------------------------- NGWF line search -------------------------------
RMS gradient                =       0.00000368574225
Trial step length           =               0.493092
Gradient along search dir.  =         -0.00003668772
Functional at step 0        =    -216.92093207816282
Functional at step 1        =    -216.92094015148098
Functional predicted        =    -216.92094024577614
Selected quadratic step     =               0.445251
Conjugate gradients coeff.  =               0.662906
--------------------------- NGWF line search finished --------------------------
                                               
Writing NGWFs to file "Fe_EtOH_3_LowSpin.tightbox_ngwfs".... done

>>> Optimising kernel for current NGWFs:
   Initial electron number for spin 1:      37.00046605
   Initial electron number for spin 2:      36.00069165
     Final electron number for spin 1:      37.00000000
     Final electron number for spin 2:      36.00000000

=================== Penalty functional idempotency correction ==================
 RMS occupancy error at iteration   1:  0.000118 (step -0.4999 Ne1=     37.0000)
                                                               Ne2=     36.0000
            Final RMS occupancy error   :  0.000000 (Ne1=     37.0000)
                                                     Ne2=     36.0000
            Final occupancy bounds spin 1: [  0.000,  1.000]
            Final occupancy bounds spin 2: [  0.000,  1.000]
================================================================================

................................................................................
<<<<<<<<<<<<<< LNV (Original version) density kernel optimisation >>>>>>>>>>>>>>
~~~~~~~~~~~~~~~~~~~~~~~~~~~~~~~~~~~~~~~~~~~~~~~~~~~~~~~~~~~~~~~~~~~~~~~~~~~~~~~~
   iter  |      energy (Eh)       | rms gradient |  commutator  |   dE (Eh)
      ideal mu1:      -0.969377456629
      ideal mu2:      -0.972767053722
             Q0:        -216.920942632613
             G0:      -0.000271687044
   RMS gradient:       0.000347916206
     Trial step:       0.672832593115
             Q1:        -216.920856536558
 Quadratic coef:       0.000268895953
 Linear coef   :      -0.000182799898
           Qmin:        -216.920973700208
Quadratic minimum step length (  0.228701339672) accepted
    Initial Ne1:      36.99999950
    Initial Ne2:      36.00000019
      Final Ne1:      37.00000000
      Final Ne2:      36.00000000

=================== Penalty functional idempotency correction ==================
 RMS occupancy error at iteration   1:  0.000001 (step -0.5000 Ne1=     37.0000)
                                                               Ne2=     36.0000
            Final RMS occupancy error   :  0.000000 (Ne1=     37.0000)
                                                     Ne2=     36.0000
            Final occupancy bounds spin 1: [  0.000,  1.000]
            Final occupancy bounds spin 2: [  0.000,  1.000]
================================================================================

    1        -2.169209426326E+02     3.4792E-04     2.2567E-04
      ideal mu1:      -0.969352153333
      ideal mu2:      -0.972726025670
             Q0:        -216.920971048220
             G0:      -0.000113566225
   RMS gradient:       0.000220054148
     Trial step:       0.392272501484
             Q1:        -216.921000951761
 Quadratic coef:       0.000014645366
 Linear coef   :      -0.000044548907
           Qmin:        -216.921004925918
Quadratic minimum step length (  0.596615736396) accepted
    Initial Ne1:      36.99999948
    Initial Ne2:      36.00000020
      Final Ne1:      37.00000000
      Final Ne2:      36.00000000

=================== Penalty functional idempotency correction ==================
 RMS occupancy error at iteration   1:  0.000004 (step -0.5000 Ne1=     37.0000)
                                                               Ne2=     36.0000
            Final RMS occupancy error   :  0.000000 (Ne1=     37.0000)
                                                     Ne2=     36.0000
            Final occupancy bounds spin 1: [  0.000,  1.000]
            Final occupancy bounds spin 2: [  0.000,  1.000]
================================================================================

    2        -2.169209710482E+02     2.2005E-04     1.4258E-04    -2.8416E-05
      ideal mu1:      -0.969388929118
      ideal mu2:      -0.972725555968
             Q0:        -216.921007739111
             G0:      -0.000138893884
   RMS gradient:       0.000221961678
     Trial step:       0.483772619462
             Q1:        -216.921044399207
 Quadratic coef:       0.000030532962
 Linear coef   :      -0.000067193058
           Qmin:        -216.921044706595
Quadratic minimum step length (  0.532312615380) accepted
    Initial Ne1:      36.99999953
    Initial Ne2:      36.00000018
      Final Ne1:      37.00000000
      Final Ne2:      36.00000000

=================== Penalty functional idempotency correction ==================
 RMS occupancy error at iteration   1:  0.000011 (step -0.4999 Ne1=     37.0000)
                                                               Ne2=     36.0000
            Final RMS occupancy error   :  0.000000 (Ne1=     37.0000)
                                                     Ne2=     36.0000
            Final occupancy bounds spin 1: [ -0.000,  1.000]
            Final occupancy bounds spin 2: [ -0.000,  1.000]
================================================================================

    3        -2.169210077391E+02     2.2196E-04     1.4405E-04    -3.6691E-05
      ideal mu1:      -0.969418089302
      ideal mu2:      -0.972759174689
             Q0:        -216.921045271229
             G0:      -0.000163486934
   RMS gradient:       0.000244692731
     Trial step:       0.507462578241
             Q1:        -216.921094471340
 Quadratic coef:       0.000033763390
 Linear coef   :      -0.000082963501
           Qmin:        -216.921096235768
Quadratic minimum step length (  0.623469263749) accepted
    Initial Ne1:      36.99999934
    Initial Ne2:      36.00000028
      Final Ne1:      37.00000000
      Final Ne2:      36.00000000

=================== Penalty functional idempotency correction ==================
 RMS occupancy error at iteration   1:  0.000044 (step -0.4996 Ne1=     37.0000)
                                                               Ne2=     36.0000
            Final RMS occupancy error   :  0.000000 (Ne1=     37.0000)
                                                     Ne2=     36.0000
            Final occupancy bounds spin 1: [ -0.000,  1.000]
            Final occupancy bounds spin 2: [ -0.000,  1.000]
================================================================================

    4        -2.169210452712E+02     2.4469E-04     1.5870E-04    -3.7532E-05
      ideal mu1:      -0.969375766459
      ideal mu2:      -0.972756635213
    5        -2.169210997128E+02     3.3976E-04     2.2075E-04    -5.4442E-05
Finished density kernel iterations (   5)

Writing density kernel to file "Fe_EtOH_3_LowSpin.dkn" ... done


>>> Density kernel optimised for the current NGWF basis:
     ~~~~~~~~~~~~~~~~~~~~~~~~~~~~~~~~~~~~~~~~~~~~~~~~~~~~~~~~~~~
     Total energy                =  -2.16921099712756E+02  Eh
     Estimated bandgap (UP spin) =   9.6522E-03  Eh
     Estimated bandgap (DN spin) =   2.5753E-02  Eh
     RMS occupancy error         =   5.5001E-09
     [H,K] commutator            =   2.2075E-04
     UP spin occupancy bounds    = [ -0.000:  1.000]
     DN spin occupancy bounds    = [ -0.000:  1.000]
     ~~~~~~~~~~~~~~~~~~~~~~~~~~~~~~~~~~~~~~~~~~~~~~~~~~~~~~~~~~~




################################################################################
########################### NGWF CG iteration  027 #############################
################################################################################
****** Reciprocal space K.E. preconditioning with k_zero =  3.0000 a0^-1 *******

>>> Checking for convergence of NGWFs:   NOT CONVERGED
  ========================================================================
         NGWF RMS gradient =  3.3129E-06 >  2.0000E-06  | above tolerance
  ========================================================================

>>> Improving NGWFs using line search:
============ Calculation of NGWF S^-1 using Hotelling algorithm ================ 
     Iteration  |  Spin  |  Frobenius norm and Maximum abs value (of I-S*S_n^-1)
         1           1      0.10020254E-01     0.17201980E-02
         2           1      0.20959131E-04     0.79615322E-05
         3           1      0.19056037E-09     0.78156037E-10
         4           1      0.60563973E-14     0.13322676E-14
================================================================================
============ Calculation of NGWF S^-1 using Hotelling algorithm ================ 
     Iteration  |  Spin  |  Frobenius norm and Maximum abs value (of I-S*S_n^-1)
         1           1      0.25554406E-02     0.43662149E-03
         2           1      0.13449698E-05     0.50927291E-06
         3           1      0.76461079E-12     0.31663561E-12
================================================================================
------------------------------- NGWF line search -------------------------------
RMS gradient                =       0.00000331294634
Trial step length           =               0.468561
Gradient along search dir.  =         -0.00004777823
Functional at step 0        =    -216.92109971275596
Functional at step 1        =    -216.92110710738137
Functional predicted        =    -216.92110806996939
Selected quadratic step     =               0.349834
Conjugate gradients coeff.  =               0.807940
--------------------------- NGWF line search finished --------------------------
                                               
Writing NGWFs to file "Fe_EtOH_3_LowSpin.tightbox_ngwfs".... done

>>> Optimising kernel for current NGWFs:
   Initial electron number for spin 1:      37.00053310
   Initial electron number for spin 2:      36.00078670
     Final electron number for spin 1:      37.00000000
     Final electron number for spin 2:      36.00000000

=================== Penalty functional idempotency correction ==================
 RMS occupancy error at iteration   1:  0.000128 (step -0.4999 Ne1=     37.0000)
                                                               Ne2=     36.0000
            Final RMS occupancy error   :  0.000000 (Ne1=     37.0000)
                                                     Ne2=     36.0000
            Final occupancy bounds spin 1: [  0.000,  1.000]
            Final occupancy bounds spin 2: [  0.000,  1.000]
================================================================================

................................................................................
<<<<<<<<<<<<<< LNV (Original version) density kernel optimisation >>>>>>>>>>>>>>
~~~~~~~~~~~~~~~~~~~~~~~~~~~~~~~~~~~~~~~~~~~~~~~~~~~~~~~~~~~~~~~~~~~~~~~~~~~~~~~~
   iter  |      energy (Eh)       | rms gradient |  commutator  |   dE (Eh)
      ideal mu1:      -0.969369329780
      ideal mu2:      -0.972743238579
             Q0:        -216.921110723320
             G0:      -0.000311038284
   RMS gradient:       0.000372260639
     Trial step:       0.562483173114
             Q1:        -216.921111076026
 Quadratic coef:       0.000174601095
 Linear coef   :      -0.000174953801
           Qmin:        -216.921154550125
Quadratic minimum step length (  0.281809713811) accepted
    Initial Ne1:      36.99999902
    Initial Ne2:      36.00000001
      Final Ne1:      37.00000000
      Final Ne2:      36.00000000

=================== Penalty functional idempotency correction ==================
 RMS occupancy error at iteration   1:  0.000001 (step -0.5000 Ne1=     37.0000)
                                                               Ne2=     36.0000
            Final RMS occupancy error   :  0.000000 (Ne1=     37.0000)
                                                     Ne2=     36.0000
            Final occupancy bounds spin 1: [  0.000,  1.000]
            Final occupancy bounds spin 2: [  0.000,  1.000]
================================================================================

    1        -2.169211107233E+02     3.7226E-04     2.4191E-04
      ideal mu1:      -0.969330911624
      ideal mu2:      -0.972696823633
             Q0:        -216.921154262558
             G0:      -0.000133919641
   RMS gradient:       0.000243318085
     Trial step:       0.398137189972
             Q1:        -216.921187740619
 Quadratic coef:       0.000019840329
 Linear coef   :      -0.000053318390
           Qmin:        -216.921190084175
Quadratic minimum step length (  0.534971816825) accepted
    Initial Ne1:      36.99999920
    Initial Ne2:      36.00000001
      Final Ne1:      37.00000000
      Final Ne2:      36.00000000

=================== Penalty functional idempotency correction ==================
 RMS occupancy error at iteration   1:  0.000004 (step -0.5000 Ne1=     37.0000)
                                                               Ne2=     36.0000
            Final RMS occupancy error   :  0.000000 (Ne1=     37.0000)
                                                     Ne2=     36.0000
            Final occupancy bounds spin 1: [  0.000,  1.000]
            Final occupancy bounds spin 2: [  0.000,  1.000]
================================================================================

    2        -2.169211542626E+02     2.4332E-04     1.5786E-04    -4.3539E-05
      ideal mu1:      -0.969440308814
      ideal mu2:      -0.972767768960
             Q0:        -216.921192677317
             G0:      -0.000172213539
   RMS gradient:       0.000244120217
     Trial step:       0.461510753791
             Q1:        -216.921236134598
 Quadratic coef:       0.000036021119
 Linear coef   :      -0.000079478400
           Qmin:        -216.921236518376
Quadratic minimum step length (  0.509147647929) accepted
    Initial Ne1:      36.99999923
    Initial Ne2:      36.00000000
      Final Ne1:      37.00000000
      Final Ne2:      36.00000000

=================== Penalty functional idempotency correction ==================
 RMS occupancy error at iteration   1:  0.000012 (step -0.4999 Ne1=     37.0000)
                                                               Ne2=     36.0000
            Final RMS occupancy error   :  0.000000 (Ne1=     37.0000)
                                                     Ne2=     36.0000
            Final occupancy bounds spin 1: [ -0.000,  1.000]
            Final occupancy bounds spin 2: [ -0.000,  1.000]
================================================================================

    3        -2.169211926773E+02     2.4412E-04     1.5847E-04    -3.8415E-05
      ideal mu1:      -0.969593221206
      ideal mu2:      -0.972903741402
             Q0:        -216.921237331754
             G0:      -0.000154961388
   RMS gradient:       0.000234035715
     Trial step:       0.484744380872
             Q1:        -216.921290863471
 Quadratic coef:       0.000021584945
 Linear coef   :      -0.000075116662
           Qmin:        -216.921302684166
Quadratic minimum step length (  0.843467039906) accepted
    Initial Ne1:      36.99999885
    Initial Ne2:      36.00000004
      Final Ne1:      37.00000000
      Final Ne2:      36.00000000

=================== Penalty functional idempotency correction ==================
 RMS occupancy error at iteration   1:  0.000057 (step -0.4995 Ne1=     37.0000)
                                                               Ne2=     36.0000
            Final RMS occupancy error   :  0.000000 (Ne1=     37.0000)
                                                     Ne2=     36.0000
            Final occupancy bounds spin 1: [ -0.000,  1.000]
            Final occupancy bounds spin 2: [ -0.000,  1.000]
================================================================================

    4        -2.169212373318E+02     2.3404E-04     1.5175E-04    -4.4654E-05
      ideal mu1:      -0.969644299344
      ideal mu2:      -0.972982598362
    5        -2.169213152309E+02     3.7876E-04     2.4496E-04    -7.7899E-05
Finished density kernel iterations (   5)

Writing density kernel to file "Fe_EtOH_3_LowSpin.dkn" ... done


>>> Density kernel optimised for the current NGWF basis:
     ~~~~~~~~~~~~~~~~~~~~~~~~~~~~~~~~~~~~~~~~~~~~~~~~~~~~~~~~~~~
     Total energy                =  -2.16921315230938E+02  Eh
     Estimated bandgap (UP spin) =   9.7661E-03  Eh
     Estimated bandgap (DN spin) =   2.6521E-02  Eh
     RMS occupancy error         =   8.3448E-09
     [H,K] commutator            =   2.4496E-04
     UP spin occupancy bounds    = [ -0.000:  1.000]
     DN spin occupancy bounds    = [ -0.000:  1.000]
     ~~~~~~~~~~~~~~~~~~~~~~~~~~~~~~~~~~~~~~~~~~~~~~~~~~~~~~~~~~~




################################################################################
########################### NGWF CG iteration  028 #############################
################################################################################
****** Reciprocal space K.E. preconditioning with k_zero =  3.0000 a0^-1 *******

>>> Checking for convergence of NGWFs:   NOT CONVERGED
  ========================================================================
         NGWF RMS gradient =  3.5528E-06 >  2.0000E-06  | above tolerance
  ========================================================================

>>> Improving NGWFs using line search:
============ Calculation of NGWF S^-1 using Hotelling algorithm ================ 
     Iteration  |  Spin  |  Frobenius norm and Maximum abs value (of I-S*S_n^-1)
         1           1      0.13794844E-01     0.23213721E-02
         2           1      0.38831584E-04     0.14436291E-04
         3           1      0.62824601E-09     0.25731939E-09
         4           1      0.72173437E-14     0.17763568E-14
================================================================================
============ Calculation of NGWF S^-1 using Hotelling algorithm ================ 
     Iteration  |  Spin  |  Frobenius norm and Maximum abs value (of I-S*S_n^-1)
         1           1      0.72706346E-02     0.12177381E-02
         2           1      0.10681550E-04     0.39513604E-05
         3           1      0.46542086E-10     0.19165780E-10
         4           1      0.59913336E-14     0.13322676E-14
================================================================================
------------------------------- NGWF line search -------------------------------
RMS gradient                =       0.00000355283369
Trial step length           =               0.404868
Gradient along search dir.  =         -0.00006444589
Functional at step 0        =    -216.92131523093809
Functional at step 1        =    -216.92131393495558
Functional predicted        =    -216.92132144529728
Selected quadratic step     =               0.192855
Conjugate gradients coeff.  =               1.150061
--------------------------- NGWF line search finished --------------------------
                                               
Writing NGWFs to file "Fe_EtOH_3_LowSpin.tightbox_ngwfs".... done

>>> Optimising kernel for current NGWFs:
   Initial electron number for spin 1:      37.00047398
   Initial electron number for spin 2:      36.00067281
     Final electron number for spin 1:      37.00000000
     Final electron number for spin 2:      36.00000000

=================== Penalty functional idempotency correction ==================
 RMS occupancy error at iteration   1:  0.000109 (step -0.4999 Ne1=     37.0000)
                                                               Ne2=     36.0000
            Final RMS occupancy error   :  0.000000 (Ne1=     37.0000)
                                                     Ne2=     36.0000
            Final occupancy bounds spin 1: [  0.000,  1.000]
            Final occupancy bounds spin 2: [  0.000,  1.000]
================================================================================

................................................................................
<<<<<<<<<<<<<< LNV (Original version) density kernel optimisation >>>>>>>>>>>>>>
~~~~~~~~~~~~~~~~~~~~~~~~~~~~~~~~~~~~~~~~~~~~~~~~~~~~~~~~~~~~~~~~~~~~~~~~~~~~~~~~
   iter  |      energy (Eh)       | rms gradient |  commutator  |   dE (Eh)
      ideal mu1:      -0.969600221461
      ideal mu2:      -0.972939320894
             Q0:        -216.921323162085
             G0:      -0.000343240279
   RMS gradient:       0.000391056328
     Trial step:       0.639426233466
             Q1:        -216.921243646315
 Quadratic coef:       0.000298992609
 Linear coef   :      -0.000219476839
           Qmin:        -216.921363439070
Quadratic minimum step length (  0.234686818491) accepted
    Initial Ne1:      36.99999922
    Initial Ne2:      35.99999987
      Final Ne1:      37.00000000
      Final Ne2:      36.00000000

=================== Penalty functional idempotency correction ==================
 RMS occupancy error at iteration   1:  0.000001 (step -0.5000 Ne1=     37.0000)
                                                               Ne2=     36.0000
            Final RMS occupancy error   :  0.000000 (Ne1=     37.0000)
                                                     Ne2=     36.0000
            Final occupancy bounds spin 1: [  0.000,  1.000]
            Final occupancy bounds spin 2: [  0.000,  1.000]
================================================================================

    1        -2.169213231621E+02     3.9106E-04     2.5318E-04
      ideal mu1:      -0.969576344840
      ideal mu2:      -0.972901245632
             Q0:        -216.921360891347
             G0:      -0.000164396334
   RMS gradient:       0.000265688252
     Trial step:       0.387382121931
             Q1:        -216.921402168500
 Quadratic coef:       0.000022407048
 Linear coef   :      -0.000063684201
           Qmin:        -216.921406141368
Quadratic minimum step length (  0.550499139937) accepted
    Initial Ne1:      36.99999915
    Initial Ne2:      35.99999986
      Final Ne1:      37.00000000
      Final Ne2:      36.00000000

=================== Penalty functional idempotency correction ==================
 RMS occupancy error at iteration   1:  0.000005 (step -0.5000 Ne1=     37.0000)
                                                               Ne2=     36.0000
            Final RMS occupancy error   :  0.000000 (Ne1=     37.0000)
                                                     Ne2=     36.0000
            Final occupancy bounds spin 1: [  0.000,  1.000]
            Final occupancy bounds spin 2: [  0.000,  1.000]
================================================================================

    2        -2.169213608913E+02     2.6569E-04     1.7185E-04    -3.7729E-05
      ideal mu1:      -0.969608206205
      ideal mu2:      -0.972899709542
             Q0:        -216.921409280103
             G0:      -0.000183272925
   RMS gradient:       0.000256064138
     Trial step:       0.461793812161
             Q1:        -216.921456493751
 Quadratic coef:       0.000037420654
 Linear coef   :      -0.000084634303
           Qmin:        -216.921457134459
Quadratic minimum step length (  0.522219585564) accepted
    Initial Ne1:      36.99999926
    Initial Ne2:      35.99999987
      Final Ne1:      37.00000000
      Final Ne2:      36.00000000

=================== Penalty functional idempotency correction ==================
 RMS occupancy error at iteration   1:  0.000014 (step -0.4999 Ne1=     37.0000)
                                                               Ne2=     36.0000
            Final RMS occupancy error   :  0.000000 (Ne1=     37.0000)
                                                     Ne2=     36.0000
            Final occupancy bounds spin 1: [ -0.000,  1.000]
            Final occupancy bounds spin 2: [ -0.000,  1.000]
================================================================================

    3        -2.169214092801E+02     2.5606E-04     1.6619E-04    -4.8389E-05
      ideal mu1:      -0.969625546581
      ideal mu2:      -0.972923431812
             Q0:        -216.921458194623
             G0:      -0.000193493295
   RMS gradient:       0.000263279381
     Trial step:       0.491078174228
             Q1:        -216.921512647192
 Quadratic coef:       0.000040567764
 Linear coef   :      -0.000095020334
           Qmin:        -216.921513835253
Quadratic minimum step length (  0.575116877752) accepted
    Initial Ne1:      36.99999915
    Initial Ne2:      35.99999988
      Final Ne1:      37.00000000
      Final Ne2:      36.00000000

=================== Penalty functional idempotency correction ==================
 RMS occupancy error at iteration   1:  0.000042 (step -0.4996 Ne1=     37.0000)
                                                               Ne2=     36.0000
            Final RMS occupancy error   :  0.000000 (Ne1=     37.0000)
                                                     Ne2=     36.0000
            Final occupancy bounds spin 1: [ -0.000,  1.000]
            Final occupancy bounds spin 2: [ -0.000,  1.000]
================================================================================

    4        -2.169214581946E+02     2.6328E-04     1.7088E-04    -4.8915E-05
      ideal mu1:      -0.969607909312
      ideal mu2:      -0.972934751841
    5        -2.169215168219E+02     3.5148E-04     2.2821E-04    -5.8627E-05
Finished density kernel iterations (   5)

Writing density kernel to file "Fe_EtOH_3_LowSpin.dkn" ... done


>>> Density kernel optimised for the current NGWF basis:
     ~~~~~~~~~~~~~~~~~~~~~~~~~~~~~~~~~~~~~~~~~~~~~~~~~~~~~~~~~~~
     Total energy                =  -2.16921516821914E+02  Eh
     Estimated bandgap (UP spin) =   1.0213E-02  Eh
     Estimated bandgap (DN spin) =   2.7410E-02  Eh
     RMS occupancy error         =   4.9103E-09
     [H,K] commutator            =   2.2821E-04
     UP spin occupancy bounds    = [ -0.000:  1.000]
     DN spin occupancy bounds    = [ -0.000:  1.000]
     ~~~~~~~~~~~~~~~~~~~~~~~~~~~~~~~~~~~~~~~~~~~~~~~~~~~~~~~~~~~




################################################################################
########################### NGWF CG iteration  029 #############################
################################################################################
****** Reciprocal space K.E. preconditioning with k_zero =  3.0000 a0^-1 *******

>>> Checking for convergence of NGWFs:   NOT CONVERGED
  ========================================================================
         NGWF RMS gradient =  3.7490E-06 >  2.0000E-06  | above tolerance
  ========================================================================

>>> Improving NGWFs using line search:
============ Calculation of NGWF S^-1 using Hotelling algorithm ================ 
     Iteration  |  Spin  |  Frobenius norm and Maximum abs value (of I-S*S_n^-1)
         1           1      0.25618283E-02     0.43629192E-03
         2           1      0.14138759E-05     0.53863569E-06
         3           1      0.92489228E-12     0.36803893E-12
================================================================================
============ Calculation of NGWF S^-1 using Hotelling algorithm ================ 
     Iteration  |  Spin  |  Frobenius norm and Maximum abs value (of I-S*S_n^-1)
         1           1      0.37860404E-02     0.64373044E-03
         2           1      0.30532346E-05     0.11651550E-05
         3           1      0.42394563E-11     0.17078561E-11
         4           1      0.66400517E-14     0.24424907E-14
================================================================================
------------------------------- NGWF line search -------------------------------
RMS gradient                =       0.00000374902385
Trial step length           =               0.279430
Gradient along search dir.  =         -0.00003085364
Functional at step 0        =    -216.92151682191391
Functional at step 1        =    -216.92152370109341
Functional predicted        =    -216.92152748761941
Selected quadratic step     =               0.691374
Conjugate gradients coeff.  =               0.000000
--------------------------- NGWF line search finished --------------------------
                                               
Writing NGWFs to file "Fe_EtOH_3_LowSpin.tightbox_ngwfs".... done

>>> Optimising kernel for current NGWFs:
   Initial electron number for spin 1:      37.00048949
   Initial electron number for spin 2:      36.00067271
     Final electron number for spin 1:      37.00000000
     Final electron number for spin 2:      36.00000000

=================== Penalty functional idempotency correction ==================
 RMS occupancy error at iteration   1:  0.000116 (step -0.4999 Ne1=     37.0000)
                                                               Ne2=     36.0000
            Final RMS occupancy error   :  0.000000 (Ne1=     37.0000)
                                                     Ne2=     36.0000
            Final occupancy bounds spin 1: [  0.000,  1.000]
            Final occupancy bounds spin 2: [  0.000,  1.000]
================================================================================

................................................................................
<<<<<<<<<<<<<< LNV (Original version) density kernel optimisation >>>>>>>>>>>>>>
~~~~~~~~~~~~~~~~~~~~~~~~~~~~~~~~~~~~~~~~~~~~~~~~~~~~~~~~~~~~~~~~~~~~~~~~~~~~~~~~
   iter  |      energy (Eh)       | rms gradient |  commutator  |   dE (Eh)
      ideal mu1:      -0.969501172321
      ideal mu2:      -0.972846378747
             Q0:        -216.921530781405
             G0:      -0.000284145503
   RMS gradient:       0.000355803806
     Trial step:       0.531438939385
             Q1:        -216.921551794948
 Quadratic coef:       0.000129992442
 Linear coef   :      -0.000151005985
           Qmin:        -216.921574635507
Quadratic minimum step length (  0.308673562652) accepted
    Initial Ne1:      37.00000068
    Initial Ne2:      36.00000114
      Final Ne1:      37.00000000
      Final Ne2:      36.00000000

=================== Penalty functional idempotency correction ==================
 RMS occupancy error at iteration   1:  0.000001 (step -0.5000 Ne1=     37.0000)
                                                               Ne2=     36.0000
            Final RMS occupancy error   :  0.000000 (Ne1=     37.0000)
                                                     Ne2=     36.0000
            Final occupancy bounds spin 1: [  0.000,  1.000]
            Final occupancy bounds spin 2: [  0.000,  1.000]
================================================================================

    1        -2.169215307814E+02     3.5580E-04     2.3122E-04
      ideal mu1:      -0.969571515344
      ideal mu2:      -0.972886061506
             Q0:        -216.921573640524
             G0:      -0.000157290673
   RMS gradient:       0.000260409186
     Trial step:       0.405019938709
             Q1:        -216.921612768797
 Quadratic coef:       0.000024577586
 Linear coef   :      -0.000063705859
           Qmin:        -216.921614922411
Quadratic minimum step length (  0.524912069198) accepted
    Initial Ne1:      37.00000062
    Initial Ne2:      36.00000104
      Final Ne1:      37.00000000
      Final Ne2:      36.00000000

=================== Penalty functional idempotency correction ==================
 RMS occupancy error at iteration   1:  0.000005 (step -0.5000 Ne1=     37.0000)
                                                               Ne2=     36.0000
            Final RMS occupancy error   :  0.000000 (Ne1=     37.0000)
                                                     Ne2=     36.0000
            Final occupancy bounds spin 1: [ -0.000,  1.000]
            Final occupancy bounds spin 2: [  0.000,  1.000]
================================================================================

    2        -2.169215736405E+02     2.6041E-04     1.6916E-04    -4.2859E-05
      ideal mu1:      -0.969751252948
      ideal mu2:      -0.973015223969
             Q0:        -216.921617810889
             G0:      -0.000196435563
   RMS gradient:       0.000257590099
     Trial step:       0.461085517116
             Q1:        -216.921670219612
 Quadratic coef:       0.000038164870
 Linear coef   :      -0.000090573593
           Qmin:        -216.921671548631
Quadratic minimum step length (  0.547128441343) accepted
    Initial Ne1:      37.00000063
    Initial Ne2:      36.00000106
      Final Ne1:      37.00000000
      Final Ne2:      36.00000000

=================== Penalty functional idempotency correction ==================
 RMS occupancy error at iteration   1:  0.000018 (step -0.4999 Ne1=     37.0000)
                                                               Ne2=     36.0000
            Final RMS occupancy error   :  0.000000 (Ne1=     37.0000)
                                                     Ne2=     36.0000
            Final occupancy bounds spin 1: [  0.000,  1.000]
            Final occupancy bounds spin 2: [ -0.000,  1.000]
================================================================================

    3        -2.169216178109E+02     2.5759E-04     1.6745E-04    -4.4170E-05
      ideal mu1:      -0.969895138232
      ideal mu2:      -0.973151299004
             Q0:        -216.921673739871
             G0:      -0.000192518882
   RMS gradient:       0.000252231492
     Trial step:       0.502267857130
             Q1:        -216.921740243165
 Quadratic coef:       0.000030192753
 Linear coef   :      -0.000096696046
           Qmin:        -216.921751160150
Quadratic minimum step length (  0.804287642199) accepted
    Initial Ne1:      37.00000091
    Initial Ne2:      36.00000154
      Final Ne1:      37.00000000
      Final Ne2:      36.00000000

=================== Penalty functional idempotency correction ==================
 RMS occupancy error at iteration   1:  0.000073 (step -0.4994 Ne1=     37.0000)
                                                               Ne2=     36.0000
            Final RMS occupancy error   :  0.000000 (Ne1=     37.0000)
                                                     Ne2=     36.0000
            Final occupancy bounds spin 1: [ -0.000,  1.000]
            Final occupancy bounds spin 2: [ -0.000,  1.000]
================================================================================

    4        -2.169216737399E+02     2.5223E-04     1.6405E-04    -5.5929E-05
      ideal mu1:      -0.969892927503
      ideal mu2:      -0.973186075534
    5        -2.169217648619E+02     3.9626E-04     2.5753E-04    -9.1122E-05
Finished density kernel iterations (   5)

Writing density kernel to file "Fe_EtOH_3_LowSpin.dkn" ... done


>>> Density kernel optimised for the current NGWF basis:
     ~~~~~~~~~~~~~~~~~~~~~~~~~~~~~~~~~~~~~~~~~~~~~~~~~~~~~~~~~~~
     Total energy                =  -2.16921764861907E+02  Eh
     Estimated bandgap (UP spin) =   1.0584E-02  Eh
     Estimated bandgap (DN spin) =   2.8465E-02  Eh
     RMS occupancy error         =   1.1054E-08
     [H,K] commutator            =   2.5753E-04
     UP spin occupancy bounds    = [ -0.000:  1.000]
     DN spin occupancy bounds    = [ -0.000:  1.000]
     ~~~~~~~~~~~~~~~~~~~~~~~~~~~~~~~~~~~~~~~~~~~~~~~~~~~~~~~~~~~




################################################################################
########################### NGWF CG iteration  030 #############################
################################################################################
****** Reciprocal space K.E. preconditioning with k_zero =  3.0000 a0^-1 *******

>>> Checking for convergence of NGWFs:   NOT CONVERGED
  ========================================================================
         NGWF RMS gradient =  4.3477E-06 >  2.0000E-06  | above tolerance
  ========================================================================

>>> Improving NGWFs using line search:
============ Calculation of NGWF S^-1 using Hotelling algorithm ================ 
     Iteration  |  Spin  |  Frobenius norm and Maximum abs value (of I-S*S_n^-1)
         1           1      0.94887572E-02     0.15845187E-02
         2           1      0.18950400E-04     0.70095322E-05
         3           1      0.16142766E-09     0.63440586E-10
         4           1      0.60491734E-14     0.11102230E-14
================================================================================
============ Calculation of NGWF S^-1 using Hotelling algorithm ================ 
     Iteration  |  Spin  |  Frobenius norm and Maximum abs value (of I-S*S_n^-1)
         1           1      0.20435522E-02     0.34025383E-03
         2           1      0.86872317E-06     0.32115744E-06
         3           1      0.33299103E-12     0.13278267E-12
================================================================================
------------------------------- NGWF line search -------------------------------
RMS gradient                =       0.00000434769531
Trial step length           =               0.439534
Gradient along search dir.  =         -0.00005524470
Functional at step 0        =    -216.92176486190655
Functional at step 1        =    -216.92177368928293
Functional predicted        =    -216.92177439974719
Selected quadratic step     =               0.345294
Conjugate gradients coeff.  =               1.344875
--------------------------- NGWF line search finished --------------------------
                                               
Writing NGWFs to file "Fe_EtOH_3_LowSpin.tightbox_ngwfs".... done

>>> Optimising kernel for current NGWFs:
   Initial electron number for spin 1:      37.00053607
   Initial electron number for spin 2:      36.00073309
     Final electron number for spin 1:      37.00000000
     Final electron number for spin 2:      36.00000000

=================== Penalty functional idempotency correction ==================
 RMS occupancy error at iteration   1:  0.000123 (step -0.4999 Ne1=     37.0000)
                                                               Ne2=     36.0000
            Final RMS occupancy error   :  0.000000 (Ne1=     37.0000)
                                                     Ne2=     36.0000
            Final occupancy bounds spin 1: [  0.000,  1.000]
            Final occupancy bounds spin 2: [  0.000,  1.000]
================================================================================

................................................................................
<<<<<<<<<<<<<< LNV (Original version) density kernel optimisation >>>>>>>>>>>>>>
~~~~~~~~~~~~~~~~~~~~~~~~~~~~~~~~~~~~~~~~~~~~~~~~~~~~~~~~~~~~~~~~~~~~~~~~~~~~~~~~
   iter  |      energy (Eh)       | rms gradient |  commutator  |   dE (Eh)
      ideal mu1:      -0.969795234671
      ideal mu2:      -0.973101321165
             Q0:        -216.921776446087
             G0:      -0.000378729633
   RMS gradient:       0.000410775789
     Trial step:       0.635584636821
             Q1:        -216.921699611584
 Quadratic coef:       0.000317549239
 Linear coef   :      -0.000240714736
           Qmin:        -216.921822063882
Quadratic minimum step length (  0.240898999711) accepted
    Initial Ne1:      36.99999882
    Initial Ne2:      35.99999960
      Final Ne1:      37.00000000
      Final Ne2:      36.00000000

=================== Penalty functional idempotency correction ==================
 RMS occupancy error at iteration   1:  0.000001 (step -0.5000 Ne1=     37.0000)
                                                               Ne2=     36.0000
            Final RMS occupancy error   :  0.000000 (Ne1=     37.0000)
                                                     Ne2=     36.0000
            Final occupancy bounds spin 1: [  0.000,  1.000]
            Final occupancy bounds spin 2: [  0.000,  1.000]
================================================================================

    1        -2.169217764461E+02     4.1078E-04     2.6702E-04
      ideal mu1:      -0.969817412301
      ideal mu2:      -0.973096911480
             Q0:        -216.921818973399
             G0:      -0.000172864676
   RMS gradient:       0.000271778722
     Trial step:       0.391294905719
             Q1:        -216.921861485436
 Quadratic coef:       0.000025129030
 Linear coef   :      -0.000067641067
           Qmin:        -216.921864491609
Quadratic minimum step length (  0.526634029637) accepted
    Initial Ne1:      36.99999888
    Initial Ne2:      35.99999962
      Final Ne1:      37.00000000
      Final Ne2:      36.00000000

=================== Penalty functional idempotency correction ==================
 RMS occupancy error at iteration   1:  0.000005 (step -0.5000 Ne1=     37.0000)
                                                               Ne2=     36.0000
            Final RMS occupancy error   :  0.000000 (Ne1=     37.0000)
                                                     Ne2=     36.0000
            Final occupancy bounds spin 1: [ -0.000,  1.000]
            Final occupancy bounds spin 2: [  0.000,  1.000]
================================================================================

    2        -2.169218189734E+02     2.7178E-04     1.7674E-04    -4.2527E-05
      ideal mu1:      -0.969940990957
      ideal mu2:      -0.973165922153
             Q0:        -216.921867538362
             G0:      -0.000181035601
   RMS gradient:       0.000251622841
     Trial step:       0.453948469516
             Q1:        -216.921914748000
 Quadratic coef:       0.000034971197
 Linear coef   :      -0.000082180834
           Qmin:        -216.921915818734
Quadratic minimum step length (  0.533379853656) accepted
    Initial Ne1:      36.99999902
    Initial Ne2:      35.99999967
      Final Ne1:      37.00000000
      Final Ne2:      36.00000000

=================== Penalty functional idempotency correction ==================
 RMS occupancy error at iteration   1:  0.000013 (step -0.4999 Ne1=     37.0000)
                                                               Ne2=     36.0000
            Final RMS occupancy error   :  0.000000 (Ne1=     37.0000)
                                                     Ne2=     36.0000
            Final occupancy bounds spin 1: [ -0.000,  1.000]
            Final occupancy bounds spin 2: [ -0.000,  1.000]
================================================================================

    3        -2.169218675384E+02     2.5162E-04     1.6348E-04    -4.8565E-05
      ideal mu1:      -0.969977938912
      ideal mu2:      -0.973210413813
             Q0:        -216.921917587900
             G0:      -0.000203856264
   RMS gradient:       0.000262466309
     Trial step:       0.492063987951
             Q1:        -216.921970549152
 Quadratic coef:       0.000047349074
 Linear coef   :      -0.000100310326
           Qmin:        -216.921970715452
Quadratic minimum step length (  0.521225601301) accepted
    Initial Ne1:      36.99999899
    Initial Ne2:      35.99999967
      Final Ne1:      37.00000000
      Final Ne2:      36.00000000

=================== Penalty functional idempotency correction ==================
 RMS occupancy error at iteration   1:  0.000036 (step -0.4997 Ne1=     37.0000)
                                                               Ne2=     36.0000
            Final RMS occupancy error   :  0.000000 (Ne1=     37.0000)
                                                     Ne2=     36.0000
            Final occupancy bounds spin 1: [ -0.000,  1.000]
            Final occupancy bounds spin 2: [ -0.000,  1.000]
================================================================================

    4        -2.169219175879E+02     2.6247E-04     1.7040E-04    -5.0050E-05
      ideal mu1:      -0.969919010007
      ideal mu2:      -0.973187358005
    5        -2.169219717743E+02     3.2579E-04     2.1151E-04    -5.4186E-05
Finished density kernel iterations (   5)

Writing density kernel to file "Fe_EtOH_3_LowSpin.dkn" ... done


>>> Density kernel optimised for the current NGWF basis:
     ~~~~~~~~~~~~~~~~~~~~~~~~~~~~~~~~~~~~~~~~~~~~~~~~~~~~~~~~~~~
     Total energy                =  -2.16921971774270E+02  Eh
     Estimated bandgap (UP spin) =   1.1040E-02  Eh
     Estimated bandgap (DN spin) =   2.9470E-02  Eh
     RMS occupancy error         =   3.6640E-09
     [H,K] commutator            =   2.1151E-04
     UP spin occupancy bounds    = [ -0.000:  1.000]
     DN spin occupancy bounds    = [ -0.000:  1.000]
     ~~~~~~~~~~~~~~~~~~~~~~~~~~~~~~~~~~~~~~~~~~~~~~~~~~~~~~~~~~~


================================================================================
           ---------------- ENERGY COMPONENTS (Eh) ----------------
           | Kinetic                    :       64.32291941967263 |
           | Core Hartree               :     -966.48883844079137 |
           | CoreHart (non-coul chg cor):        0.00155689502347
           | Hartree                    :      432.53605010122862 |
           | Exchange-correlation       :      -30.33061617633581 |
           | Ewald                      :      286.40959520493226 |
           | Dij0                       :       -0.29041265618727 |
           | Dijhartree                 :       10.88666385650513 |
           | Exc [AE core]              :     -113.51070891774198 |
           | Exc DC [AE core]           :      -48.25833488160301 |
           | Exc [PS core]              :      -24.44104054821946 |
           | Exc DC [PS core]           :      -28.85370277828656 |
           | Exc [Core]                 :      -75.10233528622905 |
           | Total [Sphere]             :       -3.37108188297562 |
           | Total                      :     -216.92197177426925 |
           --------------------------------------------------------
           ------ LOCAL ENERGY COMPONENTS FROM MATRIX TRACES ------
           | Core Hartree               :     -966.48883844079410 |
           | Hartree (Valence)          :      432.53605010122720 |
           --------------------------------------------------------
           Integrated compensation chrg.:       11.40446250980285
           Integrated density           :       72.99999932115294
           Integrated spin density      :        1.00000001820079
           Integrated |spin density|    :        2.59484869173119
           Local density approx. <S^2>  :        1.54742433676527
           Integrated density tr(KS)    :       73.00000000000000
           Integrated spin tr(KS)       :        1.00000000000000
================================================================================




################################################################################
########################### NGWF CG iteration  031 #############################
################################################################################
****** Reciprocal space K.E. preconditioning with k_zero =  3.0000 a0^-1 *******

>>> Checking for convergence of NGWFs:   NOT CONVERGED
  ========================================================================
         NGWF RMS gradient =  3.8943E-06 >  2.0000E-06  | above tolerance
  ========================================================================

>>> Improving NGWFs using line search:
============ Calculation of NGWF S^-1 using Hotelling algorithm ================ 
     Iteration  |  Spin  |  Frobenius norm and Maximum abs value (of I-S*S_n^-1)
         1           1      0.10376358E-01     0.17318780E-02
         2           1      0.22405453E-04     0.83397509E-05
         3           1      0.21995244E-09     0.88244745E-10
         4           1      0.64798500E-14     0.19984014E-14
================================================================================
============ Calculation of NGWF S^-1 using Hotelling algorithm ================ 
     Iteration  |  Spin  |  Frobenius norm and Maximum abs value (of I-S*S_n^-1)
         1           1      0.15823419E-02     0.26299199E-03
         2           1      0.51429161E-06     0.19088034E-06
         3           1      0.11289283E-12     0.45519144E-13
================================================================================
------------------------------- NGWF line search -------------------------------
RMS gradient                =       0.00000389425705
Trial step length           =               0.389575
Gradient along search dir.  =         -0.00007546069
Functional at step 0        =    -216.92197177426976
Functional at step 1        =    -216.92198384631345
Functional predicted        =    -216.92198424456046
Selected quadratic step     =               0.330511
Conjugate gradients coeff.  =               0.802289
--------------------------- NGWF line search finished --------------------------
                                               
Writing NGWFs to file "Fe_EtOH_3_LowSpin.tightbox_ngwfs".... done

>>> Optimising kernel for current NGWFs:
   Initial electron number for spin 1:      37.00062515
   Initial electron number for spin 2:      36.00085570
     Final electron number for spin 1:      37.00000000
     Final electron number for spin 2:      36.00000000

=================== Penalty functional idempotency correction ==================
 RMS occupancy error at iteration   1:  0.000146 (step -0.4999 Ne1=     37.0000)
                                                               Ne2=     36.0000
 RMS occupancy error at iteration   2:  0.000000 (step -0.5000 Ne1=     37.0000)
                                                               Ne2=     36.0000
            Final RMS occupancy error   :  0.000000 (Ne1=     37.0000)
                                                     Ne2=     36.0000
            Final occupancy bounds spin 1: [  0.000,  1.000]
            Final occupancy bounds spin 2: [  0.000,  1.000]
================================================================================

................................................................................
<<<<<<<<<<<<<< LNV (Original version) density kernel optimisation >>>>>>>>>>>>>>
~~~~~~~~~~~~~~~~~~~~~~~~~~~~~~~~~~~~~~~~~~~~~~~~~~~~~~~~~~~~~~~~~~~~~~~~~~~~~~~~
   iter  |      energy (Eh)       | rms gradient |  commutator  |   dE (Eh)
      ideal mu1:      -0.969854044920
      ideal mu2:      -0.973135272783
             Q0:        -216.921987392580
             G0:      -0.000294170542
   RMS gradient:       0.000362026020
     Trial step:       0.506434939551
             Q1:        -216.922006167273
 Quadratic coef:       0.000130203547
 Linear coef   :      -0.000148978241
           Qmin:        -216.922030007617
Quadratic minimum step length (  0.289730148907) accepted
    Initial Ne1:      37.00000000
    Initial Ne2:      36.00000000
      Final Ne1:      37.00000000
      Final Ne2:      36.00000000

=================== Penalty functional idempotency correction ==================
 RMS occupancy error at iteration   1:  0.000001 (step -0.5000 Ne1=     37.0000)
                                                               Ne2=     36.0000
            Final RMS occupancy error   :  0.000000 (Ne1=     37.0000)
                                                     Ne2=     36.0000
            Final occupancy bounds spin 1: [  0.000,  1.000]
            Final occupancy bounds spin 2: [  0.000,  1.000]
================================================================================

    1        -2.169219873926E+02     3.6203E-04     2.3510E-04
      ideal mu1:      -0.969867940080
      ideal mu2:      -0.973129195820
             Q0:        -216.922028758196
             G0:      -0.000137286893
   RMS gradient:       0.000242411924
     Trial step:       0.383052829839
             Q1:        -216.922062146539
 Quadratic coef:       0.000019199789
 Linear coef   :      -0.000052588133
           Qmin:        -216.922064767858
Quadratic minimum step length (  0.524589958592) accepted
    Initial Ne1:      37.00000000
    Initial Ne2:      36.00000000
      Final Ne1:      37.00000000
      Final Ne2:      36.00000000

=================== Penalty functional idempotency correction ==================
 RMS occupancy error at iteration   1:  0.000004 (step -0.5000 Ne1=     37.0000)
                                                               Ne2=     36.0000
            Final RMS occupancy error   :  0.000000 (Ne1=     37.0000)
                                                     Ne2=     36.0000
            Final occupancy bounds spin 1: [  0.000,  1.000]
            Final occupancy bounds spin 2: [  0.000,  1.000]
================================================================================

    2        -2.169220287582E+02     2.4241E-04     1.5732E-04    -4.1366E-05
      ideal mu1:      -0.970017800880
      ideal mu2:      -0.973230586391
             Q0:        -216.922068288235
             G0:      -0.000179993052
   RMS gradient:       0.000240896803
     Trial step:       0.448269637767
             Q1:        -216.922115403715
 Quadratic coef:       0.000033569940
 Linear coef   :      -0.000080685420
           Qmin:        -216.922116770129
Quadratic minimum step length (  0.538708504723) accepted
    Initial Ne1:      37.00000000
    Initial Ne2:      35.99999999
      Final Ne1:      37.00000000
      Final Ne2:      36.00000000

=================== Penalty functional idempotency correction ==================
 RMS occupancy error at iteration   1:  0.000015 (step -0.4999 Ne1=     37.0000)
                                                               Ne2=     36.0000
            Final RMS occupancy error   :  0.000000 (Ne1=     37.0000)
                                                     Ne2=     36.0000
            Final occupancy bounds spin 1: [  0.000,  1.000]
            Final occupancy bounds spin 2: [ -0.000,  1.000]
================================================================================

    3        -2.169220682882E+02     2.4090E-04     1.5639E-04    -3.9530E-05
      ideal mu1:      -0.970175986544
      ideal mu2:      -0.973372794538
             Q0:        -216.922119351494
             G0:      -0.000166628367
   RMS gradient:       0.000226729264
     Trial step:       0.491412928477
             Q1:        -216.922174620383
 Quadratic coef:       0.000026614445
 Linear coef   :      -0.000081883334
           Qmin:        -216.922182333086
Quadratic minimum step length (  0.755952818010) accepted
    Initial Ne1:      37.00000002
    Initial Ne2:      36.00000004
      Final Ne1:      37.00000000
      Final Ne2:      36.00000000

=================== Penalty functional idempotency correction ==================
 RMS occupancy error at iteration   1:  0.000053 (step -0.4996 Ne1=     37.0000)
                                                               Ne2=     36.0000
            Final RMS occupancy error   :  0.000000 (Ne1=     37.0000)
                                                     Ne2=     36.0000
            Final occupancy bounds spin 1: [ -0.000,  1.000]
            Final occupancy bounds spin 2: [ -0.000,  1.000]
================================================================================

    4        -2.169221193515E+02     2.2673E-04     1.4716E-04    -5.1063E-05
      ideal mu1:      -0.970168499287
      ideal mu2:      -0.973398017584
    5        -2.169221942641E+02     3.1632E-04     2.0496E-04    -7.4913E-05
Finished density kernel iterations (   5)

Writing density kernel to file "Fe_EtOH_3_LowSpin.dkn" ... done


>>> Density kernel optimised for the current NGWF basis:
     ~~~~~~~~~~~~~~~~~~~~~~~~~~~~~~~~~~~~~~~~~~~~~~~~~~~~~~~~~~~
     Total energy                =  -2.16922194264091E+02  Eh
     Estimated bandgap (UP spin) =   1.1228E-02  Eh
     Estimated bandgap (DN spin) =   3.0490E-02  Eh
     RMS occupancy error         =   5.7468E-09
     [H,K] commutator            =   2.0496E-04
     UP spin occupancy bounds    = [ -0.000:  1.000]
     DN spin occupancy bounds    = [ -0.000:  1.000]
     ~~~~~~~~~~~~~~~~~~~~~~~~~~~~~~~~~~~~~~~~~~~~~~~~~~~~~~~~~~~




################################################################################
########################### NGWF CG iteration  032 #############################
################################################################################
****** Reciprocal space K.E. preconditioning with k_zero =  3.0000 a0^-1 *******

>>> Checking for convergence of NGWFs:   NOT CONVERGED
  ========================================================================
         NGWF RMS gradient =  4.2105E-06 >  2.0000E-06  | above tolerance
  ========================================================================

>>> Improving NGWFs using line search:
============ Calculation of NGWF S^-1 using Hotelling algorithm ================ 
     Iteration  |  Spin  |  Frobenius norm and Maximum abs value (of I-S*S_n^-1)
         1           1      0.14677404E-01     0.24076814E-02
         2           1      0.43742902E-04     0.15945817E-04
         3           1      0.80131125E-09     0.32174241E-09
         4           1      0.55591740E-14     0.13692389E-14
================================================================================
============ Calculation of NGWF S^-1 using Hotelling algorithm ================ 
     Iteration  |  Spin  |  Frobenius norm and Maximum abs value (of I-S*S_n^-1)
         1           1      0.58826721E-02     0.96015784E-03
         2           1      0.69513654E-05     0.25193829E-05
         3           1      0.19740644E-10     0.79741769E-11
         4           1      0.67664665E-14     0.19984014E-14
================================================================================
------------------------------- NGWF line search -------------------------------
RMS gradient                =       0.00000421046947
Trial step length           =               0.358830
Gradient along search dir.  =         -0.00011376384
Functional at step 0        =    -216.92219426409062
Functional at step 1        =    -216.92220117595014
Functional predicted        =    -216.92220654972925
Selected quadratic step     =               0.215985
Conjugate gradients coeff.  =               1.168993
--------------------------- NGWF line search finished --------------------------
                                               
Writing NGWFs to file "Fe_EtOH_3_LowSpin.tightbox_ngwfs".... done

>>> Optimising kernel for current NGWFs:
   Initial electron number for spin 1:      37.00062947
   Initial electron number for spin 2:      36.00084136
     Final electron number for spin 1:      37.00000000
     Final electron number for spin 2:      36.00000000

=================== Penalty functional idempotency correction ==================
 RMS occupancy error at iteration   1:  0.000142 (step -0.4999 Ne1=     37.0000)
                                                               Ne2=     36.0000
 RMS occupancy error at iteration   2:  0.000000 (step -0.5000 Ne1=     37.0000)
                                                               Ne2=     36.0000
            Final RMS occupancy error   :  0.000000 (Ne1=     37.0000)
                                                     Ne2=     36.0000
            Final occupancy bounds spin 1: [  0.000,  1.000]
            Final occupancy bounds spin 2: [  0.000,  1.000]
================================================================================

................................................................................
<<<<<<<<<<<<<< LNV (Original version) density kernel optimisation >>>>>>>>>>>>>>
~~~~~~~~~~~~~~~~~~~~~~~~~~~~~~~~~~~~~~~~~~~~~~~~~~~~~~~~~~~~~~~~~~~~~~~~~~~~~~~~
   iter  |      energy (Eh)       | rms gradient |  commutator  |   dE (Eh)
      ideal mu1:      -0.970098854354
      ideal mu2:      -0.973336648272
             Q0:        -216.922209206095
             G0:      -0.000265230323
   RMS gradient:       0.000343757183
     Trial step:       0.609495683405
             Q1:        -216.922179607452
 Quadratic coef:       0.000191255381
 Linear coef   :      -0.000161656737
           Qmin:        -216.922243365789
Quadratic minimum step length (  0.257585127909) accepted
    Initial Ne1:      37.00000000
    Initial Ne2:      36.00000000
      Final Ne1:      37.00000000
      Final Ne2:      36.00000000

=================== Penalty functional idempotency correction ==================
 RMS occupancy error at iteration   1:  0.000001 (step -0.5000 Ne1=     37.0000)
                                                               Ne2=     36.0000
            Final RMS occupancy error   :  0.000000 (Ne1=     37.0000)
                                                     Ne2=     36.0000
            Final occupancy bounds spin 1: [  0.000,  1.000]
            Final occupancy bounds spin 2: [  0.000,  1.000]
================================================================================

    1        -2.169222092061E+02     3.4376E-04     2.2282E-04
      ideal mu1:      -0.970107924119
      ideal mu2:      -0.973326234004
             Q0:        -216.922240878488
             G0:      -0.000138623183
   RMS gradient:       0.000242014686
     Trial step:       0.396228499189
             Q1:        -216.922274236751
 Quadratic coef:       0.000021568193
 Linear coef   :      -0.000054926456
           Qmin:        -216.922275847986
Quadratic minimum step length (  0.504525965671) accepted
    Initial Ne1:      37.00000000
    Initial Ne2:      36.00000000
      Final Ne1:      37.00000000
      Final Ne2:      36.00000000

=================== Penalty functional idempotency correction ==================
 RMS occupancy error at iteration   1:  0.000004 (step -0.5000 Ne1=     37.0000)
                                                               Ne2=     36.0000
            Final RMS occupancy error   :  0.000000 (Ne1=     37.0000)
                                                     Ne2=     36.0000
            Final occupancy bounds spin 1: [  0.000,  1.000]
            Final occupancy bounds spin 2: [  0.000,  1.000]
================================================================================

    2        -2.169222408785E+02     2.4201E-04     1.5672E-04    -3.1672E-05
      ideal mu1:      -0.970222137908
      ideal mu2:      -0.973398245493
             Q0:        -216.922278149589
             G0:      -0.000154049473
   RMS gradient:       0.000227555126
     Trial step:       0.447110239404
             Q1:        -216.922316930923
 Quadratic coef:       0.000030095763
 Linear coef   :      -0.000068877097
           Qmin:        -216.922317557583
Quadratic minimum step length (  0.511627757802) accepted
    Initial Ne1:      37.00000000
    Initial Ne2:      36.00000000
      Final Ne1:      37.00000000
      Final Ne2:      36.00000000

=================== Penalty functional idempotency correction ==================
 RMS occupancy error at iteration   1:  0.000011 (step -0.4999 Ne1=     37.0000)
                                                               Ne2=     36.0000
            Final RMS occupancy error   :  0.000000 (Ne1=     37.0000)
                                                     Ne2=     36.0000
            Final occupancy bounds spin 1: [ -0.000,  1.000]
            Final occupancy bounds spin 2: [  0.000,  1.000]
================================================================================

    3        -2.169222781496E+02     2.2756E-04     1.4769E-04    -3.7271E-05
      ideal mu1:      -0.970265449939
      ideal mu2:      -0.973443124223
             Q0:        -216.922319078225
             G0:      -0.000157545430
   RMS gradient:       0.000223119495
     Trial step:       0.478282353089
             Q1:        -216.922360565901
 Quadratic coef:       0.000033863523
 Linear coef   :      -0.000075351199
           Qmin:        -216.922360995033
Quadratic minimum step length (  0.532123440556) accepted
    Initial Ne1:      37.00000001
    Initial Ne2:      36.00000002
      Final Ne1:      37.00000000
      Final Ne2:      36.00000000

=================== Penalty functional idempotency correction ==================
 RMS occupancy error at iteration   1:  0.000028 (step -0.4998 Ne1=     37.0000)
                                                               Ne2=     36.0000
            Final RMS occupancy error   :  0.000000 (Ne1=     37.0000)
                                                     Ne2=     36.0000
            Final occupancy bounds spin 1: [ -0.000,  1.000]
            Final occupancy bounds spin 2: [ -0.000,  1.000]
================================================================================

    4        -2.169223190782E+02     2.2312E-04     1.4485E-04    -4.0929E-05
      ideal mu1:      -0.970207192901
      ideal mu2:      -0.973418681806
    5        -2.169223628115E+02     2.8079E-04     1.8231E-04    -4.3733E-05
Finished density kernel iterations (   5)

Writing density kernel to file "Fe_EtOH_3_LowSpin.dkn" ... done


>>> Density kernel optimised for the current NGWF basis:
     ~~~~~~~~~~~~~~~~~~~~~~~~~~~~~~~~~~~~~~~~~~~~~~~~~~~~~~~~~~~
     Total energy                =  -2.16922362811545E+02  Eh
     Estimated bandgap (UP spin) =   1.1626E-02  Eh
     Estimated bandgap (DN spin) =   3.1405E-02  Eh
     RMS occupancy error         =   2.1146E-09
     [H,K] commutator            =   1.8231E-04
     UP spin occupancy bounds    = [ -0.000:  1.000]
     DN spin occupancy bounds    = [ -0.000:  1.000]
     ~~~~~~~~~~~~~~~~~~~~~~~~~~~~~~~~~~~~~~~~~~~~~~~~~~~~~~~~~~~




################################################################################
########################### NGWF CG iteration  033 #############################
################################################################################
****** Reciprocal space K.E. preconditioning with k_zero =  3.0000 a0^-1 *******

>>> Checking for convergence of NGWFs:   NOT CONVERGED
  ========================================================================
         NGWF RMS gradient =  3.5079E-06 >  2.0000E-06  | above tolerance
  ========================================================================

>>> Improving NGWFs using line search:
============ Calculation of NGWF S^-1 using Hotelling algorithm ================ 
     Iteration  |  Spin  |  Frobenius norm and Maximum abs value (of I-S*S_n^-1)
         1           1      0.25545615E-02     0.42551700E-03
         2           1      0.14221212E-05     0.53098761E-06
         3           1      0.94185175E-12     0.36859404E-12
================================================================================
============ Calculation of NGWF S^-1 using Hotelling algorithm ================ 
     Iteration  |  Spin  |  Frobenius norm and Maximum abs value (of I-S*S_n^-1)
         1           1      0.43184879E-02     0.71839781E-03
         2           1      0.40227426E-05     0.15041936E-05
         3           1      0.74192374E-11     0.29327651E-11
         4           1      0.58863460E-14     0.11102230E-14
================================================================================
------------------------------- NGWF line search -------------------------------
RMS gradient                =       0.00000350792705
Trial step length           =               0.278392
Gradient along search dir.  =         -0.00002701289
Functional at step 0        =    -216.92236281154544
Functional at step 1        =    -216.92236893246110
Functional predicted        =    -216.92237291571936
Selected quadratic step     =               0.748100
Conjugate gradients coeff.  =               0.000000
--------------------------- NGWF line search finished --------------------------
                                               
Writing NGWFs to file "Fe_EtOH_3_LowSpin.tightbox_ngwfs".... done

>>> Optimising kernel for current NGWFs:
   Initial electron number for spin 1:      37.00054573
   Initial electron number for spin 2:      36.00069527
     Final electron number for spin 1:      37.00000000
     Final electron number for spin 2:      36.00000000

=================== Penalty functional idempotency correction ==================
 RMS occupancy error at iteration   1:  0.000118 (step -0.4999 Ne1=     37.0000)
                                                               Ne2=     36.0000
            Final RMS occupancy error   :  0.000000 (Ne1=     37.0000)
                                                     Ne2=     36.0000
            Final occupancy bounds spin 1: [  0.000,  1.000]
            Final occupancy bounds spin 2: [  0.000,  1.000]
================================================================================

................................................................................
<<<<<<<<<<<<<< LNV (Original version) density kernel optimisation >>>>>>>>>>>>>>
~~~~~~~~~~~~~~~~~~~~~~~~~~~~~~~~~~~~~~~~~~~~~~~~~~~~~~~~~~~~~~~~~~~~~~~~~~~~~~~~
   iter  |      energy (Eh)       | rms gradient |  commutator  |   dE (Eh)
      ideal mu1:      -0.970108790651
      ideal mu2:      -0.973337168586
             Q0:        -216.922376275998
             G0:      -0.000204007925
   RMS gradient:       0.000301483616
     Trial step:       0.504485134849
             Q1:        -216.922387286605
 Quadratic coef:       0.000091908359
 Linear coef   :      -0.000102918966
           Qmin:        -216.922405088158
Quadratic minimum step length (  0.282461187679) accepted
    Initial Ne1:      37.00000014
    Initial Ne2:      36.00000073
      Final Ne1:      37.00000000
      Final Ne2:      36.00000000

=================== Penalty functional idempotency correction ==================
 RMS occupancy error at iteration   1:  0.000001 (step -0.5000 Ne1=     37.0000)
                                                               Ne2=     36.0000
            Final RMS occupancy error   :  0.000000 (Ne1=     37.0000)
                                                     Ne2=     36.0000
            Final occupancy bounds spin 1: [  0.000,  1.000]
            Final occupancy bounds spin 2: [  0.000,  1.000]
================================================================================

    1        -2.169223762760E+02     3.0148E-04     1.9584E-04
      ideal mu1:      -0.970160534661
      ideal mu2:      -0.973365246449
             Q0:        -216.922403800654
             G0:      -0.000102619673
   RMS gradient:       0.000207834735
     Trial step:       0.377488371153
             Q1:        -216.922427232842
 Quadratic coef:       0.000015305545
 Linear coef   :      -0.000038737733
           Qmin:        -216.922428311575
Quadratic minimum step length (  0.477704124355) accepted
    Initial Ne1:      37.00000011
    Initial Ne2:      36.00000059
      Final Ne1:      37.00000000
      Final Ne2:      36.00000000

=================== Penalty functional idempotency correction ==================
 RMS occupancy error at iteration   1:  0.000003 (step -0.5000 Ne1=     37.0000)
                                                               Ne2=     36.0000
            Final RMS occupancy error   :  0.000000 (Ne1=     37.0000)
                                                     Ne2=     36.0000
            Final occupancy bounds spin 1: [ -0.000,  1.000]
            Final occupancy bounds spin 2: [  0.000,  1.000]
================================================================================

    2        -2.169224038007E+02     2.0783E-04     1.3495E-04    -2.7525E-05
      ideal mu1:      -0.970306092419
      ideal mu2:      -0.973471121101
             Q0:        -216.922430423314
             G0:      -0.000133078719
   RMS gradient:       0.000203162744
     Trial step:       0.424650152238
             Q1:        -216.922463490532
 Quadratic coef:       0.000023444680
 Linear coef   :      -0.000056511898
           Qmin:        -216.922464477891
Quadratic minimum step length (  0.511795984473) accepted
    Initial Ne1:      37.00000012
    Initial Ne2:      36.00000060
      Final Ne1:      37.00000000
      Final Ne2:      36.00000000

=================== Penalty functional idempotency correction ==================
 RMS occupancy error at iteration   1:  0.000010 (step -0.4999 Ne1=     37.0000)
                                                               Ne2=     36.0000
            Final RMS occupancy error   :  0.000000 (Ne1=     37.0000)
                                                     Ne2=     36.0000
            Final occupancy bounds spin 1: [ -0.000,  1.000]
            Final occupancy bounds spin 2: [ -0.000,  1.000]
================================================================================

    3        -2.169224304233E+02     2.0316E-04     1.3199E-04    -2.6623E-05
      ideal mu1:      -0.970431039041
      ideal mu2:      -0.973582936250
             Q0:        -216.922466763531
             G0:      -0.000128372776
   RMS gradient:       0.000190821748
     Trial step:       0.466191208327
             Q1:        -216.922503606765
 Quadratic coef:       0.000023003026
 Linear coef   :      -0.000059846259
           Qmin:        -216.922505688571
Quadratic minimum step length (  0.606437613974) accepted
    Initial Ne1:      37.00000013
    Initial Ne2:      36.00000064
      Final Ne1:      37.00000000
      Final Ne2:      36.00000000

=================== Penalty functional idempotency correction ==================
 RMS occupancy error at iteration   1:  0.000027 (step -0.4998 Ne1=     37.0000)
                                                               Ne2=     36.0000
            Final RMS occupancy error   :  0.000000 (Ne1=     37.0000)
                                                     Ne2=     36.0000
            Final occupancy bounds spin 1: [ -0.000,  1.000]
            Final occupancy bounds spin 2: [  0.000,  1.000]
================================================================================

    4        -2.169224667635E+02     1.9082E-04     1.2393E-04    -3.6340E-05
      ideal mu1:      -0.970410971460
      ideal mu2:      -0.973590496317
    5        -2.169225102144E+02     2.5649E-04     1.6651E-04    -4.3451E-05
Finished density kernel iterations (   5)

Writing density kernel to file "Fe_EtOH_3_LowSpin.dkn" ... done


>>> Density kernel optimised for the current NGWF basis:
     ~~~~~~~~~~~~~~~~~~~~~~~~~~~~~~~~~~~~~~~~~~~~~~~~~~~~~~~~~~~
     Total energy                =  -2.16922510214414E+02  Eh
     Estimated bandgap (UP spin) =   1.1644E-02  Eh
     Estimated bandgap (DN spin) =   3.2245E-02  Eh
     RMS occupancy error         =   1.8439E-09
     [H,K] commutator            =   1.6651E-04
     UP spin occupancy bounds    = [ -0.000:  1.000]
     DN spin occupancy bounds    = [ -0.000:  1.000]
     ~~~~~~~~~~~~~~~~~~~~~~~~~~~~~~~~~~~~~~~~~~~~~~~~~~~~~~~~~~~




################################################################################
########################### NGWF CG iteration  034 #############################
################################################################################
****** Reciprocal space K.E. preconditioning with k_zero =  3.0000 a0^-1 *******

>>> Checking for convergence of NGWFs:   NOT CONVERGED
  ========================================================================
         NGWF RMS gradient =  3.2415E-06 >  2.0000E-06  | above tolerance
  ========================================================================

>>> Improving NGWFs using line search:
============ Calculation of NGWF S^-1 using Hotelling algorithm ================ 
     Iteration  |  Spin  |  Frobenius norm and Maximum abs value (of I-S*S_n^-1)
         1           1      0.77292969E-02     0.12782839E-02
         2           1      0.12941639E-04     0.47663890E-05
         3           1      0.76514926E-10     0.29859448E-10
         4           1      0.63249894E-14     0.17763568E-14
================================================================================
============ Calculation of NGWF S^-1 using Hotelling algorithm ================ 
     Iteration  |  Spin  |  Frobenius norm and Maximum abs value (of I-S*S_n^-1)
         1           1      0.77095418E-03     0.12726822E-03
         2           1      0.12758322E-06     0.46997009E-07
         3           1      0.94207420E-14     0.28865799E-14
================================================================================
------------------------------- NGWF line search -------------------------------
RMS gradient                =       0.00000324152068
Trial step length           =               0.456360
Gradient along search dir.  =         -0.00003691496
Functional at step 0        =    -216.92251021441430
Functional at step 1        =    -216.92251770748516
Functional predicted        =    -216.92251779999154
Selected quadratic step     =               0.410976
Conjugate gradients coeff.  =               0.853879
--------------------------- NGWF line search finished --------------------------
                                               
Writing NGWFs to file "Fe_EtOH_3_LowSpin.tightbox_ngwfs".... done

>>> Optimising kernel for current NGWFs:
   Initial electron number for spin 1:      37.00056134
   Initial electron number for spin 2:      36.00069459
     Final electron number for spin 1:      37.00000000
     Final electron number for spin 2:      36.00000000

=================== Penalty functional idempotency correction ==================
 RMS occupancy error at iteration   1:  0.000110 (step -0.4999 Ne1=     37.0000)
                                                               Ne2=     36.0000
            Final RMS occupancy error   :  0.000000 (Ne1=     37.0000)
                                                     Ne2=     36.0000
            Final occupancy bounds spin 1: [  0.000,  1.000]
            Final occupancy bounds spin 2: [  0.000,  1.000]
================================================================================

................................................................................
<<<<<<<<<<<<<< LNV (Original version) density kernel optimisation >>>>>>>>>>>>>>
~~~~~~~~~~~~~~~~~~~~~~~~~~~~~~~~~~~~~~~~~~~~~~~~~~~~~~~~~~~~~~~~~~~~~~~~~~~~~~~~
   iter  |      energy (Eh)       | rms gradient |  commutator  |   dE (Eh)
      ideal mu1:      -0.970322191396
      ideal mu2:      -0.973517348017
             Q0:        -216.922519436413
             G0:      -0.000195472431
   RMS gradient:       0.000295109338
     Trial step:       0.531710338467
             Q1:        -216.922510024672
 Quadratic coef:       0.000113346453
 Linear coef   :      -0.000103934712
           Qmin:        -216.922543262532
Quadratic minimum step length (  0.243779842775) accepted
    Initial Ne1:      36.99999900
    Initial Ne2:      35.99999966
      Final Ne1:      37.00000000
      Final Ne2:      36.00000000

=================== Penalty functional idempotency correction ==================
 RMS occupancy error at iteration   1:  0.000001 (step -0.5000 Ne1=     37.0000)
                                                               Ne2=     36.0000
            Final RMS occupancy error   :  0.000000 (Ne1=     37.0000)
                                                     Ne2=     36.0000
            Final occupancy bounds spin 1: [  0.000,  1.000]
            Final occupancy bounds spin 2: [  0.000,  1.000]
================================================================================

    1        -2.169225194364E+02     2.9511E-04     1.9156E-04
      ideal mu1:      -0.970333116318
      ideal mu2:      -0.973513279717
             Q0:        -216.922541462454
             G0:      -0.000083380001
   RMS gradient:       0.000186765184
     Trial step:       0.360028141557
             Q1:        -216.922560281099
 Quadratic coef:       0.000011200501
 Linear coef   :      -0.000030019147
           Qmin:        -216.922561576491
Quadratic minimum step length (  0.482466703473) accepted
    Initial Ne1:      36.99999921
    Initial Ne2:      35.99999973
      Final Ne1:      37.00000000
      Final Ne2:      36.00000000

=================== Penalty functional idempotency correction ==================
 RMS occupancy error at iteration   1:  0.000002 (step -0.5000 Ne1=     37.0000)
                                                               Ne2=     36.0000
            Final RMS occupancy error   :  0.000000 (Ne1=     37.0000)
                                                     Ne2=     36.0000
            Final occupancy bounds spin 1: [  0.000,  1.000]
            Final occupancy bounds spin 2: [  0.000,  1.000]
================================================================================

    2        -2.169225414625E+02     1.8677E-04     1.2118E-04    -2.2026E-05
      ideal mu1:      -0.970417426593
      ideal mu2:      -0.973567332931
             Q0:        -216.922563724093
             G0:      -0.000106639283
   RMS gradient:       0.000181013483
     Trial step:       0.416775227928
             Q1:        -216.922589777028
 Quadratic coef:       0.000018391676
 Linear coef   :      -0.000044444611
           Qmin:        -216.922590574874
Quadratic minimum step length (  0.503581429347) accepted
    Initial Ne1:      36.99999922
    Initial Ne2:      35.99999973
      Final Ne1:      37.00000000
      Final Ne2:      36.00000000

=================== Penalty functional idempotency correction ==================
 RMS occupancy error at iteration   1:  0.000007 (step -0.5000 Ne1=     37.0000)
                                                               Ne2=     36.0000
            Final RMS occupancy error   :  0.000000 (Ne1=     37.0000)
                                                     Ne2=     36.0000
            Final occupancy bounds spin 1: [ -0.000,  1.000]
            Final occupancy bounds spin 2: [ -0.000,  1.000]
================================================================================

    3        -2.169225637241E+02     1.8101E-04     1.1758E-04    -2.2262E-05
      ideal mu1:      -0.970479532759
      ideal mu2:      -0.973622600775
             Q0:        -216.922592451197
             G0:      -0.000113866439
   RMS gradient:       0.000178492990
     Trial step:       0.458126909269
             Q1:        -216.922621344322
 Quadratic coef:       0.000023272155
 Linear coef   :      -0.000052165280
           Qmin:        -216.922621683733
Quadratic minimum step length (  0.513453060734) accepted
    Initial Ne1:      36.99999921
    Initial Ne2:      35.99999971
      Final Ne1:      37.00000000
      Final Ne2:      36.00000000

=================== Penalty functional idempotency correction ==================
 RMS occupancy error at iteration   1:  0.000018 (step -0.4999 Ne1=     37.0000)
                                                               Ne2=     36.0000
            Final RMS occupancy error   :  0.000000 (Ne1=     37.0000)
                                                     Ne2=     36.0000
            Final occupancy bounds spin 1: [ -0.000,  1.000]
            Final occupancy bounds spin 2: [  0.000,  1.000]
================================================================================

    4        -2.169225924512E+02     1.7849E-04     1.1587E-04    -2.8727E-05
      ideal mu1:      -0.970440728867
      ideal mu2:      -0.973608588069
    5        -2.169226232134E+02     2.1783E-04     1.4149E-04    -3.0762E-05
Finished density kernel iterations (   5)

Writing density kernel to file "Fe_EtOH_3_LowSpin.dkn" ... done


>>> Density kernel optimised for the current NGWF basis:
     ~~~~~~~~~~~~~~~~~~~~~~~~~~~~~~~~~~~~~~~~~~~~~~~~~~~~~~~~~~~
     Total energy                =  -2.16922623213434E+02  Eh
     Estimated bandgap (UP spin) =   1.1691E-02  Eh
     Estimated bandgap (DN spin) =   3.2977E-02  Eh
     RMS occupancy error         =   9.7290E-10
     [H,K] commutator            =   1.4149E-04
     UP spin occupancy bounds    = [ -0.000:  1.000]
     DN spin occupancy bounds    = [ -0.000:  1.000]
     ~~~~~~~~~~~~~~~~~~~~~~~~~~~~~~~~~~~~~~~~~~~~~~~~~~~~~~~~~~~




################################################################################
########################### NGWF CG iteration  035 #############################
################################################################################
****** Reciprocal space K.E. preconditioning with k_zero =  3.0000 a0^-1 *******

>>> Checking for convergence of NGWFs:   NOT CONVERGED
  ========================================================================
         NGWF RMS gradient =  3.1162E-06 >  2.0000E-06  | above tolerance
  ========================================================================

>>> Improving NGWFs using line search:
============ Calculation of NGWF S^-1 using Hotelling algorithm ================ 
     Iteration  |  Spin  |  Frobenius norm and Maximum abs value (of I-S*S_n^-1)
         1           1      0.10750646E-01     0.17776413E-02
         2           1      0.24793305E-04     0.91785483E-05
         3           1      0.27416576E-09     0.10892021E-09
         4           1      0.55667216E-14     0.11186798E-14
================================================================================
============ Calculation of NGWF S^-1 using Hotelling algorithm ================ 
     Iteration  |  Spin  |  Frobenius norm and Maximum abs value (of I-S*S_n^-1)
         1           1      0.33800182E-02     0.55756165E-03
         2           1      0.24298035E-05     0.89844041E-06
         3           1      0.25921106E-11     0.10370593E-11
         4           1      0.59722184E-14     0.19984014E-14
================================================================================
------------------------------- NGWF line search -------------------------------
RMS gradient                =       0.00000311619260
Trial step length           =               0.433074
Gradient along search dir.  =         -0.00005426110
Functional at step 0        =    -216.92262321343435
Functional at step 1        =    -216.92262960425990
Functional predicted        =    -216.92263128273541
Selected quadratic step     =               0.297425
Conjugate gradients coeff.  =               0.924168
--------------------------- NGWF line search finished --------------------------
                                               
Writing NGWFs to file "Fe_EtOH_3_LowSpin.tightbox_ngwfs".... done

>>> Optimising kernel for current NGWFs:
   Initial electron number for spin 1:      37.00061475
   Initial electron number for spin 2:      36.00075426
     Final electron number for spin 1:      37.00000000
     Final electron number for spin 2:      36.00000000

=================== Penalty functional idempotency correction ==================
 RMS occupancy error at iteration   1:  0.000114 (step -0.4999 Ne1=     37.0000)
                                                               Ne2=     36.0000
            Final RMS occupancy error   :  0.000000 (Ne1=     37.0000)
                                                     Ne2=     36.0000
            Final occupancy bounds spin 1: [  0.000,  1.000]
            Final occupancy bounds spin 2: [  0.000,  1.000]
================================================================================

................................................................................
<<<<<<<<<<<<<< LNV (Original version) density kernel optimisation >>>>>>>>>>>>>>
~~~~~~~~~~~~~~~~~~~~~~~~~~~~~~~~~~~~~~~~~~~~~~~~~~~~~~~~~~~~~~~~~~~~~~~~~~~~~~~~
   iter  |      energy (Eh)       | rms gradient |  commutator  |   dE (Eh)
      ideal mu1:      -0.970369226916
      ideal mu2:      -0.973551557831
             Q0:        -216.922633033947
             G0:      -0.000158375878
   RMS gradient:       0.000265634642
     Trial step:       0.485001715223
             Q1:        -216.922637940484
 Quadratic coef:       0.000071906036
 Linear coef   :      -0.000076812572
           Qmin:        -216.922653547424
Quadratic minimum step length (  0.259047999470) accepted
    Initial Ne1:      36.99999887
    Initial Ne2:      35.99999963
      Final Ne1:      37.00000000
      Final Ne2:      36.00000000

=================== Penalty functional idempotency correction ==================
 RMS occupancy error at iteration   1:  0.000001 (step -0.5000 Ne1=     37.0000)
                                                               Ne2=     36.0000
            Final RMS occupancy error   :  0.000000 (Ne1=     37.0000)
                                                     Ne2=     36.0000
            Final occupancy bounds spin 1: [  0.000,  1.000]
            Final occupancy bounds spin 2: [  0.000,  1.000]
================================================================================

    1        -2.169226330339E+02     2.6563E-04     1.7256E-04
      ideal mu1:      -0.970376497449
      ideal mu2:      -0.973548140067
             Q0:        -216.922652572998
             G0:      -0.000062335974
   RMS gradient:       0.000162208465
     Trial step:       0.354455531862
             Q1:        -216.922666176943
 Quadratic coef:       0.000008491386
 Linear coef   :      -0.000022095331
           Qmin:        -216.922666946496
Quadratic minimum step length (  0.461162198944) accepted
    Initial Ne1:      36.99999925
    Initial Ne2:      35.99999976
      Final Ne1:      37.00000000
      Final Ne2:      36.00000000

=================== Penalty functional idempotency correction ==================
 RMS occupancy error at iteration   1:  0.000001 (step -0.5000 Ne1=     37.0000)
                                                               Ne2=     36.0000
            Final RMS occupancy error   :  0.000000 (Ne1=     37.0000)
                                                     Ne2=     36.0000
            Final occupancy bounds spin 1: [  0.000,  1.000]
            Final occupancy bounds spin 2: [  0.000,  1.000]
================================================================================

    2        -2.169226525730E+02     1.6221E-04     1.0531E-04    -1.9539E-05
      ideal mu1:      -0.970466592269
      ideal mu2:      -0.973613442843
             Q0:        -216.922668618044
             G0:      -0.000089488095
   RMS gradient:       0.000161325933
     Trial step:       0.404303713193
             Q1:        -216.922690081455
 Quadratic coef:       0.000014716958
 Linear coef   :      -0.000036180369
           Qmin:        -216.922690854621
Quadratic minimum step length (  0.496972853153) accepted
    Initial Ne1:      36.99999920
    Initial Ne2:      35.99999974
      Final Ne1:      37.00000000
      Final Ne2:      36.00000000

=================== Penalty functional idempotency correction ==================
 RMS occupancy error at iteration   1:  0.000006 (step -0.5000 Ne1=     37.0000)
                                                               Ne2=     36.0000
            Final RMS occupancy error   :  0.000000 (Ne1=     37.0000)
                                                     Ne2=     36.0000
            Final occupancy bounds spin 1: [  0.000,  1.000]
            Final occupancy bounds spin 2: [  0.000,  1.000]
================================================================================

    3        -2.169226686180E+02     1.6133E-04     1.0482E-04    -1.6045E-05
      ideal mu1:      -0.970572151505
      ideal mu2:      -0.973703822113
             Q0:        -216.922692829816
             G0:      -0.000084572145
   RMS gradient:       0.000147418524
     Trial step:       0.448249896694
             Q1:        -216.922716434298
 Quadratic coef:       0.000014304973
 Linear coef   :      -0.000037909455
           Qmin:        -216.922717945675
Quadratic minimum step length (  0.593951102270) accepted
    Initial Ne1:      36.99999919
    Initial Ne2:      35.99999972
      Final Ne1:      37.00000000
      Final Ne2:      36.00000000

=================== Penalty functional idempotency correction ==================
 RMS occupancy error at iteration   1:  0.000015 (step -0.4999 Ne1=     37.0000)
                                                               Ne2=     36.0000
            Final RMS occupancy error   :  0.000000 (Ne1=     37.0000)
                                                     Ne2=     36.0000
            Final occupancy bounds spin 1: [ -0.000,  1.000]
            Final occupancy bounds spin 2: [ -0.000,  1.000]
================================================================================

    4        -2.169226928298E+02     1.4742E-04     9.5742E-05    -2.4212E-05
      ideal mu1:      -0.970563038268
      ideal mu2:      -0.973712371109
    5        -2.169227215693E+02     1.9181E-04     1.2459E-04    -2.8739E-05
Finished density kernel iterations (   5)

Writing density kernel to file "Fe_EtOH_3_LowSpin.dkn" ... done


>>> Density kernel optimised for the current NGWF basis:
     ~~~~~~~~~~~~~~~~~~~~~~~~~~~~~~~~~~~~~~~~~~~~~~~~~~~~~~~~~~~
     Total energy                =  -2.16922721569261E+02  Eh
     Estimated bandgap (UP spin) =   1.1761E-02  Eh
     Estimated bandgap (DN spin) =   3.4165E-02  Eh
     RMS occupancy error         =   7.1489E-10
     [H,K] commutator            =   1.2459E-04
     UP spin occupancy bounds    = [ -0.000:  1.000]
     DN spin occupancy bounds    = [ -0.000:  1.000]
     ~~~~~~~~~~~~~~~~~~~~~~~~~~~~~~~~~~~~~~~~~~~~~~~~~~~~~~~~~~~


================================================================================
           ---------------- ENERGY COMPONENTS (Eh) ----------------
           | Kinetic                    :       64.32196538830604 |
           | Core Hartree               :     -966.44833933672999 |
           | CoreHart (non-coul chg cor):        0.00155689502347
           | Hartree                    :      432.49521534682418 |
           | Exchange-correlation       :      -30.33200347984338 |
           | Ewald                      :      286.40959520493226 |
           | Dij0                       :       -0.28802284981414 |
           | Dijhartree                 :       10.88589258848962 |
           | Exc [AE core]              :     -113.51070867323278 |
           | Exc DC [AE core]           :      -48.25846342228802 |
           | Exc [PS core]              :      -24.44134895558036 |
           | Exc DC [PS core]           :      -28.85410634804966 |
           | Exc [Core]                 :      -75.10233528622905 |
           | Total [Sphere]             :       -3.36915469274790 |
           | Total                      :     -216.92272156925878 |
           --------------------------------------------------------
           ------ LOCAL ENERGY COMPONENTS FROM MATRIX TRACES ------
           | Core Hartree               :     -966.44833933673328 |
           | Hartree (Valence)          :      432.49521534682390 |
           --------------------------------------------------------
           Integrated compensation chrg.:       11.40402705273906
           Integrated density           :       72.99999932094943
           Integrated spin density      :        1.00000001773528
           Integrated |spin density|    :        2.58173241780742
           Local density approx. <S^2>  :        1.54086620003569
           Integrated density tr(KS)    :       73.00000000000000
           Integrated spin tr(KS)       :        1.00000000000000
================================================================================




################################################################################
########################### NGWF CG iteration  036 #############################
################################################################################
****** Reciprocal space K.E. preconditioning with k_zero =  3.0000 a0^-1 *******

>>> Checking for convergence of NGWFs:   NOT CONVERGED
  ========================================================================
         NGWF RMS gradient =  2.8705E-06 >  2.0000E-06  | above tolerance
  ========================================================================

>>> Improving NGWFs using line search:
============ Calculation of NGWF S^-1 using Hotelling algorithm ================ 
     Iteration  |  Spin  |  Frobenius norm and Maximum abs value (of I-S*S_n^-1)
         1           1      0.10866208E-01     0.17854474E-02
         2           1      0.25165545E-04     0.92528883E-05
         3           1      0.27827545E-09     0.11064083E-09
         4           1      0.64641483E-14     0.13322676E-14
================================================================================
============ Calculation of NGWF S^-1 using Hotelling algorithm ================ 
     Iteration  |  Spin  |  Frobenius norm and Maximum abs value (of I-S*S_n^-1)
         1           1      0.43429052E-02     0.71197088E-03
         2           1      0.39918831E-05     0.14652920E-05
         3           1      0.69081380E-11     0.27606806E-11
         4           1      0.64800035E-14     0.19984014E-14
================================================================================
------------------------------- NGWF line search -------------------------------
RMS gradient                =       0.00000287048310
Trial step length           =               0.358897
Gradient along search dir.  =         -0.00005723678
Functional at step 0        =    -216.92272156926111
Functional at step 1        =    -216.92272504266296
Functional predicted        =    -216.92272774984232
Selected quadratic step     =               0.215965
Conjugate gradients coeff.  =               0.848519
--------------------------- NGWF line search finished --------------------------
                                               
Writing NGWFs to file "Fe_EtOH_3_LowSpin.tightbox_ngwfs".... done

>>> Optimising kernel for current NGWFs:
   Initial electron number for spin 1:      37.00056001
   Initial electron number for spin 2:      36.00067581
     Final electron number for spin 1:      37.00000000
     Final electron number for spin 2:      36.00000000

=================== Penalty functional idempotency correction ==================
 RMS occupancy error at iteration   1:  0.000100 (step -0.4999 Ne1=     37.0000)
                                                               Ne2=     36.0000
            Final RMS occupancy error   :  0.000000 (Ne1=     37.0000)
                                                     Ne2=     36.0000
            Final occupancy bounds spin 1: [  0.000,  1.000]
            Final occupancy bounds spin 2: [  0.000,  1.000]
================================================================================

................................................................................
<<<<<<<<<<<<<< LNV (Original version) density kernel optimisation >>>>>>>>>>>>>>
~~~~~~~~~~~~~~~~~~~~~~~~~~~~~~~~~~~~~~~~~~~~~~~~~~~~~~~~~~~~~~~~~~~~~~~~~~~~~~~~
   iter  |      energy (Eh)       | rms gradient |  commutator  |   dE (Eh)
      ideal mu1:      -0.970504637825
      ideal mu2:      -0.973666495727
             Q0:        -216.922729038531
             G0:      -0.000122648625
   RMS gradient:       0.000233760720
     Trial step:       0.515983061964
             Q1:        -216.922725392191
 Quadratic coef:       0.000066930953
 Linear coef   :      -0.000063284613
           Qmin:        -216.922743997762
Quadratic minimum step length (  0.243936378722) accepted
    Initial Ne1:      36.99999918
    Initial Ne2:      35.99999974
      Final Ne1:      37.00000000
      Final Ne2:      36.00000000

=================== Penalty functional idempotency correction ==================
 RMS occupancy error at iteration   1:  0.000000 (step -0.5000 Ne1=     37.0000)
                                                               Ne2=     36.0000
            Final RMS occupancy error   :  0.000000 (Ne1=     37.0000)
                                                     Ne2=     36.0000
            Final occupancy bounds spin 1: [  0.000,  1.000]
            Final occupancy bounds spin 2: [  0.000,  1.000]
================================================================================

    1        -2.169227290385E+02     2.3376E-04     1.5180E-04
      ideal mu1:      -0.970499889418
      ideal mu2:      -0.973654069017
             Q0:        -216.922742767281
             G0:      -0.000050703753
   RMS gradient:       0.000144996457
     Trial step:       0.354777450830
             Q1:        -216.922753995717
 Quadratic coef:       0.000006760112
 Linear coef   :      -0.000017988548
           Qmin:        -216.922754734089
Quadratic minimum step length (  0.472028497625) accepted
    Initial Ne1:      36.99999939
    Initial Ne2:      35.99999981
      Final Ne1:      37.00000000
      Final Ne2:      36.00000000

=================== Penalty functional idempotency correction ==================
 RMS occupancy error at iteration   1:  0.000001 (step -0.5000 Ne1=     37.0000)
                                                               Ne2=     36.0000
            Final RMS occupancy error   :  0.000000 (Ne1=     37.0000)
                                                     Ne2=     36.0000
            Final occupancy bounds spin 1: [  0.000,  1.000]
            Final occupancy bounds spin 2: [  0.000,  1.000]
================================================================================

    2        -2.169227427673E+02     1.4500E-04     9.4113E-05    -1.3729E-05
      ideal mu1:      -0.970555063636
      ideal mu2:      -0.973690051185
             Q0:        -216.922756252457
             G0:      -0.000073493223
   RMS gradient:       0.000145318193
     Trial step:       0.409224959047
             Q1:        -216.922773988731
 Quadratic coef:       0.000012338987
 Linear coef   :      -0.000030075261
           Qmin:        -216.922774578948
Quadratic minimum step length (  0.498726025725) accepted
    Initial Ne1:      36.99999935
    Initial Ne2:      35.99999979
      Final Ne1:      37.00000000
      Final Ne2:      36.00000000

=================== Penalty functional idempotency correction ==================
 RMS occupancy error at iteration   1:  0.000005 (step -0.5000 Ne1=     37.0000)
                                                               Ne2=     36.0000
            Final RMS occupancy error   :  0.000000 (Ne1=     37.0000)
                                                     Ne2=     36.0000
            Final occupancy bounds spin 1: [  0.000,  1.000]
            Final occupancy bounds spin 2: [  0.000,  1.000]
================================================================================

    3        -2.169227562525E+02     1.4532E-04     9.4445E-05    -1.3485E-05
      ideal mu1:      -0.970611610595
      ideal mu2:      -0.973738516131
             Q0:        -216.922776159651
             G0:      -0.000077670196
   RMS gradient:       0.000140635851
     Trial step:       0.451764471216
             Q1:        -216.922796298500
 Quadratic coef:       0.000014949786
 Linear coef   :      -0.000035088635
           Qmin:        -216.922796748781
Quadratic minimum step length (  0.530168078431) accepted
    Initial Ne1:      36.99999934
    Initial Ne2:      35.99999978
      Final Ne1:      37.00000000
      Final Ne2:      36.00000000

=================== Penalty functional idempotency correction ==================
 RMS occupancy error at iteration   1:  0.000012 (step -0.4999 Ne1=     37.0000)
                                                               Ne2=     36.0000
            Final RMS occupancy error   :  0.000000 (Ne1=     37.0000)
                                                     Ne2=     36.0000
            Final occupancy bounds spin 1: [ -0.000,  1.000]
            Final occupancy bounds spin 2: [  0.000,  1.000]
================================================================================

    4        -2.169227761597E+02     1.4064E-04     9.1314E-05    -1.9907E-05
      ideal mu1:      -0.970581039943
      ideal mu2:      -0.973726250044
    5        -2.169227984545E+02     1.7563E-04     1.1410E-04    -2.2295E-05
Finished density kernel iterations (   5)

Writing density kernel to file "Fe_EtOH_3_LowSpin.dkn" ... done


>>> Density kernel optimised for the current NGWF basis:
     ~~~~~~~~~~~~~~~~~~~~~~~~~~~~~~~~~~~~~~~~~~~~~~~~~~~~~~~~~~~
     Total energy                =  -2.16922798454546E+02  Eh
     Estimated bandgap (UP spin) =   1.1840E-02  Eh
     Estimated bandgap (DN spin) =   3.4149E-02  Eh
     RMS occupancy error         =   5.2706E-10
     [H,K] commutator            =   1.1410E-04
     UP spin occupancy bounds    = [ -0.000:  1.000]
     DN spin occupancy bounds    = [ -0.000:  1.000]
     ~~~~~~~~~~~~~~~~~~~~~~~~~~~~~~~~~~~~~~~~~~~~~~~~~~~~~~~~~~~




################################################################################
########################### NGWF CG iteration  037 #############################
################################################################################
****** Reciprocal space K.E. preconditioning with k_zero =  3.0000 a0^-1 *******

>>> Checking for convergence of NGWFs:   NOT CONVERGED
  ========================================================================
         NGWF RMS gradient =  2.7659E-06 >  2.0000E-06  | above tolerance
  ========================================================================

>>> Improving NGWFs using line search:
============ Calculation of NGWF S^-1 using Hotelling algorithm ================ 
     Iteration  |  Spin  |  Frobenius norm and Maximum abs value (of I-S*S_n^-1)
         1           1      0.25255390E-02     0.41674764E-03
         2           1      0.14232388E-05     0.52601379E-06
         3           1      0.95001606E-12     0.36803893E-12
================================================================================
============ Calculation of NGWF S^-1 using Hotelling algorithm ================ 
     Iteration  |  Spin  |  Frobenius norm and Maximum abs value (of I-S*S_n^-1)
         1           1      0.33286596E-02     0.54878986E-03
         2           1      0.24535464E-05     0.90781776E-06
         3           1      0.27917719E-11     0.10891288E-11
         4           1      0.59339724E-14     0.14432899E-14
================================================================================
------------------------------- NGWF line search -------------------------------
RMS gradient                =       0.00000276591196
Trial step length           =               0.278405
Gradient along search dir.  =         -0.00001679371
Functional at step 0        =    -216.92279845454635
Functional at step 1        =    -216.92280212070813
Functional predicted        =    -216.92280386920814
Selected quadratic step     =               0.644844
Conjugate gradients coeff.  =               0.000000
--------------------------- NGWF line search finished --------------------------
                                               
Writing NGWFs to file "Fe_EtOH_3_LowSpin.tightbox_ngwfs".... done

>>> Optimising kernel for current NGWFs:
   Initial electron number for spin 1:      37.00054975
   Initial electron number for spin 2:      36.00065234
     Final electron number for spin 1:      37.00000000
     Final electron number for spin 2:      36.00000000

=================== Penalty functional idempotency correction ==================
 RMS occupancy error at iteration   1:  0.000091 (step -0.4999 Ne1=     37.0000)
                                                               Ne2=     36.0000
            Final RMS occupancy error   :  0.000000 (Ne1=     37.0000)
                                                     Ne2=     36.0000
            Final occupancy bounds spin 1: [  0.000,  1.000]
            Final occupancy bounds spin 2: [  0.000,  1.000]
================================================================================

................................................................................
<<<<<<<<<<<<<< LNV (Original version) density kernel optimisation >>>>>>>>>>>>>>
~~~~~~~~~~~~~~~~~~~~~~~~~~~~~~~~~~~~~~~~~~~~~~~~~~~~~~~~~~~~~~~~~~~~~~~~~~~~~~~~
   iter  |      energy (Eh)       | rms gradient |  commutator  |   dE (Eh)
      ideal mu1:      -0.970550983400
      ideal mu2:      -0.973705268613
             Q0:        -216.922805630382
             G0:      -0.000096133857
   RMS gradient:       0.000206956170
     Trial step:       0.489398714350
             Q1:        -216.922808277231
 Quadratic coef:       0.000044400937
 Linear coef   :      -0.000047047786
           Qmin:        -216.922818093487
Quadratic minimum step length (  0.259286485967) accepted
    Initial Ne1:      36.99999980
    Initial Ne2:      36.00000021
      Final Ne1:      37.00000000
      Final Ne2:      36.00000000

=================== Penalty functional idempotency correction ==================
 RMS occupancy error at iteration   1:  0.000000 (step -0.5000 Ne1=     37.0000)
                                                               Ne2=     36.0000
            Final RMS occupancy error   :  0.000000 (Ne1=     37.0000)
                                                     Ne2=     36.0000
            Final occupancy bounds spin 1: [  0.000,  1.000]
            Final occupancy bounds spin 2: [  0.000,  1.000]
================================================================================

    1        -2.169228056304E+02     2.0696E-04     1.3448E-04
      ideal mu1:      -0.970541209799
      ideal mu2:      -0.973689525241
             Q0:        -216.922817367444
             G0:      -0.000039438056
   RMS gradient:       0.000128355256
     Trial step:       0.356222504736
             Q1:        -216.922825945899
 Quadratic coef:       0.000005470268
 Linear coef   :      -0.000014048723
           Qmin:        -216.922826387414
Quadratic minimum step length (  0.457424671480) accepted
    Initial Ne1:      36.99999987
    Initial Ne2:      36.00000015
      Final Ne1:      37.00000000
      Final Ne2:      36.00000000

=================== Penalty functional idempotency correction ==================
 RMS occupancy error at iteration   1:  0.000001 (step -0.5000 Ne1=     37.0000)
                                                               Ne2=     36.0000
            Final RMS occupancy error   :  0.000000 (Ne1=     37.0000)
                                                     Ne2=     36.0000
            Final occupancy bounds spin 1: [  0.000,  1.000]
            Final occupancy bounds spin 2: [  0.000,  1.000]
================================================================================

    2        -2.169228173674E+02     1.2836E-04     8.3350E-05    -1.1737E-05
      ideal mu1:      -0.970591627399
      ideal mu2:      -0.973723458180
             Q0:        -216.922827511978
             G0:      -0.000060599308
   RMS gradient:       0.000129809659
     Trial step:       0.403664417806
             Q1:        -216.922842026378
 Quadratic coef:       0.000009947384
 Linear coef   :      -0.000024461784
           Qmin:        -216.922842550577
Quadratic minimum step length (  0.496329072552) accepted
    Initial Ne1:      36.99999985
    Initial Ne2:      36.00000016
      Final Ne1:      37.00000000
      Final Ne2:      36.00000000

=================== Penalty functional idempotency correction ==================
 RMS occupancy error at iteration   1:  0.000004 (step -0.5000 Ne1=     37.0000)
                                                               Ne2=     36.0000
            Final RMS occupancy error   :  0.000000 (Ne1=     37.0000)
                                                     Ne2=     36.0000
            Final occupancy bounds spin 1: [  0.000,  1.000]
            Final occupancy bounds spin 2: [  0.000,  1.000]
================================================================================

    3        -2.169228275120E+02     1.2981E-04     8.4373E-05    -1.0145E-05
      ideal mu1:      -0.970663024666
      ideal mu2:      -0.973784267169
             Q0:        -216.922844016065
             G0:      -0.000059974520
   RMS gradient:       0.000120505213
     Trial step:       0.447605167655
             Q1:        -216.922860728482
 Quadratic coef:       0.000010132488
 Linear coef   :      -0.000026844905
           Qmin:        -216.922861796717
Quadratic minimum step length (  0.592940199379) accepted
    Initial Ne1:      36.99999984
    Initial Ne2:      36.00000016
      Final Ne1:      37.00000000
      Final Ne2:      36.00000000

=================== Penalty functional idempotency correction ==================
 RMS occupancy error at iteration   1:  0.000011 (step -0.4999 Ne1=     37.0000)
                                                               Ne2=     36.0000
            Final RMS occupancy error   :  0.000000 (Ne1=     37.0000)
                                                     Ne2=     36.0000
            Final occupancy bounds spin 1: [ -0.000,  1.000]
            Final occupancy bounds spin 2: [  0.000,  1.000]
================================================================================

    4        -2.169228440161E+02     1.2051E-04     7.8271E-05    -1.6504E-05
      ideal mu1:      -0.970660246725
      ideal mu2:      -0.973795425263
    5        -2.169228644992E+02     1.5712E-04     1.0208E-04    -2.0483E-05
Finished density kernel iterations (   5)

Writing density kernel to file "Fe_EtOH_3_LowSpin.dkn" ... done


>>> Density kernel optimised for the current NGWF basis:
     ~~~~~~~~~~~~~~~~~~~~~~~~~~~~~~~~~~~~~~~~~~~~~~~~~~~~~~~~~~~
     Total energy                =  -2.16922864499246E+02  Eh
     Estimated bandgap (UP spin) =   1.1934E-02  Eh
     Estimated bandgap (DN spin) =   3.4934E-02  Eh
     RMS occupancy error         =   4.0473E-10
     [H,K] commutator            =   1.0208E-04
     UP spin occupancy bounds    = [ -0.000:  1.000]
     DN spin occupancy bounds    = [ -0.000:  1.000]
     ~~~~~~~~~~~~~~~~~~~~~~~~~~~~~~~~~~~~~~~~~~~~~~~~~~~~~~~~~~~




################################################################################
########################### NGWF CG iteration  038 #############################
################################################################################
****** Reciprocal space K.E. preconditioning with k_zero =  3.0000 a0^-1 *******

>>> Checking for convergence of NGWFs:   NOT CONVERGED
  ========================================================================
         NGWF RMS gradient =  2.5490E-06 >  2.0000E-06  | above tolerance
  ========================================================================

>>> Improving NGWFs using line search:
============ Calculation of NGWF S^-1 using Hotelling algorithm ================ 
     Iteration  |  Spin  |  Frobenius norm and Maximum abs value (of I-S*S_n^-1)
         1           1      0.71188124E-02     0.11657460E-02
         2           1      0.11178998E-04     0.40940633E-05
         3           1      0.57571851E-10     0.22312152E-10
         4           1      0.63498693E-14     0.15543122E-14
================================================================================
============ Calculation of NGWF S^-1 using Hotelling algorithm ================ 
     Iteration  |  Spin  |  Frobenius norm and Maximum abs value (of I-S*S_n^-1)
         1           1      0.16360051E-02     0.26763589E-03
         2           1      0.58699722E-06     0.21503602E-06
         3           1      0.15708995E-12     0.60729199E-13
================================================================================
------------------------------- NGWF line search -------------------------------
RMS gradient                =       0.00000254900482
Trial step length           =               0.423707
Gradient along search dir.  =         -0.00002522754
Functional at step 0        =    -216.92286449924552
Functional at step 1        =    -216.92286825306263
Functional predicted        =    -216.92286861792434
Selected quadratic step     =               0.326522
Conjugate gradients coeff.  =               0.849307
--------------------------- NGWF line search finished --------------------------
                                               
Writing NGWFs to file "Fe_EtOH_3_LowSpin.tightbox_ngwfs".... done

>>> Optimising kernel for current NGWFs:
   Initial electron number for spin 1:      37.00051727
   Initial electron number for spin 2:      36.00061047
     Final electron number for spin 1:      37.00000000
     Final electron number for spin 2:      36.00000000

=================== Penalty functional idempotency correction ==================
 RMS occupancy error at iteration   1:  0.000081 (step -0.4999 Ne1=     37.0000)
                                                               Ne2=     36.0000
            Final RMS occupancy error   :  0.000000 (Ne1=     37.0000)
                                                     Ne2=     36.0000
            Final occupancy bounds spin 1: [  0.000,  1.000]
            Final occupancy bounds spin 2: [  0.000,  1.000]
================================================================================

................................................................................
<<<<<<<<<<<<<< LNV (Original version) density kernel optimisation >>>>>>>>>>>>>>
~~~~~~~~~~~~~~~~~~~~~~~~~~~~~~~~~~~~~~~~~~~~~~~~~~~~~~~~~~~~~~~~~~~~~~~~~~~~~~~~
   iter  |      energy (Eh)       | rms gradient |  commutator  |   dE (Eh)
      ideal mu1:      -0.970631685813
      ideal mu2:      -0.973775101191
             Q0:        -216.922869608180
             G0:      -0.000084249971
   RMS gradient:       0.000193742579
     Trial step:       0.515172881034
             Q1:        -216.922866790079
 Quadratic coef:       0.000046221401
 Linear coef   :      -0.000043403301
           Qmin:        -216.922879797434
Quadratic minimum step length (  0.241881497282) accepted
    Initial Ne1:      36.99999954
    Initial Ne2:      35.99999990
      Final Ne1:      37.00000000
      Final Ne2:      36.00000000

=================== Penalty functional idempotency correction ==================
 RMS occupancy error at iteration   1:  0.000000 (step -0.5000 Ne1=     37.0000)
                                                               Ne2=     36.0000
            Final RMS occupancy error   :  0.000000 (Ne1=     37.0000)
                                                     Ne2=     36.0000
            Final occupancy bounds spin 1: [  0.000,  1.000]
            Final occupancy bounds spin 2: [  0.000,  1.000]
================================================================================

    1        -2.169228696082E+02     1.9374E-04     1.2585E-04
      ideal mu1:      -0.970617579137
      ideal mu2:      -0.973756183808
             Q0:        -216.922878937453
             G0:      -0.000032783905
   RMS gradient:       0.000116545136
     Trial step:       0.353002532319
             Q1:        -216.922886099139
 Quadratic coef:       0.000004411116
 Linear coef   :      -0.000011572802
           Qmin:        -216.922886527921
Quadratic minimum step length (  0.463060644623) accepted
    Initial Ne1:      36.99999968
    Initial Ne2:      35.99999993
      Final Ne1:      37.00000000
      Final Ne2:      36.00000000

=================== Penalty functional idempotency correction ==================
 RMS occupancy error at iteration   1:  0.000001 (step -0.5000 Ne1=     37.0000)
                                                               Ne2=     36.0000
            Final RMS occupancy error   :  0.000000 (Ne1=     37.0000)
                                                     Ne2=     36.0000
            Final occupancy bounds spin 1: [  0.000,  1.000]
            Final occupancy bounds spin 2: [  0.000,  1.000]
================================================================================

    2        -2.169228789375E+02     1.1655E-04     7.5657E-05    -9.3293E-06
      ideal mu1:      -0.970646682267
      ideal mu2:      -0.973772220993
             Q0:        -216.922887511625
             G0:      -0.000049070152
   RMS gradient:       0.000117339576
     Trial step:       0.404303821611
             Q1:        -216.922899353530
 Quadratic coef:       0.000007997344
 Linear coef   :      -0.000019839250
           Qmin:        -216.922899815579
Quadratic minimum step length (  0.501484250169) accepted
    Initial Ne1:      36.99999965
    Initial Ne2:      35.99999992
      Final Ne1:      37.00000000
      Final Ne2:      36.00000000

=================== Penalty functional idempotency correction ==================
 RMS occupancy error at iteration   1:  0.000003 (step -0.5000 Ne1=     37.0000)
                                                               Ne2=     36.0000
            Final RMS occupancy error   :  0.000000 (Ne1=     37.0000)
                                                     Ne2=     36.0000
            Final occupancy bounds spin 1: [  0.000,  1.000]
            Final occupancy bounds spin 2: [  0.000,  1.000]
================================================================================

    3        -2.169228875116E+02     1.1734E-04     7.6273E-05    -8.5742E-06
      ideal mu1:      -0.970687594379
      ideal mu2:      -0.973806984641
             Q0:        -216.922901048676
             G0:      -0.000052953667
   RMS gradient:       0.000113694657
     Trial step:       0.450279911634
             Q1:        -216.922914962940
 Quadratic coef:       0.000009929708
 Linear coef   :      -0.000023843973
           Qmin:        -216.922915362667
Quadratic minimum step length (  0.540623224026) accepted
    Initial Ne1:      36.99999964
    Initial Ne2:      35.99999992
      Final Ne1:      37.00000000
      Final Ne2:      36.00000000

=================== Penalty functional idempotency correction ==================
 RMS occupancy error at iteration   1:  0.000008 (step -0.5000 Ne1=     37.0000)
                                                               Ne2=     36.0000
            Final RMS occupancy error   :  0.000000 (Ne1=     37.0000)
                                                     Ne2=     36.0000
            Final occupancy bounds spin 1: [  0.000,  1.000]
            Final occupancy bounds spin 2: [  0.000,  1.000]
================================================================================

    4        -2.169229010487E+02     1.1369E-04     7.3817E-05    -1.3537E-05
      ideal mu1:      -0.970668111816
      ideal mu2:      -0.973802250370
    5        -2.169229167462E+02     1.4491E-04     9.4141E-05    -1.5697E-05
Finished density kernel iterations (   5)

Writing density kernel to file "Fe_EtOH_3_LowSpin.dkn" ... done


>>> Density kernel optimised for the current NGWF basis:
     ~~~~~~~~~~~~~~~~~~~~~~~~~~~~~~~~~~~~~~~~~~~~~~~~~~~~~~~~~~~
     Total energy                =  -2.16922916746155E+02  Eh
     Estimated bandgap (UP spin) =   1.5088E-02  Eh
     Estimated bandgap (DN spin) =   3.4982E-02  Eh
     RMS occupancy error         =   1.0514E-09
     [H,K] commutator            =   9.4141E-05
     UP spin occupancy bounds    = [  0.000:  1.000]
     DN spin occupancy bounds    = [  0.000:  1.000]
     ~~~~~~~~~~~~~~~~~~~~~~~~~~~~~~~~~~~~~~~~~~~~~~~~~~~~~~~~~~~




################################################################################
########################### NGWF CG iteration  039 #############################
################################################################################
****** Reciprocal space K.E. preconditioning with k_zero =  3.0000 a0^-1 *******

>>> Checking for convergence of NGWFs:   NOT CONVERGED
  ========================================================================
         NGWF RMS gradient =  2.5013E-06 >  2.0000E-06  | above tolerance
  ========================================================================

>>> Improving NGWFs using line search:
============ Calculation of NGWF S^-1 using Hotelling algorithm ================ 
     Iteration  |  Spin  |  Frobenius norm and Maximum abs value (of I-S*S_n^-1)
         1           1      0.94196311E-02     0.15388779E-02
         2           1      0.19392673E-04     0.71107581E-05
         3           1      0.17049647E-09     0.66716077E-10
         4           1      0.62164149E-14     0.15543122E-14
================================================================================
============ Calculation of NGWF S^-1 using Hotelling algorithm ================ 
     Iteration  |  Spin  |  Frobenius norm and Maximum abs value (of I-S*S_n^-1)
         1           1      0.38595870E-02     0.62979900E-03
         2           1      0.32390964E-05     0.11873478E-05
         3           1      0.47148680E-11     0.18522961E-11
         4           1      0.61066434E-14     0.15543122E-14
================================================================================
------------------------------- NGWF line search -------------------------------
RMS gradient                =       0.00000250126515
Trial step length           =               0.371954
Gradient along search dir.  =         -0.00003756401
Functional at step 0        =    -216.92291674615512
Functional at step 1        =    -216.92291890166510
Functional predicted        =    -216.92292087635354
Selected quadratic step     =               0.219902
Conjugate gradients coeff.  =               0.962893
--------------------------- NGWF line search finished --------------------------
                                               
Writing NGWFs to file "Fe_EtOH_3_LowSpin.tightbox_ngwfs".... done

>>> Optimising kernel for current NGWFs:
   Initial electron number for spin 1:      37.00052979
   Initial electron number for spin 2:      36.00062690
     Final electron number for spin 1:      37.00000000
     Final electron number for spin 2:      36.00000000

=================== Penalty functional idempotency correction ==================
 RMS occupancy error at iteration   1:  0.000082 (step -0.4999 Ne1=     37.0000)
                                                               Ne2=     36.0000
            Final RMS occupancy error   :  0.000000 (Ne1=     37.0000)
                                                     Ne2=     36.0000
            Final occupancy bounds spin 1: [  0.000,  1.000]
            Final occupancy bounds spin 2: [  0.000,  1.000]
================================================================================

................................................................................
<<<<<<<<<<<<<< LNV (Original version) density kernel optimisation >>>>>>>>>>>>>>
~~~~~~~~~~~~~~~~~~~~~~~~~~~~~~~~~~~~~~~~~~~~~~~~~~~~~~~~~~~~~~~~~~~~~~~~~~~~~~~~
   iter  |      energy (Eh)       | rms gradient |  commutator  |   dE (Eh)
      ideal mu1:      -0.970644486904
      ideal mu2:      -0.973786125473
             Q0:        -216.922921878775
             G0:      -0.000076623185
   RMS gradient:       0.000184765250
     Trial step:       0.493388059788
             Q1:        -216.922921545923
 Quadratic coef:       0.000038137816
 Linear coef   :      -0.000037804964
           Qmin:        -216.922931247530
Quadratic minimum step length (  0.244540982450) accepted
    Initial Ne1:      36.99999956
    Initial Ne2:      35.99999992
      Final Ne1:      37.00000000
      Final Ne2:      36.00000000

=================== Penalty functional idempotency correction ==================
 RMS occupancy error at iteration   1:  0.000000 (step -0.5000 Ne1=     37.0000)
                                                               Ne2=     36.0000
            Final RMS occupancy error   :  0.000000 (Ne1=     37.0000)
                                                     Ne2=     36.0000
            Final occupancy bounds spin 1: [  0.000,  1.000]
            Final occupancy bounds spin 2: [  0.000,  1.000]
================================================================================

    1        -2.169229218788E+02     1.8477E-04     1.2005E-04
      ideal mu1:      -0.970629745165
      ideal mu2:      -0.973767859003
             Q0:        -216.922930719610
             G0:      -0.000026066030
   RMS gradient:       0.000104861783
     Trial step:       0.347352272009
             Q1:        -216.922936163561
 Quadratic coef:       0.000003610144
 Linear coef   :      -0.000009054095
           Qmin:        -216.922936396435
Quadratic minimum step length (  0.435572686345) accepted
    Initial Ne1:      36.99999975
    Initial Ne2:      35.99999995
      Final Ne1:      37.00000000
      Final Ne2:      36.00000000

=================== Penalty functional idempotency correction ==================
 RMS occupancy error at iteration   1:  0.000001 (step -0.5000 Ne1=     37.0000)
                                                               Ne2=     36.0000
            Final RMS occupancy error   :  0.000000 (Ne1=     37.0000)
                                                     Ne2=     36.0000
            Final occupancy bounds spin 1: [  0.000,  1.000]
            Final occupancy bounds spin 2: [  0.000,  1.000]
================================================================================

    2        -2.169229307196E+02     1.0486E-04     6.8086E-05    -8.8408E-06
      ideal mu1:      -0.970664280508
      ideal mu2:      -0.973790416068
             Q0:        -216.922937054374
             G0:      -0.000040178122
   RMS gradient:       0.000105595805
     Trial step:       0.388969358982
             Q1:        -216.922946574255
 Quadratic coef:       0.000006108177
 Linear coef   :      -0.000015628058
           Qmin:        -216.922947050655
Quadratic minimum step length (  0.497598214324) accepted
    Initial Ne1:      36.99999971
    Initial Ne2:      35.99999995
      Final Ne1:      37.00000000
      Final Ne2:      36.00000000

=================== Penalty functional idempotency correction ==================
 RMS occupancy error at iteration   1:  0.000002 (step -0.5000 Ne1=     37.0000)
                                                               Ne2=     36.0000
            Final RMS occupancy error   :  0.000000 (Ne1=     37.0000)
                                                     Ne2=     36.0000
            Final occupancy bounds spin 1: [  0.000,  1.000]
            Final occupancy bounds spin 2: [  0.000,  1.000]
================================================================================

    3        -2.169229370544E+02     1.0560E-04     6.8624E-05    -6.3348E-06
      ideal mu1:      -0.970721956334
      ideal mu2:      -0.973838506371
             Q0:        -216.922948292251
             G0:      -0.000041392446
   RMS gradient:       0.000098089506
     Trial step:       0.439943699189
             Q1:        -216.922959576371
 Quadratic coef:       0.000006926226
 Linear coef   :      -0.000018210346
           Qmin:        -216.922960261854
Quadratic minimum step length (  0.578347228055) accepted
    Initial Ne1:      36.99999970
    Initial Ne2:      35.99999994
      Final Ne1:      37.00000000
      Final Ne2:      36.00000000

=================== Penalty functional idempotency correction ==================
 RMS occupancy error at iteration   1:  0.000006 (step -0.5000 Ne1=     37.0000)
                                                               Ne2=     36.0000
            Final RMS occupancy error   :  0.000000 (Ne1=     37.0000)
                                                     Ne2=     36.0000
            Final occupancy bounds spin 1: [  0.000,  1.000]
            Final occupancy bounds spin 2: [  0.000,  1.000]
================================================================================

    4        -2.169229482923E+02     9.8090E-05     6.3699E-05    -1.1238E-05
      ideal mu1:      -0.970717471965
      ideal mu2:      -0.973845145892
    5        -2.169229619991E+02     1.3132E-04     8.5313E-05    -1.3707E-05
Finished density kernel iterations (   5)

Writing density kernel to file "Fe_EtOH_3_LowSpin.dkn" ... done


>>> Density kernel optimised for the current NGWF basis:
     ~~~~~~~~~~~~~~~~~~~~~~~~~~~~~~~~~~~~~~~~~~~~~~~~~~~~~~~~~~~
     Total energy                =  -2.16922961999074E+02  Eh
     Estimated bandgap (UP spin) =   1.1821E-02  Eh
     Estimated bandgap (DN spin) =   3.4969E-02  Eh
     RMS occupancy error         =   6.6145E-10
     [H,K] commutator            =   8.5313E-05
     UP spin occupancy bounds    = [  0.000:  1.000]
     DN spin occupancy bounds    = [  0.000:  1.000]
     ~~~~~~~~~~~~~~~~~~~~~~~~~~~~~~~~~~~~~~~~~~~~~~~~~~~~~~~~~~~




################################################################################
########################### NGWF CG iteration  040 #############################
################################################################################
****** Reciprocal space K.E. preconditioning with k_zero =  3.0000 a0^-1 *******

>>> Checking for convergence of NGWFs:   NOT CONVERGED
  ========================================================================
         NGWF RMS gradient =  2.3285E-06 >  2.0000E-06  | above tolerance
  ========================================================================

>>> Improving NGWFs using line search:
============ Calculation of NGWF S^-1 using Hotelling algorithm ================ 
     Iteration  |  Spin  |  Frobenius norm and Maximum abs value (of I-S*S_n^-1)
         1           1      0.88969396E-02     0.14470192E-02
         2           1      0.17211405E-04     0.62863039E-05
         3           1      0.13315648E-09     0.52139182E-10
         4           1      0.62125232E-14     0.13322676E-14
================================================================================
============ Calculation of NGWF S^-1 using Hotelling algorithm ================ 
     Iteration  |  Spin  |  Frobenius norm and Maximum abs value (of I-S*S_n^-1)
         1           1      0.39479480E-02     0.64139532E-03
         2           1      0.33745022E-05     0.12319025E-05
         3           1      0.50797379E-11     0.19959590E-11
         4           1      0.58870599E-14     0.15543122E-14
================================================================================
------------------------------- NGWF line search -------------------------------
RMS gradient                =       0.00000232845645
Trial step length           =               0.285995
Gradient along search dir.  =         -0.00004084299
Functional at step 0        =    -216.92296199907395
Functional at step 1        =    -216.92296319833810
Functional predicted        =    -216.92296525342101
Selected quadratic step     =               0.159359
Conjugate gradients coeff.  =               0.866596
--------------------------- NGWF line search finished --------------------------
                                               
Writing NGWFs to file "Fe_EtOH_3_LowSpin.tightbox_ngwfs".... done

>>> Optimising kernel for current NGWFs:
   Initial electron number for spin 1:      37.00047681
   Initial electron number for spin 2:      36.00056178
     Final electron number for spin 1:      37.00000000
     Final electron number for spin 2:      36.00000000

=================== Penalty functional idempotency correction ==================
 RMS occupancy error at iteration   1:  0.000072 (step -0.4999 Ne1=     37.0000)
                                                               Ne2=     36.0000
            Final RMS occupancy error   :  0.000000 (Ne1=     37.0000)
                                                     Ne2=     36.0000
            Final occupancy bounds spin 1: [  0.000,  1.000]
            Final occupancy bounds spin 2: [  0.000,  1.000]
================================================================================

................................................................................
<<<<<<<<<<<<<< LNV (Original version) density kernel optimisation >>>>>>>>>>>>>>
~~~~~~~~~~~~~~~~~~~~~~~~~~~~~~~~~~~~~~~~~~~~~~~~~~~~~~~~~~~~~~~~~~~~~~~~~~~~~~~~
   iter  |      energy (Eh)       | rms gradient |  commutator  |   dE (Eh)
      ideal mu1:      -0.970698665406
      ideal mu2:      -0.973832689904
             Q0:        -216.922966023653
             G0:      -0.000061376135
   RMS gradient:       0.000165363617
     Trial step:       0.504420676545
             Q1:        -216.922964243960
 Quadratic coef:       0.000032739084
 Linear coef   :      -0.000030959392
           Qmin:        -216.922973342763
Quadratic minimum step length (  0.238500215802) accepted
    Initial Ne1:      36.99999967
    Initial Ne2:      35.99999994
      Final Ne1:      37.00000000
      Final Ne2:      36.00000000

=================== Penalty functional idempotency correction ==================
 RMS occupancy error at iteration   1:  0.000000 (step -0.5000 Ne1=     37.0000)
                                                               Ne2=     36.0000
            Final RMS occupancy error   :  0.000000 (Ne1=     37.0000)
                                                     Ne2=     36.0000
            Final occupancy bounds spin 1: [  0.000,  1.000]
            Final occupancy bounds spin 2: [  0.000,  1.000]
================================================================================

    1        -2.169229660237E+02     1.6536E-04     1.0741E-04
      ideal mu1:      -0.970679911062
      ideal mu2:      -0.973811844206
             Q0:        -216.922972758139
             G0:      -0.000021814016
   RMS gradient:       0.000095206337
     Trial step:       0.346849304758
             Q1:        -216.922977462309
 Quadratic coef:       0.000002862006
 Linear coef   :      -0.000007566176
           Qmin:        -216.922977758742
Quadratic minimum step length (  0.458476152036) accepted
    Initial Ne1:      36.99999979
    Initial Ne2:      35.99999996
      Final Ne1:      37.00000000
      Final Ne2:      36.00000000

=================== Penalty functional idempotency correction ==================
 RMS occupancy error at iteration   1:  0.000000 (step -0.5000 Ne1=     37.0000)
                                                               Ne2=     36.0000
            Final RMS occupancy error   :  0.000000 (Ne1=     37.0000)
                                                     Ne2=     36.0000
            Final occupancy bounds spin 1: [  0.000,  1.000]
            Final occupancy bounds spin 2: [  0.000,  1.000]
================================================================================

    2        -2.169229727581E+02     9.5206E-05     6.1798E-05    -6.7345E-06
      ideal mu1:      -0.970696334024
      ideal mu2:      -0.973819648025
             Q0:        -216.922978457552
             G0:      -0.000034471936
   RMS gradient:       0.000097465949
     Trial step:       0.398775794879
             Q1:        -216.922986869846
 Quadratic coef:       0.000005334280
 Linear coef   :      -0.000013746574
           Qmin:        -216.922987313869
Quadratic minimum step length (  0.513827666684) accepted
    Initial Ne1:      36.99999975
    Initial Ne2:      35.99999995
      Final Ne1:      37.00000000
      Final Ne2:      36.00000000

=================== Penalty functional idempotency correction ==================
 RMS occupancy error at iteration   1:  0.000002 (step -0.5000 Ne1=     37.0000)
                                                               Ne2=     36.0000
            Final RMS occupancy error   :  0.000000 (Ne1=     37.0000)
                                                     Ne2=     36.0000
            Final occupancy bounds spin 1: [  0.000,  1.000]
            Final occupancy bounds spin 2: [ -0.000,  1.000]
================================================================================

    3        -2.169229784576E+02     9.7466E-05     6.3341E-05    -5.6994E-06
      ideal mu1:      -0.970728758365
      ideal mu2:      -0.973846624582
             Q0:        -216.922988415358
             G0:      -0.000037664585
   RMS gradient:       0.000093934781
     Trial step:       0.452661061074
             Q1:        -216.922998623104
 Quadratic coef:       0.000006841545
 Linear coef   :      -0.000017049291
           Qmin:        -216.922999037167
Quadratic minimum step length (  0.564021015863) accepted
    Initial Ne1:      36.99999974
    Initial Ne2:      35.99999995
      Final Ne1:      37.00000000
      Final Ne2:      36.00000000

=================== Penalty functional idempotency correction ==================
 RMS occupancy error at iteration   1:  0.000006 (step -0.5000 Ne1=     37.0000)
                                                               Ne2=     36.0000
            Final RMS occupancy error   :  0.000000 (Ne1=     37.0000)
                                                     Ne2=     36.0000
            Final occupancy bounds spin 1: [  0.000,  1.000]
            Final occupancy bounds spin 2: [  0.000,  1.000]
================================================================================

    4        -2.169229884154E+02     9.3935E-05     6.0973E-05    -9.9578E-06
      ideal mu1:      -0.970709941719
      ideal mu2:      -0.973839876122
    5        -2.169230002804E+02     1.2426E-04     8.0711E-05    -1.1865E-05
Finished density kernel iterations (   5)

Writing density kernel to file "Fe_EtOH_3_LowSpin.dkn" ... done


>>> Density kernel optimised for the current NGWF basis:
     ~~~~~~~~~~~~~~~~~~~~~~~~~~~~~~~~~~~~~~~~~~~~~~~~~~~~~~~~~~~
     Total energy                =  -2.16923000280379E+02  Eh
     Estimated bandgap (UP spin) =   1.1815E-02  Eh
     Estimated bandgap (DN spin) =   3.6276E-02  Eh
     RMS occupancy error         =   5.7195E-10
     [H,K] commutator            =   8.0711E-05
     UP spin occupancy bounds    = [  0.000:  1.000]
     DN spin occupancy bounds    = [ -0.000:  1.000]
     ~~~~~~~~~~~~~~~~~~~~~~~~~~~~~~~~~~~~~~~~~~~~~~~~~~~~~~~~~~~


================================================================================
           ---------------- ENERGY COMPONENTS (Eh) ----------------
           | Kinetic                    :       64.32109287016878 |
           | Core Hartree               :     -966.43861488876132 |
           | CoreHart (non-coul chg cor):        0.00155689502347
           | Hartree                    :      432.48488981121579 |
           | Exchange-correlation       :      -30.33223469884703 |
           | Ewald                      :      286.40959520493226 |
           | Dij0                       :       -0.28684454134436 |
           | Dijhartree                 :       10.88671845207707 |
           | Exc [AE core]              :     -113.51109989742167 |
           | Exc DC [AE core]           :      -48.25899536068831 |
           | Exc [PS core]              :      -24.44116212137197 |
           | Exc DC [PS core]           :      -28.85385368234237 |
           | Exc [Core]                 :      -75.10233528622905 |
           | Total [Sphere]             :       -3.36772857908794 |
           | Total                      :     -216.92300028037948 |
           --------------------------------------------------------
           ------ LOCAL ENERGY COMPONENTS FROM MATRIX TRACES ------
           | Core Hartree               :     -966.43861488876132 |
           | Hartree (Valence)          :      432.48488981121659 |
           --------------------------------------------------------
           Integrated compensation chrg.:       11.40437307849725
           Integrated density           :       72.99999932089496
           Integrated spin density      :        1.00000001719493
           Integrated |spin density|    :        2.56622335715082
           Local density approx. <S^2>  :        1.53311166997796
           Integrated density tr(KS)    :       73.00000000000000
           Integrated spin tr(KS)       :        1.00000000000000
================================================================================




################################################################################
########################### NGWF CG iteration  041 #############################
################################################################################
****** Reciprocal space K.E. preconditioning with k_zero =  3.0000 a0^-1 *******

>>> Checking for convergence of NGWFs:   NOT CONVERGED
  ========================================================================
         NGWF RMS gradient =  2.2906E-06 >  2.0000E-06  | above tolerance
  ========================================================================

>>> Improving NGWFs using line search:
============ Calculation of NGWF S^-1 using Hotelling algorithm ================ 
     Iteration  |  Spin  |  Frobenius norm and Maximum abs value (of I-S*S_n^-1)
         1           1      0.19430720E-02     0.31481192E-03
         2           1      0.84246918E-06     0.30665143E-06
         3           1      0.33266196E-12     0.12634338E-12
================================================================================
============ Calculation of NGWF S^-1 using Hotelling algorithm ================ 
     Iteration  |  Spin  |  Frobenius norm and Maximum abs value (of I-S*S_n^-1)
         1           1      0.26598754E-02     0.43071467E-03
         2           1      0.15703430E-05     0.57202730E-06
         3           1      0.11478910E-11     0.44098059E-12
================================================================================
------------------------------- NGWF line search -------------------------------
RMS gradient                =       0.00000229063345
Trial step length           =               0.213485
Gradient along search dir.  =         -0.00001151811
Functional at step 0        =    -216.92300028037911
Functional at step 1        =    -216.92300222005980
Functional predicted        =    -216.92300319142404
Selected quadratic step     =               0.505473
Conjugate gradients coeff.  =               0.000000
--------------------------- NGWF line search finished --------------------------
                                               
Writing NGWFs to file "Fe_EtOH_3_LowSpin.tightbox_ngwfs".... done

>>> Optimising kernel for current NGWFs:
   Initial electron number for spin 1:      37.00045818
   Initial electron number for spin 2:      36.00054281
     Final electron number for spin 1:      37.00000000
     Final electron number for spin 2:      36.00000000

=================== Penalty functional idempotency correction ==================
 RMS occupancy error at iteration   1:  0.000068 (step -0.4999 Ne1=     37.0000)
                                                               Ne2=     36.0000
            Final RMS occupancy error   :  0.000000 (Ne1=     37.0000)
                                                     Ne2=     36.0000
            Final occupancy bounds spin 1: [  0.000,  1.000]
            Final occupancy bounds spin 2: [  0.000,  1.000]
================================================================================

................................................................................
<<<<<<<<<<<<<< LNV (Original version) density kernel optimisation >>>>>>>>>>>>>>
~~~~~~~~~~~~~~~~~~~~~~~~~~~~~~~~~~~~~~~~~~~~~~~~~~~~~~~~~~~~~~~~~~~~~~~~~~~~~~~~
   iter  |      energy (Eh)       | rms gradient |  commutator  |   dE (Eh)
      ideal mu1:      -0.970709132895
      ideal mu2:      -0.973842266802
             Q0:        -216.923004115973
             G0:      -0.000053082546
   RMS gradient:       0.000153785740
     Trial step:       0.505282447260
             Q1:        -216.923003264160
 Quadratic coef:       0.000027673491
 Linear coef   :      -0.000026821679
           Qmin:        -216.923010614994
Quadratic minimum step length (  0.244864723272) accepted
    Initial Ne1:      36.99999989
    Initial Ne2:      36.00000009
      Final Ne1:      37.00000000
      Final Ne2:      36.00000000

=================== Penalty functional idempotency correction ==================
 RMS occupancy error at iteration   1:  0.000000 (step -0.5000 Ne1=     37.0000)
                                                               Ne2=     36.0000
            Final RMS occupancy error   :  0.000000 (Ne1=     37.0000)
                                                     Ne2=     36.0000
            Final occupancy bounds spin 1: [  0.000,  1.000]
            Final occupancy bounds spin 2: [  0.000,  1.000]
================================================================================

    1        -2.169230041160E+02     1.5379E-04     9.9919E-05
      ideal mu1:      -0.970688111984
      ideal mu2:      -0.973820130692
             Q0:        -216.923010244683
             G0:      -0.000018039390
   RMS gradient:       0.000087311414
     Trial step:       0.351746850195
             Q1:        -216.923014117127
 Quadratic coef:       0.000002472855
 Linear coef   :      -0.000006345299
           Qmin:        -216.923014315162
Quadratic minimum step length (  0.451287795424) accepted
    Initial Ne1:      36.99999993
    Initial Ne2:      36.00000005
      Final Ne1:      37.00000000
      Final Ne2:      36.00000000

=================== Penalty functional idempotency correction ==================
 RMS occupancy error at iteration   1:  0.000000 (step -0.5000 Ne1=     37.0000)
                                                               Ne2=     36.0000
            Final RMS occupancy error   :  0.000000 (Ne1=     37.0000)
                                                     Ne2=     36.0000
            Final occupancy bounds spin 1: [  0.000,  1.000]
            Final occupancy bounds spin 2: [  0.000,  1.000]
================================================================================

    2        -2.169230102447E+02     8.7311E-05     5.6679E-05    -6.1287E-06
      ideal mu1:      -0.970704512582
      ideal mu2:      -0.973828733902
             Q0:        -216.923014840850
             G0:      -0.000029008320
   RMS gradient:       0.000089366637
     Trial step:       0.398420708011
             Q1:        -216.923021975126
 Quadratic coef:       0.000004423239
 Linear coef   :      -0.000011557515
           Qmin:        -216.923022390530
Quadratic minimum step length (  0.520518293393) accepted
    Initial Ne1:      36.99999992
    Initial Ne2:      36.00000006
      Final Ne1:      37.00000000
      Final Ne2:      36.00000000

=================== Penalty functional idempotency correction ==================
 RMS occupancy error at iteration   1:  0.000002 (step -0.5000 Ne1=     37.0000)
                                                               Ne2=     36.0000
            Final RMS occupancy error   :  0.000000 (Ne1=     37.0000)
                                                     Ne2=     36.0000
            Final occupancy bounds spin 1: [  0.000,  1.000]
            Final occupancy bounds spin 2: [  0.000,  1.000]
================================================================================

    3        -2.169230148408E+02     8.9367E-05     5.8066E-05    -4.5962E-06
      ideal mu1:      -0.970742978868
      ideal mu2:      -0.973860668717
             Q0:        -216.923023400075
             G0:      -0.000030687981
   RMS gradient:       0.000084258893
     Trial step:       0.455395725700
             Q1:        -216.923032222968
 Quadratic coef:       0.000005152282
 Linear coef   :      -0.000013975175
           Qmin:        -216.923032876727
Quadratic minimum step length (  0.617613250807) accepted
    Initial Ne1:      36.99999991
    Initial Ne2:      36.00000006
      Final Ne1:      37.00000000
      Final Ne2:      36.00000000

=================== Penalty functional idempotency correction ==================
 RMS occupancy error at iteration   1:  0.000005 (step -0.5000 Ne1=     37.0000)
                                                               Ne2=     36.0000
            Final RMS occupancy error   :  0.000000 (Ne1=     37.0000)
                                                     Ne2=     36.0000
            Final occupancy bounds spin 1: [  0.000,  1.000]
            Final occupancy bounds spin 2: [  0.000,  1.000]
================================================================================

    4        -2.169230234001E+02     8.4259E-05     5.4700E-05    -8.5592E-06
      ideal mu1:      -0.970738650303
      ideal mu2:      -0.973865795546
    5        -2.169230343930E+02     1.1667E-04     7.5782E-05    -1.0993E-05
Finished density kernel iterations (   5)

Writing density kernel to file "Fe_EtOH_3_LowSpin.dkn" ... done


>>> Density kernel optimised for the current NGWF basis:
     ~~~~~~~~~~~~~~~~~~~~~~~~~~~~~~~~~~~~~~~~~~~~~~~~~~~~~~~~~~~
     Total energy                =  -2.16923034392953E+02  Eh
     Estimated bandgap (UP spin) =   1.1795E-02  Eh
     Estimated bandgap (DN spin) =   3.5161E-02  Eh
     RMS occupancy error         =   4.7237E-10
     [H,K] commutator            =   7.5782E-05
     UP spin occupancy bounds    = [  0.000:  1.000]
     DN spin occupancy bounds    = [  0.000:  1.000]
     ~~~~~~~~~~~~~~~~~~~~~~~~~~~~~~~~~~~~~~~~~~~~~~~~~~~~~~~~~~~




################################################################################
########################### NGWF CG iteration  042 #############################
################################################################################
****** Reciprocal space K.E. preconditioning with k_zero =  3.0000 a0^-1 *******

>>> Checking for convergence of NGWFs:   NOT CONVERGED
  ========================================================================
         NGWF RMS gradient =  2.1475E-06 >  2.0000E-06  | above tolerance
  ========================================================================

>>> Improving NGWFs using line search:
============ Calculation of NGWF S^-1 using Hotelling algorithm ================ 
     Iteration  |  Spin  |  Frobenius norm and Maximum abs value (of I-S*S_n^-1)
         1           1      0.56245377E-02     0.90670253E-03
         2           1      0.69974029E-05     0.25335929E-05
         3           1      0.22660645E-10     0.86801677E-11
         4           1      0.65502208E-14     0.15543122E-14
================================================================================
============ Calculation of NGWF S^-1 using Hotelling algorithm ================ 
     Iteration  |  Spin  |  Frobenius norm and Maximum abs value (of I-S*S_n^-1)
         1           1      0.14280099E-02     0.23007985E-03
         2           1      0.44936598E-06     0.16275427E-06
         3           1      0.93052700E-13     0.35305092E-13
================================================================================
------------------------------- NGWF line search -------------------------------
RMS gradient                =       0.00000214748026
Trial step length           =               0.328498
Gradient along search dir.  =         -0.00001847405
Functional at step 0        =    -216.92303439295307
Functional at step 1        =    -216.92303639648509
Functional predicted        =    -216.92303665787088
Selected quadratic step     =               0.245200
Conjugate gradients coeff.  =               0.878916
--------------------------- NGWF line search finished --------------------------
                                               
Writing NGWFs to file "Fe_EtOH_3_LowSpin.tightbox_ngwfs".... done

>>> Optimising kernel for current NGWFs:
   Initial electron number for spin 1:      37.00041968
   Initial electron number for spin 2:      36.00049572
     Final electron number for spin 1:      37.00000000
     Final electron number for spin 2:      36.00000000

=================== Penalty functional idempotency correction ==================
 RMS occupancy error at iteration   1:  0.000060 (step -0.4999 Ne1=     37.0000)
                                                               Ne2=     36.0000
            Final RMS occupancy error   :  0.000000 (Ne1=     37.0000)
                                                     Ne2=     36.0000
            Final occupancy bounds spin 1: [  0.000,  1.000]
            Final occupancy bounds spin 2: [  0.000,  1.000]
================================================================================

................................................................................
<<<<<<<<<<<<<< LNV (Original version) density kernel optimisation >>>>>>>>>>>>>>
~~~~~~~~~~~~~~~~~~~~~~~~~~~~~~~~~~~~~~~~~~~~~~~~~~~~~~~~~~~~~~~~~~~~~~~~~~~~~~~~
   iter  |      energy (Eh)       | rms gradient |  commutator  |   dE (Eh)
      ideal mu1:      -0.970736769577
      ideal mu2:      -0.973866908309
             Q0:        -216.923037236946
             G0:      -0.000047819633
   RMS gradient:       0.000145963180
     Trial step:       0.530338038004
             Q1:        -216.923033587514
 Quadratic coef:       0.000029010002
 Linear coef   :      -0.000025360571
           Qmin:        -216.923042779504
Quadratic minimum step length (  0.231811002796) accepted
    Initial Ne1:      36.99999980
    Initial Ne2:      35.99999997
      Final Ne1:      37.00000000
      Final Ne2:      36.00000000

=================== Penalty functional idempotency correction ==================
 RMS occupancy error at iteration   1:  0.000000 (step -0.5000 Ne1=     37.0000)
                                                               Ne2=     36.0000
            Final RMS occupancy error   :  0.000000 (Ne1=     37.0000)
                                                     Ne2=     36.0000
            Final occupancy bounds spin 1: [  0.000,  1.000]
            Final occupancy bounds spin 2: [  0.000,  1.000]
================================================================================

    1        -2.169230372369E+02     1.4596E-04     9.4805E-05
      ideal mu1:      -0.970716932234
      ideal mu2:      -0.973846012107
             Q0:        -216.923042346603
             G0:      -0.000015781265
   RMS gradient:       0.000081394521
     Trial step:       0.350625430354
             Q1:        -216.923045786459
 Quadratic coef:       0.000002093457
 Linear coef   :      -0.000005533313
           Qmin:        -216.923046002942
Quadratic minimum step length (  0.463377079612) accepted
    Initial Ne1:      36.99999988
    Initial Ne2:      35.99999998
      Final Ne1:      37.00000000
      Final Ne2:      36.00000000

=================== Penalty functional idempotency correction ==================
 RMS occupancy error at iteration   1:  0.000000 (step -0.5000 Ne1=     37.0000)
                                                               Ne2=     36.0000
            Final RMS occupancy error   :  0.000000 (Ne1=     37.0000)
                                                     Ne2=     36.0000
            Final occupancy bounds spin 1: [  0.000,  1.000]
            Final occupancy bounds spin 2: [  0.000,  1.000]
================================================================================

    2        -2.169230423466E+02     8.1395E-05     5.2819E-05    -5.1097E-06
      ideal mu1:      -0.970722741220
      ideal mu2:      -0.973845665443
             Q0:        -216.923046497376
             G0:      -0.000024454785
   RMS gradient:       0.000082754413
     Trial step:       0.403077893161
             Q1:        -216.923052571855
 Quadratic coef:       0.000003782705
 Linear coef   :      -0.000009857183
           Qmin:        -216.923052918976
Quadratic minimum step length (  0.525181473625) accepted
    Initial Ne1:      36.99999986
    Initial Ne2:      35.99999998
      Final Ne1:      37.00000000
      Final Ne2:      36.00000000

=================== Penalty functional idempotency correction ==================
 RMS occupancy error at iteration   1:  0.000002 (step -0.5000 Ne1=     37.0000)
                                                               Ne2=     36.0000
            Final RMS occupancy error   :  0.000000 (Ne1=     37.0000)
                                                     Ne2=     36.0000
            Final occupancy bounds spin 1: [  0.000,  1.000]
            Final occupancy bounds spin 2: [  0.000,  1.000]
================================================================================

    3        -2.169230464974E+02     8.2754E-05     5.3770E-05    -4.1508E-06
      ideal mu1:      -0.970742971126
      ideal mu2:      -0.973862313389
             Q0:        -216.923053730329
             G0:      -0.000027456950
   RMS gradient:       0.000080924421
     Trial step:       0.460096774512
             Q1:        -216.923061291478
 Quadratic coef:       0.000005071705
 Linear coef   :      -0.000012632854
           Qmin:        -216.923061596964
Quadratic minimum step length (  0.573015955534) accepted
    Initial Ne1:      36.99999985
    Initial Ne2:      35.99999998
      Final Ne1:      37.00000000
      Final Ne2:      36.00000000

=================== Penalty functional idempotency correction ==================
 RMS occupancy error at iteration   1:  0.000004 (step -0.5000 Ne1=     37.0000)
                                                               Ne2=     36.0000
            Final RMS occupancy error   :  0.000000 (Ne1=     37.0000)
                                                     Ne2=     36.0000
            Final occupancy bounds spin 1: [  0.000,  1.000]
            Final occupancy bounds spin 2: [  0.000,  1.000]
================================================================================

    4        -2.169230537303E+02     8.0924E-05     5.2515E-05    -7.2330E-06
      ideal mu1:      -0.970729321921
      ideal mu2:      -0.973858483534
    5        -2.169230624706E+02     1.0959E-04     7.1174E-05    -8.7402E-06
Finished density kernel iterations (   5)

Writing density kernel to file "Fe_EtOH_3_LowSpin.dkn" ... done


>>> Density kernel optimised for the current NGWF basis:
     ~~~~~~~~~~~~~~~~~~~~~~~~~~~~~~~~~~~~~~~~~~~~~~~~~~~~~~~~~~~
     Total energy                =  -2.16923062470574E+02  Eh
     Estimated bandgap (UP spin) =   1.1627E-02  Eh
     Estimated bandgap (DN spin) =   3.6844E-02  Eh
     RMS occupancy error         =   3.1313E-10
     [H,K] commutator            =   7.1174E-05
     UP spin occupancy bounds    = [  0.000:  1.000]
     DN spin occupancy bounds    = [  0.000:  1.000]
     ~~~~~~~~~~~~~~~~~~~~~~~~~~~~~~~~~~~~~~~~~~~~~~~~~~~~~~~~~~~




################################################################################
########################### NGWF CG iteration  043 #############################
################################################################################
****** Reciprocal space K.E. preconditioning with k_zero =  3.0000 a0^-1 *******

>>> Checking for convergence of NGWFs:   NOT CONVERGED
  ========================================================================
         NGWF RMS gradient =  2.0833E-06 >  2.0000E-06  | above tolerance
  ========================================================================

>>> Improving NGWFs using line search:
============ Calculation of NGWF S^-1 using Hotelling algorithm ================ 
     Iteration  |  Spin  |  Frobenius norm and Maximum abs value (of I-S*S_n^-1)
         1           1      0.71668906E-02     0.11539391E-02
         2           1      0.11296693E-04     0.40960305E-05
         3           1      0.58459381E-10     0.22544189E-10
         4           1      0.60357622E-14     0.14432899E-14
================================================================================
============ Calculation of NGWF S^-1 using Hotelling algorithm ================ 
     Iteration  |  Spin  |  Frobenius norm and Maximum abs value (of I-S*S_n^-1)
         1           1      0.30454956E-02     0.49007689E-03
         2           1      0.20334372E-05     0.73733939E-06
         3           1      0.18845792E-11     0.72863937E-12
================================================================================
------------------------------- NGWF line search -------------------------------
RMS gradient                =       0.00000208332050
Trial step length           =               0.283809
Gradient along search dir.  =         -0.00002626323
Functional at step 0        =    -216.92306247057368
Functional at step 1        =    -216.92306345031750
Functional predicted        =    -216.92306461601402
Selected quadratic step     =               0.163380
Conjugate gradients coeff.  =               0.941139
--------------------------- NGWF line search finished --------------------------
                                               
Writing NGWFs to file "Fe_EtOH_3_LowSpin.tightbox_ngwfs".... done

>>> Optimising kernel for current NGWFs:
   Initial electron number for spin 1:      37.00041436
   Initial electron number for spin 2:      36.00049055
     Final electron number for spin 1:      37.00000000
     Final electron number for spin 2:      36.00000000

=================== Penalty functional idempotency correction ==================
 RMS occupancy error at iteration   1:  0.000059 (step -0.4999 Ne1=     37.0000)
                                                               Ne2=     36.0000
            Final RMS occupancy error   :  0.000000 (Ne1=     37.0000)
                                                     Ne2=     36.0000
            Final occupancy bounds spin 1: [  0.000,  1.000]
            Final occupancy bounds spin 2: [  0.000,  1.000]
================================================================================

................................................................................
<<<<<<<<<<<<<< LNV (Original version) density kernel optimisation >>>>>>>>>>>>>>
~~~~~~~~~~~~~~~~~~~~~~~~~~~~~~~~~~~~~~~~~~~~~~~~~~~~~~~~~~~~~~~~~~~~~~~~~~~~~~~~
   iter  |      energy (Eh)       | rms gradient |  commutator  |   dE (Eh)
      ideal mu1:      -0.970729402043
      ideal mu2:      -0.973861233999
             Q0:        -216.923065165560
             G0:      -0.000044254076
   RMS gradient:       0.000140416076
     Trial step:       0.513461578782
             Q1:        -216.923063120574
 Quadratic coef:       0.000024767753
 Linear coef   :      -0.000022722768
           Qmin:        -216.923070377217
Quadratic minimum step length (  0.235533438476) accepted
    Initial Ne1:      36.99999982
    Initial Ne2:      35.99999997
      Final Ne1:      37.00000000
      Final Ne2:      36.00000000

=================== Penalty functional idempotency correction ==================
 RMS occupancy error at iteration   1:  0.000000 (step -0.5000 Ne1=     37.0000)
                                                               Ne2=     36.0000
            Final RMS occupancy error   :  0.000000 (Ne1=     37.0000)
                                                     Ne2=     36.0000
            Final occupancy bounds spin 1: [  0.000,  1.000]
            Final occupancy bounds spin 2: [  0.000,  1.000]
================================================================================

    1        -2.169230651656E+02     1.4042E-04     9.1221E-05
      ideal mu1:      -0.970709877422
      ideal mu2:      -0.973841069482
             Q0:        -216.923070099496
             G0:      -0.000013344239
   RMS gradient:       0.000075396249
     Trial step:       0.347760508361
             Q1:        -216.923072898288
 Quadratic coef:       0.000001841808
 Linear coef   :      -0.000004640599
           Qmin:        -216.923073022597
Quadratic minimum step length (  0.438106813121) accepted
    Initial Ne1:      36.99999990
    Initial Ne2:      35.99999999
      Final Ne1:      37.00000000
      Final Ne2:      36.00000000

=================== Penalty functional idempotency correction ==================
 RMS occupancy error at iteration   1:  0.000000 (step -0.5000 Ne1=     37.0000)
                                                               Ne2=     36.0000
            Final RMS occupancy error   :  0.000000 (Ne1=     37.0000)
                                                     Ne2=     36.0000
            Final occupancy bounds spin 1: [  0.000,  1.000]
            Final occupancy bounds spin 2: [  0.000,  1.000]
================================================================================

    2        -2.169230700995E+02     7.5396E-05     4.8932E-05    -4.9339E-06
      ideal mu1:      -0.970721863141
      ideal mu2:      -0.973846822317
             Q0:        -216.923073360630
             G0:      -0.000020531661
   RMS gradient:       0.000075913304
     Trial step:       0.390328384886
             Q1:        -216.923078347461
 Quadratic coef:       0.000003027259
 Linear coef   :      -0.000008014090
           Qmin:        -216.923078664573
Quadratic minimum step length (  0.516659878570) accepted
    Initial Ne1:      36.99999988
    Initial Ne2:      35.99999998
      Final Ne1:      37.00000000
      Final Ne2:      36.00000000

=================== Penalty functional idempotency correction ==================
 RMS occupancy error at iteration   1:  0.000001 (step -0.5000 Ne1=     37.0000)
                                                               Ne2=     36.0000
            Final RMS occupancy error   :  0.000000 (Ne1=     37.0000)
                                                     Ne2=     36.0000
            Final occupancy bounds spin 1: [  0.000,  1.000]
            Final occupancy bounds spin 2: [  0.000,  1.000]
================================================================================

    3        -2.169230733606E+02     7.5913E-05     4.9310E-05    -3.2611E-06
      ideal mu1:      -0.970752142664
      ideal mu2:      -0.973871560551
             Q0:        -216.923079411231
             G0:      -0.000021884047
   RMS gradient:       0.000071320756
     Trial step:       0.449073508390
             Q1:        -216.923085558823
 Quadratic coef:       0.000003679954
 Linear coef   :      -0.000009827546
           Qmin:        -216.923085972499
Quadratic minimum step length (  0.599639354166) accepted
    Initial Ne1:      36.99999988
    Initial Ne2:      35.99999998
      Final Ne1:      37.00000000
      Final Ne2:      36.00000000

=================== Penalty functional idempotency correction ==================
 RMS occupancy error at iteration   1:  0.000004 (step -0.5000 Ne1=     37.0000)
                                                               Ne2=     36.0000
            Final RMS occupancy error   :  0.000000 (Ne1=     37.0000)
                                                     Ne2=     36.0000
            Final occupancy bounds spin 1: [  0.000,  1.000]
            Final occupancy bounds spin 2: [  0.000,  1.000]
================================================================================

    4        -2.169230794112E+02     7.1321E-05     4.6288E-05    -6.0506E-06
      ideal mu1:      -0.970747932938
      ideal mu2:      -0.973874863656
    5        -2.169230869280E+02     1.0044E-04     6.5230E-05    -7.5167E-06
Finished density kernel iterations (   5)

Writing density kernel to file "Fe_EtOH_3_LowSpin.dkn" ... done


>>> Density kernel optimised for the current NGWF basis:
     ~~~~~~~~~~~~~~~~~~~~~~~~~~~~~~~~~~~~~~~~~~~~~~~~~~~~~~~~~~~
     Total energy                =  -2.16923086927964E+02  Eh
     Estimated bandgap (UP spin) =   1.1634E-02  Eh
     Estimated bandgap (DN spin) =   3.5278E-02  Eh
     RMS occupancy error         =   1.9820E-10
     [H,K] commutator            =   6.5230E-05
     UP spin occupancy bounds    = [  0.000:  1.000]
     DN spin occupancy bounds    = [  0.000:  1.000]
     ~~~~~~~~~~~~~~~~~~~~~~~~~~~~~~~~~~~~~~~~~~~~~~~~~~~~~~~~~~~




################################################################################
########################### NGWF CG iteration  044 #############################
################################################################################
****** Reciprocal space K.E. preconditioning with k_zero =  3.0000 a0^-1 *******

>>> Checking for convergence of NGWFs: 
           ........................................................
           |         *** NGWF optimisation converged ***          |
           | RMS NGWF gradient =    0.00000195292412              |
           | Criteria satisfied:                                  |
           | -> RMS NGWF gradient lower than set threshold.       |
           ========================================================

================================================================================
           ---------------- ENERGY COMPONENTS (Eh) ----------------
           | Kinetic                    :       64.32101659606170 |
           | Core Hartree               :     -966.43613703947642 |
           | CoreHart (non-coul chg cor):        0.00155689502347
           | Hartree                    :      432.48229225322967 |
           | Exchange-correlation       :      -30.33238867462399 |
           | Ewald                      :      286.40959520493226 |
           | Dij0                       :       -0.28661113315236 |
           | Dijhartree                 :       10.88681411228844 |
           | Exc [AE core]              :     -113.51120709831532 |
           | Exc DC [AE core]           :      -48.25915889492898 |
           | Exc [PS core]              :      -24.44120356486324 |
           | Exc DC [PS core]           :      -28.85390722696894 |
           | Exc [Core]                 :      -75.10233528622905 |
           | Total [Sphere]             :       -3.36746526808695 |
           | Total                      :     -216.92308692796377 |
           --------------------------------------------------------
           ------ LOCAL ENERGY COMPONENTS FROM MATRIX TRACES ------
           | Core Hartree               :     -966.43613703947699 |
           | Hartree (Valence)          :      432.48229225322996 |
           --------------------------------------------------------
           Integrated compensation chrg.:       11.40439777590542
           Integrated density           :       72.99999932086801
           Integrated spin density      :        1.00000001698818
           Integrated |spin density|    :        2.56049364319287
           Local density approx. <S^2>  :        1.53024681310191
           Integrated density tr(KS)    :       73.00000000000000
           Integrated spin tr(KS)       :        1.00000000000000
================================================================================

Calculating NGWF non self-consistent forces...done.

                        <<<<< CALCULATION SUMMARY >>>>>                         
|ITER|    RMS GRADIENT   |     TOTAL ENERGY    |   step   |     Epredicted              
   0     0.00120426306229   -213.96157787340712   1.216408   -215.89782984107208        
   1     0.00054877768947   -216.44895069507470   0.889446   -216.72063185918375        
   2     0.00024345739021   -216.79181067439424   0.824755   -216.84810895413119        
   3     0.00016170138256   -216.86662864303847   0.650085   -216.88547565483978        
   4     0.00008615751634   -216.89345231038084   0.787536   -216.89986879018483        
   5     0.00006046500209   -216.90408212744182   0.805711   -216.90729734377342        
   6     0.00004256422748   -216.90951701073411   1.053125   -216.91174888092985        
   7     0.00002966587689   -216.91334598461654   0.695359   -216.91410961321785        
   8     0.00002043238028   -216.91513853337145   0.532505   -216.91538253979638        
   9     0.00001502112886   -216.91618271053662   0.997468   -216.91643292843042        
  10     0.00001258780856   -216.91717455353415   0.660657   -216.91733427981387        
  11     0.00001104705982   -216.91797691363570   0.577030   -216.91810522881596        
  12     0.00000942802285   -216.91861624958744   0.784550   -216.91869279191619        
  13     0.00000876237932   -216.91906503996901   0.733466   -216.91914028651067        
  14     0.00000729384568   -216.91941650721989   0.575748   -216.91948161998613        
  15     0.00000700785482   -216.91968016164049   0.371082   -216.91972999468976        
  16     0.00000636462112   -216.91987241203165   0.743142   -216.91990545332291        
  17     0.00000558303215   -216.92000591679559   0.509601   -216.92003230563552        
  18     0.00000527500985   -216.92010784604000   0.352451   -216.92013331180877        
  19     0.00000463374927   -216.92019611598479   0.277088   -216.92021538961529        
  20     0.00000472847717   -216.92027420167059   0.737875   -216.92029230945582        
  21     0.00000457739184   -216.92036872689835   0.460830   -216.92038733992163        
  22     0.00000460361179   -216.92045799119524   0.301406   -216.92047726837924        
  23     0.00000530202227   -216.92060543661651   0.195948   -216.92062895084354        
  24     0.00000452688170   -216.92075639888085   0.888799   -216.92077639020923        
  25     0.00000368574225   -216.92093207816282   0.445251   -216.92094024577614        
  26     0.00000331294634   -216.92109971275596   0.349834   -216.92110806996939        
  27     0.00000355283369   -216.92131523093809   0.192855   -216.92132144529728        
  28     0.00000374902385   -216.92151682191391   0.691374   -216.92152748761941        
  29     0.00000434769531   -216.92176486190655   0.345294   -216.92177439974719        
  30     0.00000389425705   -216.92197177426976   0.330511   -216.92198424456046        
  31     0.00000421046947   -216.92219426409062   0.215985   -216.92220654972925        
  32     0.00000350792705   -216.92236281154544   0.748100   -216.92237291571936        
  33     0.00000324152068   -216.92251021441430   0.410976   -216.92251779999154        
  34     0.00000311619260   -216.92262321343435   0.297425   -216.92263128273541        
  35     0.00000287048310   -216.92272156926111   0.215965   -216.92272774984232        
  36     0.00000276591196   -216.92279845454635   0.644844   -216.92280386920814        
  37     0.00000254900482   -216.92286449924552   0.326522   -216.92286861792434        
  38     0.00000250126515   -216.92291674615512   0.219902   -216.92292087635354        
  39     0.00000232845645   -216.92296199907395   0.159359   -216.92296525342101        
  40     0.00000229063345   -216.92300028037911   0.505473   -216.92300319142404        
  41     0.00000214748026   -216.92303439295307   0.245200   -216.92303665787088        
  42     0.00000208332050   -216.92306247057368   0.163380   -216.92306461601402        
  43     0.00000195292412   -216.92308692796402  <-- CG                                 

======================== Writing density and potential =========================
Writing "Fe_EtOH_3_LowSpin_ps_density.cube" ... done
Writing "Fe_EtOH_3_LowSpin_ps_spindensity.cube" ... done
Writing "Fe_EtOH_3_LowSpin_ae_density.cube" ... done
Writing "Fe_EtOH_3_LowSpin_ae_spindensity.cube" ... done
Writing "Fe_EtOH_3_LowSpin_potential.cube" ... done
Writing "Fe_EtOH_3_LowSpin_electrostatic_potential.cube" ... done
================================================================================

    Mulliken Atomic Populations
    ---------------------------
Species  Ion    Total   Charge (e)    Spin (hbar)
=================================================
  Fe     1      15.026      0.974      0.89
  O      2       6.171     -0.171     -0.05
  O      3       6.195     -0.195     -0.03
  O      4       6.171     -0.171     -0.04
  H      5       0.636      0.364      0.00
  C      6       4.483     -0.483     -0.02
  H      7       0.640      0.360     -0.00
  C      8       4.488     -0.488     -0.02
  H      9       0.637      0.363      0.00
  C     10       4.442     -0.442     -0.01
  H     11       0.607      0.393     -0.01
  H     12       0.580      0.420     -0.02
  C     13       5.176     -1.176     -0.03
  H     14       0.562      0.438     -0.01
  H     15       0.516      0.484     -0.00
  H     16       0.574      0.426     -0.01
  H     17       0.644      0.356     -0.01
  C     18       4.934     -0.934     -0.02
  H     19       0.637      0.363     -0.02
  H     20       0.623      0.377     -0.01
  H     21       0.640      0.360     -0.01
  H     22       0.592      0.408     -0.00
  H     23       0.605      0.395     -0.01
  H     24       0.589      0.411     -0.02
  C     25       5.187     -1.187     -0.03
  H     26       0.565      0.435     -0.01
  H     27       0.515      0.485     -0.00
  H     28       0.566      0.434     -0.01
=================================================

        Bond         Population      Spin       Length (bohr)
=============================================================
 O     3 -- H     7        0.69      0.00      1.83852
 O     2 -- H     5        0.69     -0.00      1.84087
 O     4 -- H     9        0.69      0.00      1.84092
 C    18 -- H    22        0.74     -0.00      2.06751
 C    13 -- H    15        0.69     -0.00      2.06927
 C    25 -- H    27        0.69     -0.00      2.07100
 C     8 -- H    11        0.77     -0.01      2.07308
 C     6 -- H    23        0.77     -0.01      2.07493
 C    10 -- H    17        0.79     -0.01      2.07743
 C    13 -- H    16        0.72     -0.01      2.08015
 C    18 -- H    21        0.76     -0.01      2.08488
 C    25 -- H    26        0.71     -0.01      2.08527
 C    25 -- H    28        0.71     -0.01      2.08994
 C     8 -- H    12        0.73     -0.02      2.09335
 C    18 -- H    20        0.75     -0.01      2.09337
 C    13 -- H    14        0.70     -0.01      2.09365
 C     6 -- H    24        0.74     -0.02      2.09371
 C    10 -- H    19        0.76     -0.02      2.09795
 O     3 -- C    10        0.56      0.01      2.79617
 C     8 -- C    13        0.60      0.01      2.79735
 C    10 -- C    18        0.63      0.01      2.79777
 O     4 -- C     6        0.58      0.01      2.80208
 C     6 -- C    25        0.60      0.01      2.80439
 O     2 -- C     8        0.56      0.02      2.81715
 H    27 -- H    28       -0.07      0.00      3.30720
 H    20 -- H    21       -0.08      0.01      3.33460
 H    26 -- H    28       -0.08      0.00      3.33469
 H    17 -- H    19       -0.10      0.01      3.33915
 H    14 -- H    15       -0.07      0.00      3.34107
 H    14 -- H    16       -0.08      0.00      3.34239
 H    23 -- H    24       -0.09      0.01      3.34567
 H    21 -- H    22       -0.07     -0.00      3.34632
 H    11 -- H    12       -0.09      0.01      3.34662
 H    15 -- H    16       -0.06      0.00      3.36068
 H    20 -- H    22       -0.07      0.00      3.37139
 H    26 -- H    27       -0.05     -0.00      3.41293
 Fe    1 -- O     2        0.22      0.02      3.65656
 Fe    1 -- O     4        0.22      0.00      3.68315
 Fe    1 -- O     3        0.20      0.00      3.69748
 C     6 -- H     9       -0.14      0.00      3.79978
 H     5 -- C     8       -0.14      0.00      3.80666
 H     7 -- C    10       -0.15      0.00      3.81203
 O     4 -- H    23       -0.09      0.00      3.90801
 O     2 -- H    12       -0.09      0.01      3.92008
 O     3 -- H    17       -0.09      0.00      3.92144
 O     3 -- H    19       -0.10      0.01      3.92547
 O     2 -- H    11       -0.08      0.00      3.92988
 O     4 -- H    24       -0.09      0.00      3.94453
 C     6 -- H    27       -0.10      0.00      3.96186
 C    10 -- H    22       -0.10     -0.00      3.96865
 C     8 -- H    15       -0.10      0.00      3.96910
 H    24 -- C    25       -0.13      0.01      4.04100
 C    18 -- H    19       -0.13      0.01      4.04838
 H    12 -- C    13       -0.12      0.01      4.05955
 C     6 -- H    26       -0.11      0.00      4.07272
 C    10 -- H    20       -0.11      0.00      4.07679
 C     8 -- H    14       -0.10      0.00      4.09245
 H    17 -- C    18       -0.12      0.00      4.10425
 H    11 -- C    13       -0.13     -0.00      4.10430
 C     8 -- H    16       -0.10      0.00      4.10952
 H    23 -- C    25       -0.12      0.00      4.12105
 C    10 -- H    21       -0.10      0.00      4.12584
 C     6 -- H    28       -0.09      0.00      4.15058
 H     5 -- H    16       -0.01     -0.00      4.49034
 H     7 -- H    21       -0.01      0.00      4.57444
 H     9 -- C    25       -0.08     -0.00      4.61298
 H    19 -- H    22       -0.02      0.00      4.61580
 H    24 -- H    27       -0.02     -0.00      4.62581
 H    12 -- H    15       -0.02      0.00      4.63066
 H     7 -- C    18       -0.07      0.00      4.64801
 H     9 -- H    28       -0.01     -0.00      4.65951
 H     5 -- C    13       -0.07     -0.00      4.66392
 O     4 -- C    25       -0.14     -0.00      4.66988
 O     3 -- C    18       -0.13     -0.00      4.67658
 O     2 -- C    13       -0.13     -0.00      4.68110
 H    23 -- H    27       -0.02      0.00      4.69444
 H    17 -- H    22       -0.02     -0.00      4.71322
 H    11 -- H    15       -0.02      0.00      4.73382
 H    24 -- H    28       -0.02      0.00      4.77395
 H     5 -- H    12       -0.00     -0.00      4.78741
 H    11 -- H    14       -0.03      0.00      4.79826
 H    17 -- H    20       -0.03      0.00      4.80991
 Fe    1 -- H     5       -0.15     -0.00      4.81199
 H    19 -- H    21       -0.03      0.00      4.82312
 H    12 -- H    16       -0.02      0.00      4.82914
 Fe    1 -- H     9       -0.14     -0.00      4.84025
 H    23 -- H    26       -0.02      0.00      4.86859
 H     9 -- H    24        0.00      0.00      4.88570
 Fe    1 -- H     7       -0.14     -0.00      4.88782
 H     7 -- H    19        0.00      0.00      4.90201
 H     9 -- H    26       -0.01      0.00      4.92330
 H     7 -- H    20       -0.01      0.00      5.07506
 O     4 -- H    26       -0.02     -0.00      5.18776
 O     2 -- H    16       -0.02      0.00      5.23027
 H     5 -- H    14       -0.01     -0.00      5.23945
 O     3 -- H    21       -0.02     -0.00      5.27329
 O     3 -- H    20       -0.01     -0.00      5.28081
 O     2 -- H    14       -0.01     -0.00      5.33273
 H     9 -- H    23        0.03     -0.00      5.33314
 H     7 -- H    17        0.03     -0.00      5.35013
 O     4 -- H    28       -0.01     -0.00      5.35954
 H     5 -- H    11        0.03      0.00      5.37745
=============================================================


============== Orbital energy and occupancy information for spin 1 =============

      Total number of orbitals:      67
   Number of occupied orbitals:      37.000000000
   Occupancy sum (eigenvalues):      37.000000000
                 HOMO-LUMO gap:       0.011460428 Eh
                 Mid-gap level:      -0.530998098 Eh

                        Orbital | Energy (Eh) | Occupancy
                            1    -3.752252702   0.9999999
                        .......   ...........   .........
                           28    -0.589305184   0.9999994
                           29    -0.578494290   0.9999999
                           30    -0.576914132   0.9999980
                           31    -0.575912932   0.9999964
                           32    -0.573996806   0.9999994
                           33    -0.567676682   0.9999840
                           34    -0.561847981   0.9999550
                           35    -0.547469479   0.9995911
                           36    -0.540207586   0.9987252
                           37    -0.536728312   0.9995932
                        .......   --- gap ---   .........
                           38    -0.525267884   0.0008779
                           39    -0.521865069   0.0012818
                           40    -0.352245926   0.0000000
                           41    -0.306272642   0.0000000
                           42    -0.263774433   0.0000000
                           43    -0.260170123   0.0000000
                           44    -0.212598023   0.0000000
                           45    -0.201461810   0.0000000
                           46    -0.197834269   0.0000000
                           47    -0.191145267   0.0000000
                        .......   ...........   .........
                           67    -0.021956688   0.0000003

================================================================================

============== Orbital energy and occupancy information for spin 2 =============

      Total number of orbitals:      67
   Number of occupied orbitals:      36.000000000
   Occupancy sum (eigenvalues):      36.000000000
                 HOMO-LUMO gap:       0.035240160 Eh
                 Mid-gap level:      -0.505755561 Eh

                        Orbital | Energy (Eh) | Occupancy
                            1    -3.688025639   0.9999999
                        .......   ...........   .........
                           27    -0.595666519   0.9999999
                           28    -0.592173709   0.9999999
                           29    -0.578670502   1.0000000
                           30    -0.578114230   0.9999999
                           31    -0.576219522   1.0000000
                           32    -0.547264263   0.9999973
                           33    -0.544566877   0.9999973
                           34    -0.543244605   0.9999998
                           35    -0.525548354   0.9996165
                           36    -0.523375641   0.9998919
                        .......   --- gap ---   .........
                           37    -0.488135481   0.0003270
                           38    -0.486575277   0.0000490
                           39    -0.483524398   0.0001209
                           40    -0.336741508   0.0000000
                           41    -0.290322008   0.0000000
                           42    -0.262797115   0.0000000
                           43    -0.259277273   0.0000000
                           44    -0.210616998   0.0000000
                           45    -0.201432028   0.0000000
                           46    -0.198365195   0.0000000
                        .......   ...........   .........
                           67    -0.022654054   0.0000006

================================================================================

===================== Writing canonical molecular orbitals =====================
    Spin 1
| Orbital  Energy (eV)  Norm     |
| HOMO-5  -15.61924786  1.000000 | Writing "Fe_EtOH_3_LowSpin_HOMO-5_UP.cube" ... done
| HOMO-4  -15.44726854  1.000000 | Writing "Fe_EtOH_3_LowSpin_HOMO-4_UP.cube" ... done
| HOMO-3  -15.28866150  1.000000 | Writing "Fe_EtOH_3_LowSpin_HOMO-3_UP.cube" ... done
| HOMO-2  -14.89740256  1.000000 | Writing "Fe_EtOH_3_LowSpin_HOMO-2_UP.cube" ... done
| HOMO-1  -14.69979640  1.000000 | Writing "Fe_EtOH_3_LowSpin_HOMO-1_UP.cube" ... done
| HOMO    -14.60512052  1.000000 | Writing "Fe_EtOH_3_LowSpin_HOMO_UP.cube" ... done
| LUMO    -14.29326640  1.000000 | Writing "Fe_EtOH_3_LowSpin_LUMO_UP.cube" ... done
| LUMO+1  -14.20067110  1.000000 | Writing "Fe_EtOH_3_LowSpin_LUMO+1_UP.cube" ... done
| LUMO+2   -9.58509937  1.000000 | Writing "Fe_EtOH_3_LowSpin_LUMO+2_UP.cube" ... done
| LUMO+3   -8.33410265  1.000000 | Writing "Fe_EtOH_3_LowSpin_LUMO+3_UP.cube" ... done
| LUMO+4   -7.17766754  1.000000 | Writing "Fe_EtOH_3_LowSpin_LUMO+4_UP.cube" ... done
| LUMO+5   -7.07958927  1.000000 | Writing "Fe_EtOH_3_LowSpin_LUMO+5_UP.cube" ... done
================================================================================

===================== Writing canonical molecular orbitals =====================
    Spin 2
| Orbital  Energy (eV)  Norm     |
| HOMO-5  -15.67973103  1.000000 | Writing "Fe_EtOH_3_LowSpin_HOMO-5_DN.cube" ... done
| HOMO-4  -14.89181835  1.000000 | Writing "Fe_EtOH_3_LowSpin_HOMO-4_DN.cube" ... done
| HOMO-3  -14.81841872  1.000000 | Writing "Fe_EtOH_3_LowSpin_HOMO-3_DN.cube" ... done
| HOMO-2  -14.78243788  1.000000 | Writing "Fe_EtOH_3_LowSpin_HOMO-2_DN.cube" ... done
| HOMO-1  -14.30089840  1.000000 | Writing "Fe_EtOH_3_LowSpin_HOMO-1_DN.cube" ... done
| HOMO    -14.24177586  1.000000 | Writing "Fe_EtOH_3_LowSpin_HOMO_DN.cube" ... done
| LUMO    -13.28284231  1.000000 | Writing "Fe_EtOH_3_LowSpin_LUMO_DN.cube" ... done
| LUMO+1  -13.24038701  1.000000 | Writing "Fe_EtOH_3_LowSpin_LUMO+1_DN.cube" ... done
| LUMO+2  -13.15736836  1.000000 | Writing "Fe_EtOH_3_LowSpin_LUMO+2_DN.cube" ... done
| LUMO+3   -9.16320269  1.000000 | Writing "Fe_EtOH_3_LowSpin_LUMO+3_DN.cube" ... done
| LUMO+4   -7.90006382  1.000000 | Writing "Fe_EtOH_3_LowSpin_LUMO+4_DN.cube" ... done
| LUMO+5   -7.15107336  1.000000 | Writing "Fe_EtOH_3_LowSpin_LUMO+5_DN.cube" ... done
================================================================================
 
=============== Density of States (DOS) calculation for UP spin ================
Writing "Fe_EtOH_3_LowSpin_UP_DOS.txt" ... done
================================================================================
 
============== Density of States (DOS) calculation for DOWN spin ===============
Writing "Fe_EtOH_3_LowSpin_DN_DOS.txt" ... done
================================================================================
 
Writing bands to file "Fe_EtOH_3_LowSpin.val_bands" ... done

================================= Core Density =================================
               Core den box size:   39 x  39 x  39
================================================================================
 
********************* Unconstrained **********************
********************** Ewald forces **********************
*                                                        *
* Element  Atom         Cartesian components (Eh/a)      *
* ------------------------------------------------------ *
*                       x            y            z      *
*                                                        *
*    Fe      1     -0.85798280  -0.22935268  -3.50225052 *
*    O       2     -3.60111071   3.43733173  -2.61480826 *
*    O       3     -1.70593776  -0.52521054   5.18045612 *
*    O       4      3.31358239  -3.28006855  -2.96764813 *
*    H       5     -2.25060495  -0.04795574  -1.74683851 *
*    C       6      4.38785759   0.68686560   0.70310143 *
*    H       7     -0.06266207   1.41061129   2.44579084 *
*    C       8      0.10223636   4.31616777   1.13687592 *
*    H       9      0.02898217  -1.76550493  -2.23925139 *
*    C      10     -1.44818738  -4.13207613   1.23376879 *
*    H      11      1.46599441   1.07871509   0.43489827 *
*    H      12     -0.86282802   1.02182210   1.39480771 *
*    C      13     -1.15308212   3.52061713  -2.24190729 *
*    H      14      0.54963016   0.47496306  -1.51874738 *
*    H      15     -0.01661315   1.79163105   0.07233453 *
*    H      16     -1.53291236   0.42590513  -0.69952263 *
*    H      17     -1.14484054  -1.25355640  -0.93153273 *
*    C      18     -2.42109487  -1.42151116   3.37398535 *
*    H      19      0.94058535  -1.57155649   0.52471442 *
*    H      20     -1.56953553   0.48112330   0.44125808 *
*    H      21      0.26539475   0.18731288   1.70070424 *
*    H      22     -0.73248727  -1.48398143   0.72757763 *
*    H      23      0.93255936   0.19946748   1.62171836 *
*    H      24      1.23645959   1.35201651  -0.60589308 *
*    C      25      3.48379350  -2.42808528  -0.97976454 *
*    H      26      0.22773250  -1.63910944   0.33318491 *
*    H      27      1.77490888  -0.09882626   0.25547277 *
*    H      28      0.65016253  -0.50775510  -1.53248491 *
*                                                        *
**********************************************************
TOTAL:              0.00000000  -0.00000000  -0.00000000
 
********************* Unconstrained **********************
***************** Local potential forces *****************
*                                                        *
* Element  Atom         Cartesian components (Eh/a)      *
* ------------------------------------------------------ *
*                       x            y            z      *
*                                                        *
*    Fe      1      0.86778622   0.24172551   3.57867775 *
*    O       2      3.98995546  -3.65509706   2.88776819 *
*    O       3      1.79581709   0.49371065  -5.68755169 *
*    O       4     -3.57171127   3.53900850   3.35646169 *
*    H       5      2.22198415   0.04295520   1.72510181 *
*    C       6     -4.15179160  -0.67323517  -0.64980764 *
*    H       7      0.06466367  -1.38893372  -2.41719521 *
*    C       8     -0.07584619  -4.07833929  -1.10352459 *
*    H       9     -0.03298081   1.74313967   2.21149143 *
*    C      10      1.35529302   3.91912211  -1.16480268 *
*    H      11     -1.44647566  -1.07705088  -0.43046157 *
*    H      12      0.85224476  -1.01902418  -1.37949796 *
*    C      13      1.12946405  -3.45060337   2.17009251 *
*    H      14     -0.54037626  -0.47671131   1.50716735 *
*    H      15      0.01719214  -1.77071713  -0.06483555 *
*    H      16      1.51420891  -0.42538253   0.69643040 *
*    H      17      1.13438899   1.24742132   0.91577037 *
*    C      18      2.36042904   1.40687138  -3.29602074 *
*    H      19     -0.92567135   1.56246784  -0.52326796 *
*    H      20      1.55484078  -0.47502957  -0.44255398 *
*    H      21     -0.25578873  -0.18348389  -1.68633094 *
*    H      22      0.72577961   1.46301088  -0.72358522 *
*    H      23     -0.93211417  -0.19774918  -1.60171239 *
*    H      24     -1.23250591  -1.33599552   0.59828931 *
*    C      25     -3.41793712   2.35554347   0.95997320 *
*    H      26     -0.22946980   1.62409450  -0.32494085 *
*    H      27     -1.75486450   0.10143956  -0.24808774 *
*    H      28     -0.64919080   0.50836598   1.51575070 *
*                                                        *
**********************************************************
TOTAL:              0.36732372   0.04152377   0.37879800
 
********************* Unconstrained **********************
************** Compensation density forces ***************
*                                                        *
* Element  Atom         Cartesian components (Eh/a)      *
* ------------------------------------------------------ *
*                       x            y            z      *
*                                                        *
*    Fe      1     -0.00506649  -0.00460569  -0.03458527 *
*    O       2     -0.05825864   0.03395566  -0.04064980 *
*    O       3     -0.01353472   0.00351771   0.07627862 *
*    O       4      0.03999292  -0.03785155  -0.05864454 *
*    H       5     -0.00873786  -0.00107714  -0.00686467 *
*    C       6     -0.00613482  -0.00028354  -0.00135952 *
*    H       7     -0.00003223   0.00642643   0.00915935 *
*    C       8     -0.00066535  -0.00612049  -0.00080283 *
*    H       9     -0.00063120  -0.00688773  -0.00887402 *
*    C      10      0.00242597   0.00550782  -0.00183459 *
*    H      11      0.00774712   0.00141908   0.00178905 *
*    H      12     -0.00389559   0.00174696   0.00645804 *
*    C      13      0.00075277  -0.00210312   0.00226926 *
*    H      14      0.00389779  -0.00062595  -0.00654810 *
*    H      15      0.00078502   0.00764134   0.00171291 *
*    H      16     -0.00738966  -0.00073255  -0.00211426 *
*    H      17     -0.00403533  -0.00301072  -0.00616852 *
*    C      18      0.00186635   0.00037017  -0.00241362 *
*    H      19      0.00594190  -0.00486520   0.00097069 *
*    H      20     -0.00625111   0.00424735  -0.00045943 *
*    H      21      0.00322564   0.00251459   0.00651596 *
*    H      22     -0.00237907  -0.00724298   0.00174252 *
*    H      23      0.00054207   0.00093504   0.00797758 *
*    H      24      0.00281536   0.00655521  -0.00310166 *
*    C      25     -0.00196588   0.00227069   0.00064657 *
*    H      26     -0.00220573  -0.00684977   0.00257864 *
*    H      27      0.00748177   0.00095576   0.00198193 *
*    H      28      0.00065337  -0.00108020  -0.00764772 *
*                                                        *
**********************************************************
TOTAL:             -0.04305564  -0.00527283  -0.06198742
 
********************* Unconstrained **********************
*************** Non-local potential forces ***************
*                                                        *
* Element  Atom         Cartesian components (Eh/a)      *
* ------------------------------------------------------ *
*                       x            y            z      *
*                                                        *
*    Fe      1     -0.00725243  -0.01023218  -0.03482351 *
*    O       2     -0.31540426   0.16954361  -0.22559137 *
*    O       3     -0.06906270   0.03194987   0.40927724 *
*    O       4      0.20153240  -0.20471792  -0.32138955 *
*    H       5      0.02660289   0.00338737   0.02105532 *
*    C       6     -0.23402439  -0.00826415  -0.05300337 *
*    H       7     -0.00009673  -0.01981923  -0.02782954 *
*    C       8     -0.02235199  -0.23954559  -0.02684714 *
*    H       9      0.00213734   0.02103238   0.02683998 *
*    C      10      0.09669273   0.20759958  -0.07300572 *
*    H      11     -0.02372673  -0.00427338  -0.00560991 *
*    H      12      0.01203690  -0.00532114  -0.01974753 *
*    C      13      0.02287067  -0.07806681   0.05793361 *
*    H      14     -0.01187213   0.00199141   0.01961487 *
*    H      15     -0.00232218  -0.02337444  -0.00546974 *
*    H      16      0.02245402   0.00232452   0.00659370 *
*    H      17      0.01232967   0.00925442   0.01898450 *
*    C      18      0.05715506   0.03030755  -0.07533905 *
*    H      19     -0.01810132   0.01476824  -0.00300914 *
*    H      20      0.01905648  -0.01267501   0.00143126 *
*    H      21     -0.01001188  -0.00751002  -0.01966600 *
*    H      22      0.00745375   0.02228776  -0.00547850 *
*    H      23     -0.00173319  -0.00312490  -0.02440166 *
*    H      24     -0.00844066  -0.02008064   0.00948581 *
*    C      25     -0.07438013   0.06342859   0.01409845 *
*    H      26      0.00663858   0.02083538  -0.00790493 *
*    H      27     -0.02294449  -0.00316313  -0.00627033 *
*    H      28     -0.00195665   0.00318417   0.02297636 *
*                                                        *
**********************************************************
TOTAL:             -0.33672134  -0.03827371  -0.32709587
 
********************* Unconstrained **********************
************ NGWF non self-consistent forces *************
*                                                        *
* Element  Atom         Cartesian components (Eh/a)      *
* ------------------------------------------------------ *
*                       x            y            z      *
*                                                        *
*    Fe      1     -0.00040708  -0.00055801  -0.00042574 *
*    O       2      0.00078236  -0.00041102  -0.00020614 *
*    O       3      0.00028297   0.00015409  -0.00056010 *
*    O       4     -0.00031448   0.00037871   0.00012738 *
*    H       5      0.00005838  -0.00009609   0.00000844 *
*    C       6      0.00009915  -0.00003721  -0.00001812 *
*    H       7      0.00006124   0.00001523  -0.00001401 *
*    C       8      0.00003256   0.00001564   0.00002149 *
*    H       9     -0.00007982   0.00007956  -0.00001056 *
*    C      10      0.00003498  -0.00010817   0.00005529 *
*    H      11      0.00003421   0.00001445  -0.00000137 *
*    H      12     -0.00005486   0.00003616   0.00000420 *
*    C      13      0.00003192   0.00004198  -0.00010730 *
*    H      14      0.00001940   0.00001147   0.00000892 *
*    H      15      0.00001994   0.00000769   0.00004405 *
*    H      16     -0.00002868   0.00003336  -0.00001861 *
*    H      17     -0.00002839  -0.00005663  -0.00000730 *
*    C      18     -0.00004024   0.00005395   0.00003843 *
*    H      19     -0.00001539  -0.00002917   0.00008579 *
*    H      20     -0.00000528   0.00000388  -0.00003686 *
*    H      21      0.00003355   0.00000343   0.00000279 *
*    H      22     -0.00001688  -0.00004690  -0.00001091 *
*    H      23      0.00003355  -0.00001695   0.00004686 *
*    H      24      0.00004121   0.00000695  -0.00003119 *
*    C      25      0.00011676  -0.00000982  -0.00000061 *
*    H      26      0.00002019  -0.00000809   0.00000594 *
*    H      27      0.00001980   0.00005042   0.00005937 *
*    H      28      0.00003452   0.00001653  -0.00001533 *
*                                                        *
**********************************************************
TOTAL:              0.00076564  -0.00045456  -0.00095521
 
********************* Unconstrained **********************
********************** NLCC forces ***********************
*                                                        *
* Element  Atom         Cartesian components (Eh/a)      *
* ------------------------------------------------------ *
*                       x            y            z      *
*                                                        *
*    Fe      1     -0.00000000   0.00000000   0.00000000 *
*    O       2     -0.00000115  -0.00000220  -0.00000145 *
*    O       3      0.00000029   0.00000254   0.00000102 *
*    O       4     -0.00000206  -0.00000157  -0.00000120 *
*    H       5      0.00000000   0.00000000   0.00000000 *
*    C       6      0.01580063   0.00173563   0.00389944 *
*    H       7      0.00000000   0.00000000   0.00000000 *
*    C       8      0.00200507   0.01632996   0.00287381 *
*    H       9      0.00000000   0.00000000   0.00000000 *
*    C      10     -0.00605723  -0.01459260   0.00431037 *
*    H      11      0.00000000   0.00000000   0.00000000 *
*    H      12      0.00000000   0.00000000   0.00000000 *
*    C      13     -0.00111987   0.00450173  -0.00330359 *
*    H      14      0.00000000   0.00000000   0.00000000 *
*    H      15      0.00000000   0.00000000   0.00000000 *
*    H      16      0.00000000   0.00000000   0.00000000 *
*    H      17      0.00000000   0.00000000   0.00000000 *
*    C      18     -0.00306668  -0.00186174   0.00396367 *
*    H      19      0.00000000   0.00000000   0.00000000 *
*    H      20      0.00000000   0.00000000   0.00000000 *
*    H      21      0.00000000   0.00000000   0.00000000 *
*    H      22      0.00000000   0.00000000   0.00000000 *
*    H      23      0.00000000   0.00000000   0.00000000 *
*    H      24      0.00000000   0.00000000   0.00000000 *
*    C      25      0.00415530  -0.00332433  -0.00083546 *
*    H      26      0.00000000   0.00000000   0.00000000 *
*    H      27      0.00000000   0.00000000   0.00000000 *
*    H      28      0.00000000   0.00000000   0.00000000 *
*                                                        *
**********************************************************
TOTAL:              0.01171431   0.00278743   0.01090660
 
********************* Unconstrained **********************
****** Correction to ensure the total force is zero ******
*                                                        *
* Element  Atom         Cartesian components (Eh/a)      *
* ------------------------------------------------------ *
*                       x            y            z      *
*                                                        *
*    Fe      1     -0.00000095  -0.00001108   0.00001193 *
*    O       2     -0.00000095  -0.00001108   0.00001193 *
*    O       3     -0.00000095  -0.00001108   0.00001193 *
*    O       4     -0.00000095  -0.00001108   0.00001193 *
*    H       5     -0.00000095  -0.00001108   0.00001193 *
*    C       6     -0.00000095  -0.00001108   0.00001193 *
*    H       7     -0.00000095  -0.00001108   0.00001193 *
*    C       8     -0.00000095  -0.00001108   0.00001193 *
*    H       9     -0.00000095  -0.00001108   0.00001193 *
*    C      10     -0.00000095  -0.00001108   0.00001193 *
*    H      11     -0.00000095  -0.00001108   0.00001193 *
*    H      12     -0.00000095  -0.00001108   0.00001193 *
*    C      13     -0.00000095  -0.00001108   0.00001193 *
*    H      14     -0.00000095  -0.00001108   0.00001193 *
*    H      15     -0.00000095  -0.00001108   0.00001193 *
*    H      16     -0.00000095  -0.00001108   0.00001193 *
*    H      17     -0.00000095  -0.00001108   0.00001193 *
*    C      18     -0.00000095  -0.00001108   0.00001193 *
*    H      19     -0.00000095  -0.00001108   0.00001193 *
*    H      20     -0.00000095  -0.00001108   0.00001193 *
*    H      21     -0.00000095  -0.00001108   0.00001193 *
*    H      22     -0.00000095  -0.00001108   0.00001193 *
*    H      23     -0.00000095  -0.00001108   0.00001193 *
*    H      24     -0.00000095  -0.00001108   0.00001193 *
*    C      25     -0.00000095  -0.00001108   0.00001193 *
*    H      26     -0.00000095  -0.00001108   0.00001193 *
*    H      27     -0.00000095  -0.00001108   0.00001193 *
*    H      28     -0.00000095  -0.00001108   0.00001193 *
*                                                        *
**********************************************************
TOTAL:             -0.00002669  -0.00031011   0.00033391

********************* Unconstrained **********************
************************* Forces *************************
*                                                        *
* Element  Atom         Cartesian components (Eh/a)      *
* ------------------------------------------------------ *
*                       x            y            z      *
*                                                        *
*    Fe      1     -0.00292353  -0.00303413   0.00660463 *
*    O       2      0.01596212  -0.01469035   0.00652310 *
*    O       3      0.00756422   0.00411324  -0.02208686 *
*    O       4     -0.01692104   0.01673655   0.00891757 *
*    H       5     -0.01069834  -0.00279748  -0.00752568 *
*    C       6      0.01180561   0.00677008   0.00282414 *
*    H       7      0.00193293   0.00828892   0.00992335 *
*    C       8      0.00540949   0.00849693   0.00860859 *
*    H       9     -0.00257328  -0.00815212  -0.00979264 *
*    C      10      0.00020115  -0.01455846  -0.00149662 *
*    H      11      0.00357240  -0.00118673   0.00062639 *
*    H      12     -0.00249776  -0.00075117   0.00203638 *
*    C      13     -0.00108354  -0.00562354  -0.01501087 *
*    H      14      0.00129800  -0.00038240   0.00150759 *
*    H      15     -0.00093917   0.00517743   0.00379811 *
*    H      16     -0.00366874   0.00213686   0.00138053 *
*    H      17     -0.00218656   0.00004091  -0.00294175 *
*    C      18     -0.00475229   0.01421909   0.00422597 *
*    H      19      0.00273825   0.00077414  -0.00049427 *
*    H      20     -0.00189561  -0.00234113  -0.00034900 *
*    H      21      0.00285238  -0.00117407   0.00123797 *
*    H      22     -0.00165081  -0.00598373   0.00025744 *
*    H      23     -0.00071333  -0.00049959   0.00364068 *
*    H      24     -0.00163137   0.00249142  -0.00123889 *
*    C      25     -0.00621852  -0.01018775  -0.00587047 *
*    H      26      0.00271479  -0.00104851   0.00293563 *
*    H      27      0.00460050   0.00044527   0.00316794 *
*    H      28     -0.00029797   0.00272031  -0.00140898 *
*                                                        *
**********************************************************
* TOTAL:            0.00000000   0.00000000   0.00000000 *
**********************************************************
 
 
***********************************************************
********** Summary of Forces (values in Eh/a) *************
*                                                         *
* ---------------------- Minimum ------------------------ *
* Atom:        14, |F|min =    0.00202580                 *
* Components:     Fx|min       Fy|min       Fz|min        *
*               0.00129800  -0.00038240   0.00150759      *
*                                                         *
* ---------------------- Maximum ------------------------ *
* Atom:         4, |F|max =    0.02541568                 *
* Components:     Fx|max       Fy|max       Fz|max        *
*              -0.01692104   0.01673655   0.00891757      *
*                                                         *
* ---------------- Root Mean Square Force --------------- *
*                  |F|rms =    0.01167500                 *
* Components:     Fx|rms       Fy|rms       Fz|rms        *
*               0.00614220   0.00713272   0.00690675      *
***********************************************************
 

------------------------------ TIMING INFORMATION ------------------------------
AVERAGE TIME:    6372.105s on      6 proc(s)                                    
TOTAL TIME:      6372.105s on      6 proc(s)                                    
==================== AVERAGE TIMINGS FROM ALL PROCS (CUMULATIVE) =====================
|| TAG                                         #calls     cpu time   %total  Gflops ||
|| onetep.F90 main loop imbalance             :     1        0.00s   0.000%  ------ ||
|| sparse_spam3toblacs_real_fast_imbal        :     6        0.00s   0.000%  ------ ||
|| sparse_blacstospam3_real_fast_imbal        :    24        0.00s   0.000%  ------ ||
|| hash_table_free                            :    87        0.00s   0.000%  ------ ||
|| sparse_spam3toblacs_real_fast_B2           :    36        0.00s   0.000%  ------ ||
|| density_fftbox_interp_mult_imbal           : 11674        0.00s   0.000%  ------ ||
|| onetep.F90 final imbalance                 :     1        0.00s   0.000%  ------ ||
|| sw_bessel_init_cpu                         :     1        0.01s   0.000%  ------ || (1 procs only)
|| ewald_calculate_forces_recipspace          :     1        0.01s   0.000%  ------ ||
|| ewald_calculate_energy                     :     1        0.01s   0.000%  ------ ||
|| ewald_calculate_forces_realspace           :     1        0.01s   0.000%  ------ ||
|| sparse_spam3toblacs_real_fast_B1           :    36        0.02s   0.000%  ------ ||
|| sparse_set_to_garbage                      :   777        0.02s   0.000%  ------ ||
|| sparse_blacstospam3_real_fast              :    24        0.02s   0.000%  ------ ||
|| paw_dij_hartree                            :   491        0.03s   0.000%  ------ ||
|| sparse_init                                :     1        0.03s   0.001%  ------ ||
|| sparse_spam3toblacs_real_fast              :     6        0.04s   0.001%  ------ ||
|| linalg_dgemv                               :    80        0.05s   0.001%  ------ ||
|| augmentation_density_forces                :     1        0.06s   0.001%  ------ ||
|| sw_init                                    :   915        0.07s   0.001%  ------ ||
|| palser_mano_kernel_optimise_spam3_embed    :     2        0.08s   0.001%  ------ ||
|| ewald_calculate_forces                     :     1        0.09s   0.001%  ------ ||
|| basis_extract_function_from_box            :  1965        0.10s   0.002%  ------ ||
|| paw_tcore_density                          :     1        0.11s   0.002%  ------ ||
|| sparse_embed_array_hotelling_invert        :    87        0.12s   0.002%  ------ ||
|| ngwfs_initialise_from_radial               :     1        0.12s   0.002%  ------ ||
|| dense_eigensolve                           :     2        0.17s   0.003%  ------ ||
|| restart_kernel_write                       :    45        0.17s   0.003%  ------ ||
|| pseudo_make_structure_factor               :     1        0.18s   0.003%  ------ ||
|| paw_sphere_density_on_grid                 :     1        0.37s   0.006%  ------ ||
|| paw_tcore_hartree_on_grid                  :     1        0.38s   0.006%  ------ ||
|| integrals_grad_spam3                       :     1        0.42s   0.007%  ------ ||
|| nonsc_forces_ngwfs_calc                    :     1        0.44s   0.007%  ------ ||
|| paw_tcore_hartree_calc_forces              :     1        0.60s   0.009%  ------ ||
|| lnv_gradient_norm                          :   220        0.86s   0.014%  ------ ||
|| kernel_purify                              :   700        0.96s   0.015%  ------ ||
|| kernel_fix                                 :   220        1.24s   0.019%  ------ ||
|| function_ops_brappd_ketppd_spam3           :    87        1.37s   0.021%  ------ ||
|| sparse_trace                               : 18492        1.72s   0.027%  ------ ||
|| paw_dataset_init                           :     4        1.78s   0.028%  ------ ||
|| projectors_func_grad_ovlp_box_spam3        :     3        2.42s   0.038%  ------ ||
|| aug_nl_calculate_forces                    :     1        2.58s   0.041%  ------ ||
|| paw_species_calc_proj_prec_mat             :     1        2.87s   0.045%  ------ ||
|| paw_nlcc_calculate_forces                  :     1        3.61s   0.057%  ------ ||
|| sparse_product                             : 25365        4.13s   0.065%  ------ ||
|| ngwf_gradient_coeffs                       :    44        5.13s   0.081%  ------ ||
|| restart_ngwfs_tightbox_output              :    43        5.33s   0.084%  ------ ||
|| eigenstates_calculate                      :     1        5.42s   0.085%  ------ ||
|| energy_and_force_init_cell                 :     1        7.99s   0.125%  ------ ||
|| basis_copy_function_to_box                 : 17118       12.90s   0.202%  ------ ||
|| basis_dot_function_with_box                : 526.6k      14.37s   0.225%  ------ ||
|| fourier_apply_box_pair                     :  2493       14.42s   0.226% 113.571 ||
|| integrals_kinetic_spam3                    :    87       14.44s   0.227%  ------ ||
|| forces_calculate                           :     1       18.94s   0.297%  ------ ||
|| augmentation_screen_dij_spam3              :   465       19.78s   0.310%  ------ ||
|| density_init_guess_real                    :     2       22.11s   0.347%  ------ ||
|| cell_grid_extract_box_real                 : 14425       24.35s   0.382%  ------ ||
|| basis_add_function_to_box                  : 935.2k      26.77s   0.420%  ------ ||
|| density_batch_row_sums                     :   898       30.21s   0.474%  ------ ||
|| aug_nonlocal_mat_spam3_embed_array         :   446       48.03s   0.754%  ------ ||
|| paw_dij_xc                                 :   491       52.08s   0.817%  ------ ||
|| cell_grid_deposit_box_real                 : 18321       55.49s   0.871%  ------ ||
|| projectors_func_ovlp_box_spam3             :    87       62.35s   0.979%  ------ ||
|| projectors_init_fftbox_recip               :   267       71.49s   1.122%  ------ ||
|| aug_density_on_grid_spam3                  :   449       74.81s   1.174%  ------ ||
|| integrals_locpot_mat_els_batch             :   480       85.17s   1.337%  ------ ||
|| density_fftbox_deposit_to_cell             : 11674       92.91s   1.458%  ------ ||
|| properties_calculate                       :     1      121.46s   1.906%  ------ ||
|| fourier_filter_cell                        :   568      133.61s   2.097%  21.559 ||
|| hamiltonian_energy_components              :     9      142.04s   2.229%  ------ ||
|| fourier_filter                             :  3862      149.07s   2.339%  ------ ||
|| hartree_on_grid_single                     :   448      174.59s   2.740%  ------ ||
|| fourier_interpolate_cell                   :   898      192.05s   3.014%  23.714 ||
|| fourier_interpolate                        :  3862      243.44s   3.820%  ------ ||
|| projectors_gradient_batch                  :    88      558.22s   8.760%  ------ ||
|| projectors_grad_precond_batch              :    88      606.17s   9.513%  ------ ||
|| fourier_interpolate_product                : 10027      628.49s   9.863%  ------ ||
|| potential_apply_to_ngwf_batch              :   480      638.16s  10.015%  ------ ||
|| fourier_apply_box                          : 64852      647.50s  10.161% 192.603 ||
|| density_fftbox_interpolate_multiply        : 11674      676.74s  10.620%  ------ ||
|| fourier_apply_cell_forward                 :  4033      685.71s  10.761%  26.850 ||
|| fourier_apply_cell_backward                :  4033      718.46s  11.275%  25.625 ||
|| integrals_locpot_dbl_grid                  :   480      725.01s  11.378%  ------ ||
|| density_batch_interp_deposit               :   898     1146.74s  17.996%  ------ ||
|| density_on_dbl_grid                        :   898     1203.33s  18.884%  ------ ||
|| ngwf_gradient_build_batch                  :    88     1369.66s  21.495%  ------ ||
|| ngwf_gradient_batch                        :    88     1523.10s  23.903%  ------ ||
|| xc_energy_potential                        :   448     1524.46s  23.924%  ------ ||
|| ngwf_gradient_lnv                          :    44     1559.31s  24.471%  ------ ||
|| hamiltonian_lhxc_calculate                 :   437     3465.33s  54.383%  ------ ||
|| lnv_denskernel_optimise_cg                 :    44     3951.23s  62.008%  ------ ||
|| ngwf_cg_optimise                           :     1     6184.91s  97.062%  ------ ||
|| energy_and_forces                          :     1     6363.47s  99.864%  ------ ||
|| total_time                                 :     1     6372.10s 100.000%  ------ ||
======================================================================================
Overhead of generating timer report: 
- 0 ms averaging over threads,
- 1 ms ensuring consistency across MPI ranks,
- 8 ms printing in order.

Job completed: 24-10-2025 12:48 (+0100)

onetep_launcher: ONETEP seems to have finished correctly (zero exit code).
                 Brought to you by PID 232812 on nid005080.
