==================================================================================
It's Fri 24 Oct 2025 11:00:03 AM BST.
*** Starting onetep_launcher (node nid002082, PIDs 91465 91466 91467 91468 91469 91470)...
    - ONETEP arguments: Fe_EtOH_3_HighSpin.dat
    - Current directory: /mnt/lustre/a2fs-work3/work/e89/e89/phsmea/onetep_ali_PBE/Fe_EtOH_3/HS/nsp
    - Launcher executable directory: /mnt/lustre/a2fs-work3/work/e89/e89/phsmea/onetep_ali
    - (-e) ONETEP executable specified through command-line: /work/e89/e89/phsmea/onetep.archer2_2024_cray_2
      ... trying /work/e89/e89/phsmea/onetep.archer2_2024_cray_2
          -> looks OK
*** Setting up environment...
    - (-s) Process stack size: unlimited
    - (-t) OMP_NUM_THREADS: 8
    - (-o) OMP_STACKSIZE: 64M
    - (-c) Maximum core file size: 2048000
    - (-d) decfort_dump_flag: n
    - (-m) I_MPI_OFA_TRANSLATION_CACHE: 0
    - (-m) I_MPI_DAPL_TRANSLATION_CACHE: 0
    - (-m) I_MPI_DAPL_UD_TRANSLATION_CACHE: 0
*** Starting ONETEP...
    - /work/e89/e89/phsmea/onetep.archer2_2024_cray_2 Fe_EtOH_3_HighSpin.dat
=================================================================================
_________________________________________________________________________________
 +---------------------------------------------------------------+
 |                                                               |
 |        ####### #     # ####### ####### ####### ######         |
 |        #     # ##    # #          #    #       #     #        |
 |        #     # # #   # #          #    #       #     #        |
 |        #     # #  #  # #####      #    #####   ######         |
 |        #     # #   # # #          #    #       #              |
 |        #     # #    ## #          #    #       #              |
 |        ####### #     # #######    #    ####### #              |
 |                                                               |
 |        Linear-Scaling Ab Initio Total Energy Program          |
 |                                                               |
 |          Release for academic collaborators of ODG            |
 |                                             Version 7.3.0     |
 | Remote: git@github.com:Miesaz/onetep_mea.git                  |
 | Local branch: master                                          |
 | Commit ID: 4af45e89288c8df5499704252eec3e032ee3d0c8           |
 | Date: Tue Aug 6 11:28:44 2024 +0100                           |
 | Locally modified files:                                       |
 |   src/hubbard_build_mod.F90                                   |
 |   src/services_mod.F90                                        |
 |                                                               |
 +---------------------------------------------------------------+
 |                                                               |
 |  Authors:                                                     |
 |  Jacek Dziedzic, Peter D. Haynes, Nicholas D. M. Hine,        |
 |  Arash A. Mostofi, Mike C. Payne and Chris-Kriton Skylaris    |
 |                                                               |
 |  Contributors:                                                |
 |  J. Aarons, L. Andrinopoulos, P. W. Avraam, R. A. Bell,       |
 |  A. Bhandari, G. A. Bramley, R. J. Charlton, S. J. Clark,     |
 |  R. J. Clements, G. C. Constantinescu, F. Corsetti,           |
 |  N. Corsini, O. Dieguez, S. M. M. Dubois, K. K. B. Duff,      |
 |  J. M. Escartin, M. Escobar Azor, A. Greco,                   |
 |  H. Helal, Q. O. Hill, L. P. Lee, J.-H. Li,                   |
 |  T. Li, E. B. Linscott, G. Moynihan, D. D. O`Regan,           |
 |  O. K. Okan, E. Parkinson, M. J. S. Phipps,                   |
 |  C. J. Pickard, J. C. A. Prentice, M. I. J. Probert,          |
 |  L. E. Ratcliff, M. Robinson, A. Ruiz Serrano,                |
 |  M. dos Santos Dias, J. S. Spencer, E. W. Tait,               |
 |  G. Teobaldi, D. Turban, V. Vitale, K. A. Wilkinson,          |
 |  C. Weber, J. C. Womack, Chengcheng Xiao, N. Yeung,           |
 |  and T. J. Zuehlsdorff.                                       |
 |                                                               |
 |                                   Copyright (c) 2004-2025     |
 |                                                               |
 |  Please cite:                                                 |
 |  "The ONETEP linear-scaling density functional theory program"|
 |   J. Chem. Phys. 152(17) 174111 (2020)                        |
 |                                                               |
 |          in all publications arising from your use of ONETEP. |
 |                                                               |
 +---------------------------------------------------------------+
 |                                                               |
 |   ONETEP is based on developments described in the following  |
 |   publications:                                               |
 |                                                               |
 |  "Nonorthogonal generalized Wannier function pseudopotential  |
 |   plane-wave method".                                         |
 |   C.-K. Skylaris, A. A. Mostofi, P. D. Haynes, O. Dieguez,    |
 |   M. C. Payne.                                                |
 |   Phys. Rev. B 66 035119 (2002).                              |
 |                                                               |
 |  "Preconditioned iterative minimization for linear-scaling    |
 |   electronic structure calculations".                         |
 |   A. A. Mostofi, P. D. Haynes, C.-K. Skylaris, M. C. Payne.   |
 |   J. Chem. Phys. 119(17), pp.8842-8848 (2003).                |
 |                                                               |
 |  "Total-energy calculations on a real space grid with         |
 |   localized functions and a plane-wave basis".                |
 |   A. A. Mostofi, C.-K. Skylaris, P. D. Haynes, M. C. Payne.   |
 |   Comput. Phys. Commun. 147, pp.788-802 (2002).               |
 |                                                               |
 |  "Accurate kinetic energy evaluation in electronic structure  |
 |   calculations with localized functions on real space grids"  |
 |   C.-K. Skylaris, A. A. Mostofi, P. D. Haynes, C. J. Pickard, |
 |   M. C. Payne.                                                |
 |   Comput. Phys. Commun. 140, pp.315-322 (2001).               |
 |                                                               |
 |  "Accurate ionic forces and geometry optimization in linear-  |
 |   scaling density-functional theory with local orbitals"      |
 |   N. D. M. Hine, M. Robinson, P. D. Haynes, C.-K. Skylaris,   |
 |   M. C. Payne, and A. A. Mostofi.                             |
 |   Phys. Rev. B 83 195102 (2011).                              |
 |                                                               |
 +---------------------------------------------------------------+

Job started: 24-10-2025 11:00 (+0100)
 
Reading parameters from file "Fe_EtOH_3_HighSpin.dat" ...... done

If your calculation crashes here, before "Checking processes and threads..."
is displayed, then your stack size is insufficient.
If so, use "ulimit -s unlimited" at runtime.
You can disable this check with "check_stack_size F".

Checking processes and threads...
   Determining the default number of threads...
      No default threads set at compilation time: defaulting to 1.
      OpenMP library call suggests 8 threads.
      Hybrid MPI-OpenMP compilation detected.
      Number of MPI processes > 1.
      OMP_NUM_THREADS environment variable present and
      its value matches the one obtained from the OpenMP library call.
      Using this value as default.
      Default threads: 8
      Default applies to threads_max and threads_num_fftboxes.
      Settings in the input file override this default.
   ... done

   Running with 6 MPI processes.
   There are 6 MPI processes running on the same node as the root process.
   Each MPI process is using: 
               1 threads for simulation cell FFTs.
               1 threads for threaded FFT box operations.
               8 threads for loops over batched FFT box operations.
               8 threads in other parallel regions.
   MPI Interface: S1 (use mpi_f08) (-DMPI -DUSE_MPI_F08).
   MPI_ASYNC_PROTECTS_NONBLOCKING: Yes. MPI_SUBARRAYS_SUPPORTED: Yes.
   FFTW Interface: OMP-capable and MODERN. (-DUSE_MODERN_FFTW specified).
   GPU Interface: None.
   GPU FFT Backend: None.
... done

Basic input checks...... done

Reading geometry and species blocks from file "Fe_EtOH_3_HighSpin.dat" ...   
  Number of PPD points along a3 set to 1.  This is 
  the default value, it may have been provided also in the input file.
... done


--------------------------------------------------------------------------------
---------------------------------- INPUT FILE ----------------------------------
--------------------------------------------------------------------------------

charge : 3                                                                      
cutoff_energy : 800 eV                                                          
do_properties : T                                                               
edft : F                                                                        
fine_grid_scale : 4                                                             
forces_output_detail : VERBOSE                                                  
output_detail : VERBOSE                                                         
paw : T                                                                         
pseudo_path : ../../..                                                          
spin : 5                                                                        
task : SINGLEPOINT                                                              
write_denskern : T                                                              
write_forces : T                                                                
write_tightbox_ngwfs : T                                                        
xc_functional : pbe                                                             
%BLOCK LATTICE_CART                                                             
ang                                                                             
27.84119898       0.00000000       0.00000000                                   
0.00000000      27.95738238       0.00000000                                    
0.00000000       0.00000000      26.56600724                                    
%ENDBLOCK LATTICE_CART                                                          
%BLOCK POSITIONS_ABS                                                            
ang                                                                             
Fe    13.173884    13.742508    12.629390                                       
O    12.487003    15.216457    11.715548                                        
O    12.021656    12.839535    13.778607                                        
O    14.949022    13.183696    12.458749                                        
H    11.521437    15.321142    11.607960                                        
C    16.135330    13.476680    11.401376                                        
H    11.206058    13.268654    14.103332                                        
C    13.110809    16.518993    10.952886                                        
H    15.349026    12.583928    13.117868                                        
C    11.991986    11.347914    14.495494                                        
H    13.410098    16.082048    10.000000                                        
H    13.954743    16.765435    11.596047                                        
C    12.052321    17.546968    10.871336                                        
H    11.199259    17.243452    10.257925                                        
H    12.520884    18.387317    10.331716                                        
H    11.741978    17.934890    11.842705                                        
H    12.512008    10.747941    13.750035                                        
C    10.582872    10.986856    14.735810                                        
H    12.589881    11.545131    15.385609                                        
H    10.000000    10.844665    13.824942                                        
H    10.077705    11.640593    15.452048                                        
H    10.640920    10.000000    15.229360                                        
H    16.598939    14.363538    11.835302                                        
H    15.578109    13.695123    10.491179                                        
C    17.003990    12.279982    11.334889                                        
H    17.512942    12.062730    12.278314                                        
H    17.801382    12.548706    10.622897                                        
H    16.503286    11.398566    10.932556                                        
%ENDBLOCK POSITIONS_ABS                                                         
%BLOCK SPECIES                                                                  
C C 6 -1 10.0                                                                   
Fe Fe 26 -1 10.0                                                                
H H 1 -1 10.0                                                                   
O O 8 -1 10.0                                                                   
%ENDBLOCK SPECIES                                                               
%BLOCK SPECIES_ATOMIC_SET                                                       
C  "SOLVE"                                                                      
Fe "SOLVE INIT SPIN=5"                                                          
H  "SOLVE"                                                                      
O  "SOLVE"                                                                      
%ENDBLOCK SPECIES_ATOMIC_SET                                                    
%BLOCK SPECIES_POT                                                              
C C.PBE-paw.abinit                                                              
Fe Fe.PBE-paw.abinit                                                            
H H.PBE-paw.abinit                                                              
O O.PBE-paw.abinit                                                              
%ENDBLOCK SPECIES_POT                                                           

--------------------------------------------------------------------------------
-------------------------------- END INPUT FILE --------------------------------
--------------------------------------------------------------------------------


 
 ESDF WARNING(1): "charge" (esdf_physical) has no units. Assume "e".
<<<<<<<<<<<<<<<<<<<<<<<<<<<<<<<<< Full system >>>>>>>>>>>>>>>>>>>>>>>>>>>>>>>>>>
<<<<<<<<<<<<<<<<<<<<<<<<<<< PAW Dataset information >>>>>>>>>>>>>>>>>>>>>>>>>>>
File: Fe.PBE-paw.abinit; rc = 2.12 bohr; shape type =  2; rshape = 1.81 bohr;
  Atomic number: 26;  ionic charge: 16.000000
    Partial Wave 1: l = 0
    Partial Wave 2: l = 0
    Partial Wave 3: l = 1
    Partial Wave 4: l = 1
    Partial Wave 5: l = 2
    Partial Wave 6: l = 2
  Core charge supplied for Nonlinear Core Corrections
File: O.PBE-paw.abinit; rc = 1.41 bohr; shape type =  2; rshape = 1.20 bohr;
  Atomic number:  8;  ionic charge:  6.000000
    Partial Wave 1: l = 0
    Partial Wave 2: l = 0
    Partial Wave 3: l = 1
    Partial Wave 4: l = 1
  Core charge supplied for Nonlinear Core Corrections
File: H.PBE-paw.abinit; rc = 0.90 bohr; shape type =  2; rshape = 0.80 bohr;
  Atomic number:  1;  ionic charge:  1.000000
    Partial Wave 1: l = 0
    Partial Wave 2: l = 0
    Partial Wave 3: l = 1
File: C.PBE-paw.abinit; rc = 1.51 bohr; shape type =  2; rshape = 1.30 bohr;
  Atomic number:  6;  ionic charge:  4.000000
    Partial Wave 1: l = 0
    Partial Wave 2: l = 0
    Partial Wave 3: l = 1
    Partial Wave 4: l = 1
  Core charge supplied for Nonlinear Core Corrections
<<<<<<<<<<<<<<<<<<<<<<<<<<<<<<<<<<<<<<< >>>>>>>>>>>>>>>>>>>>>>>>>>>>>>>>>>>>>>>

-------------------------- Atom counting information ---------------------------
Symbol    Natoms    Nngwfs    Nprojs
  Fe         1        13        18
  O          3        12        24
  H         18        18        90
  C          6        24        48
.......   ......    ......    ......
Totals:     28        67       180
--------------------------------------------------------------------------------

=============================== PSINC grid sizes ===============================
                      Simulation cell:  105 x 105 x  99
                              FFT-box:  105 x 105 x  99
                                  PPD:    5 x   5 x   1
Grid space d1=  0.501068965054a0 (KE cutoff=  30.25582Eh = 823.30288eV)
Grid space d2=  0.503159963219a0 (KE cutoff=  30.00488Eh = 816.47424eV)
Grid space d3=  0.507095739121a0 (KE cutoff=  29.54092Eh = 803.84945eV)
================================================================================

********************* Fourier parallelisation information **********************
       Coarse grid (whole simulation cell) dimensions:    105   105    99
          Real-space ('12') slabs/proc (min max mean):     16    17    16
         Recip-space ('23') slabs/proc (min max mean):      8     9     8
********************************************************************************

********************* Fourier parallelisation information **********************
       Double grid (whole simulation cell) dimensions:    210   210   198
          Real-space ('12') slabs/proc (min max mean):     33    33    33
         Recip-space ('23') slabs/proc (min max mean):     17    18    17
********************************************************************************

********************* Fourier parallelisation information **********************
         Fine grid (whole simulation cell) dimensions:    420   420   396
          Real-space ('12') slabs/proc (min max mean):     66    66    66
         Recip-space ('23') slabs/proc (min max mean):     35    36    35
********************************************************************************

Atom SCF Calculation for C  : Z (AE atom) =   6 : Z (PS atom) =   4
Config String: 2s2.0 2p2.0
Orbitals (num,occ):  2     2.00 2.00
Orbitals   (num,l):  2        0    1
Real-space Grid (nr,dr,rmax): 1503    0.0066577896   10.0000000000
Spherical Bessel Basis (nsws,lmax,cutoff):   37    2  176.3967570603
Confining potential (l,width,scale):  0    3.0000000000  100.0000000000
Confining potential (l,width,scale):  1    3.0000000000  100.0000000000
  1         -5.4381308884   -1.2721298092    4.5135250045   -1.9381135692
  2         -5.3849331102   -1.3649505469    4.4159511708   -1.9005879768
  3         -5.3930021612   -1.3849430624    4.3947033354   -1.8924421815
  4         -5.4001802281   -1.3891927246    4.3902388137   -1.8907518289
  5         -5.4037205329   -1.3915457087    4.3877695258   -1.8898885469
  6         -5.4055416859   -1.3928069742    4.3864477540   -1.8894519912
  7         -5.4065002767   -1.3934742451    4.3857498837   -1.8892319620
  8         -5.4070074727   -1.3938267709    4.3853820092   -1.8891207968
  9         -5.4072763209   -1.3940130896    4.3851880206   -1.8890645345
 10         -5.4074189962   -1.3941116277    4.3850856600   -1.8890360408
 11         -5.4074947717   -1.3941637823    4.3850316039   -1.8890216105
 12         -5.4075350443   -1.3941914082    4.3850030336   -1.8890143059
 13         -5.4075564617   -1.3942060527    4.3849879208   -1.8890106114
 14         -5.4075678586   -1.3942138217    4.3849799198   -1.8890087446
 15         -5.4075739267   -1.3942179465    4.3849756804   -1.8890078024
 16         -5.4075771595   -1.3942201380    4.3849734321   -1.8890073276
 17         -5.4075788827   -1.3942213034    4.3849722389   -1.8890070886
 18         -5.4075798017   -1.3942219235    4.3849716050   -1.8890069685
 19         -5.4075802921   -1.3942222537    4.3849712680   -1.8890069082
 20         -5.4075805539   -1.3942224296    4.3849710888   -1.8890068781
 21         -5.4075806938   -1.3942225235    4.3849709933   -1.8890068630
 22         -5.4075807686   -1.3942225735    4.3849709424   -1.8890068555
Atom SCF converged after  22 iterations to a total energy of     -5.40758077

Atom SCF Calculation for Fe : Z (AE atom) =  26 : Z (PS atom) =  16
Config String: 3s2.0 3p6.0 3d6.0 4s2.0 4p0.0 INIT SPIN=5
Orbitals (num,occ):  5     2.00 6.00 6.00 2.00 0.00
Orbitals   (num,l):  5        0    1    2    0    1
Real-space Grid (nr,dr,rmax): 1503    0.0066577896   10.0000000000
Spherical Bessel Basis (nsws,lmax,cutoff):   37    4  176.3967570603
Confining potential (l,width,scale):  0    3.0000000000  100.0000000000
Confining potential (l,width,scale):  1    3.0000000000  100.0000000000
Confining potential (l,width,scale):  2    3.0000000000  100.0000000000
  1       -111.4005172118  -52.5575611559   72.2164000725   -4.0901868950
  2       -116.6635475262  -20.5601904919   91.7007084249   -2.2962490369
  3       -121.6156136875  -23.2753453277   92.4544705195   -2.7706732816
  4       -123.0066153699  -21.4164712440   94.7136519632   -2.9394413820
  5       -123.8168122141  -22.6370400734   94.1384349420   -3.0798102909
  6       -123.9055073486  -21.7222843370   94.9342614757   -3.0846520419
  7       -124.0956886241  -22.4138747628   94.4617720360   -3.1224050559
  8       -124.0492758687  -21.8887017510   94.8692044073   -3.1096545890
  9       -124.1222324005  -22.2877514631   94.5777385101   -3.1254730624
 10       -124.0894611846  -22.0431086758   94.7620026738   -3.1177312036
 11       -124.1066906466  -22.1417456915   94.6895757605   -3.1215019185
 12       -124.1027421480  -22.1090398813   94.7144439268   -3.1205307857
 13       -124.1039552528  -22.1131641559   94.7116547863   -3.1207645739
 14       -124.1041718268  -22.1127261003   94.7121170471   -3.1207931979
 15       -124.1043563153  -22.1126782042   94.7122440208   -3.1208211382
 16       -124.1044853288  -22.1126702816   94.7123114748   -3.1208409484
 17       -124.1045734258  -22.1126674103   94.7123551926   -3.1208545095
 18       -124.1046334193  -22.1126657134   94.7123845864   -3.1208637603
 19       -124.1046742816  -22.1126645462   94.7124045128   -3.1208700757
 20       -124.1047021281  -22.1126636961   94.7124180731   -3.1208743926
 21       -124.1047211147  -22.1126630559   94.7124273290   -3.1208773473
 22       -124.1047340666  -22.1126625637   94.7124336643   -3.1208793718
 23       -124.1047429056  -22.1126621807   94.7124380116   -3.1208807606
 24       -124.1047489402  -22.1126618812   94.7124410017   -3.1208817142
 25       -124.1047530616  -22.1126616468   94.7124430628   -3.1208823696
 26       -124.1047558771  -22.1126614637   94.7124444863   -3.1208828204
 27       -124.1047578011  -22.1126613212   94.7124454714   -3.1208831306
 28       -124.1047591161  -22.1126612109   94.7124461541   -3.1208833444
 29       -124.1047600152  -22.1126611259   94.7124466281   -3.1208834917
 30       -124.1047606300  -22.1126610607   94.7124469575   -3.1208835933
 31       -124.1047610504  -22.1126610110   94.7124471869   -3.1208836634
 32       -124.1047613380  -22.1126609733   94.7124473467   -3.1208837118
 33       -124.1047615347  -22.1126609447   94.7124474583   -3.1208837453
 34       -124.1047616693  -22.1126609232   94.7124475361   -3.1208837684
 35       -124.1047617614  -22.1126609071   94.7124475906   -3.1208837843
Atom SCF converged after  35 iterations to a total energy of   -124.10476176
Adjusting orbital occupancies:
Orbitals (num,spin,occ):  5  1     1.00 3.00 5.00 1.00 0.50
Orbitals   (num,spin,l):  5  1        0    1    2    0    1
Orbitals (num,spin,occ):  5  2     1.00 3.00 1.50 0.00 0.00
Orbitals   (num,spin,l):  5  2        0    1    2    0    1

Atom SCF Calculation for H  : Z (AE atom) =   1 : Z (PS atom) =   1
Config String: 1s1.0
Orbitals (num,occ):  1     1.00
Orbitals   (num,l):  1        0
Real-space Grid (nr,dr,rmax): 1503    0.0066577896   10.0000000000
Spherical Bessel Basis (nsws,lmax,cutoff):   37    2  176.3967570603
Confining potential (l,width,scale):  0    3.0000000000  100.0000000000
  1         -0.3348525927   -0.2401819449    0.2820953128   -0.2388448411
  2         -0.4038948821   -0.2405504229    0.2866889240   -0.2416217444
  3         -0.4360732773   -0.2390089543    0.2890729861   -0.2443653791
  4         -0.4497314704   -0.2383264046    0.2899315599   -0.2456060208
  5         -0.4551901081   -0.2381357631    0.2901452306   -0.2460489407
  6         -0.4573594294   -0.2381000300    0.2901742710   -0.2461947705
  7         -0.4582326910   -0.2381004501    0.2901659451   -0.2462415077
  8         -0.4585900702   -0.2381055523    0.2901559649   -0.2462564278
  9         -0.4587384807   -0.2381092319    0.2901497571   -0.2462612174
 10         -0.4588008132   -0.2381112609    0.2901465144   -0.2462627659
 11         -0.4588272086   -0.2381122698    0.2901449456   -0.2462632682
 12         -0.4588384507   -0.2381127465    0.2901442163   -0.2462634302
 13         -0.4588432580   -0.2381129655    0.2901438848   -0.2462634814
 14         -0.4588453195   -0.2381130645    0.2901437362   -0.2462634968
 15         -0.4588462053   -0.2381131088    0.2901436700   -0.2462635011
 16         -0.4588465865   -0.2381131284    0.2901436407   -0.2462635020
 17         -0.4588467508   -0.2381131372    0.2901436278   -0.2462635020
 18         -0.4588468216   -0.2381131410    0.2901436222   -0.2462635019
Atom SCF converged after  18 iterations to a total energy of     -0.45884682

Atom SCF Calculation for O  : Z (AE atom) =   8 : Z (PS atom) =   6
Config String: 2s2.0 2p4.0
Orbitals (num,occ):  2     2.00 4.00
Orbitals   (num,l):  2        0    1
Real-space Grid (nr,dr,rmax): 1503    0.0066577896   10.0000000000
Spherical Bessel Basis (nsws,lmax,cutoff):   37    2  176.3967570603
Confining potential (l,width,scale):  0    3.0000000000  100.0000000000
Confining potential (l,width,scale):  1    3.0000000000  100.0000000000
  1         -8.3209332552   -7.4828484739   10.1554312602   -2.1270270195
  2        -15.1405599232   -3.0474882742   13.6590820486   -2.5134754209
  3        -15.5174094640   -3.1101891961   13.6243211040   -2.6472956001
  4        -15.7606118231   -3.0805775314   13.6668776248   -2.7100307789
  5        -15.8308896490   -3.0881936416   13.6633910567   -2.7338682066
  6        -15.8678540393   -3.0862312957   13.6673103078   -2.7443897972
  7        -15.8801393942   -3.0873360689   13.6669183555   -2.7485230919
  8        -15.8859601688   -3.0872977830   13.6672813272   -2.7502957173
  9        -15.8880580832   -3.0874730763   13.6672320183   -2.7510066526
 10        -15.8889924584   -3.0874981416   13.6672623218   -2.7513066537
 11        -15.8893459980   -3.0875277929   13.6672548500   -2.7514284384
 12        -15.8894977936   -3.0875355600   13.6672566096   -2.7514793465
 13        -15.8895569380   -3.0875407304   13.6672553199   -2.7515001537
 14        -15.8895817884   -3.0875424467   13.6672552475   -2.7515088021
 15        -15.8895916441   -3.0875433561   13.6672550136   -2.7515123499
 16        -15.8895957327   -3.0875436929   13.6672549605   -2.7515138192
 17        -15.8895973717   -3.0875438525   13.6672549179   -2.7515144231
 18        -15.8895980466   -3.0875439149   13.6672549044   -2.7515146726
 19        -15.8895983189   -3.0875439428   13.6672548968   -2.7515147752
 20        -15.8895984306   -3.0875439540   13.6672548940   -2.7515148175
 21        -15.8895984758   -3.0875439588   13.6672548927   -2.7515148349
Atom SCF converged after  21 iterations to a total energy of    -15.88959848

BC: Task: SINGLEPOINT
BC: +++++++++++++++ Summary of boundary conditions ++++++++++++++
BC: |       Component       |     Keyword     |   Periodicity   |
BC: |                       |                 |     X  Y  Z [1] |
BC: |-----------------------------------------------------------|
BC: | Ion-ion               | ion_ion_bc [2]  |     P  P  P     |
BC: | Local pseudopotential | pspot_bc [3]    |     P  P  P     |
BC: +++++++++++++++++++++++++++++++++++++++++++++++++++++++++++++
BC: P: Periodic, O: Open.
BC: [1] Not strictly along X, Y, Z but rather along lattice vectors A1, A2, A3.
BC: [2] Also affected by: pbc_correction_cutoff, cutoff_coulomb_type,
BC:     is_smeared_ion_rep, is_implicit_solvent, openbc_ion_ion.
BC: [3] Also affected by: is_smeared_ion_rep, is_implicit_solvent, openbc_pspot.

Determining parallel strategy ...
... using space-filling curve
... NGWF load balancing: max     13;  min     10;  average     11
... Projector load balancing: max     38;  min     18;  average     30
... done
Calculating Ewald energy ...
              Ewald: real-space energy =          278.330967
        Ewald: reciprocal-space energy =           43.848049
         Ewald: (sum_charge)**2 energy =           18.336174
         Ewald: (sum_charge**2) energy =           16.058998
                          Ewald energy =          287.783842
Basis initialisation ...
... NGWF spheres initialised
... Projector spheres initialised
... NGWF tight boxes initialised
... Projector tight boxes initialised
... Tight-boxes gathered
... NGWF basis size (local,global):        185807       967257
... PAW projector initialisation
... done

============================= Charge Augmentation ==============================
                           Aug box size:   35 x  35 x  35
================================================================================

========================== Sparse matrix information ===========================
                        Overlap matrix filling: 100.00%
                        Density kernel filling: 100.00% (known to be dense)
              NGWF-Proj overlap matrix filling:  76.35%
                    Aug Overlap matrix filling: 100.00%
                    Hamiltonian matrix filling: 100.00%
                  NGWF diagonal matrix filling:   7.37%
                             KS matrix filling: 100.00% 
                           KSKS matrix filling: 100.00% 
================================================================================

Sparse matrix initialisation ...
 done
NGWF initialisation ... done
============ Calculation of NGWF S^-1 using Hotelling algorithm ================ 
     Iteration  |  Spin  |  Frobenius norm and Maximum abs value (of I-S*S_n^-1)
         1           1      0.78310568E+01     0.97187145E+00
         2           1      0.75554089E+01     0.94455199E+00
         3           1      0.71428801E+01     0.89224194E+00
         4           1      0.65914788E+01     0.79630123E+00
         5           1      0.59278266E+01     0.69510269E+00
         6           1      0.52316867E+01     0.66773248E+00
         7           1      0.46125638E+01     0.63631516E+00
         8           1      0.40052497E+01     0.58502662E+00
         9           1      0.32140446E+01     0.49843544E+00
        10           1      0.21906212E+01     0.36429108E+00
        11           1      0.10937027E+01     0.19762249E+00
        12           1      0.31181344E+00     0.60719727E-01
        13           1      0.33388947E-01     0.65057447E-02
        14           1      0.53232128E-03     0.96480986E-04
        15           1      0.16904364E-06     0.27904516E-07
        16           1      0.20835448E-13     0.42188475E-14
================================================================================
Calculating core density ...
================================= Core Density =================================
               Core den box size:   39 x  39 x  39
================================================================================
 ... done
Density renormalisation, spin  1 ...
Target Charge:    39.000000000000 ; Input Charge:    40.500476828231
Density renormalisation, spin  2 ...
Target Charge:    34.000000000000 ; Input Charge:    35.500424897719
Density kernel initialisation
 
======= Optimisation of K by Palser-Manolopoulos canonical purification ======== 
         Iteration  |  Band structure energy |    c_n   
               1         -36.67002702512225    0.5687187
               2         -37.66512508481733    0.5628296
               3         -38.81378636260335    0.5548355
               4         -40.10849365357267    0.5457430
               5         -41.60509560861098    0.5359425
               6         -43.32163319232918    0.5284327
               7         -45.07611226223626    0.5352084
               8         -46.45865479886420    0.5725393
               9         -47.17954264721254    0.6184446
              10         -47.47279962429266    0.6226258
              11         -47.62578954371280    0.5942992
              12         -47.71929655170135    0.5609815
              13         -47.76524299265610    0.5307097
              14         -47.77927789346227    0.5060724
              15         -47.78132869940049    0.5001729
              16         -47.78138499048740    0.5000002
              17         -47.78138503414162    0.5573649
              18         -47.78138503414165    0.5573649
Termination criterion satisfied: band energy change below threshold.
Final occupancy bounds: [    0.00000000000000:    1.00000000000000]
Closest occupancy to 0.5:     1.00000000000000
================================================================================
 
======= Optimisation of K by Palser-Manolopoulos canonical purification ======== 
         Iteration  |  Band structure energy |    c_n   
               1         -32.44357427401913    0.4950365
               2         -33.82445275018966    0.4885071
               3         -35.36339731376232    0.4809095
               4         -36.94976970043766    0.4784080
               5         -38.65350901235059    0.4851467
               6         -40.36424387543532    0.5143476
               7         -41.69487961721826    0.5806491
               8         -42.29080300064521    0.6455541
               9         -42.50009854041282    0.6826572
              10         -42.58572188165731    0.6940058
              11         -42.62382540676433    0.6748516
              12         -42.65183443628359    0.6441536
              13         -42.67633839456922    0.6080422
              14         -42.69630880503156    0.5703894
              15         -42.71099462820132    0.5376415
              16         -42.72155194539564    0.5093668
              17         -42.72998325826077    0.4722473
              18         -42.73564863348047    0.4124950
              19         -42.73834026376420    0.3434059
              20         -42.73932689666375    0.3343137
              21         -42.73984814100400    0.3754820
              22         -42.74035450410169    0.4259004
              23         -42.74079017614190    0.4707308
              24         -42.74103542899419    0.4949289
              25         -42.74109302536359    0.4998381
              26         -42.74109560843193    0.4999998
              27         -42.74109561347645    0.4998481
              28         -42.74109561347645    0.4998481
Termination criterion satisfied: band energy change below threshold.
Final occupancy bounds: [   -0.00000000000000:    1.00000000000000]
Closest occupancy to 0.5:     1.00000000000000
================================================================================

Writing density kernel to file "Fe_EtOH_3_HighSpin.dkn" ... done

>>> Optimising kernel for current NGWFs:
   Initial electron number for spin 1:      39.00000000
   Initial electron number for spin 2:      34.00000000
     Final electron number for spin 1:      39.00000000
     Final electron number for spin 2:      34.00000000

=================== Penalty functional idempotency correction ==================
 RMS occupancy error at iteration   1:  0.000000 (step -0.5000 Ne1=     39.0000)
                                                               Ne2=     34.0000
            Final RMS occupancy error   :  0.000000 (Ne1=     39.0000)
                                                     Ne2=     34.0000
            Final occupancy bounds spin 1: [  0.000,  1.000]
            Final occupancy bounds spin 2: [  0.000,  1.000]
================================================================================

................................................................................
<<<<<<<<<<<<<< LNV (Original version) density kernel optimisation >>>>>>>>>>>>>>
~~~~~~~~~~~~~~~~~~~~~~~~~~~~~~~~~~~~~~~~~~~~~~~~~~~~~~~~~~~~~~~~~~~~~~~~~~~~~~~~
   iter  |      energy (Eh)       | rms gradient |  commutator  |   dE (Eh)
      ideal mu1:      -0.549065048066
      ideal mu2:      -0.593671113324
             Q0:        -213.586653582748
             G0:      -8.787402295553
   RMS gradient:       0.062570618765
    Initial Ne1:      39.00000000
    Initial Ne2:      34.00000000
      Final Ne1:      39.00000000
      Final Ne2:      34.00000000

=================== Penalty functional idempotency correction ==================
 RMS occupancy error at iteration   1:  0.002702 (step -0.4864 Ne1=     39.0000)
                                                               Ne2=     34.0000
 RMS occupancy error at iteration   2:  0.000040 (step -0.5001 Ne1=     39.0000)
                                                               Ne2=     34.0000
            Final RMS occupancy error   :  0.000000 (Ne1=     39.0000)
                                                     Ne2=     34.0000
            Final occupancy bounds spin 1: [  0.000,  1.000]
            Final occupancy bounds spin 2: [  0.000,  1.000]
================================================================================

    1        -2.135866535827E+02     6.2571E-02     4.1799E-02
      ideal mu1:      -0.660261137562
      ideal mu2:      -0.709067178681
             Q0:        -214.342832977359
             G0:      -8.300241781569
   RMS gradient:       0.046332303605
========================= Kernel Line Step Protection ==========================
|  Iter |  Trial Step |   RMS Occupancy Error |   Occupancy Bounds | Accepted? |
    0        0.000000                0.000000    [ 1.0000:  0.0000]
    1        0.500000                0.123220    [ 1.4437: -0.4437]        No
    2        0.250000                0.034417    [ 1.1556: -0.1555]       Yes
================================================================================
     Trial step:       0.250000000000
             Q1:        -215.124646792680
 Quadratic coef:       1.293246630071
 Linear coef   :      -2.075060445392
           Qmin:        -215.175210141913
Quadratic minimum step length (  0.200566968158) accepted
    Initial Ne1:      38.99999958
    Initial Ne2:      33.99999922
      Final Ne1:      39.00000000
      Final Ne2:      34.00000000

=================== Penalty functional idempotency correction ==================
 RMS occupancy error at iteration   1:  0.023299 (step -0.4096 Ne1=     39.0000)
                                                               Ne2=     34.0000
 RMS occupancy error at iteration   2:  0.002084 (step -0.5063 Ne1=     39.0000)
                                                               Ne2=     34.0000
 RMS occupancy error at iteration   3:  0.000047 (step -0.5003 Ne1=     39.0000)
                                                               Ne2=     34.0000
            Final RMS occupancy error   :  0.000000 (Ne1=     39.0000)
                                                     Ne2=     34.0000
            Final occupancy bounds spin 1: [ -0.000,  1.000]
            Final occupancy bounds spin 2: [ -0.000,  1.000]
================================================================================

    2        -2.143428329774E+02     4.6332E-02     3.0941E-02    -7.5618E-01
      ideal mu1:      -0.912532799624
      ideal mu2:      -0.958996101613
             Q0:        -215.217058605014
             G0:      -1.008651857527
   RMS gradient:       0.019604782937
     Trial step:       0.223923518281
             Q1:        -215.366293100372
 Quadratic coef:       0.076626377301
 Linear coef   :      -0.225860872659
           Qmin:        -215.383493244087
Quadratic minimum step length (  0.330014043657) accepted
    Initial Ne1:      39.00000066
    Initial Ne2:      34.00000033
      Final Ne1:      39.00000000
      Final Ne2:      34.00000000

=================== Penalty functional idempotency correction ==================
 RMS occupancy error at iteration   1:  0.016381 (step -0.4344 Ne1=     39.0000)
                                                               Ne2=     34.0000
 RMS occupancy error at iteration   2:  0.000863 (step -0.5006 Ne1=     39.0000)
                                                               Ne2=     34.0000
 RMS occupancy error at iteration   3:  0.000006 (step -0.5000 Ne1=     39.0000)
                                                               Ne2=     34.0000
            Final RMS occupancy error   :  0.000000 (Ne1=     39.0000)
                                                     Ne2=     34.0000
            Final occupancy bounds spin 1: [  0.000,  1.000]
            Final occupancy bounds spin 2: [  0.000,  1.000]
================================================================================

    3        -2.152170586050E+02     1.9605E-02     1.3176E-02    -8.7423E-01
      ideal mu1:      -1.016559750749
      ideal mu2:      -1.055488949997
             Q0:        -215.394621432371
             G0:      -0.550049928145
   RMS gradient:       0.014931832706
     Trial step:       0.271841692421
             Q1:        -215.474120857799
 Quadratic coef:       0.070027077955
 Linear coef   :      -0.149526503383
           Qmin:        -215.474441181627
Quadratic minimum step length (  0.290227287276) accepted
    Initial Ne1:      39.00000033
    Initial Ne2:      34.00000015
      Final Ne1:      39.00000000
      Final Ne2:      34.00000000

=================== Penalty functional idempotency correction ==================
 RMS occupancy error at iteration   1:  0.014841 (step -0.4280 Ne1=     39.0000)
                                                               Ne2=     34.0000
 RMS occupancy error at iteration   2:  0.000817 (step -0.5003 Ne1=     39.0000)
                                                               Ne2=     34.0000
 RMS occupancy error at iteration   3:  0.000006 (step -0.5000 Ne1=     39.0000)
                                                               Ne2=     34.0000
            Final RMS occupancy error   :  0.000000 (Ne1=     39.0000)
                                                     Ne2=     34.0000
            Final occupancy bounds spin 1: [  0.000,  1.000]
            Final occupancy bounds spin 2: [  0.000,  1.000]
================================================================================

    4        -2.153946214324E+02     1.4932E-02     9.9345E-03    -1.7756E-01
      ideal mu1:      -1.063533397662
      ideal mu2:      -1.091598457019
    5        -2.154804647564E+02     1.0421E-02     6.8050E-03    -8.5843E-02
Finished density kernel iterations (   5)

Writing density kernel to file "Fe_EtOH_3_HighSpin.dkn" ... done


>>> Density kernel optimised for the current NGWF basis:
     ~~~~~~~~~~~~~~~~~~~~~~~~~~~~~~~~~~~~~~~~~~~~~~~~~~~~~~~~~~~
     Total energy                =  -2.15480464756367E+02  Eh
     Estimated bandgap (UP spin) =   1.4929E-01  Eh
     Estimated bandgap (DN spin) =  -6.6646E-02  Eh
     RMS occupancy error         =   5.6236E-10
     [H,K] commutator            =   6.8050E-03
     UP spin occupancy bounds    = [  0.000:  1.000]
     DN spin occupancy bounds    = [  0.000:  1.000]
     ~~~~~~~~~~~~~~~~~~~~~~~~~~~~~~~~~~~~~~~~~~~~~~~~~~~~~~~~~~~




################################################################################
########################### NGWF CG iteration  001 #############################
################################################################################
****** Reciprocal space K.E. preconditioning with k_zero =  3.0000 a0^-1 *******

>>> Checking for convergence of NGWFs:   NOT CONVERGED
  ========================================================================
         NGWF RMS gradient =  9.4042E-04 >  2.0000E-06  | above tolerance
  ========================================================================

>>> Improving NGWFs using line search:
============ Calculation of NGWF S^-1 using Hotelling algorithm ================ 
     Iteration  |  Spin  |  Frobenius norm and Maximum abs value (of I-S*S_n^-1)
         1           1      0.16983816E-01     0.25425209E-02
         2           1      0.25939416E-04     0.56772334E-05
         3           1      0.15683060E-09     0.35121683E-10
         4           1      0.55420835E-14     0.99920072E-15
================================================================================
============ Calculation of NGWF S^-1 using Hotelling algorithm ================ 
     Iteration  |  Spin  |  Frobenius norm and Maximum abs value (of I-S*S_n^-1)
         1           1      0.18539739E+00     0.34124978E-01
         2           1      0.36018507E-02     0.79633807E-03
         3           1      0.22845733E-05     0.57117640E-06
         4           1      0.12040118E-11     0.36182168E-12
================================================================================
------------------------------- NGWF line search -------------------------------
RMS gradient                =       0.00094042374718
Trial step length           =               0.122474
Gradient along search dir.  =         -1.94140933629
Functional at step 0        =    -215.48046475636721
Functional at step 1        =    -215.70560378572284
Functional predicted        =    -216.59918566447257
Selected quadratic step     =               1.152483
Conjugate gradients coeff.  =               0.000000
--------------------------- NGWF line search finished --------------------------
                                               
Writing NGWFs to file "Fe_EtOH_3_HighSpin.tightbox_ngwfs".... done

>>> Optimising kernel for current NGWFs:
   Initial electron number for spin 1:      39.26603055
   Initial electron number for spin 2:      34.26288394
     Final electron number for spin 1:      39.00000000
     Final electron number for spin 2:      34.00000000

=================== Penalty functional idempotency correction ==================
 RMS occupancy error at iteration   1:  0.006237 (step -0.4913 Ne1=     39.0000)
                                                               Ne2=     34.0000
 RMS occupancy error at iteration   2:  0.000145 (step -0.5008 Ne1=     39.0000)
                                                               Ne2=     34.0000
            Final RMS occupancy error   :  0.000000 (Ne1=     39.0000)
                                                     Ne2=     34.0000
            Final occupancy bounds spin 1: [ -0.000,  1.000]
            Final occupancy bounds spin 2: [ -0.000,  1.000]
================================================================================

................................................................................
<<<<<<<<<<<<<< LNV (Original version) density kernel optimisation >>>>>>>>>>>>>>
~~~~~~~~~~~~~~~~~~~~~~~~~~~~~~~~~~~~~~~~~~~~~~~~~~~~~~~~~~~~~~~~~~~~~~~~~~~~~~~~
   iter  |      energy (Eh)       | rms gradient |  commutator  |   dE (Eh)
      ideal mu1:      -0.995349279021
      ideal mu2:      -1.021238852272
             Q0:        -216.569697152795
             G0:      -0.221831807071
   RMS gradient:       0.009941504276
     Trial step:       0.280884098802
             Q1:        -216.615426300798
 Quadratic coef:       0.016579879211
 Linear coef   :      -0.062309027215
           Qmin:        -216.628238213664
Quadratic minimum step length (  0.527796817254) accepted
    Initial Ne1:      38.99999552
    Initial Ne2:      33.99999766
      Final Ne1:      39.00000000
      Final Ne2:      34.00000000

=================== Penalty functional idempotency correction ==================
 RMS occupancy error at iteration   1:  0.001929 (step -0.4925 Ne1=     39.0000)
                                                               Ne2=     34.0000
 RMS occupancy error at iteration   2:  0.000010 (step -0.5000 Ne1=     39.0000)
                                                               Ne2=     34.0000
            Final RMS occupancy error   :  0.000000 (Ne1=     39.0000)
                                                     Ne2=     34.0000
            Final occupancy bounds spin 1: [  0.000,  1.000]
            Final occupancy bounds spin 2: [  0.000,  1.000]
================================================================================

    1        -2.165696971528E+02     9.9415E-03     6.4782E-03
      ideal mu1:      -0.958802136112
      ideal mu2:      -0.989768979067
             Q0:        -216.629069867662
             G0:      -0.127725872792
   RMS gradient:       0.007430219756
     Trial step:       0.385032119913
             Q1:        -216.664334351133
 Quadratic coef:       0.013914080098
 Linear coef   :      -0.049178563569
           Qmin:        -216.672524610945
Quadratic minimum step length (  0.680437601765) accepted
    Initial Ne1:      38.99999665
    Initial Ne2:      33.99999827
      Final Ne1:      39.00000000
      Final Ne2:      34.00000000

=================== Penalty functional idempotency correction ==================
 RMS occupancy error at iteration   1:  0.006074 (step -0.4706 Ne1=     39.0000)
                                                               Ne2=     34.0000
 RMS occupancy error at iteration   2:  0.000158 (step -0.5003 Ne1=     39.0000)
                                                               Ne2=     34.0000
 RMS occupancy error at iteration   3:  0.000000 (step -0.5000 Ne1=     39.0000)
                                                               Ne2=     34.0000
            Final RMS occupancy error   :  0.000000 (Ne1=     39.0000)
                                                     Ne2=     34.0000
            Final occupancy bounds spin 1: [  0.000,  1.000]
            Final occupancy bounds spin 2: [  0.000,  1.000]
================================================================================

    2        -2.166290698677E+02     7.4302E-03     5.0298E-03    -5.9373E-02
      ideal mu1:      -0.978303341394
      ideal mu2:      -1.006249965508
             Q0:        -216.673322704510
             G0:      -0.160056831457
   RMS gradient:       0.008316687569
     Trial step:       0.511849911865
             Q1:        -216.676694286683
 Quadratic coef:       0.078553492901
 Linear coef   :      -0.081925075074
           Qmin:        -216.694683046610
Quadratic minimum step length (  0.266909470907) accepted
    Initial Ne1:      38.99999835
    Initial Ne2:      33.99999915
      Final Ne1:      39.00000000
      Final Ne2:      34.00000000

=================== Penalty functional idempotency correction ==================
 RMS occupancy error at iteration   1:  0.006612 (step -0.4590 Ne1=     39.0000)
                                                               Ne2=     34.0000
 RMS occupancy error at iteration   2:  0.000208 (step -0.4999 Ne1=     39.0000)
                                                               Ne2=     34.0000
 RMS occupancy error at iteration   3:  0.000000 (step -0.5000 Ne1=     39.0000)
                                                               Ne2=     34.0000
            Final RMS occupancy error   :  0.000000 (Ne1=     39.0000)
                                                     Ne2=     34.0000
            Final occupancy bounds spin 1: [  0.000,  1.000]
            Final occupancy bounds spin 2: [  0.000,  1.000]
================================================================================

    3        -2.166733227045E+02     8.3167E-03     5.3927E-03    -4.4253E-02
      ideal mu1:      -0.989540651145
      ideal mu2:      -1.016007893642
             Q0:        -216.696247418039
             G0:      -0.053044661049
   RMS gradient:       0.004623235071
     Trial step:       0.369618166707
             Q1:        -216.709475723397
 Quadratic coef:       0.006377965013
 Linear coef   :      -0.019606270370
           Qmin:        -216.711315148775
Quadratic minimum step length (  0.568114884255) accepted
    Initial Ne1:      38.99999892
    Initial Ne2:      33.99999944
      Final Ne1:      39.00000000
      Final Ne2:      34.00000000

=================== Penalty functional idempotency correction ==================
 RMS occupancy error at iteration   1:  0.007130 (step -0.4515 Ne1=     39.0000)
                                                               Ne2=     34.0000
 RMS occupancy error at iteration   2:  0.000224 (step -0.4998 Ne1=     39.0000)
                                                               Ne2=     34.0000
 RMS occupancy error at iteration   3:  0.000000 (step -0.5000 Ne1=     39.0000)
                                                               Ne2=     34.0000
            Final RMS occupancy error   :  0.000000 (Ne1=     39.0000)
                                                     Ne2=     34.0000
            Final occupancy bounds spin 1: [  0.000,  1.000]
            Final occupancy bounds spin 2: [  0.000,  1.000]
================================================================================

    4        -2.166962474180E+02     4.6232E-03     3.0345E-03    -2.2925E-02
      ideal mu1:      -1.004380716576
      ideal mu2:      -1.026967267849
    5        -2.167127276510E+02     3.4087E-03     2.2685E-03    -1.6480E-02
Finished density kernel iterations (   5)

Writing density kernel to file "Fe_EtOH_3_HighSpin.dkn" ... done


>>> Density kernel optimised for the current NGWF basis:
     ~~~~~~~~~~~~~~~~~~~~~~~~~~~~~~~~~~~~~~~~~~~~~~~~~~~~~~~~~~~
     Total energy                =  -2.16712727650951E+02  Eh
     Estimated bandgap (UP spin) =   1.9007E-01  Eh
     Estimated bandgap (DN spin) =   2.0980E-03  Eh
     RMS occupancy error         =   2.8964E-12
     [H,K] commutator            =   2.2685E-03
     UP spin occupancy bounds    = [  0.000:  1.000]
     DN spin occupancy bounds    = [  0.000:  1.000]
     ~~~~~~~~~~~~~~~~~~~~~~~~~~~~~~~~~~~~~~~~~~~~~~~~~~~~~~~~~~~




################################################################################
########################### NGWF CG iteration  002 #############################
################################################################################
****** Reciprocal space K.E. preconditioning with k_zero =  3.0000 a0^-1 *******

>>> Checking for convergence of NGWFs:   NOT CONVERGED
  ========================================================================
         NGWF RMS gradient =  4.2299E-04 >  2.0000E-06  | above tolerance
  ========================================================================

>>> Improving NGWFs using line search:
============ Calculation of NGWF S^-1 using Hotelling algorithm ================ 
     Iteration  |  Spin  |  Frobenius norm and Maximum abs value (of I-S*S_n^-1)
         1           1      0.26341675E-01     0.61327485E-02
         2           1      0.93698588E-04     0.17130860E-04
         3           1      0.19766100E-08     0.38561895E-09
         4           1      0.56283813E-14     0.13322676E-14
================================================================================
============ Calculation of NGWF S^-1 using Hotelling algorithm ================ 
     Iteration  |  Spin  |  Frobenius norm and Maximum abs value (of I-S*S_n^-1)
         1           1      0.52216515E-01     0.10458490E-01
         2           1      0.38425552E-03     0.65361494E-04
         3           1      0.27761475E-07     0.41272783E-08
         4           1      0.58947636E-14     0.13322676E-14
================================================================================
------------------------------- NGWF line search -------------------------------
RMS gradient                =       0.00042298827271
Trial step length           =               0.375699
Gradient along search dir.  =         -0.37992966286
Functional at step 0        =    -216.71272765095091
Functional at step 1        =    -216.82899096941401
Functional predicted        =    -216.90511470085789
Selected quadratic step     =               1.012751
Conjugate gradients coeff.  =               0.202306
--------------------------- NGWF line search finished --------------------------
                                               
Writing NGWFs to file "Fe_EtOH_3_HighSpin.tightbox_ngwfs".... done

>>> Optimising kernel for current NGWFs:
   Initial electron number for spin 1:      39.19520712
   Initial electron number for spin 2:      34.19392630
     Final electron number for spin 1:      39.00000000
     Final electron number for spin 2:      34.00000000

=================== Penalty functional idempotency correction ==================
 RMS occupancy error at iteration   1:  0.003912 (step -0.4933 Ne1=     39.0000)
                                                               Ne2=     34.0000
 RMS occupancy error at iteration   2:  0.000033 (step -0.5001 Ne1=     39.0000)
                                                               Ne2=     34.0000
            Final RMS occupancy error   :  0.000000 (Ne1=     39.0000)
                                                     Ne2=     34.0000
            Final occupancy bounds spin 1: [  0.000,  1.000]
            Final occupancy bounds spin 2: [  0.000,  1.000]
================================================================================

................................................................................
<<<<<<<<<<<<<< LNV (Original version) density kernel optimisation >>>>>>>>>>>>>>
~~~~~~~~~~~~~~~~~~~~~~~~~~~~~~~~~~~~~~~~~~~~~~~~~~~~~~~~~~~~~~~~~~~~~~~~~~~~~~~~
   iter  |      energy (Eh)       | rms gradient |  commutator  |   dE (Eh)
      ideal mu1:      -0.976909216910
      ideal mu2:      -1.002368149015
             Q0:        -216.904386824919
             G0:      -0.020593207345
   RMS gradient:       0.003029020351
     Trial step:       0.458241837894
             Q1:        -216.908564842637
 Quadratic coef:       0.005258651463
 Linear coef   :      -0.009436669182
           Qmin:        -216.908620359213
Quadratic minimum step length (  0.411158322585) accepted
    Initial Ne1:      38.99999969
    Initial Ne2:      33.99999966
      Final Ne1:      39.00000000
      Final Ne2:      34.00000000

=================== Penalty functional idempotency correction ==================
 RMS occupancy error at iteration   1:  0.000104 (step -0.4996 Ne1=     39.0000)
                                                               Ne2=     34.0000
            Final RMS occupancy error   :  0.000000 (Ne1=     39.0000)
                                                     Ne2=     34.0000
            Final occupancy bounds spin 1: [ -0.000,  1.000]
            Final occupancy bounds spin 2: [ -0.000,  1.000]
================================================================================

    1        -2.169043868249E+02     3.0290E-03     2.0035E-03
      ideal mu1:      -0.980990698655
      ideal mu2:      -1.004106060672
             Q0:        -216.908622872812
             G0:      -0.011982171611
   RMS gradient:       0.002312798214
     Trial step:       0.434062144637
             Q1:        -216.911167675044
 Quadratic coef:       0.002656204875
 Linear coef   :      -0.005201007107
           Qmin:        -216.911168843115
Quadratic minimum step length (  0.424959746229) accepted
    Initial Ne1:      39.00000191
    Initial Ne2:      34.00000115
      Final Ne1:      39.00000000
      Final Ne2:      34.00000000

=================== Penalty functional idempotency correction ==================
 RMS occupancy error at iteration   1:  0.000250 (step -0.4987 Ne1=     39.0000)
                                                               Ne2=     34.0000
 RMS occupancy error at iteration   2:  0.000000 (step -0.5000 Ne1=     39.0000)
                                                               Ne2=     34.0000
            Final RMS occupancy error   :  0.000000 (Ne1=     39.0000)
                                                     Ne2=     34.0000
            Final occupancy bounds spin 1: [  0.000,  1.000]
            Final occupancy bounds spin 2: [  0.000,  1.000]
================================================================================

    2        -2.169086228728E+02     2.3128E-03     1.5724E-03    -4.2360E-03
      ideal mu1:      -0.983008154329
      ideal mu2:      -1.005648778369
             Q0:        -216.911175557114
             G0:      -0.014426773161
   RMS gradient:       0.002532343147
     Trial step:       0.429486831966
             Q1:        -216.915253878074
 Quadratic coef:       0.002117788140
 Linear coef   :      -0.006196109100
           Qmin:        -216.915707616679
Quadratic minimum step length (  0.628284580888) accepted
    Initial Ne1:      39.00000338
    Initial Ne2:      34.00000204
      Final Ne1:      39.00000000
      Final Ne2:      34.00000000

=================== Penalty functional idempotency correction ==================
 RMS occupancy error at iteration   1:  0.001491 (step -0.4901 Ne1=     39.0000)
                                                               Ne2=     34.0000
 RMS occupancy error at iteration   2:  0.000012 (step -0.5000 Ne1=     39.0000)
                                                               Ne2=     34.0000
            Final RMS occupancy error   :  0.000000 (Ne1=     39.0000)
                                                     Ne2=     34.0000
            Final occupancy bounds spin 1: [  0.000,  1.000]
            Final occupancy bounds spin 2: [  0.000,  1.000]
================================================================================

    3        -2.169111755571E+02     2.5323E-03     1.7064E-03    -2.5527E-03
      ideal mu1:      -0.984579262460
      ideal mu2:      -1.008205005578
             Q0:        -216.915756217545
             G0:      -0.010854669256
   RMS gradient:       0.002193185712
     Trial step:       0.519461215317
             Q1:        -216.917939777365
 Quadratic coef:       0.003455019864
 Linear coef   :      -0.005638579684
           Qmin:        -216.918056752860
Quadratic minimum step length (  0.423879394397) accepted
    Initial Ne1:      39.00000167
    Initial Ne2:      34.00000096
      Final Ne1:      39.00000000
      Final Ne2:      34.00000000

=================== Penalty functional idempotency correction ==================
 RMS occupancy error at iteration   1:  0.001505 (step -0.4893 Ne1=     39.0000)
                                                               Ne2=     34.0000
 RMS occupancy error at iteration   2:  0.000011 (step -0.5000 Ne1=     39.0000)
                                                               Ne2=     34.0000
            Final RMS occupancy error   :  0.000000 (Ne1=     39.0000)
                                                     Ne2=     34.0000
            Final occupancy bounds spin 1: [  0.000,  1.000]
            Final occupancy bounds spin 2: [  0.000,  1.000]
================================================================================

    4        -2.169157562175E+02     2.1932E-03     1.4460E-03    -4.5807E-03
      ideal mu1:      -0.981354930623
      ideal mu2:      -1.005907139494
    5        -2.169181269710E+02     1.8395E-03     1.2136E-03    -2.3708E-03
Finished density kernel iterations (   5)

Writing density kernel to file "Fe_EtOH_3_HighSpin.dkn" ... done


>>> Density kernel optimised for the current NGWF basis:
     ~~~~~~~~~~~~~~~~~~~~~~~~~~~~~~~~~~~~~~~~~~~~~~~~~~~~~~~~~~~
     Total energy                =  -2.16918126970992E+02  Eh
     Estimated bandgap (UP spin) =   1.9054E-01  Eh
     Estimated bandgap (DN spin) =   2.7451E-02  Eh
     RMS occupancy error         =   1.3466E-09
     [H,K] commutator            =   1.2136E-03
     UP spin occupancy bounds    = [  0.000:  1.000]
     DN spin occupancy bounds    = [  0.000:  1.000]
     ~~~~~~~~~~~~~~~~~~~~~~~~~~~~~~~~~~~~~~~~~~~~~~~~~~~~~~~~~~~




################################################################################
########################### NGWF CG iteration  003 #############################
################################################################################
****** Reciprocal space K.E. preconditioning with k_zero =  3.0000 a0^-1 *******

>>> Checking for convergence of NGWFs:   NOT CONVERGED
  ========================================================================
         NGWF RMS gradient =  2.0271E-04 >  2.0000E-06  | above tolerance
  ========================================================================

>>> Improving NGWFs using line search:
============ Calculation of NGWF S^-1 using Hotelling algorithm ================ 
     Iteration  |  Spin  |  Frobenius norm and Maximum abs value (of I-S*S_n^-1)
         1           1      0.23105768E-01     0.33502702E-02
         2           1      0.83668469E-04     0.13128923E-04
         3           1      0.16549829E-08     0.25647381E-09
         4           1      0.63836395E-14     0.18873791E-14
================================================================================
============ Calculation of NGWF S^-1 using Hotelling algorithm ================ 
     Iteration  |  Spin  |  Frobenius norm and Maximum abs value (of I-S*S_n^-1)
         1           1      0.90767257E-02     0.12737247E-02
         2           1      0.13224640E-04     0.19853455E-05
         3           1      0.39352970E-10     0.55271013E-11
         4           1      0.59839690E-14     0.13322676E-14
================================================================================
------------------------------- NGWF line search -------------------------------
RMS gradient                =       0.00020270581082
Trial step length           =               0.616838
Gradient along search dir.  =         -0.09059356723
Functional at step 0        =    -216.91812697099189
Functional at step 1        =    -216.95334730393409
Functional predicted        =    -216.95591208926527
Selected quadratic step     =               0.834168
Conjugate gradients coeff.  =               0.229655
--------------------------- NGWF line search finished --------------------------
                                               
Writing NGWFs to file "Fe_EtOH_3_HighSpin.tightbox_ngwfs".... done

>>> Optimising kernel for current NGWFs:
   Initial electron number for spin 1:      39.05882804
   Initial electron number for spin 2:      34.05813588
     Final electron number for spin 1:      39.00000000
     Final electron number for spin 2:      34.00000000

=================== Penalty functional idempotency correction ==================
 RMS occupancy error at iteration   1:  0.001290 (step -0.4980 Ne1=     39.0000)
                                                               Ne2=     34.0000
 RMS occupancy error at iteration   2:  0.000005 (step -0.5000 Ne1=     39.0000)
                                                               Ne2=     34.0000
            Final RMS occupancy error   :  0.000000 (Ne1=     39.0000)
                                                     Ne2=     34.0000
            Final occupancy bounds spin 1: [  0.000,  1.000]
            Final occupancy bounds spin 2: [  0.000,  1.000]
================================================================================

................................................................................
<<<<<<<<<<<<<< LNV (Original version) density kernel optimisation >>>>>>>>>>>>>>
~~~~~~~~~~~~~~~~~~~~~~~~~~~~~~~~~~~~~~~~~~~~~~~~~~~~~~~~~~~~~~~~~~~~~~~~~~~~~~~~
   iter  |      energy (Eh)       | rms gradient |  commutator  |   dE (Eh)
      ideal mu1:      -0.984856785132
      ideal mu2:      -1.006621660456
             Q0:        -216.955784072462
             G0:      -0.011462367619
   RMS gradient:       0.002259838283
     Trial step:       0.469242906565
             Q1:        -216.956134572958
 Quadratic coef:       0.005028134201
 Linear coef   :      -0.005378634698
           Qmin:        -216.957222464421
Quadratic minimum step length (  0.250976413703) accepted
    Initial Ne1:      39.00000000
    Initial Ne2:      34.00000000
      Final Ne1:      39.00000000
      Final Ne2:      34.00000000

=================== Penalty functional idempotency correction ==================
 RMS occupancy error at iteration   1:  0.000024 (step -0.4999 Ne1=     39.0000)
                                                               Ne2=     34.0000
            Final RMS occupancy error   :  0.000000 (Ne1=     39.0000)
                                                     Ne2=     34.0000
            Final occupancy bounds spin 1: [ -0.000,  1.000]
            Final occupancy bounds spin 2: [ -0.000,  1.000]
================================================================================

    1        -2.169557840725E+02     2.2598E-03     1.4811E-03
      ideal mu1:      -0.980256458794
      ideal mu2:      -1.003581609774
             Q0:        -216.957213666356
             G0:      -0.003860574487
   RMS gradient:       0.001310718572
     Trial step:       0.343174739521
             Q1:        -216.958024509510
 Quadratic coef:       0.000514008490
 Linear coef   :      -0.001324851644
           Qmin:        -216.958067364258
Quadratic minimum step length (  0.442264696975) accepted
    Initial Ne1:      38.99999998
    Initial Ne2:      34.00000010
      Final Ne1:      39.00000000
      Final Ne2:      34.00000000

=================== Penalty functional idempotency correction ==================
 RMS occupancy error at iteration   1:  0.000061 (step -0.4997 Ne1=     39.0000)
                                                               Ne2=     34.0000
            Final RMS occupancy error   :  0.000000 (Ne1=     39.0000)
                                                     Ne2=     34.0000
            Final occupancy bounds spin 1: [ -0.000,  1.000]
            Final occupancy bounds spin 2: [ -0.000,  1.000]
================================================================================

    2        -2.169572136664E+02     1.3107E-03     8.5975E-04    -1.4296E-03
      ideal mu1:      -0.977144644932
      ideal mu2:      -1.001409139874
             Q0:        -216.958068700429
             G0:      -0.003044865409
   RMS gradient:       0.001162582633
     Trial step:       0.389581919734
             Q1:        -216.958635580227
 Quadratic coef:       0.000619344713
 Linear coef   :      -0.001186224511
           Qmin:        -216.958636691308
Quadratic minimum step length (  0.373081107078) accepted
    Initial Ne1:      38.99999953
    Initial Ne2:      34.00000036
      Final Ne1:      39.00000000
      Final Ne2:      34.00000000

=================== Penalty functional idempotency correction ==================
 RMS occupancy error at iteration   1:  0.000093 (step -0.4996 Ne1=     39.0000)
                                                               Ne2=     34.0000
            Final RMS occupancy error   :  0.000000 (Ne1=     39.0000)
                                                     Ne2=     34.0000
            Final occupancy bounds spin 1: [ -0.000,  1.000]
            Final occupancy bounds spin 2: [ -0.000,  1.000]
================================================================================

    3        -2.169580687004E+02     1.1626E-03     7.7342E-04    -8.5503E-04
      ideal mu1:      -0.977217854755
      ideal mu2:      -1.001361956311
             Q0:        -216.958637772909
             G0:      -0.001711634646
   RMS gradient:       0.000871846455
     Trial step:       0.381242250953
             Q1:        -216.959117254276
 Quadratic coef:       0.000173066079
 Linear coef   :      -0.000652547445
           Qmin:        -216.959252882137
Quadratic minimum step length (  0.718738930401) accepted
    Initial Ne1:      38.99999866
    Initial Ne2:      34.00000078
      Final Ne1:      39.00000000
      Final Ne2:      34.00000000

=================== Penalty functional idempotency correction ==================
 RMS occupancy error at iteration   1:  0.000231 (step -0.4985 Ne1=     39.0000)
                                                               Ne2=     34.0000
 RMS occupancy error at iteration   2:  0.000000 (step -0.5000 Ne1=     39.0000)
                                                               Ne2=     34.0000
            Final RMS occupancy error   :  0.000000 (Ne1=     39.0000)
                                                     Ne2=     34.0000
            Final occupancy bounds spin 1: [  0.000,  1.000]
            Final occupancy bounds spin 2: [  0.000,  1.000]
================================================================================

    4        -2.169586377729E+02     8.7185E-04     5.7633E-04    -5.6907E-04
      ideal mu1:      -0.980438941391
      ideal mu2:      -1.003529816754
    5        -2.169592580461E+02     1.0064E-03     6.5330E-04    -6.2027E-04
Finished density kernel iterations (   5)

Writing density kernel to file "Fe_EtOH_3_HighSpin.dkn" ... done


>>> Density kernel optimised for the current NGWF basis:
     ~~~~~~~~~~~~~~~~~~~~~~~~~~~~~~~~~~~~~~~~~~~~~~~~~~~~~~~~~~~
     Total energy                =  -2.16959258046102E+02  Eh
     Estimated bandgap (UP spin) =   1.9159E-01  Eh
     Estimated bandgap (DN spin) =   1.7923E-02  Eh
     RMS occupancy error         =   8.6475E-13
     [H,K] commutator            =   6.5330E-04
     UP spin occupancy bounds    = [  0.000:  1.000]
     DN spin occupancy bounds    = [  0.000:  1.000]
     ~~~~~~~~~~~~~~~~~~~~~~~~~~~~~~~~~~~~~~~~~~~~~~~~~~~~~~~~~~~




################################################################################
########################### NGWF CG iteration  004 #############################
################################################################################
****** Reciprocal space K.E. preconditioning with k_zero =  3.0000 a0^-1 *******

>>> Checking for convergence of NGWFs:   NOT CONVERGED
  ========================================================================
         NGWF RMS gradient =  1.2735E-04 >  2.0000E-06  | above tolerance
  ========================================================================

>>> Improving NGWFs using line search:
============ Calculation of NGWF S^-1 using Hotelling algorithm ================ 
     Iteration  |  Spin  |  Frobenius norm and Maximum abs value (of I-S*S_n^-1)
         1           1      0.25086055E-01     0.35320340E-02
         2           1      0.10938021E-03     0.14025714E-04
         3           1      0.30360527E-08     0.34740511E-09
         4           1      0.59567759E-14     0.15543122E-14
================================================================================
============ Calculation of NGWF S^-1 using Hotelling algorithm ================ 
     Iteration  |  Spin  |  Frobenius norm and Maximum abs value (of I-S*S_n^-1)
         1           1      0.81043389E-03     0.11713509E-03
         2           1      0.11710530E-06     0.15564023E-07
         3           1      0.66654062E-14     0.13322676E-14
================================================================================
------------------------------- NGWF line search -------------------------------
RMS gradient                =       0.00012734711450
Trial step length           =               0.717319
Gradient along search dir.  =         -0.03633357460
Functional at step 0        =    -216.95925804610195
Functional at step 1        =    -216.97190172232411
Functional predicted        =    -216.97191292405756
Selected quadratic step     =               0.696594
Conjugate gradients coeff.  =               0.394681
--------------------------- NGWF line search finished --------------------------
                                               
Writing NGWFs to file "Fe_EtOH_3_HighSpin.tightbox_ngwfs".... done

>>> Optimising kernel for current NGWFs:
   Initial electron number for spin 1:      39.02629211
   Initial electron number for spin 2:      34.02530523
     Final electron number for spin 1:      39.00000000
     Final electron number for spin 2:      34.00000000

=================== Penalty functional idempotency correction ==================
 RMS occupancy error at iteration   1:  0.000615 (step -0.4990 Ne1=     39.0000)
                                                               Ne2=     34.0000
 RMS occupancy error at iteration   2:  0.000002 (step -0.5000 Ne1=     39.0000)
                                                               Ne2=     34.0000
            Final RMS occupancy error   :  0.000000 (Ne1=     39.0000)
                                                     Ne2=     34.0000
            Final occupancy bounds spin 1: [  0.000,  1.000]
            Final occupancy bounds spin 2: [  0.000,  1.000]
================================================================================

................................................................................
<<<<<<<<<<<<<< LNV (Original version) density kernel optimisation >>>>>>>>>>>>>>
~~~~~~~~~~~~~~~~~~~~~~~~~~~~~~~~~~~~~~~~~~~~~~~~~~~~~~~~~~~~~~~~~~~~~~~~~~~~~~~~
   iter  |      energy (Eh)       | rms gradient |  commutator  |   dE (Eh)
      ideal mu1:      -0.972240648297
      ideal mu2:      -0.997200046673
             Q0:        -216.971907780836
             G0:      -0.003784274385
   RMS gradient:       0.001298468757
     Trial step:       0.523463129240
             Q1:        -216.972001377074
 Quadratic coef:       0.001887331873
 Linear coef   :      -0.001980928112
           Qmin:        -216.972427572326
Quadratic minimum step length (  0.274711311420) accepted
    Initial Ne1:      39.00000000
    Initial Ne2:      34.00000000
      Final Ne1:      39.00000000
      Final Ne2:      34.00000000

=================== Penalty functional idempotency correction ==================
 RMS occupancy error at iteration   1:  0.000011 (step -0.5000 Ne1=     39.0000)
                                                               Ne2=     34.0000
            Final RMS occupancy error   :  0.000000 (Ne1=     39.0000)
                                                     Ne2=     34.0000
            Final occupancy bounds spin 1: [  0.000,  1.000]
            Final occupancy bounds spin 2: [  0.000,  1.000]
================================================================================

    1        -2.169719077808E+02     1.2985E-03     8.5365E-04
      ideal mu1:      -0.975477918097
      ideal mu2:      -0.999353204385
             Q0:        -216.972432112433
             G0:      -0.001930470258
   RMS gradient:       0.000930457389
     Trial step:       0.379211343071
             Q1:        -216.972798356483
 Quadratic coef:       0.000365812170
 Linear coef   :      -0.000732056219
           Qmin:        -216.972798356610
Quadratic minimum step length (  0.379435192557) accepted
    Initial Ne1:      39.00000003
    Initial Ne2:      33.99999997
      Final Ne1:      39.00000000
      Final Ne2:      34.00000000

=================== Penalty functional idempotency correction ==================
 RMS occupancy error at iteration   1:  0.000032 (step -0.4998 Ne1=     39.0000)
                                                               Ne2=     34.0000
            Final RMS occupancy error   :  0.000000 (Ne1=     39.0000)
                                                     Ne2=     34.0000
            Final occupancy bounds spin 1: [ -0.000,  1.000]
            Final occupancy bounds spin 2: [ -0.000,  1.000]
================================================================================

    2        -2.169724321124E+02     9.3046E-04     6.0269E-04    -5.2433E-04
      ideal mu1:      -0.978632872931
      ideal mu2:      -1.001566164879
             Q0:        -216.972798511398
             G0:      -0.001037496931
   RMS gradient:       0.000685711674
     Trial step:       0.379323251301
             Q1:        -216.973025137903
 Quadratic coef:       0.000166920204
 Linear coef   :      -0.000393546709
           Qmin:        -216.973030477044
Quadratic minimum step length (  0.447164013876) accepted
    Initial Ne1:      39.00000015
    Initial Ne2:      33.99999994
      Final Ne1:      39.00000000
      Final Ne2:      34.00000000

=================== Penalty functional idempotency correction ==================
 RMS occupancy error at iteration   1:  0.000047 (step -0.4997 Ne1=     39.0000)
                                                               Ne2=     34.0000
            Final RMS occupancy error   :  0.000000 (Ne1=     39.0000)
                                                     Ne2=     34.0000
            Final occupancy bounds spin 1: [ -0.000,  1.000]
            Final occupancy bounds spin 2: [ -0.000,  1.000]
================================================================================

    3        -2.169727985114E+02     6.8571E-04     4.4908E-04    -3.6640E-04
      ideal mu1:      -0.978944473017
      ideal mu2:      -1.002049625049
             Q0:        -216.973030269206
             G0:      -0.000961881883
   RMS gradient:       0.000657761057
     Trial step:       0.411849132096
             Q1:        -216.973308424353
 Quadratic coef:       0.000117995072
 Linear coef   :      -0.000396150219
           Qmin:        -216.973362772491
Quadratic minimum step length (  0.691359906479) accepted
    Initial Ne1:      39.00000057
    Initial Ne2:      34.00000009
      Final Ne1:      39.00000000
      Final Ne2:      34.00000000

=================== Penalty functional idempotency correction ==================
 RMS occupancy error at iteration   1:  0.000152 (step -0.4989 Ne1=     39.0000)
                                                               Ne2=     34.0000
            Final RMS occupancy error   :  0.000000 (Ne1=     39.0000)
                                                     Ne2=     34.0000
            Final occupancy bounds spin 1: [ -0.000,  1.000]
            Final occupancy bounds spin 2: [ -0.000,  1.000]
================================================================================

    4        -2.169730302692E+02     6.5776E-04     4.3032E-04    -2.3176E-04
      ideal mu1:      -0.977701980945
      ideal mu2:      -1.001339495267
    5        -2.169733617614E+02     7.3378E-04     4.8806E-04    -3.3149E-04
Finished density kernel iterations (   5)

Writing density kernel to file "Fe_EtOH_3_HighSpin.dkn" ... done


>>> Density kernel optimised for the current NGWF basis:
     ~~~~~~~~~~~~~~~~~~~~~~~~~~~~~~~~~~~~~~~~~~~~~~~~~~~~~~~~~~~
     Total energy                =  -2.16973361761440E+02  Eh
     Estimated bandgap (UP spin) =   1.9009E-01  Eh
     Estimated bandgap (DN spin) =   2.3734E-02  Eh
     RMS occupancy error         =   1.1228E-07
     [H,K] commutator            =   4.8806E-04
     UP spin occupancy bounds    = [ -0.000:  1.000]
     DN spin occupancy bounds    = [ -0.000:  1.000]
     ~~~~~~~~~~~~~~~~~~~~~~~~~~~~~~~~~~~~~~~~~~~~~~~~~~~~~~~~~~~




################################################################################
########################### NGWF CG iteration  005 #############################
################################################################################
****** Reciprocal space K.E. preconditioning with k_zero =  3.0000 a0^-1 *******

>>> Checking for convergence of NGWFs:   NOT CONVERGED
  ========================================================================
         NGWF RMS gradient =  6.9156E-05 >  2.0000E-06  | above tolerance
  ========================================================================

>>> Improving NGWFs using line search:
============ Calculation of NGWF S^-1 using Hotelling algorithm ================ 
     Iteration  |  Spin  |  Frobenius norm and Maximum abs value (of I-S*S_n^-1)
         1           1      0.11593436E-01     0.13007172E-02
         2           1      0.22431951E-04     0.47546915E-05
         3           1      0.17052221E-09     0.32105874E-10
         4           1      0.53023405E-14     0.11102230E-14
================================================================================
============ Calculation of NGWF S^-1 using Hotelling algorithm ================ 
     Iteration  |  Spin  |  Frobenius norm and Maximum abs value (of I-S*S_n^-1)
         1           1      0.24824910E-03     0.26329873E-04
         2           1      0.10201691E-07     0.19407488E-08
         3           1      0.54621217E-14     0.13322676E-14
================================================================================
------------------------------- NGWF line search -------------------------------
RMS gradient                =       0.00006915639007
Trial step length           =               0.706881
Gradient along search dir.  =         -0.01049867689
Functional at step 0        =    -216.97336176144029
Functional at step 1        =    -216.97699629690155
Functional predicted        =    -216.97699782704993
Selected quadratic step     =               0.692671
Conjugate gradients coeff.  =               0.000000
--------------------------- NGWF line search finished --------------------------
                                               
Writing NGWFs to file "Fe_EtOH_3_HighSpin.tightbox_ngwfs".... done

>>> Optimising kernel for current NGWFs:
   Initial electron number for spin 1:      38.99988043
   Initial electron number for spin 2:      33.99966508
     Final electron number for spin 1:      39.00000000
     Final electron number for spin 2:      34.00000000

=================== Penalty functional idempotency correction ==================
 RMS occupancy error at iteration   1:  0.000215 (step -0.4998 Ne1=     39.0000)
                                                               Ne2=     34.0000
 RMS occupancy error at iteration   2:  0.000000 (step -0.5000 Ne1=     39.0000)
                                                               Ne2=     34.0000
            Final RMS occupancy error   :  0.000000 (Ne1=     39.0000)
                                                     Ne2=     34.0000
            Final occupancy bounds spin 1: [  0.000,  1.000]
            Final occupancy bounds spin 2: [  0.000,  1.000]
================================================================================

................................................................................
<<<<<<<<<<<<<< LNV (Original version) density kernel optimisation >>>>>>>>>>>>>>
~~~~~~~~~~~~~~~~~~~~~~~~~~~~~~~~~~~~~~~~~~~~~~~~~~~~~~~~~~~~~~~~~~~~~~~~~~~~~~~~
   iter  |      energy (Eh)       | rms gradient |  commutator  |   dE (Eh)
      ideal mu1:      -0.979185210273
      ideal mu2:      -1.002046142920
             Q0:        -216.977004551196
             G0:      -0.000987704711
   RMS gradient:       0.000663366839
     Trial step:       0.533606575531
             Q1:        -216.977037463551
 Quadratic coef:       0.000494133373
 Linear coef   :      -0.000527045728
           Qmin:        -216.977145088759
Quadratic minimum step length (  0.284574045805) accepted
    Initial Ne1:      39.00000000
    Initial Ne2:      34.00000000
      Final Ne1:      39.00000000
      Final Ne2:      34.00000000

=================== Penalty functional idempotency correction ==================
 RMS occupancy error at iteration   1:  0.000003 (step -0.5000 Ne1=     39.0000)
                                                               Ne2=     34.0000
            Final RMS occupancy error   :  0.000000 (Ne1=     39.0000)
                                                     Ne2=     34.0000
            Final occupancy bounds spin 1: [  0.000,  1.000]
            Final occupancy bounds spin 2: [  0.000,  1.000]
================================================================================

    1        -2.169770045512E+02     6.6337E-04     4.3602E-04
      ideal mu1:      -0.978106261461
      ideal mu2:      -1.001283025231
             Q0:        -216.977143938474
             G0:      -0.000720179460
   RMS gradient:       0.000564091651
     Trial step:       0.389680102221
             Q1:        -216.977317379159
 Quadratic coef:       0.000107198920
 Linear coef   :      -0.000280639605
           Qmin:        -216.977327612405
Quadratic minimum step length (  0.510078227177) accepted
    Initial Ne1:      39.00000000
    Initial Ne2:      34.00000001
      Final Ne1:      39.00000000
      Final Ne2:      34.00000000

=================== Penalty functional idempotency correction ==================
 RMS occupancy error at iteration   1:  0.000019 (step -0.4999 Ne1=     39.0000)
                                                               Ne2=     34.0000
            Final RMS occupancy error   :  0.000000 (Ne1=     39.0000)
                                                     Ne2=     34.0000
            Final occupancy bounds spin 1: [ -0.000,  1.000]
            Final occupancy bounds spin 2: [ -0.000,  1.000]
================================================================================

    2        -2.169771439385E+02     5.6409E-04     3.7087E-04    -1.3939E-04
      ideal mu1:      -0.976469186572
      ideal mu2:      -1.000083803754
             Q0:        -216.977327654838
             G0:      -0.000400841879
   RMS gradient:       0.000422461252
     Trial step:       0.445833304842
             Q1:        -216.977421916571
 Quadratic coef:       0.000084446927
 Linear coef   :      -0.000178708660
           Qmin:        -216.977422201752
Quadratic minimum step length (  0.471741694409) accepted
    Initial Ne1:      39.00000001
    Initial Ne2:      34.00000003
      Final Ne1:      39.00000000
      Final Ne2:      34.00000000

=================== Penalty functional idempotency correction ==================
 RMS occupancy error at iteration   1:  0.000023 (step -0.4999 Ne1=     39.0000)
                                                               Ne2=     34.0000
            Final RMS occupancy error   :  0.000000 (Ne1=     39.0000)
                                                     Ne2=     34.0000
            Final occupancy bounds spin 1: [ -0.000,  1.000]
            Final occupancy bounds spin 2: [ -0.000,  1.000]
================================================================================

    3        -2.169773276548E+02     4.2246E-04     2.8070E-04    -1.8372E-04
      ideal mu1:      -0.977004081439
      ideal mu2:      -1.000450219618
             Q0:        -216.977422124194
             G0:      -0.000442670982
   RMS gradient:       0.000449210529
     Trial step:       0.458604577660
             Q1:        -216.977547532080
 Quadratic coef:       0.000077603053
 Linear coef   :      -0.000203010939
           Qmin:        -216.977554894233
Quadratic minimum step length (  0.599858784457) accepted
    Initial Ne1:      39.00000011
    Initial Ne2:      34.00000008
      Final Ne1:      39.00000000
      Final Ne2:      34.00000000

=================== Penalty functional idempotency correction ==================
 RMS occupancy error at iteration   1:  0.000075 (step -0.4995 Ne1=     39.0000)
                                                               Ne2=     34.0000
            Final RMS occupancy error   :  0.000000 (Ne1=     39.0000)
                                                     Ne2=     34.0000
            Final occupancy bounds spin 1: [ -0.000,  1.000]
            Final occupancy bounds spin 2: [ -0.000,  1.000]
================================================================================

    4        -2.169774221242E+02     4.4921E-04     2.9565E-04    -9.4469E-05
      ideal mu1:      -0.977996571224
      ideal mu2:      -1.001186872997
    5        -2.169775548795E+02     5.4717E-04     3.6270E-04    -1.3276E-04
Finished density kernel iterations (   5)

Writing density kernel to file "Fe_EtOH_3_HighSpin.dkn" ... done


>>> Density kernel optimised for the current NGWF basis:
     ~~~~~~~~~~~~~~~~~~~~~~~~~~~~~~~~~~~~~~~~~~~~~~~~~~~~~~~~~~~
     Total energy                =  -2.16977554879525E+02  Eh
     Estimated bandgap (UP spin) =   1.9005E-01  Eh
     Estimated bandgap (DN spin) =   2.1258E-02  Eh
     RMS occupancy error         =   2.7537E-08
     [H,K] commutator            =   3.6270E-04
     UP spin occupancy bounds    = [ -0.000:  1.000]
     DN spin occupancy bounds    = [ -0.000:  1.000]
     ~~~~~~~~~~~~~~~~~~~~~~~~~~~~~~~~~~~~~~~~~~~~~~~~~~~~~~~~~~~


================================================================================
           ---------------- ENERGY COMPONENTS (Eh) ----------------
           | Kinetic                    :       64.00769529430333 |
           | Core Hartree               :     -967.86525272048220 |
           | CoreHart (non-coul chg cor):        0.00155689502347
           | Hartree                    :      432.74541870346758 |
           | Exchange-correlation       :      -30.34565532945656 |
           | Ewald                      :      287.78384243978076 |
           | Dij0                       :       -0.18862493374764 |
           | Dijhartree                 :       10.86159411715331 |
           | Exc [AE core]              :     -113.52175471794403 |
           | Exc DC [AE core]           :      -48.27872474145465 |
           | Exc [PS core]              :      -24.44284698116842 |
           | Exc DC [PS core]           :      -28.85135407787581 |
           | Exc [Core]                 :      -75.10233528622905 |
           | Total [Sphere]             :       -3.30360326714087 |
           | Total                      :     -216.97755487952804 |
           --------------------------------------------------------
           ------ LOCAL ENERGY COMPONENTS FROM MATRIX TRACES ------
           | Core Hartree               :     -967.86525272048277 |
           | Hartree (Valence)          :      432.74541870346798 |
           --------------------------------------------------------
           Integrated compensation chrg.:       11.32966403721487
           Integrated density           :       72.99999932282999
           Integrated spin density      :        4.99999995691426
           Integrated |spin density|    :        5.00149900546095
           Local density approx. <S^2>  :        8.75074952426923
           Integrated density tr(KS)    :       73.00000000000000
           Integrated spin tr(KS)       :        5.00000000000000
================================================================================




################################################################################
########################### NGWF CG iteration  006 #############################
################################################################################
****** Reciprocal space K.E. preconditioning with k_zero =  3.0000 a0^-1 *******

>>> Checking for convergence of NGWFs:   NOT CONVERGED
  ========================================================================
         NGWF RMS gradient =  4.6012E-05 >  2.0000E-06  | above tolerance
  ========================================================================

>>> Improving NGWFs using line search:
============ Calculation of NGWF S^-1 using Hotelling algorithm ================ 
     Iteration  |  Spin  |  Frobenius norm and Maximum abs value (of I-S*S_n^-1)
         1           1      0.15542065E-01     0.18146307E-02
         2           1      0.42132892E-04     0.81686266E-05
         3           1      0.60882442E-09     0.10992041E-09
         4           1      0.54180520E-14     0.14016566E-14
================================================================================
============ Calculation of NGWF S^-1 using Hotelling algorithm ================ 
     Iteration  |  Spin  |  Frobenius norm and Maximum abs value (of I-S*S_n^-1)
         1           1      0.59737356E-02     0.68395913E-03
         2           1      0.63618073E-05     0.94312441E-06
         3           1      0.12135523E-10     0.16805446E-11
         4           1      0.58623949E-14     0.13322676E-14
================================================================================
------------------------------- NGWF line search -------------------------------
RMS gradient                =       0.00004601223743
Trial step length           =               0.699740
Gradient along search dir.  =         -0.00470205962
Functional at step 0        =    -216.97755487952486
Functional at step 1        =    -216.97961111641769
Functional predicted        =    -216.97974809241890
Selected quadratic step     =               0.932873
Conjugate gradients coeff.  =               0.442672
--------------------------- NGWF line search finished --------------------------
                                               
Writing NGWFs to file "Fe_EtOH_3_HighSpin.tightbox_ngwfs".... done

>>> Optimising kernel for current NGWFs:
   Initial electron number for spin 1:      39.00200236
   Initial electron number for spin 2:      34.00128276
     Final electron number for spin 1:      39.00000000
     Final electron number for spin 2:      34.00000000

=================== Penalty functional idempotency correction ==================
 RMS occupancy error at iteration   1:  0.000305 (step -0.4999 Ne1=     39.0000)
                                                               Ne2=     34.0000
 RMS occupancy error at iteration   2:  0.000001 (step -0.5000 Ne1=     39.0000)
                                                               Ne2=     34.0000
            Final RMS occupancy error   :  0.000000 (Ne1=     39.0000)
                                                     Ne2=     34.0000
            Final occupancy bounds spin 1: [  0.000,  1.000]
            Final occupancy bounds spin 2: [  0.000,  1.000]
================================================================================

................................................................................
<<<<<<<<<<<<<< LNV (Original version) density kernel optimisation >>>>>>>>>>>>>>
~~~~~~~~~~~~~~~~~~~~~~~~~~~~~~~~~~~~~~~~~~~~~~~~~~~~~~~~~~~~~~~~~~~~~~~~~~~~~~~~
   iter  |      energy (Eh)       | rms gradient |  commutator  |   dE (Eh)
      ideal mu1:      -0.974968427430
      ideal mu2:      -0.998842800841
             Q0:        -216.979743634672
             G0:      -0.000974069732
   RMS gradient:       0.000658772132
     Trial step:       0.524497840321
             Q1:        -216.979692880293
 Quadratic coef:       0.000561651849
 Linear coef   :      -0.000510897471
           Qmin:        -216.979859817066
Quadratic minimum step length (  0.238550465403) accepted
    Initial Ne1:      39.00000000
    Initial Ne2:      34.00000000
      Final Ne1:      39.00000000
      Final Ne2:      34.00000000

=================== Penalty functional idempotency correction ==================
 RMS occupancy error at iteration   1:  0.000002 (step -0.5000 Ne1=     39.0000)
                                                               Ne2=     34.0000
            Final RMS occupancy error   :  0.000000 (Ne1=     39.0000)
                                                     Ne2=     34.0000
            Final occupancy bounds spin 1: [  0.000,  1.000]
            Final occupancy bounds spin 2: [  0.000,  1.000]
================================================================================

    1        -2.169797436347E+02     6.5877E-04     4.3925E-04
      ideal mu1:      -0.975966232719
      ideal mu2:      -0.999478282487
             Q0:        -216.979861135433
             G0:      -0.000431724525
   RMS gradient:       0.000440313400
     Trial step:       0.353721930210
             Q1:        -216.979960404808
 Quadratic coef:       0.000053441057
 Linear coef   :      -0.000152710432
           Qmin:        -216.979970229813
Quadratic minimum step length (  0.505388848665) accepted
    Initial Ne1:      39.00000000
    Initial Ne2:      34.00000001
      Final Ne1:      39.00000000
      Final Ne2:      34.00000000

=================== Penalty functional idempotency correction ==================
 RMS occupancy error at iteration   1:  0.000010 (step -0.5000 Ne1=     39.0000)
                                                               Ne2=     34.0000
            Final RMS occupancy error   :  0.000000 (Ne1=     39.0000)
                                                     Ne2=     34.0000
            Final occupancy bounds spin 1: [  0.000,  1.000]
            Final occupancy bounds spin 2: [  0.000,  1.000]
================================================================================

    2        -2.169798611354E+02     4.4031E-04     2.9182E-04    -1.1750E-04
      ideal mu1:      -0.977430494930
      ideal mu2:      -1.000469188405
             Q0:        -216.979969380271
             G0:      -0.000251610947
   RMS gradient:       0.000339359894
     Trial step:       0.422808608068
             Q1:        -216.980020822732
 Quadratic coef:       0.000054940813
 Linear coef   :      -0.000106383274
           Qmin:        -216.980020878422
Quadratic minimum step length (  0.409347454804) accepted
    Initial Ne1:      39.00000000
    Initial Ne2:      33.99999998
      Final Ne1:      39.00000000
      Final Ne2:      34.00000000

=================== Penalty functional idempotency correction ==================
 RMS occupancy error at iteration   1:  0.000011 (step -0.4999 Ne1=     39.0000)
                                                               Ne2=     34.0000
            Final RMS occupancy error   :  0.000000 (Ne1=     39.0000)
                                                     Ne2=     34.0000
            Final occupancy bounds spin 1: [ -0.000,  1.000]
            Final occupancy bounds spin 2: [ -0.000,  1.000]
================================================================================

    3        -2.169799693803E+02     3.3936E-04     2.2275E-04    -1.0824E-04
      ideal mu1:      -0.977570617952
      ideal mu2:      -1.000652560234
             Q0:        -216.980020912974
             G0:      -0.000208518418
   RMS gradient:       0.000306839010
     Trial step:       0.416023590174
             Q1:        -216.980070512253
 Quadratic coef:       0.000037149302
 Linear coef   :      -0.000086748581
           Qmin:        -216.980071555354
Quadratic minimum step length (  0.485735320308) accepted
    Initial Ne1:      39.00000002
    Initial Ne2:      33.99999999
      Final Ne1:      39.00000000
      Final Ne2:      34.00000000

=================== Penalty functional idempotency correction ==================
 RMS occupancy error at iteration   1:  0.000019 (step -0.4999 Ne1=     39.0000)
                                                               Ne2=     34.0000
            Final RMS occupancy error   :  0.000000 (Ne1=     39.0000)
                                                     Ne2=     34.0000
            Final occupancy bounds spin 1: [ -0.000,  1.000]
            Final occupancy bounds spin 2: [ -0.000,  1.000]
================================================================================

    4        -2.169800209130E+02     3.0684E-04     2.0094E-04    -5.1533E-05
      ideal mu1:      -0.977298177294
      ideal mu2:      -1.000523838515
    5        -2.169800715332E+02     3.2332E-04     2.1268E-04    -5.0620E-05
Finished density kernel iterations (   5)

Writing density kernel to file "Fe_EtOH_3_HighSpin.dkn" ... done


>>> Density kernel optimised for the current NGWF basis:
     ~~~~~~~~~~~~~~~~~~~~~~~~~~~~~~~~~~~~~~~~~~~~~~~~~~~~~~~~~~~
     Total energy                =  -2.16980071533158E+02  Eh
     Estimated bandgap (UP spin) =   1.8916E-01  Eh
     Estimated bandgap (DN spin) =   2.2684E-02  Eh
     RMS occupancy error         =   1.8044E-09
     [H,K] commutator            =   2.1268E-04
     UP spin occupancy bounds    = [ -0.000:  1.000]
     DN spin occupancy bounds    = [ -0.000:  1.000]
     ~~~~~~~~~~~~~~~~~~~~~~~~~~~~~~~~~~~~~~~~~~~~~~~~~~~~~~~~~~~




################################################################################
########################### NGWF CG iteration  007 #############################
################################################################################
****** Reciprocal space K.E. preconditioning with k_zero =  3.0000 a0^-1 *******

>>> Checking for convergence of NGWFs:   NOT CONVERGED
  ========================================================================
         NGWF RMS gradient =  3.3998E-05 >  2.0000E-06  | above tolerance
  ========================================================================

>>> Improving NGWFs using line search:
============ Calculation of NGWF S^-1 using Hotelling algorithm ================ 
     Iteration  |  Spin  |  Frobenius norm and Maximum abs value (of I-S*S_n^-1)
         1           1      0.23389844E-01     0.26002083E-02
         2           1      0.10137119E-03     0.15946619E-04
         3           1      0.33118413E-08     0.47613680E-09
         4           1      0.62305701E-14     0.16653345E-14
================================================================================
============ Calculation of NGWF S^-1 using Hotelling algorithm ================ 
     Iteration  |  Spin  |  Frobenius norm and Maximum abs value (of I-S*S_n^-1)
         1           1      0.81083515E-02     0.98162896E-03
         2           1      0.12573806E-04     0.14948033E-05
         3           1      0.46036141E-10     0.48332449E-11
         4           1      0.56513540E-14     0.11969592E-14
================================================================================
------------------------------- NGWF line search -------------------------------
RMS gradient                =       0.00003399820905
Trial step length           =               0.807941
Gradient along search dir.  =         -0.00264132438
Functional at step 0        =    -216.98007153315754
Functional at step 1        =    -216.98137895687341
Functional predicted        =    -216.98144887533553
Selected quadratic step     =               1.042918
Conjugate gradients coeff.  =               0.545966
--------------------------- NGWF line search finished --------------------------
                                               
Writing NGWFs to file "Fe_EtOH_3_HighSpin.tightbox_ngwfs".... done

>>> Optimising kernel for current NGWFs:
   Initial electron number for spin 1:      39.00395374
   Initial electron number for spin 2:      34.00304028
     Final electron number for spin 1:      39.00000000
     Final electron number for spin 2:      34.00000000

=================== Penalty functional idempotency correction ==================
 RMS occupancy error at iteration   1:  0.000365 (step -0.4997 Ne1=     39.0000)
                                                               Ne2=     34.0000
 RMS occupancy error at iteration   2:  0.000001 (step -0.5000 Ne1=     39.0000)
                                                               Ne2=     34.0000
            Final RMS occupancy error   :  0.000000 (Ne1=     39.0000)
                                                     Ne2=     34.0000
            Final occupancy bounds spin 1: [  0.000,  1.000]
            Final occupancy bounds spin 2: [  0.000,  1.000]
================================================================================

................................................................................
<<<<<<<<<<<<<< LNV (Original version) density kernel optimisation >>>>>>>>>>>>>>
~~~~~~~~~~~~~~~~~~~~~~~~~~~~~~~~~~~~~~~~~~~~~~~~~~~~~~~~~~~~~~~~~~~~~~~~~~~~~~~~
   iter  |      energy (Eh)       | rms gradient |  commutator  |   dE (Eh)
      ideal mu1:      -0.976674347166
      ideal mu2:      -0.999896447680
             Q0:        -216.981445510080
             G0:      -0.000283468722
   RMS gradient:       0.000355379824
     Trial step:       0.449530145629
             Q1:        -216.981457300645
 Quadratic coef:       0.000115637170
 Linear coef   :      -0.000127427736
           Qmin:        -216.981480615202
Quadratic minimum step length (  0.247682508185) accepted
    Initial Ne1:      39.00000000
    Initial Ne2:      34.00000000
      Final Ne1:      39.00000000
      Final Ne2:      34.00000000

=================== Penalty functional idempotency correction ==================
 RMS occupancy error at iteration   1:  0.000001 (step -0.5000 Ne1=     39.0000)
                                                               Ne2=     34.0000
            Final RMS occupancy error   :  0.000000 (Ne1=     39.0000)
                                                     Ne2=     34.0000
            Final occupancy bounds spin 1: [  0.000,  1.000]
            Final occupancy bounds spin 2: [  0.000,  1.000]
================================================================================

    1        -2.169814455101E+02     3.5538E-04     2.3234E-04
      ideal mu1:      -0.976739556681
      ideal mu2:      -0.999907113659
             Q0:        -216.981480478859
             G0:      -0.000160889348
   RMS gradient:       0.000267083525
     Trial step:       0.333677619828
             Q1:        -216.981520639821
 Quadratic coef:       0.000013524212
 Linear coef   :      -0.000053685175
           Qmin:        -216.981533755491
Quadratic minimum step length (  0.662276691335) accepted
    Initial Ne1:      39.00000000
    Initial Ne2:      34.00000000
      Final Ne1:      39.00000000
      Final Ne2:      34.00000000

=================== Penalty functional idempotency correction ==================
 RMS occupancy error at iteration   1:  0.000006 (step -0.5000 Ne1=     39.0000)
                                                               Ne2=     34.0000
            Final RMS occupancy error   :  0.000000 (Ne1=     39.0000)
                                                     Ne2=     34.0000
            Final occupancy bounds spin 1: [  0.000,  1.000]
            Final occupancy bounds spin 2: [  0.000,  1.000]
================================================================================

    2        -2.169814804789E+02     2.6708E-04     1.7527E-04    -3.4969E-05
      ideal mu1:      -0.976742399292
      ideal mu2:      -0.999820505883
             Q0:        -216.981533145114
             G0:      -0.000134347621
   RMS gradient:       0.000247529098
     Trial step:       0.470092448389
             Q1:        -216.981561573435
 Quadratic coef:       0.000034727481
 Linear coef   :      -0.000063155802
           Qmin:        -216.981561859084
Quadratic minimum step length (  0.427457809407) accepted
    Initial Ne1:      39.00000000
    Initial Ne2:      33.99999998
      Final Ne1:      39.00000000
      Final Ne2:      34.00000000

=================== Penalty functional idempotency correction ==================
 RMS occupancy error at iteration   1:  0.000008 (step -0.5000 Ne1=     39.0000)
                                                               Ne2=     34.0000
            Final RMS occupancy error   :  0.000000 (Ne1=     39.0000)
                                                     Ne2=     34.0000
            Final occupancy bounds spin 1: [  0.000,  1.000]
            Final occupancy bounds spin 2: [  0.000,  1.000]
================================================================================

    3        -2.169815331451E+02     2.4753E-04     1.6373E-04    -5.2666E-05
      ideal mu1:      -0.976546714269
      ideal mu2:      -0.999703580248
             Q0:        -216.981561962976
             G0:      -0.000118098435
   RMS gradient:       0.000233276000
     Trial step:       0.448268544744
             Q1:        -216.981601765402
 Quadratic coef:       0.000013137387
 Linear coef   :      -0.000052939814
           Qmin:        -216.981615295953
Quadratic minimum step length (  0.903195316189) accepted
    Initial Ne1:      38.99999999
    Initial Ne2:      33.99999986
      Final Ne1:      39.00000000
      Final Ne2:      34.00000000

=================== Penalty functional idempotency correction ==================
 RMS occupancy error at iteration   1:  0.000040 (step -0.4997 Ne1=     39.0000)
                                                               Ne2=     34.0000
            Final RMS occupancy error   :  0.000000 (Ne1=     39.0000)
                                                     Ne2=     34.0000
            Final occupancy bounds spin 1: [ -0.000,  1.000]
            Final occupancy bounds spin 2: [ -0.000,  1.000]
================================================================================

    4        -2.169815619630E+02     2.3328E-04     1.5259E-04    -2.8818E-05
      ideal mu1:      -0.976592257834
      ideal mu2:      -0.999834099930
    5        -2.169816133942E+02     3.8164E-04     2.4418E-04    -5.1431E-05
Finished density kernel iterations (   5)

Writing density kernel to file "Fe_EtOH_3_HighSpin.dkn" ... done


>>> Density kernel optimised for the current NGWF basis:
     ~~~~~~~~~~~~~~~~~~~~~~~~~~~~~~~~~~~~~~~~~~~~~~~~~~~~~~~~~~~
     Total energy                =  -2.16981613394197E+02  Eh
     Estimated bandgap (UP spin) =   1.8887E-01  Eh
     Estimated bandgap (DN spin) =   2.3690E-02  Eh
     RMS occupancy error         =   6.2974E-09
     [H,K] commutator            =   2.4418E-04
     UP spin occupancy bounds    = [ -0.000:  1.000]
     DN spin occupancy bounds    = [ -0.000:  1.000]
     ~~~~~~~~~~~~~~~~~~~~~~~~~~~~~~~~~~~~~~~~~~~~~~~~~~~~~~~~~~~




################################################################################
########################### NGWF CG iteration  008 #############################
################################################################################
****** Reciprocal space K.E. preconditioning with k_zero =  3.0000 a0^-1 *******

>>> Checking for convergence of NGWFs:   NOT CONVERGED
  ========================================================================
         NGWF RMS gradient =  2.2867E-05 >  2.0000E-06  | above tolerance
  ========================================================================

>>> Improving NGWFs using line search:
============ Calculation of NGWF S^-1 using Hotelling algorithm ================ 
     Iteration  |  Spin  |  Frobenius norm and Maximum abs value (of I-S*S_n^-1)
         1           1      0.26050981E-01     0.27764382E-02
         2           1      0.13517414E-03     0.19581043E-04
         3           1      0.59263157E-08     0.77000428E-09
         4           1      0.61471063E-14     0.17763568E-14
================================================================================
============ Calculation of NGWF S^-1 using Hotelling algorithm ================ 
     Iteration  |  Spin  |  Frobenius norm and Maximum abs value (of I-S*S_n^-1)
         1           1      0.25093165E-02     0.28383663E-03
         2           1      0.12781042E-05     0.14574527E-06
         3           1      0.50073214E-12     0.52624571E-13
================================================================================
------------------------------- NGWF line search -------------------------------
RMS gradient                =       0.00002286673839
Trial step length           =               0.917941
Gradient along search dir.  =         -0.00120377331
Functional at step 0        =    -216.98161339419747
Functional at step 1        =    -216.98211444901284
Functional predicted        =    -216.98211883067566
Selected quadratic step     =               0.839754
Conjugate gradients coeff.  =               0.452373
--------------------------- NGWF line search finished --------------------------
                                               
Writing NGWFs to file "Fe_EtOH_3_HighSpin.tightbox_ngwfs".... done

>>> Optimising kernel for current NGWFs:
   Initial electron number for spin 1:      39.00316791
   Initial electron number for spin 2:      34.00251667
     Final electron number for spin 1:      39.00000000
     Final electron number for spin 2:      34.00000000

=================== Penalty functional idempotency correction ==================
 RMS occupancy error at iteration   1:  0.000263 (step -0.4998 Ne1=     39.0000)
                                                               Ne2=     34.0000
 RMS occupancy error at iteration   2:  0.000000 (step -0.5000 Ne1=     39.0000)
                                                               Ne2=     34.0000
            Final RMS occupancy error   :  0.000000 (Ne1=     39.0000)
                                                     Ne2=     34.0000
            Final occupancy bounds spin 1: [  0.000,  1.000]
            Final occupancy bounds spin 2: [  0.000,  1.000]
================================================================================

................................................................................
<<<<<<<<<<<<<< LNV (Original version) density kernel optimisation >>>>>>>>>>>>>>
~~~~~~~~~~~~~~~~~~~~~~~~~~~~~~~~~~~~~~~~~~~~~~~~~~~~~~~~~~~~~~~~~~~~~~~~~~~~~~~~
   iter  |      energy (Eh)       | rms gradient |  commutator  |   dE (Eh)
      ideal mu1:      -0.976779788617
      ideal mu2:      -0.999909844431
             Q0:        -216.982114611844
             G0:      -0.000231369620
   RMS gradient:       0.000321065293
     Trial step:       0.636297139714
             Q1:        -216.982025294729
 Quadratic coef:       0.000236536943
 Linear coef   :      -0.000147219827
           Qmin:        -216.982137519130
Quadratic minimum step length (  0.198014639640) accepted
    Initial Ne1:      39.00000000
    Initial Ne2:      34.00000000
      Final Ne1:      39.00000000
      Final Ne2:      34.00000000

=================== Penalty functional idempotency correction ==================
 RMS occupancy error at iteration   1:  0.000000 (step -0.5000 Ne1=     39.0000)
                                                               Ne2=     34.0000
            Final RMS occupancy error   :  0.000000 (Ne1=     39.0000)
                                                     Ne2=     34.0000
            Final occupancy bounds spin 1: [  0.000,  1.000]
            Final occupancy bounds spin 2: [  0.000,  1.000]
================================================================================

    1        -2.169821146118E+02     3.2107E-04     2.1195E-04
      ideal mu1:      -0.976728734234
      ideal mu2:      -0.999830541234
             Q0:        -216.982137420302
             G0:      -0.000061137468
   RMS gradient:       0.000164860821
     Trial step:       0.354959362216
             Q1:        -216.982150254626
 Quadratic coef:       0.000008866993
 Linear coef   :      -0.000021701317
           Qmin:        -216.982150698398
Quadratic minimum step length (  0.434368546096) accepted
    Initial Ne1:      39.00000000
    Initial Ne2:      34.00000000
      Final Ne1:      39.00000000
      Final Ne2:      34.00000000

=================== Penalty functional idempotency correction ==================
 RMS occupancy error at iteration   1:  0.000001 (step -0.5000 Ne1=     39.0000)
                                                               Ne2=     34.0000
            Final RMS occupancy error   :  0.000000 (Ne1=     39.0000)
                                                     Ne2=     34.0000
            Final occupancy bounds spin 1: [  0.000,  1.000]
            Final occupancy bounds spin 2: [  0.000,  1.000]
================================================================================

    2        -2.169821374203E+02     1.6486E-04     1.0876E-04    -2.2808E-05
      ideal mu1:      -0.976617203560
      ideal mu2:      -0.999686443409
             Q0:        -216.982150892263
             G0:      -0.000043463989
   RMS gradient:       0.000133899207
     Trial step:       0.392661663635
             Q1:        -216.982162121500
 Quadratic coef:       0.000005837405
 Linear coef   :      -0.000017066642
           Qmin:        -216.982163366568
Quadratic minimum step length (  0.574006418131) accepted
    Initial Ne1:      39.00000000
    Initial Ne2:      34.00000000
      Final Ne1:      39.00000000
      Final Ne2:      34.00000000

=================== Penalty functional idempotency correction ==================
 RMS occupancy error at iteration   1:  0.000002 (step -0.5000 Ne1=     39.0000)
                                                               Ne2=     34.0000
            Final RMS occupancy error   :  0.000000 (Ne1=     39.0000)
                                                     Ne2=     34.0000
            Final occupancy bounds spin 1: [  0.000,  1.000]
            Final occupancy bounds spin 2: [  0.000,  1.000]
================================================================================

    3        -2.169821508923E+02     1.3390E-04     9.0413E-05    -1.3472E-05
      ideal mu1:      -0.976559215466
      ideal mu2:      -0.999632849258
             Q0:        -216.982163362076
             G0:      -0.000047837146
   RMS gradient:       0.000146057374
     Trial step:       0.474752898970
             Q1:        -216.982178809579
 Quadratic coef:       0.000007263321
 Linear coef   :      -0.000022710824
           Qmin:        -216.982181115027
Quadratic minimum step length (  0.742224515710) accepted
    Initial Ne1:      39.00000000
    Initial Ne2:      33.99999999
      Final Ne1:      39.00000000
      Final Ne2:      34.00000000

=================== Penalty functional idempotency correction ==================
 RMS occupancy error at iteration   1:  0.000011 (step -0.4999 Ne1=     39.0000)
                                                               Ne2=     34.0000
            Final RMS occupancy error   :  0.000000 (Ne1=     39.0000)
                                                     Ne2=     34.0000
            Final occupancy bounds spin 1: [ -0.000,  1.000]
            Final occupancy bounds spin 2: [ -0.000,  1.000]
================================================================================

    4        -2.169821633621E+02     1.4606E-04     9.8080E-05    -1.2470E-05
      ideal mu1:      -0.976704322164
      ideal mu2:      -0.999793996295
    5        -2.169821804429E+02     2.2672E-04     1.5196E-04    -1.7081E-05
Finished density kernel iterations (   5)

Writing density kernel to file "Fe_EtOH_3_HighSpin.dkn" ... done


>>> Density kernel optimised for the current NGWF basis:
     ~~~~~~~~~~~~~~~~~~~~~~~~~~~~~~~~~~~~~~~~~~~~~~~~~~~~~~~~~~~
     Total energy                =  -2.16982180442869E+02  Eh
     Estimated bandgap (UP spin) =   1.9036E-01  Eh
     Estimated bandgap (DN spin) =   2.2266E-02  Eh
     RMS occupancy error         =   4.6911E-10
     [H,K] commutator            =   1.5196E-04
     UP spin occupancy bounds    = [ -0.000:  1.000]
     DN spin occupancy bounds    = [ -0.000:  1.000]
     ~~~~~~~~~~~~~~~~~~~~~~~~~~~~~~~~~~~~~~~~~~~~~~~~~~~~~~~~~~~




################################################################################
########################### NGWF CG iteration  009 #############################
################################################################################
****** Reciprocal space K.E. preconditioning with k_zero =  3.0000 a0^-1 *******

>>> Checking for convergence of NGWFs:   NOT CONVERGED
  ========================================================================
         NGWF RMS gradient =  1.7203E-05 >  2.0000E-06  | above tolerance
  ========================================================================

>>> Improving NGWFs using line search:
============ Calculation of NGWF S^-1 using Hotelling algorithm ================ 
     Iteration  |  Spin  |  Frobenius norm and Maximum abs value (of I-S*S_n^-1)
         1           1      0.84555549E-02     0.11768430E-02
         2           1      0.15820169E-04     0.44737635E-05
         3           1      0.10872077E-09     0.25926039E-10
         4           1      0.59877853E-14     0.13322676E-14
================================================================================
============ Calculation of NGWF S^-1 using Hotelling algorithm ================ 
     Iteration  |  Spin  |  Frobenius norm and Maximum abs value (of I-S*S_n^-1)
         1           1      0.32989782E-02     0.44727199E-03
         2           1      0.23701899E-05     0.63935090E-06
         3           1      0.24310161E-11     0.54400928E-12
================================================================================
------------------------------- NGWF line search -------------------------------
RMS gradient                =       0.00001720316153
Trial step length           =               0.877977
Gradient along search dir.  =         -0.00064966052
Functional at step 0        =    -216.98218044286867
Functional at step 1        =    -216.98229229651810
Functional predicted        =    -216.98235782443589
Selected quadratic step     =               0.546075
Conjugate gradients coeff.  =               0.000000
--------------------------- NGWF line search finished --------------------------
                                               
Writing NGWFs to file "Fe_EtOH_3_HighSpin.tightbox_ngwfs".... done

>>> Optimising kernel for current NGWFs:
   Initial electron number for spin 1:      39.00036141
   Initial electron number for spin 2:      34.00023578
     Final electron number for spin 1:      39.00000000
     Final electron number for spin 2:      34.00000000

=================== Penalty functional idempotency correction ==================
 RMS occupancy error at iteration   1:  0.000079 (step -0.5000 Ne1=     39.0000)
                                                               Ne2=     34.0000
            Final RMS occupancy error   :  0.000000 (Ne1=     39.0000)
                                                     Ne2=     34.0000
            Final occupancy bounds spin 1: [  0.000,  1.000]
            Final occupancy bounds spin 2: [  0.000,  1.000]
================================================================================

................................................................................
<<<<<<<<<<<<<< LNV (Original version) density kernel optimisation >>>>>>>>>>>>>>
~~~~~~~~~~~~~~~~~~~~~~~~~~~~~~~~~~~~~~~~~~~~~~~~~~~~~~~~~~~~~~~~~~~~~~~~~~~~~~~~
   iter  |      energy (Eh)       | rms gradient |  commutator  |   dE (Eh)
      ideal mu1:      -0.975929338658
      ideal mu2:      -0.999244936524
             Q0:        -216.982360028725
             G0:      -0.000120492284
   RMS gradient:       0.000231696682
     Trial step:       0.593610344014
             Q1:        -216.982332820926
 Quadratic coef:       0.000098733266
 Linear coef   :      -0.000071525466
           Qmin:        -216.982372982547
Quadratic minimum step length (  0.215014951536) accepted
    Initial Ne1:      38.99999843
    Initial Ne2:      33.99999901
      Final Ne1:      39.00000000
      Final Ne2:      34.00000000

=================== Penalty functional idempotency correction ==================
 RMS occupancy error at iteration   1:  0.000000 (step -0.5000 Ne1=     39.0000)
                                                               Ne2=     34.0000
            Final RMS occupancy error   :  0.000000 (Ne1=     39.0000)
                                                     Ne2=     34.0000
            Final occupancy bounds spin 1: [  0.000,  1.000]
            Final occupancy bounds spin 2: [  0.000,  1.000]
================================================================================

    1        -2.169823600287E+02     2.3170E-04     1.5290E-04
      ideal mu1:      -0.976235677737
      ideal mu2:      -0.999415418409
             Q0:        -216.982372779772
             G0:      -0.000031745285
   RMS gradient:       0.000118359608
     Trial step:       0.357260548269
             Q1:        -216.982379544330
 Quadratic coef:       0.000004576780
 Linear coef   :      -0.000011341338
           Qmin:        -216.982379805779
Quadratic minimum step length (  0.442648833818) accepted
    Initial Ne1:      38.99999916
    Initial Ne2:      33.99999947
      Final Ne1:      39.00000000
      Final Ne2:      34.00000000

=================== Penalty functional idempotency correction ==================
 RMS occupancy error at iteration   1:  0.000001 (step -0.5000 Ne1=     39.0000)
                                                               Ne2=     34.0000
            Final RMS occupancy error   :  0.000000 (Ne1=     39.0000)
                                                     Ne2=     34.0000
            Final occupancy bounds spin 1: [  0.000,  1.000]
            Final occupancy bounds spin 2: [  0.000,  1.000]
================================================================================

    2        -2.169823727798E+02     1.1836E-04     7.7835E-05    -1.2751E-05
      ideal mu1:      -0.976619823804
      ideal mu2:      -0.999635274617
             Q0:        -216.982379623920
             G0:      -0.000023334730
   RMS gradient:       0.000109658177
     Trial step:       0.397669416803
             Q1:        -216.982386108047
 Quadratic coef:       0.000002795382
 Linear coef   :      -0.000009279508
           Qmin:        -216.982387324949
Quadratic minimum step length (  0.660048675363) accepted
    Initial Ne1:      38.99999892
    Initial Ne2:      33.99999932
      Final Ne1:      39.00000000
      Final Ne2:      34.00000000

=================== Penalty functional idempotency correction ==================
 RMS occupancy error at iteration   1:  0.000002 (step -0.5000 Ne1=     39.0000)
                                                               Ne2=     34.0000
            Final RMS occupancy error   :  0.000000 (Ne1=     39.0000)
                                                     Ne2=     34.0000
            Final occupancy bounds spin 1: [  0.000,  1.000]
            Final occupancy bounds spin 2: [  0.000,  1.000]
================================================================================

    3        -2.169823796239E+02     1.0966E-04     7.1956E-05    -6.8441E-06
      ideal mu1:      -0.976949978994
      ideal mu2:      -0.999875409974
             Q0:        -216.982386494587
             G0:      -0.000034931988
   RMS gradient:       0.000142550924
     Trial step:       0.512329163520
             Q1:        -216.982396019520
 Quadratic coef:       0.000008371743
 Linear coef   :      -0.000017896676
           Qmin:        -216.982396059232
Quadratic minimum step length (  0.547615286898) accepted
    Initial Ne1:      38.99999849
    Initial Ne2:      33.99999904
      Final Ne1:      39.00000000
      Final Ne2:      34.00000000

=================== Penalty functional idempotency correction ==================
 RMS occupancy error at iteration   1:  0.000008 (step -0.5000 Ne1=     39.0000)
                                                               Ne2=     34.0000
            Final RMS occupancy error   :  0.000000 (Ne1=     39.0000)
                                                     Ne2=     34.0000
            Final occupancy bounds spin 1: [  0.000,  1.000]
            Final occupancy bounds spin 2: [  0.000,  1.000]
================================================================================

    4        -2.169823864946E+02     1.4255E-04     9.3000E-05    -6.8707E-06
      ideal mu1:      -0.977028040342
      ideal mu2:      -0.999987408827
    5        -2.169823960088E+02     1.5491E-04     1.0078E-04    -9.5143E-06
Finished density kernel iterations (   5)

Writing density kernel to file "Fe_EtOH_3_HighSpin.dkn" ... done


>>> Density kernel optimised for the current NGWF basis:
     ~~~~~~~~~~~~~~~~~~~~~~~~~~~~~~~~~~~~~~~~~~~~~~~~~~~~~~~~~~~
     Total energy                =  -2.16982396008839E+02  Eh
     Estimated bandgap (UP spin) =   1.8879E-01  Eh
     Estimated bandgap (DN spin) =   2.1390E-02  Eh
     RMS occupancy error         =   1.1102E-09
     [H,K] commutator            =   1.0078E-04
     UP spin occupancy bounds    = [  0.000:  1.000]
     DN spin occupancy bounds    = [  0.000:  1.000]
     ~~~~~~~~~~~~~~~~~~~~~~~~~~~~~~~~~~~~~~~~~~~~~~~~~~~~~~~~~~~




################################################################################
########################### NGWF CG iteration  010 #############################
################################################################################
****** Reciprocal space K.E. preconditioning with k_zero =  3.0000 a0^-1 *******

>>> Checking for convergence of NGWFs:   NOT CONVERGED
  ========================================================================
         NGWF RMS gradient =  1.0992E-05 >  2.0000E-06  | above tolerance
  ========================================================================

>>> Improving NGWFs using line search:
============ Calculation of NGWF S^-1 using Hotelling algorithm ================ 
     Iteration  |  Spin  |  Frobenius norm and Maximum abs value (of I-S*S_n^-1)
         1           1      0.90997696E-02     0.12571637E-02
         2           1      0.18819630E-04     0.49703478E-05
         3           1      0.16155961E-09     0.33538949E-10
         4           1      0.56412904E-14     0.12212453E-14
================================================================================
============ Calculation of NGWF S^-1 using Hotelling algorithm ================ 
     Iteration  |  Spin  |  Frobenius norm and Maximum abs value (of I-S*S_n^-1)
         1           1      0.10552016E-01     0.13010053E-02
         2           1      0.24750268E-04     0.51563200E-05
         3           1      0.25989270E-09     0.41982529E-10
         4           1      0.62889564E-14     0.15543122E-14
================================================================================
------------------------------- NGWF line search -------------------------------
RMS gradient                =       0.00001099187304
Trial step length           =               0.692417
Gradient along search dir.  =         -0.00026738715
Functional at step 0        =    -216.98239600883886
Functional at step 1        =    -216.98253520878001
Functional predicted        =    -216.98258253202260
Selected quadratic step     =               1.395154
Conjugate gradients coeff.  =               0.408251
--------------------------- NGWF line search finished --------------------------
                                               
Writing NGWFs to file "Fe_EtOH_3_HighSpin.tightbox_ngwfs".... done

>>> Optimising kernel for current NGWFs:
   Initial electron number for spin 1:      39.00124237
   Initial electron number for spin 2:      34.00076256
     Final electron number for spin 1:      39.00000000
     Final electron number for spin 2:      34.00000000

=================== Penalty functional idempotency correction ==================
 RMS occupancy error at iteration   1:  0.000267 (step -0.4999 Ne1=     39.0000)
                                                               Ne2=     34.0000
 RMS occupancy error at iteration   2:  0.000000 (step -0.5000 Ne1=     39.0000)
                                                               Ne2=     34.0000
            Final RMS occupancy error   :  0.000000 (Ne1=     39.0000)
                                                     Ne2=     34.0000
            Final occupancy bounds spin 1: [  0.000,  1.000]
            Final occupancy bounds spin 2: [  0.000,  1.000]
================================================================================

................................................................................
<<<<<<<<<<<<<< LNV (Original version) density kernel optimisation >>>>>>>>>>>>>>
~~~~~~~~~~~~~~~~~~~~~~~~~~~~~~~~~~~~~~~~~~~~~~~~~~~~~~~~~~~~~~~~~~~~~~~~~~~~~~~~
   iter  |      energy (Eh)       | rms gradient |  commutator  |   dE (Eh)
      ideal mu1:      -0.976634124296
      ideal mu2:      -0.999660192719
             Q0:        -216.982574016442
             G0:      -0.000139155604
   RMS gradient:       0.000248994953
     Trial step:       0.529678470270
             Q1:        -216.982578411071
 Quadratic coef:       0.000069313099
 Linear coef   :      -0.000073707727
           Qmin:        -216.982593611689
Quadratic minimum step length (  0.281630722691) accepted
    Initial Ne1:      39.00000000
    Initial Ne2:      34.00000000
      Final Ne1:      39.00000000
      Final Ne2:      34.00000000

=================== Penalty functional idempotency correction ==================
 RMS occupancy error at iteration   1:  0.000000 (step -0.5000 Ne1=     39.0000)
                                                               Ne2=     34.0000
            Final RMS occupancy error   :  0.000000 (Ne1=     39.0000)
                                                     Ne2=     34.0000
            Final occupancy bounds spin 1: [  0.000,  1.000]
            Final occupancy bounds spin 2: [  0.000,  1.000]
================================================================================

    1        -2.169825740164E+02     2.4899E-04     1.6477E-04
      ideal mu1:      -0.976547019439
      ideal mu2:      -0.999536195763
             Q0:        -216.982593414101
             G0:      -0.000071001852
   RMS gradient:       0.000176837463
     Trial step:       0.386230152080
             Q1:        -216.982605280689
 Quadratic coef:       0.000015556468
 Linear coef   :      -0.000027423056
           Qmin:        -216.982605499492
Quadratic minimum step length (  0.340424670566) accepted
    Initial Ne1:      39.00000000
    Initial Ne2:      34.00000000
      Final Ne1:      39.00000000
      Final Ne2:      34.00000000

=================== Penalty functional idempotency correction ==================
 RMS occupancy error at iteration   1:  0.000001 (step -0.5000 Ne1=     39.0000)
                                                               Ne2=     34.0000
            Final RMS occupancy error   :  0.000000 (Ne1=     39.0000)
                                                     Ne2=     34.0000
            Final occupancy bounds spin 1: [  0.000,  1.000]
            Final occupancy bounds spin 2: [  0.000,  1.000]
================================================================================

    2        -2.169825934141E+02     1.7684E-04     1.1664E-04    -1.9398E-05
      ideal mu1:      -0.976351492221
      ideal mu2:      -0.999353434304
             Q0:        -216.982605428803
             G0:      -0.000022051654
   RMS gradient:       0.000096997586
     Trial step:       0.362604843162
             Q1:        -216.982609372930
 Quadratic coef:       0.000004051909
 Linear coef   :      -0.000007996037
           Qmin:        -216.982609373647
Quadratic minimum step length (  0.357782185615) accepted
    Initial Ne1:      39.00000000
    Initial Ne2:      34.00000000
      Final Ne1:      39.00000000
      Final Ne2:      34.00000000

=================== Penalty functional idempotency correction ==================
 RMS occupancy error at iteration   1:  0.000001 (step -0.5000 Ne1=     39.0000)
                                                               Ne2=     34.0000
            Final RMS occupancy error   :  0.000000 (Ne1=     39.0000)
                                                     Ne2=     34.0000
            Final occupancy bounds spin 1: [  0.000,  1.000]
            Final occupancy bounds spin 2: [  0.000,  1.000]
================================================================================

    3        -2.169826054288E+02     9.6998E-05     6.4121E-05    -1.2015E-05
      ideal mu1:      -0.976328481026
      ideal mu2:      -0.999359054249
             Q0:        -216.982609375961
             G0:      -0.000009937258
   RMS gradient:       0.000068057239
     Trial step:       0.360185442934
             Q1:        -216.982611806193
 Quadratic coef:       0.000001149024
 Linear coef   :      -0.000003579256
           Qmin:        -216.982612163342
Quadratic minimum step length (  0.560995925987) accepted
    Initial Ne1:      39.00000000
    Initial Ne2:      34.00000000
      Final Ne1:      39.00000000
      Final Ne2:      34.00000000

=================== Penalty functional idempotency correction ==================
 RMS occupancy error at iteration   1:  0.000001 (step -0.5000 Ne1=     39.0000)
                                                               Ne2=     34.0000
            Final RMS occupancy error   :  0.000000 (Ne1=     39.0000)
                                                     Ne2=     34.0000
            Final occupancy bounds spin 1: [  0.000,  1.000]
            Final occupancy bounds spin 2: [  0.000,  1.000]
================================================================================

    4        -2.169826093760E+02     6.8057E-05     4.5281E-05    -3.9472E-06
      ideal mu1:      -0.976443216406
      ideal mu2:      -0.999471984946
    5        -2.169826119237E+02     8.5875E-05     5.7257E-05    -2.5477E-06
Finished density kernel iterations (   5)

Writing density kernel to file "Fe_EtOH_3_HighSpin.dkn" ... done


>>> Density kernel optimised for the current NGWF basis:
     ~~~~~~~~~~~~~~~~~~~~~~~~~~~~~~~~~~~~~~~~~~~~~~~~~~~~~~~~~~~
     Total energy                =  -2.16982611923694E+02  Eh
     Estimated bandgap (UP spin) =   1.9019E-01  Eh
     Estimated bandgap (DN spin) =   2.2312E-02  Eh
     RMS occupancy error         =   3.6921E-12
     [H,K] commutator            =   5.7257E-05
     UP spin occupancy bounds    = [  0.000:  1.000]
     DN spin occupancy bounds    = [  0.000:  1.000]
     ~~~~~~~~~~~~~~~~~~~~~~~~~~~~~~~~~~~~~~~~~~~~~~~~~~~~~~~~~~~


================================================================================
           ---------------- ENERGY COMPONENTS (Eh) ----------------
           | Kinetic                    :       64.00062931147438 |
           | Core Hartree               :     -967.97002694576872 |
           | CoreHart (non-coul chg cor):        0.00155689502347
           | Hartree                    :      432.83163620599078 |
           | Exchange-correlation       :      -30.35082500503498 |
           | Ewald                      :      287.78384243978076 |
           | Dij0                       :       -0.18363243408617 |
           | Dijhartree                 :       10.90588049174199 |
           | Exc [AE core]              :     -113.54304523704906 |
           | Exc DC [AE core]           :      -48.30483824322872 |
           | Exc [PS core]              :      -24.44059396303066 |
           | Exc DC [PS core]           :      -28.84916462278622 |
           | Exc [Core]                 :      -75.10233528622905 |
           | Total [Sphere]             :       -3.27786793013354 |
           | Total                      :     -216.98261192369131 |
           --------------------------------------------------------
           ------ LOCAL ENERGY COMPONENTS FROM MATRIX TRACES ------
           | Core Hartree               :     -967.97002694576872 |
           | Hartree (Valence)          :      432.83163620599169 |
           --------------------------------------------------------
           Integrated compensation chrg.:       11.34040327790080
           Integrated density           :       72.99999932298384
           Integrated spin density      :        4.99999995897398
           Integrated |spin density|    :        5.00180517951354
           Local density approx. <S^2>  :        8.75090261026561
           Integrated density tr(KS)    :       73.00000000000000
           Integrated spin tr(KS)       :        5.00000000000000
================================================================================




################################################################################
########################### NGWF CG iteration  011 #############################
################################################################################
****** Reciprocal space K.E. preconditioning with k_zero =  3.0000 a0^-1 *******

>>> Checking for convergence of NGWFs:   NOT CONVERGED
  ========================================================================
         NGWF RMS gradient =  9.8420E-06 >  2.0000E-06  | above tolerance
  ========================================================================

>>> Improving NGWFs using line search:
============ Calculation of NGWF S^-1 using Hotelling algorithm ================ 
     Iteration  |  Spin  |  Frobenius norm and Maximum abs value (of I-S*S_n^-1)
         1           1      0.23369623E-01     0.28192968E-02
         2           1      0.12343748E-03     0.22738693E-04
         3           1      0.63304028E-08     0.87431595E-09
         4           1      0.59558503E-14     0.13322676E-14
================================================================================
============ Calculation of NGWF S^-1 using Hotelling algorithm ================ 
     Iteration  |  Spin  |  Frobenius norm and Maximum abs value (of I-S*S_n^-1)
         1           1      0.14567256E-02     0.15713379E-03
         2           1      0.47932618E-06     0.68631382E-07
         3           1      0.87359519E-13     0.94273547E-14
================================================================================
------------------------------- NGWF line search -------------------------------
RMS gradient                =       0.00000984204646
Trial step length           =               0.982868
Gradient along search dir.  =         -0.00022350891
Functional at step 0        =    -216.98261192369392
Functional at step 1        =    -216.98271538885794
Functional predicted        =    -216.98271573852452
Selected quadratic step     =               0.928955
Conjugate gradients coeff.  =               0.801729
--------------------------- NGWF line search finished --------------------------
                                               
Writing NGWFs to file "Fe_EtOH_3_HighSpin.tightbox_ngwfs".... done

>>> Optimising kernel for current NGWFs:
   Initial electron number for spin 1:      39.00163441
   Initial electron number for spin 2:      34.00115616
     Final electron number for spin 1:      39.00000000
     Final electron number for spin 2:      34.00000000

=================== Penalty functional idempotency correction ==================
 RMS occupancy error at iteration   1:  0.000254 (step -0.4999 Ne1=     39.0000)
                                                               Ne2=     34.0000
 RMS occupancy error at iteration   2:  0.000000 (step -0.5000 Ne1=     39.0000)
                                                               Ne2=     34.0000
            Final RMS occupancy error   :  0.000000 (Ne1=     39.0000)
                                                     Ne2=     34.0000
            Final occupancy bounds spin 1: [  0.000,  1.000]
            Final occupancy bounds spin 2: [  0.000,  1.000]
================================================================================

................................................................................
<<<<<<<<<<<<<< LNV (Original version) density kernel optimisation >>>>>>>>>>>>>>
~~~~~~~~~~~~~~~~~~~~~~~~~~~~~~~~~~~~~~~~~~~~~~~~~~~~~~~~~~~~~~~~~~~~~~~~~~~~~~~~
   iter  |      energy (Eh)       | rms gradient |  commutator  |   dE (Eh)
      ideal mu1:      -0.976519677670
      ideal mu2:      -0.999508949883
             Q0:        -216.982714999972
             G0:      -0.000063538373
   RMS gradient:       0.000168251227
     Trial step:       0.449513699553
             Q1:        -216.982720511841
 Quadratic coef:       0.000023049500
 Linear coef   :      -0.000028561369
           Qmin:        -216.982723847797
Quadratic minimum step length (  0.278503364991) accepted
    Initial Ne1:      39.00000000
    Initial Ne2:      34.00000000
      Final Ne1:      39.00000000
      Final Ne2:      34.00000000

=================== Penalty functional idempotency correction ==================
 RMS occupancy error at iteration   1:  0.000000 (step -0.5000 Ne1=     39.0000)
                                                               Ne2=     34.0000
            Final RMS occupancy error   :  0.000000 (Ne1=     39.0000)
                                                     Ne2=     34.0000
            Final occupancy bounds spin 1: [  0.000,  1.000]
            Final occupancy bounds spin 2: [  0.000,  1.000]
================================================================================

    1        -2.169827150000E+02     1.6825E-04     1.0923E-04
      ideal mu1:      -0.976458969901
      ideal mu2:      -0.999453689676
             Q0:        -216.982723748665
             G0:      -0.000036285270
   RMS gradient:       0.000126005494
     Trial step:       0.353823512411
             Q1:        -216.982730889665
 Quadratic coef:       0.000005697581
 Linear coef   :      -0.000012838582
           Qmin:        -216.982730981084
Quadratic minimum step length (  0.398642142610) accepted
    Initial Ne1:      39.00000000
    Initial Ne2:      34.00000000
      Final Ne1:      39.00000000
      Final Ne2:      34.00000000

=================== Penalty functional idempotency correction ==================
 RMS occupancy error at iteration   1:  0.000001 (step -0.5000 Ne1=     39.0000)
                                                               Ne2=     34.0000
            Final RMS occupancy error   :  0.000000 (Ne1=     39.0000)
                                                     Ne2=     34.0000
            Final occupancy bounds spin 1: [  0.000,  1.000]
            Final occupancy bounds spin 2: [  0.000,  1.000]
================================================================================

    2        -2.169827237487E+02     1.2601E-04     8.0475E-05    -8.7487E-06
      ideal mu1:      -0.976369689842
      ideal mu2:      -0.999377713306
             Q0:        -216.982730989820
             G0:      -0.000015438787
   RMS gradient:       0.000082487556
     Trial step:       0.375564858704
             Q1:        -216.982733759885
 Quadratic coef:       0.000003028201
 Linear coef   :      -0.000005798266
           Qmin:        -216.982733765386
Quadratic minimum step length (  0.359557549134) accepted
    Initial Ne1:      39.00000000
    Initial Ne2:      34.00000000
      Final Ne1:      39.00000000
      Final Ne2:      34.00000000

=================== Penalty functional idempotency correction ==================
 RMS occupancy error at iteration   1:  0.000000 (step -0.5000 Ne1=     39.0000)
                                                               Ne2=     34.0000
            Final RMS occupancy error   :  0.000000 (Ne1=     39.0000)
                                                     Ne2=     34.0000
            Final occupancy bounds spin 1: [  0.000,  1.000]
            Final occupancy bounds spin 2: [  0.000,  1.000]
================================================================================

    3        -2.169827309898E+02     8.2488E-05     5.4434E-05    -7.2412E-06
      ideal mu1:      -0.976392633507
      ideal mu2:      -0.999399044758
             Q0:        -216.982733770215
             G0:      -0.000006677569
   RMS gradient:       0.000055646398
     Trial step:       0.367474053692
             Q1:        -216.982735546289
 Quadratic coef:       0.000000677760
 Linear coef   :      -0.000002453833
           Qmin:        -216.982735991245
Quadratic minimum step length (  0.665221133187) accepted
    Initial Ne1:      39.00000000
    Initial Ne2:      34.00000000
      Final Ne1:      39.00000000
      Final Ne2:      34.00000000

=================== Penalty functional idempotency correction ==================
 RMS occupancy error at iteration   1:  0.000001 (step -0.5000 Ne1=     39.0000)
                                                               Ne2=     34.0000
            Final RMS occupancy error   :  0.000000 (Ne1=     39.0000)
                                                     Ne2=     34.0000
            Final occupancy bounds spin 1: [  0.000,  1.000]
            Final occupancy bounds spin 2: [  0.000,  1.000]
================================================================================

    4        -2.169827337702E+02     5.5646E-05     3.6720E-05    -2.7804E-06
      ideal mu1:      -0.976465669521
      ideal mu2:      -0.999460695776
    5        -2.169827358165E+02     7.2437E-05     4.6374E-05    -2.0463E-06
Finished density kernel iterations (   5)

Writing density kernel to file "Fe_EtOH_3_HighSpin.dkn" ... done


>>> Density kernel optimised for the current NGWF basis:
     ~~~~~~~~~~~~~~~~~~~~~~~~~~~~~~~~~~~~~~~~~~~~~~~~~~~~~~~~~~~
     Total energy                =  -2.16982735816520E+02  Eh
     Estimated bandgap (UP spin) =   1.8853E-01  Eh
     Estimated bandgap (DN spin) =   2.2231E-02  Eh
     RMS occupancy error         =   3.6442E-12
     [H,K] commutator            =   4.6374E-05
     UP spin occupancy bounds    = [  0.000:  1.000]
     DN spin occupancy bounds    = [  0.000:  1.000]
     ~~~~~~~~~~~~~~~~~~~~~~~~~~~~~~~~~~~~~~~~~~~~~~~~~~~~~~~~~~~




################################################################################
########################### NGWF CG iteration  012 #############################
################################################################################
****** Reciprocal space K.E. preconditioning with k_zero =  3.0000 a0^-1 *******

>>> Checking for convergence of NGWFs:   NOT CONVERGED
  ========================================================================
         NGWF RMS gradient =  8.3345E-06 >  2.0000E-06  | above tolerance
  ========================================================================

>>> Improving NGWFs using line search:
============ Calculation of NGWF S^-1 using Hotelling algorithm ================ 
     Iteration  |  Spin  |  Frobenius norm and Maximum abs value (of I-S*S_n^-1)
         1           1      0.29166036E-01     0.33256359E-02
         2           1      0.19561836E-03     0.29672907E-04
         3           1      0.15200161E-07     0.17428945E-08
         4           1      0.52336348E-14     0.88817842E-15
================================================================================
============ Calculation of NGWF S^-1 using Hotelling algorithm ================ 
     Iteration  |  Spin  |  Frobenius norm and Maximum abs value (of I-S*S_n^-1)
         1           1      0.26822426E-02     0.28623397E-03
         2           1      0.16562497E-05     0.19517730E-06
         3           1      0.10095599E-11     0.10358554E-12
================================================================================
------------------------------- NGWF line search -------------------------------
RMS gradient                =       0.00000833451857
Trial step length           =               0.955531
Gradient along search dir.  =         -0.00018292862
Functional at step 0        =    -216.98273581652018
Functional at step 1        =    -216.98281549468186
Functional predicted        =    -216.98281612107809
Selected quadratic step     =               0.877988
Conjugate gradients coeff.  =               0.717117
--------------------------- NGWF line search finished --------------------------
                                               
Writing NGWFs to file "Fe_EtOH_3_HighSpin.tightbox_ngwfs".... done

>>> Optimising kernel for current NGWFs:
   Initial electron number for spin 1:      39.00192559
   Initial electron number for spin 2:      34.00140110
     Final electron number for spin 1:      39.00000000
     Final electron number for spin 2:      34.00000000

=================== Penalty functional idempotency correction ==================
 RMS occupancy error at iteration   1:  0.000269 (step -0.4999 Ne1=     39.0000)
                                                               Ne2=     34.0000
 RMS occupancy error at iteration   2:  0.000001 (step -0.5000 Ne1=     39.0000)
                                                               Ne2=     34.0000
            Final RMS occupancy error   :  0.000000 (Ne1=     39.0000)
                                                     Ne2=     34.0000
            Final occupancy bounds spin 1: [  0.000,  1.000]
            Final occupancy bounds spin 2: [  0.000,  1.000]
================================================================================

................................................................................
<<<<<<<<<<<<<< LNV (Original version) density kernel optimisation >>>>>>>>>>>>>>
~~~~~~~~~~~~~~~~~~~~~~~~~~~~~~~~~~~~~~~~~~~~~~~~~~~~~~~~~~~~~~~~~~~~~~~~~~~~~~~~
   iter  |      energy (Eh)       | rms gradient |  commutator  |   dE (Eh)
      ideal mu1:      -0.976285400453
      ideal mu2:      -0.999348182998
             Q0:        -216.982815083796
             G0:      -0.000074589674
   RMS gradient:       0.000182297012
     Trial step:       0.494420374189
             Q1:        -216.982818308889
 Quadratic coef:       0.000033653561
 Linear coef   :      -0.000036878654
           Qmin:        -216.982825187000
Quadratic minimum step length (  0.270900877045) accepted
    Initial Ne1:      39.00000000
    Initial Ne2:      34.00000000
      Final Ne1:      39.00000000
      Final Ne2:      34.00000000

=================== Penalty functional idempotency correction ==================
 RMS occupancy error at iteration   1:  0.000000 (step -0.5000 Ne1=     39.0000)
                                                               Ne2=     34.0000
            Final RMS occupancy error   :  0.000000 (Ne1=     39.0000)
                                                     Ne2=     34.0000
            Final occupancy bounds spin 1: [  0.000,  1.000]
            Final occupancy bounds spin 2: [  0.000,  1.000]
================================================================================

    1        -2.169828150838E+02     1.8230E-04     1.1990E-04
      ideal mu1:      -0.976440777939
      ideal mu2:      -0.999447142949
             Q0:        -216.982825278615
             G0:      -0.000036543336
   RMS gradient:       0.000128295164
     Trial step:       0.365976656355
             Q1:        -216.982832612571
 Quadratic coef:       0.000006040052
 Linear coef   :      -0.000013374008
           Qmin:        -216.982832681866
Quadratic minimum step length (  0.405176525641) accepted
    Initial Ne1:      39.00000000
    Initial Ne2:      34.00000000
      Final Ne1:      39.00000000
      Final Ne2:      34.00000000

=================== Penalty functional idempotency correction ==================
 RMS occupancy error at iteration   1:  0.000001 (step -0.5000 Ne1=     39.0000)
                                                               Ne2=     34.0000
            Final RMS occupancy error   :  0.000000 (Ne1=     39.0000)
                                                     Ne2=     34.0000
            Final occupancy bounds spin 1: [  0.000,  1.000]
            Final occupancy bounds spin 2: [  0.000,  1.000]
================================================================================

    2        -2.169828252786E+02     1.2830E-04     8.3449E-05    -1.0195E-05
      ideal mu1:      -0.976539798434
      ideal mu2:      -0.999515770893
             Q0:        -216.982832666407
             G0:      -0.000014806153
   RMS gradient:       0.000082103132
     Trial step:       0.385078109074
             Q1:        -216.982834604674
 Quadratic coef:       0.000003763258
 Linear coef   :      -0.000005701525
           Qmin:        -216.982834825931
Quadratic minimum step length (  0.291706319545) accepted
    Initial Ne1:      39.00000000
    Initial Ne2:      34.00000000
      Final Ne1:      39.00000000
      Final Ne2:      34.00000000

=================== Penalty functional idempotency correction ==================
 RMS occupancy error at iteration   1:  0.000000 (step -0.5000 Ne1=     39.0000)
                                                               Ne2=     34.0000
            Final RMS occupancy error   :  0.000000 (Ne1=     39.0000)
                                                     Ne2=     34.0000
            Final occupancy bounds spin 1: [  0.000,  1.000]
            Final occupancy bounds spin 2: [  0.000,  1.000]
================================================================================

    3        -2.169828326664E+02     8.2103E-05     5.3590E-05    -7.3878E-06
      ideal mu1:      -0.976531692738
      ideal mu2:      -0.999516949136
             Q0:        -216.982834829874
             G0:      -0.000005082389
   RMS gradient:       0.000047718290
     Trial step:       0.335156258982
             Q1:        -216.982836042668
 Quadratic coef:       0.000000490600
 Linear coef   :      -0.000001703394
           Qmin:        -216.982836308447
Quadratic minimum step length (  0.581841759051) accepted
    Initial Ne1:      39.00000000
    Initial Ne2:      34.00000000
      Final Ne1:      39.00000000
      Final Ne2:      34.00000000

=================== Penalty functional idempotency correction ==================
 RMS occupancy error at iteration   1:  0.000000 (step -0.5000 Ne1=     39.0000)
                                                               Ne2=     34.0000
            Final RMS occupancy error   :  0.000000 (Ne1=     39.0000)
                                                     Ne2=     34.0000
            Final occupancy bounds spin 1: [  0.000,  1.000]
            Final occupancy bounds spin 2: [  0.000,  1.000]
================================================================================

    4        -2.169828348299E+02     4.7718E-05     3.1503E-05    -2.1635E-06
      ideal mu1:      -0.976507496869
      ideal mu2:      -0.999504262668
    5        -2.169828362820E+02     5.4838E-05     3.6660E-05    -1.4521E-06
Finished density kernel iterations (   5)

Writing density kernel to file "Fe_EtOH_3_HighSpin.dkn" ... done


>>> Density kernel optimised for the current NGWF basis:
     ~~~~~~~~~~~~~~~~~~~~~~~~~~~~~~~~~~~~~~~~~~~~~~~~~~~~~~~~~~~
     Total energy                =  -2.16982836281951E+02  Eh
     Estimated bandgap (UP spin) =   1.8674E-01  Eh
     Estimated bandgap (DN spin) =   2.2306E-02  Eh
     RMS occupancy error         =   1.0013E-12
     [H,K] commutator            =   3.6660E-05
     UP spin occupancy bounds    = [  0.000:  1.000]
     DN spin occupancy bounds    = [  0.000:  1.000]
     ~~~~~~~~~~~~~~~~~~~~~~~~~~~~~~~~~~~~~~~~~~~~~~~~~~~~~~~~~~~




################################################################################
########################### NGWF CG iteration  013 #############################
################################################################################
****** Reciprocal space K.E. preconditioning with k_zero =  3.0000 a0^-1 *******

>>> Checking for convergence of NGWFs:   NOT CONVERGED
  ========================================================================
         NGWF RMS gradient =  6.2678E-06 >  2.0000E-06  | above tolerance
  ========================================================================

>>> Improving NGWFs using line search:
============ Calculation of NGWF S^-1 using Hotelling algorithm ================ 
     Iteration  |  Spin  |  Frobenius norm and Maximum abs value (of I-S*S_n^-1)
         1           1      0.76637134E-02     0.12344245E-02
         2           1      0.15115971E-04     0.41350498E-05
         3           1      0.10316193E-09     0.22278512E-10
         4           1      0.56403298E-14     0.15543122E-14
================================================================================
============ Calculation of NGWF S^-1 using Hotelling algorithm ================ 
     Iteration  |  Spin  |  Frobenius norm and Maximum abs value (of I-S*S_n^-1)
         1           1      0.24539443E-02     0.39046362E-03
         2           1      0.15360885E-05     0.40933977E-06
         3           1      0.10789668E-11     0.21982416E-12
================================================================================
------------------------------- NGWF line search -------------------------------
RMS gradient                =       0.00000626776718
Trial step length           =               0.915939
Gradient along search dir.  =         -0.00008623740
Functional at step 0        =    -216.98283628195077
Functional at step 1        =    -216.98285759378032
Functional predicted        =    -216.98286332567963
Selected quadratic step     =               0.627193
Conjugate gradients coeff.  =               0.000000
--------------------------- NGWF line search finished --------------------------
                                               
Writing NGWFs to file "Fe_EtOH_3_HighSpin.tightbox_ngwfs".... done

>>> Optimising kernel for current NGWFs:
   Initial electron number for spin 1:      39.00036974
   Initial electron number for spin 2:      34.00024773
     Final electron number for spin 1:      39.00000000
     Final electron number for spin 2:      34.00000000

=================== Penalty functional idempotency correction ==================
 RMS occupancy error at iteration   1:  0.000065 (step -0.5000 Ne1=     39.0000)
                                                               Ne2=     34.0000
            Final RMS occupancy error   :  0.000000 (Ne1=     39.0000)
                                                     Ne2=     34.0000
            Final occupancy bounds spin 1: [  0.000,  1.000]
            Final occupancy bounds spin 2: [  0.000,  1.000]
================================================================================

................................................................................
<<<<<<<<<<<<<< LNV (Original version) density kernel optimisation >>>>>>>>>>>>>>
~~~~~~~~~~~~~~~~~~~~~~~~~~~~~~~~~~~~~~~~~~~~~~~~~~~~~~~~~~~~~~~~~~~~~~~~~~~~~~~~
   iter  |      energy (Eh)       | rms gradient |  commutator  |   dE (Eh)
      ideal mu1:      -0.976669438838
      ideal mu2:      -0.999626501643
             Q0:        -216.982862881761
             G0:      -0.000008645157
   RMS gradient:       0.000062062124
     Trial step:       0.441596996461
             Q1:        -216.982862933671
 Quadratic coef:       0.000003765765
 Linear coef   :      -0.000003817675
           Qmin:        -216.982863849336
Quadratic minimum step length (  0.223842170838) accepted
    Initial Ne1:      38.99999868
    Initial Ne2:      33.99999909
      Final Ne1:      39.00000000
      Final Ne2:      34.00000000

=================== Penalty functional idempotency correction ==================
 RMS occupancy error at iteration   1:  0.000000 (step -0.5000 Ne1=     39.0000)
                                                               Ne2=     34.0000
            Final RMS occupancy error   :  0.000000 (Ne1=     39.0000)
                                                     Ne2=     34.0000
            Final occupancy bounds spin 1: [  0.000,  1.000]
            Final occupancy bounds spin 2: [  0.000,  1.000]
================================================================================

    1        -2.169828628818E+02     6.2062E-05     4.0959E-05
      ideal mu1:      -0.976609135365
      ideal mu2:      -0.999586193642
             Q0:        -216.982863824634
             G0:      -0.000003432776
   RMS gradient:       0.000038607066
     Trial step:       0.314401066034
             Q1:        -216.982864547228
 Quadratic coef:       0.000000356675
 Linear coef   :      -0.000001079268
           Qmin:        -216.982864641079
Quadratic minimum step length (  0.475676126270) accepted
    Initial Ne1:      38.99999891
    Initial Ne2:      33.99999925
      Final Ne1:      39.00000000
      Final Ne2:      34.00000000

=================== Penalty functional idempotency correction ==================
 RMS occupancy error at iteration   1:  0.000000 (step -0.5000 Ne1=     39.0000)
                                                               Ne2=     34.0000
            Final RMS occupancy error   :  0.000000 (Ne1=     39.0000)
                                                     Ne2=     34.0000
            Final occupancy bounds spin 1: [  0.000,  1.000]
            Final occupancy bounds spin 2: [  0.000,  1.000]
================================================================================

    2        -2.169828638246E+02     3.8607E-05     2.5363E-05    -9.4287E-07
      ideal mu1:      -0.976520990244
      ideal mu2:      -0.999525152244
             Q0:        -216.982864676295
             G0:      -0.000003756924
   RMS gradient:       0.000038475714
     Trial step:       0.386720934507
             Q1:        -216.982865698140
 Quadratic coef:       0.000000431036
 Linear coef   :      -0.000001452881
           Qmin:        -216.982865900591
Quadratic minimum step length (  0.651754381664) accepted
    Initial Ne1:      38.99999852
    Initial Ne2:      33.99999898
      Final Ne1:      39.00000000
      Final Ne2:      34.00000000

=================== Penalty functional idempotency correction ==================
 RMS occupancy error at iteration   1:  0.000000 (step -0.5000 Ne1=     39.0000)
                                                               Ne2=     34.0000
            Final RMS occupancy error   :  0.000000 (Ne1=     39.0000)
                                                     Ne2=     34.0000
            Final occupancy bounds spin 1: [  0.000,  1.000]
            Final occupancy bounds spin 2: [  0.000,  1.000]
================================================================================

    3        -2.169828646763E+02     3.8476E-05     2.5906E-05    -8.5166E-07
      ideal mu1:      -0.976475584368
      ideal mu2:      -0.999489507842
             Q0:        -216.982865919491
             G0:      -0.000004167950
   RMS gradient:       0.000042185741
     Trial step:       0.502042890146
             Q1:        -216.982867466907
 Quadratic coef:       0.000000545073
 Linear coef   :      -0.000002092490
           Qmin:        -216.982867927713
Quadratic minimum step length (  0.963649884584) accepted
    Initial Ne1:      38.99999737
    Initial Ne2:      33.99999819
      Final Ne1:      39.00000000
      Final Ne2:      34.00000000

=================== Penalty functional idempotency correction ==================
 RMS occupancy error at iteration   1:  0.000002 (step -0.5000 Ne1=     39.0000)
                                                               Ne2=     34.0000
            Final RMS occupancy error   :  0.000000 (Ne1=     39.0000)
                                                     Ne2=     34.0000
            Final occupancy bounds spin 1: [  0.000,  1.000]
            Final occupancy bounds spin 2: [  0.000,  1.000]
================================================================================

    4        -2.169828659195E+02     4.2186E-05     2.8398E-05    -1.2432E-06
      ideal mu1:      -0.976536961104
      ideal mu2:      -0.999527632477
    5        -2.169828675898E+02     7.5608E-05     5.1819E-05    -1.6703E-06
Finished density kernel iterations (   5)

Writing density kernel to file "Fe_EtOH_3_HighSpin.dkn" ... done


>>> Density kernel optimised for the current NGWF basis:
     ~~~~~~~~~~~~~~~~~~~~~~~~~~~~~~~~~~~~~~~~~~~~~~~~~~~~~~~~~~~
     Total energy                =  -2.16982867589763E+02  Eh
     Estimated bandgap (UP spin) =   1.8896E-01  Eh
     Estimated bandgap (DN spin) =   2.2000E-02  Eh
     RMS occupancy error         =   6.8406E-11
     [H,K] commutator            =   5.1819E-05
     UP spin occupancy bounds    = [  0.000:  1.000]
     DN spin occupancy bounds    = [  0.000:  1.000]
     ~~~~~~~~~~~~~~~~~~~~~~~~~~~~~~~~~~~~~~~~~~~~~~~~~~~~~~~~~~~




################################################################################
########################### NGWF CG iteration  014 #############################
################################################################################
****** Reciprocal space K.E. preconditioning with k_zero =  3.0000 a0^-1 *******

>>> Checking for convergence of NGWFs:   NOT CONVERGED
  ========================================================================
         NGWF RMS gradient =  4.5041E-06 >  2.0000E-06  | above tolerance
  ========================================================================

>>> Improving NGWFs using line search:
============ Calculation of NGWF S^-1 using Hotelling algorithm ================ 
     Iteration  |  Spin  |  Frobenius norm and Maximum abs value (of I-S*S_n^-1)
         1           1      0.97972015E-02     0.15481447E-02
         2           1      0.24458069E-04     0.65316623E-05
         3           1      0.27044555E-09     0.55743854E-10
         4           1      0.63803362E-14     0.15543122E-14
================================================================================
============ Calculation of NGWF S^-1 using Hotelling algorithm ================ 
     Iteration  |  Spin  |  Frobenius norm and Maximum abs value (of I-S*S_n^-1)
         1           1      0.83524337E-03     0.12825709E-03
         2           1      0.17509662E-06     0.43955035E-07
         3           1      0.15400053E-13     0.25535130E-14
================================================================================
------------------------------- NGWF line search -------------------------------
RMS gradient                =       0.00000450411820
Trial step length           =               0.757938
Gradient along search dir.  =         -0.00004820118
Functional at step 0        =    -216.98286758976320
Functional at step 1        =    -216.98288724643652
Functional predicted        =    -216.98288736090493
Selected quadratic step     =               0.820359
Conjugate gradients coeff.  =               0.516409
--------------------------- NGWF line search finished --------------------------
                                               
Writing NGWFs to file "Fe_EtOH_3_HighSpin.tightbox_ngwfs".... done

>>> Optimising kernel for current NGWFs:
   Initial electron number for spin 1:      39.00084439
   Initial electron number for spin 2:      34.00060331
     Final electron number for spin 1:      39.00000000
     Final electron number for spin 2:      34.00000000

=================== Penalty functional idempotency correction ==================
 RMS occupancy error at iteration   1:  0.000129 (step -0.5000 Ne1=     39.0000)
                                                               Ne2=     34.0000
            Final RMS occupancy error   :  0.000000 (Ne1=     39.0000)
                                                     Ne2=     34.0000
            Final occupancy bounds spin 1: [  0.000,  1.000]
            Final occupancy bounds spin 2: [  0.000,  1.000]
================================================================================

................................................................................
<<<<<<<<<<<<<< LNV (Original version) density kernel optimisation >>>>>>>>>>>>>>
~~~~~~~~~~~~~~~~~~~~~~~~~~~~~~~~~~~~~~~~~~~~~~~~~~~~~~~~~~~~~~~~~~~~~~~~~~~~~~~~
   iter  |      energy (Eh)       | rms gradient |  commutator  |   dE (Eh)
      ideal mu1:      -0.976568068942
      ideal mu2:      -0.999571146374
             Q0:        -216.982886862117
             G0:      -0.000017567945
   RMS gradient:       0.000088470946
     Trial step:       0.695552710544
             Q1:        -216.982878475356
 Quadratic coef:       0.000020606193
 Linear coef   :      -0.000012219432
           Qmin:        -216.982888673642
Quadratic minimum step length (  0.206230691961) accepted
    Initial Ne1:      38.99999546
    Initial Ne2:      33.99999684
      Final Ne1:      39.00000000
      Final Ne2:      34.00000000

=================== Penalty functional idempotency correction ==================
 RMS occupancy error at iteration   1:  0.000000 (step -0.5000 Ne1=     39.0000)
                                                               Ne2=     34.0000
            Final RMS occupancy error   :  0.000000 (Ne1=     39.0000)
                                                     Ne2=     34.0000
            Final occupancy bounds spin 1: [  0.000,  1.000]
            Final occupancy bounds spin 2: [  0.000,  1.000]
================================================================================

    1        -2.169828868621E+02     8.8471E-05     5.8664E-05
      ideal mu1:      -0.976595904368
      ideal mu2:      -0.999588837749
             Q0:        -216.982888700512
             G0:      -0.000004237775
   RMS gradient:       0.000043588355
     Trial step:       0.378740434587
             Q1:        -216.982889532182
 Quadratic coef:       0.000000773347
 Linear coef   :      -0.000001605017
           Qmin:        -216.982889533281
Quadratic minimum step length (  0.393022081258) accepted
    Initial Ne1:      38.99999790
    Initial Ne2:      33.99999854
      Final Ne1:      39.00000000
      Final Ne2:      34.00000000

=================== Penalty functional idempotency correction ==================
 RMS occupancy error at iteration   1:  0.000000 (step -0.5000 Ne1=     39.0000)
                                                               Ne2=     34.0000
            Final RMS occupancy error   :  0.000000 (Ne1=     39.0000)
                                                     Ne2=     34.0000
            Final occupancy bounds spin 1: [  0.000,  1.000]
            Final occupancy bounds spin 2: [  0.000,  1.000]
================================================================================

    2        -2.169828887005E+02     4.3588E-05     2.8654E-05    -1.8384E-06
      ideal mu1:      -0.976608541018
      ideal mu2:      -0.999598612034
             Q0:        -216.982889535803
             G0:      -0.000002174691
   RMS gradient:       0.000029913105
     Trial step:       0.385815180959
             Q1:        -216.982889898415
 Quadratic coef:       0.000000476417
 Linear coef   :      -0.000000839029
           Qmin:        -216.982889905212
Quadratic minimum step length (  0.339734016081) accepted
    Initial Ne1:      38.99999914
    Initial Ne2:      33.99999940
      Final Ne1:      39.00000000
      Final Ne2:      34.00000000

=================== Penalty functional idempotency correction ==================
 RMS occupancy error at iteration   1:  0.000000 (step -0.5000 Ne1=     39.0000)
                                                               Ne2=     34.0000
            Final RMS occupancy error   :  0.000000 (Ne1=     39.0000)
                                                     Ne2=     34.0000
            Final occupancy bounds spin 1: [  0.000,  1.000]
            Final occupancy bounds spin 2: [  0.000,  1.000]
================================================================================

    3        -2.169828895358E+02     2.9913E-05     1.9835E-05    -8.3529E-07
      ideal mu1:      -0.976612787862
      ideal mu2:      -0.999603332118
             Q0:        -216.982889901870
             G0:      -0.000000891208
   RMS gradient:       0.000019242287
     Trial step:       0.362042181095
             Q1:        -216.982890135087
 Quadratic coef:       0.000000089437
 Linear coef   :      -0.000000322655
           Qmin:        -216.982890192873
Quadratic minimum step length (  0.653052496965) accepted
    Initial Ne1:      38.99999932
    Initial Ne2:      33.99999953
      Final Ne1:      39.00000000
      Final Ne2:      34.00000000

=================== Penalty functional idempotency correction ==================
 RMS occupancy error at iteration   1:  0.000000 (step -0.5000 Ne1=     39.0000)
                                                               Ne2=     34.0000
            Final RMS occupancy error   :  0.000000 (Ne1=     39.0000)
                                                     Ne2=     34.0000
            Final occupancy bounds spin 1: [  0.000,  1.000]
            Final occupancy bounds spin 2: [  0.000,  1.000]
================================================================================

    4        -2.169828899019E+02     1.9242E-05     1.2872E-05    -3.6607E-07
      ideal mu1:      -0.976635206274
      ideal mu2:      -0.999619570457
    5        -2.169828901644E+02     3.0807E-05     2.0589E-05    -2.6248E-07
Finished density kernel iterations (   5)

Writing density kernel to file "Fe_EtOH_3_HighSpin.dkn" ... done


>>> Density kernel optimised for the current NGWF basis:
     ~~~~~~~~~~~~~~~~~~~~~~~~~~~~~~~~~~~~~~~~~~~~~~~~~~~~~~~~~~~
     Total energy                =  -2.16982890164352E+02  Eh
     Estimated bandgap (UP spin) =   1.8892E-01  Eh
     Estimated bandgap (DN spin) =   2.1969E-02  Eh
     RMS occupancy error         =   6.3838E-14
     [H,K] commutator            =   2.0589E-05
     UP spin occupancy bounds    = [  0.000:  1.000]
     DN spin occupancy bounds    = [  0.000:  1.000]
     ~~~~~~~~~~~~~~~~~~~~~~~~~~~~~~~~~~~~~~~~~~~~~~~~~~~~~~~~~~~




################################################################################
########################### NGWF CG iteration  015 #############################
################################################################################
****** Reciprocal space K.E. preconditioning with k_zero =  3.0000 a0^-1 *******

>>> Checking for convergence of NGWFs:   NOT CONVERGED
  ========================================================================
         NGWF RMS gradient =  3.6411E-06 >  2.0000E-06  | above tolerance
  ========================================================================

>>> Improving NGWFs using line search:
============ Calculation of NGWF S^-1 using Hotelling algorithm ================ 
     Iteration  |  Spin  |  Frobenius norm and Maximum abs value (of I-S*S_n^-1)
         1           1      0.13861079E-01     0.21295067E-02
         2           1      0.48376336E-04     0.11940558E-04
         3           1      0.10799940E-08     0.19261592E-09
         4           1      0.66452682E-14     0.19984014E-14
================================================================================
============ Calculation of NGWF S^-1 using Hotelling algorithm ================ 
     Iteration  |  Spin  |  Frobenius norm and Maximum abs value (of I-S*S_n^-1)
         1           1      0.22319407E-02     0.33131217E-03
         2           1      0.12381154E-05     0.28328211E-06
         3           1      0.71038292E-12     0.11202150E-12
================================================================================
------------------------------- NGWF line search -------------------------------
RMS gradient                =       0.00000364109015
Trial step length           =               0.788531
Gradient along search dir.  =         -0.00003351486
Functional at step 0        =    -216.98289016435200
Functional at step 1        =    -216.98290095868606
Functional predicted        =    -216.98290133312150
Selected quadratic step     =               0.666496
Conjugate gradients coeff.  =               0.653497
--------------------------- NGWF line search finished --------------------------
                                               
Writing NGWFs to file "Fe_EtOH_3_HighSpin.tightbox_ngwfs".... done

>>> Optimising kernel for current NGWFs:
   Initial electron number for spin 1:      39.00093842
   Initial electron number for spin 2:      34.00068849
     Final electron number for spin 1:      39.00000000
     Final electron number for spin 2:      34.00000000

=================== Penalty functional idempotency correction ==================
 RMS occupancy error at iteration   1:  0.000136 (step -0.5000 Ne1=     39.0000)
                                                               Ne2=     34.0000
            Final RMS occupancy error   :  0.000000 (Ne1=     39.0000)
                                                     Ne2=     34.0000
            Final occupancy bounds spin 1: [  0.000,  1.000]
            Final occupancy bounds spin 2: [  0.000,  1.000]
================================================================================

................................................................................
<<<<<<<<<<<<<< LNV (Original version) density kernel optimisation >>>>>>>>>>>>>>
~~~~~~~~~~~~~~~~~~~~~~~~~~~~~~~~~~~~~~~~~~~~~~~~~~~~~~~~~~~~~~~~~~~~~~~~~~~~~~~~
   iter  |      energy (Eh)       | rms gradient |  commutator  |   dE (Eh)
      ideal mu1:      -0.976659619214
      ideal mu2:      -0.999651116032
             Q0:        -216.982900847891
             G0:      -0.000017797185
   RMS gradient:       0.000089046294
     Trial step:       0.486243303677
             Q1:        -216.982901554204
 Quadratic coef:       0.000007947450
 Linear coef   :      -0.000008653762
           Qmin:        -216.982903203603
Quadratic minimum step length (  0.264728557509) accepted
    Initial Ne1:      38.99999373
    Initial Ne2:      33.99999559
      Final Ne1:      39.00000000
      Final Ne2:      34.00000000

=================== Penalty functional idempotency correction ==================
 RMS occupancy error at iteration   1:  0.000000 (step -0.5000 Ne1=     39.0000)
                                                               Ne2=     34.0000
            Final RMS occupancy error   :  0.000000 (Ne1=     39.0000)
                                                     Ne2=     34.0000
            Final occupancy bounds spin 1: [  0.000,  1.000]
            Final occupancy bounds spin 2: [  0.000,  1.000]
================================================================================

    1        -2.169829008479E+02     8.9046E-05     5.8441E-05
      ideal mu1:      -0.976659601611
      ideal mu2:      -0.999644631239
             Q0:        -216.982903157421
             G0:      -0.000008040896
   RMS gradient:       0.000059166350
     Trial step:       0.358779163805
             Q1:        -216.982904695629
 Quadratic coef:       0.000001346698
 Linear coef   :      -0.000002884906
           Qmin:        -216.982904702437
Quadratic minimum step length (  0.384289538888) accepted
    Initial Ne1:      38.99999598
    Initial Ne2:      33.99999717
      Final Ne1:      39.00000000
      Final Ne2:      34.00000000

=================== Penalty functional idempotency correction ==================
 RMS occupancy error at iteration   1:  0.000000 (step -0.5000 Ne1=     39.0000)
                                                               Ne2=     34.0000
            Final RMS occupancy error   :  0.000000 (Ne1=     39.0000)
                                                     Ne2=     34.0000
            Final occupancy bounds spin 1: [  0.000,  1.000]
            Final occupancy bounds spin 2: [  0.000,  1.000]
================================================================================

    2        -2.169829031574E+02     5.9166E-05     3.8420E-05    -2.3095E-06
      ideal mu1:      -0.976647683402
      ideal mu2:      -0.999630013704
             Q0:        -216.982904708569
             G0:      -0.000003999767
   RMS gradient:       0.000040980012
     Trial step:       0.371315336906
             Q1:        -216.982905243907
 Quadratic coef:       0.000000949837
 Linear coef   :      -0.000001485175
           Qmin:        -216.982905289128
Quadratic minimum step length (  0.290296269788) accepted
    Initial Ne1:      38.99999854
    Initial Ne2:      33.99999897
      Final Ne1:      39.00000000
      Final Ne2:      34.00000000

=================== Penalty functional idempotency correction ==================
 RMS occupancy error at iteration   1:  0.000000 (step -0.5000 Ne1=     39.0000)
                                                               Ne2=     34.0000
            Final RMS occupancy error   :  0.000000 (Ne1=     39.0000)
                                                     Ne2=     34.0000
            Final occupancy bounds spin 1: [  0.000,  1.000]
            Final occupancy bounds spin 2: [  0.000,  1.000]
================================================================================

    3        -2.169829047086E+02     4.0980E-05     2.6766E-05    -1.5511E-06
      ideal mu1:      -0.976635866210
      ideal mu2:      -0.999623345180
             Q0:        -216.982905284740
             G0:      -0.000000913302
   RMS gradient:       0.000019887074
     Trial step:       0.328316093451
             Q1:        -216.982905546513
 Quadratic coef:       0.000000038079
 Linear coef   :      -0.000000299852
           Qmin:        -216.982905875032
Quadratic minimum step length (  1.292653711273) accepted
    Initial Ne1:      38.99999847
    Initial Ne2:      33.99999893
      Final Ne1:      39.00000000
      Final Ne2:      34.00000000

=================== Penalty functional idempotency correction ==================
 RMS occupancy error at iteration   1:  0.000000 (step -0.5000 Ne1=     39.0000)
                                                               Ne2=     34.0000
            Final RMS occupancy error   :  0.000000 (Ne1=     39.0000)
                                                     Ne2=     34.0000
            Final occupancy bounds spin 1: [  0.000,  1.000]
            Final occupancy bounds spin 2: [  0.000,  1.000]
================================================================================

    4        -2.169829052847E+02     1.9887E-05     1.3181E-05    -5.7617E-07
      ideal mu1:      -0.976664643535
      ideal mu2:      -0.999653712709
    5        -2.169829053795E+02     5.3151E-05     3.5370E-05    -9.4719E-08
Finished density kernel iterations (   5)

Writing density kernel to file "Fe_EtOH_3_HighSpin.dkn" ... done


>>> Density kernel optimised for the current NGWF basis:
     ~~~~~~~~~~~~~~~~~~~~~~~~~~~~~~~~~~~~~~~~~~~~~~~~~~~~~~~~~~~
     Total energy                =  -2.16982905379459E+02  Eh
     Estimated bandgap (UP spin) =   1.8932E-01  Eh
     Estimated bandgap (DN spin) =   2.2009E-02  Eh
     RMS occupancy error         =   2.6337E-13
     [H,K] commutator            =   3.5370E-05
     UP spin occupancy bounds    = [  0.000:  1.000]
     DN spin occupancy bounds    = [  0.000:  1.000]
     ~~~~~~~~~~~~~~~~~~~~~~~~~~~~~~~~~~~~~~~~~~~~~~~~~~~~~~~~~~~


================================================================================
           ---------------- ENERGY COMPONENTS (Eh) ----------------
           | Kinetic                    :       63.98954770057904 |
           | Core Hartree               :     -967.94640597111959 |
           | CoreHart (non-coul chg cor):        0.00155689502347
           | Hartree                    :      432.81659436786742 |
           | Exchange-correlation       :      -30.34885831771259 |
           | Ewald                      :      287.78384243978076 |
           | Dij0                       :       -0.18366732973541 |
           | Dijhartree                 :       10.90578369376978 |
           | Exc [AE core]              :     -113.54040684047129 |
           | Exc DC [AE core]           :      -48.30091485740206 |
           | Exc [PS core]              :      -24.43832959135424 |
           | Exc DC [PS core]           :      -28.84570602198201 |
           | Exc [Core]                 :      -75.10233528622905 |
           | Total [Sphere]             :       -3.27762559885365 |
           | Total                      :     -216.98290537945866 |
           --------------------------------------------------------
           ------ LOCAL ENERGY COMPONENTS FROM MATRIX TRACES ------
           | Core Hartree               :     -967.94640597111879 |
           | Hartree (Valence)          :      432.81659436786742 |
           --------------------------------------------------------
           Integrated compensation chrg.:       11.33954271358649
           Integrated density           :       72.99999932322140
           Integrated spin density      :        4.99999995916616
           Integrated |spin density|    :        5.00171350511788
           Local density approx. <S^2>  :        8.75085677297201
           Integrated density tr(KS)    :       73.00000000000000
           Integrated spin tr(KS)       :        5.00000000000000
================================================================================




################################################################################
########################### NGWF CG iteration  016 #############################
################################################################################
****** Reciprocal space K.E. preconditioning with k_zero =  3.0000 a0^-1 *******

>>> Checking for convergence of NGWFs:   NOT CONVERGED
  ========================================================================
         NGWF RMS gradient =  2.9849E-06 >  2.0000E-06  | above tolerance
  ========================================================================

>>> Improving NGWFs using line search:
============ Calculation of NGWF S^-1 using Hotelling algorithm ================ 
     Iteration  |  Spin  |  Frobenius norm and Maximum abs value (of I-S*S_n^-1)
         1           1      0.15357479E-01     0.23082438E-02
         2           1      0.59081422E-04     0.13755958E-04
         3           1      0.16126449E-08     0.26227154E-09
         4           1      0.57729945E-14     0.15543122E-14
================================================================================
============ Calculation of NGWF S^-1 using Hotelling algorithm ================ 
     Iteration  |  Spin  |  Frobenius norm and Maximum abs value (of I-S*S_n^-1)
         1           1      0.45169025E-02     0.65817391E-03
         2           1      0.50619485E-05     0.10990461E-05
         3           1      0.11803096E-10     0.17252866E-11
         4           1      0.60690977E-14     0.13322676E-14
================================================================================
------------------------------- NGWF line search -------------------------------
RMS gradient                =       0.00000298487319
Trial step length           =               0.724951
Gradient along search dir.  =         -0.00002921426
Functional at step 0        =    -216.98290537945905
Functional at step 1        =    -216.98291176846996
Functional predicted        =    -216.98291296142534
Selected quadratic step     =               0.519059
Conjugate gradients coeff.  =               0.672030
--------------------------- NGWF line search finished --------------------------
                                               
Writing NGWFs to file "Fe_EtOH_3_HighSpin.tightbox_ngwfs".... done

>>> Optimising kernel for current NGWFs:
   Initial electron number for spin 1:      39.00084330
   Initial electron number for spin 2:      34.00062287
     Final electron number for spin 1:      39.00000000
     Final electron number for spin 2:      34.00000000

=================== Penalty functional idempotency correction ==================
 RMS occupancy error at iteration   1:  0.000122 (step -0.5000 Ne1=     39.0000)
                                                               Ne2=     34.0000
            Final RMS occupancy error   :  0.000000 (Ne1=     39.0000)
                                                     Ne2=     34.0000
            Final occupancy bounds spin 1: [  0.000,  1.000]
            Final occupancy bounds spin 2: [  0.000,  1.000]
================================================================================

................................................................................
<<<<<<<<<<<<<< LNV (Original version) density kernel optimisation >>>>>>>>>>>>>>
~~~~~~~~~~~~~~~~~~~~~~~~~~~~~~~~~~~~~~~~~~~~~~~~~~~~~~~~~~~~~~~~~~~~~~~~~~~~~~~~
   iter  |      energy (Eh)       | rms gradient |  commutator  |   dE (Eh)
      ideal mu1:      -0.976771680311
      ideal mu2:      -0.999734023533
             Q0:        -216.982912406405
             G0:      -0.000016168994
   RMS gradient:       0.000084875373
     Trial step:       0.651459144283
             Q1:        -216.982909133184
 Quadratic coef:       0.000013806660
 Linear coef   :      -0.000010533439
           Qmin:        -216.982914415460
Quadratic minimum step length (  0.248507060009) accepted
    Initial Ne1:      38.99999515
    Initial Ne2:      33.99999650
      Final Ne1:      39.00000000
      Final Ne2:      34.00000000

=================== Penalty functional idempotency correction ==================
 RMS occupancy error at iteration   1:  0.000000 (step -0.5000 Ne1=     39.0000)
                                                               Ne2=     34.0000
            Final RMS occupancy error   :  0.000000 (Ne1=     39.0000)
                                                     Ne2=     34.0000
            Final occupancy bounds spin 1: [  0.000,  1.000]
            Final occupancy bounds spin 2: [  0.000,  1.000]
================================================================================

    1        -2.169829124064E+02     8.4875E-05     5.5320E-05
      ideal mu1:      -0.976721243338
      ideal mu2:      -0.999691772679
             Q0:        -216.982914345252
             G0:      -0.000006629931
   RMS gradient:       0.000053776356
     Trial step:       0.402358293889
             Q1:        -216.982915243536
 Quadratic coef:       0.000001769324
 Linear coef   :      -0.000002667608
           Qmin:        -216.982915350740
Quadratic minimum step length (  0.303317566699) accepted
    Initial Ne1:      38.99999762
    Initial Ne2:      33.99999829
      Final Ne1:      39.00000000
      Final Ne2:      34.00000000

=================== Penalty functional idempotency correction ==================
 RMS occupancy error at iteration   1:  0.000000 (step -0.5000 Ne1=     39.0000)
                                                               Ne2=     34.0000
            Final RMS occupancy error   :  0.000000 (Ne1=     39.0000)
                                                     Ne2=     34.0000
            Final occupancy bounds spin 1: [  0.000,  1.000]
            Final occupancy bounds spin 2: [  0.000,  1.000]
================================================================================

    2        -2.169829143453E+02     5.3776E-05     3.4336E-05    -1.9388E-06
      ideal mu1:      -0.976663563521
      ideal mu2:      -0.999645613541
             Q0:        -216.982915303873
             G0:      -0.000002181850
   RMS gradient:       0.000029126437
     Trial step:       0.349345586266
             Q1:        -216.982915653118
 Quadratic coef:       0.000000412975
 Linear coef   :      -0.000000762220
           Qmin:        -216.982915655577
Quadratic minimum step length (  0.322390193898) accepted
    Initial Ne1:      38.99999926
    Initial Ne2:      33.99999947
      Final Ne1:      39.00000000
      Final Ne2:      34.00000000

=================== Penalty functional idempotency correction ==================
 RMS occupancy error at iteration   1:  0.000000 (step -0.5000 Ne1=     39.0000)
                                                               Ne2=     34.0000
            Final RMS occupancy error   :  0.000000 (Ne1=     39.0000)
                                                     Ne2=     34.0000
            Final occupancy bounds spin 1: [  0.000,  1.000]
            Final occupancy bounds spin 2: [  0.000,  1.000]
================================================================================

    3        -2.169829153039E+02     2.9126E-05     1.9369E-05    -9.5862E-07
      ideal mu1:      -0.976649716737
      ideal mu2:      -0.999635924991
             Q0:        -216.982915652114
             G0:      -0.000000762857
   RMS gradient:       0.000017306419
     Trial step:       0.335597364849
             Q1:        -216.982915867934
 Quadratic coef:       0.000000040193
 Linear coef   :      -0.000000256013
           Qmin:        -216.982916059791
Quadratic minimum step length (  1.068815120609) accepted
    Initial Ne1:      38.99999913
    Initial Ne2:      33.99999937
      Final Ne1:      39.00000000
      Final Ne2:      34.00000000

=================== Penalty functional idempotency correction ==================
 RMS occupancy error at iteration   1:  0.000000 (step -0.5000 Ne1=     39.0000)
                                                               Ne2=     34.0000
            Final RMS occupancy error   :  0.000000 (Ne1=     39.0000)
                                                     Ne2=     34.0000
            Final occupancy bounds spin 1: [  0.000,  1.000]
            Final occupancy bounds spin 2: [  0.000,  1.000]
================================================================================

    4        -2.169829156521E+02     1.7306E-05     1.1537E-05    -3.4824E-07
      ideal mu1:      -0.976684453875
      ideal mu2:      -0.999663865096
    5        -2.169829157340E+02     4.4702E-05     2.9326E-05    -8.1926E-08
Finished density kernel iterations (   5)

Writing density kernel to file "Fe_EtOH_3_HighSpin.dkn" ... done


>>> Density kernel optimised for the current NGWF basis:
     ~~~~~~~~~~~~~~~~~~~~~~~~~~~~~~~~~~~~~~~~~~~~~~~~~~~~~~~~~~~
     Total energy                =  -2.16982915734040E+02  Eh
     Estimated bandgap (UP spin) =   1.8691E-01  Eh
     Estimated bandgap (DN spin) =   2.2299E-02  Eh
     RMS occupancy error         =   8.6038E-14
     [H,K] commutator            =   2.9326E-05
     UP spin occupancy bounds    = [  0.000:  1.000]
     DN spin occupancy bounds    = [  0.000:  1.000]
     ~~~~~~~~~~~~~~~~~~~~~~~~~~~~~~~~~~~~~~~~~~~~~~~~~~~~~~~~~~~




################################################################################
########################### NGWF CG iteration  017 #############################
################################################################################
****** Reciprocal space K.E. preconditioning with k_zero =  3.0000 a0^-1 *******

>>> Checking for convergence of NGWFs:   NOT CONVERGED
  ========================================================================
         NGWF RMS gradient =  2.6483E-06 >  2.0000E-06  | above tolerance
  ========================================================================

>>> Improving NGWFs using line search:
============ Calculation of NGWF S^-1 using Hotelling algorithm ================ 
     Iteration  |  Spin  |  Frobenius norm and Maximum abs value (of I-S*S_n^-1)
         1           1      0.51724145E-02     0.83432010E-03
         2           1      0.69168589E-05     0.18540335E-05
         3           1      0.20100780E-10     0.46220805E-11
         4           1      0.57300968E-14     0.15543122E-14
================================================================================
============ Calculation of NGWF S^-1 using Hotelling algorithm ================ 
     Iteration  |  Spin  |  Frobenius norm and Maximum abs value (of I-S*S_n^-1)
         1           1      0.67667247E-02     0.10738671E-02
         2           1      0.11714625E-04     0.30189164E-05
         3           1      0.59324348E-10     0.12318369E-10
         4           1      0.58450313E-14     0.14779844E-14
================================================================================
------------------------------- NGWF line search -------------------------------
RMS gradient                =       0.00000264827467
Trial step length           =               0.613427
Gradient along search dir.  =         -0.00001539558
Functional at step 0        =    -216.98291573403958
Functional at step 1        =    -216.98292310967400
Functional predicted        =    -216.98292651401633
Selected quadratic step     =               1.400399
Conjugate gradients coeff.  =               0.000000
--------------------------- NGWF line search finished --------------------------
                                               
Writing NGWFs to file "Fe_EtOH_3_HighSpin.tightbox_ngwfs".... done

>>> Optimising kernel for current NGWFs:
   Initial electron number for spin 1:      39.00094385
   Initial electron number for spin 2:      34.00070027
     Final electron number for spin 1:      39.00000000
     Final electron number for spin 2:      34.00000000

=================== Penalty functional idempotency correction ==================
 RMS occupancy error at iteration   1:  0.000137 (step -0.5000 Ne1=     39.0000)
                                                               Ne2=     34.0000
 RMS occupancy error at iteration   2:  0.000000 (step -0.5000 Ne1=     39.0000)
                                                               Ne2=     34.0000
            Final RMS occupancy error   :  0.000000 (Ne1=     39.0000)
                                                     Ne2=     34.0000
            Final occupancy bounds spin 1: [  0.000,  1.000]
            Final occupancy bounds spin 2: [  0.000,  1.000]
================================================================================

................................................................................
<<<<<<<<<<<<<< LNV (Original version) density kernel optimisation >>>>>>>>>>>>>>
~~~~~~~~~~~~~~~~~~~~~~~~~~~~~~~~~~~~~~~~~~~~~~~~~~~~~~~~~~~~~~~~~~~~~~~~~~~~~~~~
   iter  |      energy (Eh)       | rms gradient |  commutator  |   dE (Eh)
      ideal mu1:      -0.976717039907
      ideal mu2:      -0.999688824435
             Q0:        -216.982925169205
             G0:      -0.000019446726
   RMS gradient:       0.000093081514
     Trial step:       0.598908622402
             Q1:        -216.982921660773
 Quadratic coef:       0.000015155244
 Linear coef   :      -0.000011646812
           Qmin:        -216.982927406850
Quadratic minimum step length (  0.230130764568) accepted
    Initial Ne1:      39.00000000
    Initial Ne2:      34.00000000
      Final Ne1:      39.00000000
      Final Ne2:      34.00000000

=================== Penalty functional idempotency correction ==================
 RMS occupancy error at iteration   1:  0.000000 (step -0.5000 Ne1=     39.0000)
                                                               Ne2=     34.0000
            Final RMS occupancy error   :  0.000000 (Ne1=     39.0000)
                                                     Ne2=     34.0000
            Final occupancy bounds spin 1: [  0.000,  1.000]
            Final occupancy bounds spin 2: [  0.000,  1.000]
================================================================================

    1        -2.169829251692E+02     9.3082E-05     6.1334E-05
      ideal mu1:      -0.976691395116
      ideal mu2:      -0.999662632697
             Q0:        -216.982927282076
             G0:      -0.000006475525
   RMS gradient:       0.000052803870
     Trial step:       0.371250992160
             Q1:        -216.982928475767
 Quadratic coef:       0.000001210354
 Linear coef   :      -0.000002404045
           Qmin:        -216.982928475824
Quadratic minimum step length (  0.368695355715) accepted
    Initial Ne1:      39.00000000
    Initial Ne2:      34.00000000
      Final Ne1:      39.00000000
      Final Ne2:      34.00000000

=================== Penalty functional idempotency correction ==================
 RMS occupancy error at iteration   1:  0.000000 (step -0.5000 Ne1=     39.0000)
                                                               Ne2=     34.0000
            Final RMS occupancy error   :  0.000000 (Ne1=     39.0000)
                                                     Ne2=     34.0000
            Final occupancy bounds spin 1: [  0.000,  1.000]
            Final occupancy bounds spin 2: [  0.000,  1.000]
================================================================================

    2        -2.169829272821E+02     5.2804E-05     3.4598E-05    -2.1129E-06
      ideal mu1:      -0.976642363548
      ideal mu2:      -0.999619247450
             Q0:        -216.982928475006
             G0:      -0.000002786615
   RMS gradient:       0.000033602600
     Trial step:       0.369970967258
             Q1:        -216.982928912622
 Quadratic coef:       0.000000593351
 Linear coef   :      -0.000001030967
           Qmin:        -216.982928922841
Quadratic minimum step length (  0.321418407183) accepted
    Initial Ne1:      39.00000000
    Initial Ne2:      34.00000000
      Final Ne1:      39.00000000
      Final Ne2:      34.00000000

=================== Penalty functional idempotency correction ==================
 RMS occupancy error at iteration   1:  0.000000 (step -0.5000 Ne1=     39.0000)
                                                               Ne2=     34.0000
            Final RMS occupancy error   :  0.000000 (Ne1=     39.0000)
                                                     Ne2=     34.0000
            Final occupancy bounds spin 1: [  0.000,  1.000]
            Final occupancy bounds spin 2: [  0.000,  1.000]
================================================================================

    3        -2.169829284750E+02     3.3603E-05     2.2142E-05    -1.1929E-06
      ideal mu1:      -0.976627683205
      ideal mu2:      -0.999609615277
             Q0:        -216.982928918646
             G0:      -0.000000748129
   RMS gradient:       0.000017665497
     Trial step:       0.344841237383
             Q1:        -216.982929105905
 Quadratic coef:       0.000000070726
 Linear coef   :      -0.000000257986
           Qmin:        -216.982929153907
Quadratic minimum step length (  0.628932620842) accepted
    Initial Ne1:      39.00000000
    Initial Ne2:      34.00000000
      Final Ne1:      39.00000000
      Final Ne2:      34.00000000

=================== Penalty functional idempotency correction ==================
 RMS occupancy error at iteration   1:  0.000000 (step -0.5000 Ne1=     39.0000)
                                                               Ne2=     34.0000
            Final RMS occupancy error   :  0.000000 (Ne1=     39.0000)
                                                     Ne2=     34.0000
            Final occupancy bounds spin 1: [  0.000,  1.000]
            Final occupancy bounds spin 2: [  0.000,  1.000]
================================================================================

    4        -2.169829289186E+02     1.7665E-05     1.1621E-05    -4.4364E-07
      ideal mu1:      -0.976652110643
      ideal mu2:      -0.999631887294
    5        -2.169829291138E+02     2.3517E-05     1.5517E-05    -1.9520E-07
Finished density kernel iterations (   5)

Writing density kernel to file "Fe_EtOH_3_HighSpin.dkn" ... done


>>> Density kernel optimised for the current NGWF basis:
     ~~~~~~~~~~~~~~~~~~~~~~~~~~~~~~~~~~~~~~~~~~~~~~~~~~~~~~~~~~~
     Total energy                =  -2.16982929113849E+02  Eh
     Estimated bandgap (UP spin) =   1.8821E-01  Eh
     Estimated bandgap (DN spin) =   2.2073E-02  Eh
     RMS occupancy error         =   1.7582E-14
     [H,K] commutator            =   1.5517E-05
     UP spin occupancy bounds    = [  0.000:  1.000]
     DN spin occupancy bounds    = [  0.000:  1.000]
     ~~~~~~~~~~~~~~~~~~~~~~~~~~~~~~~~~~~~~~~~~~~~~~~~~~~~~~~~~~~




################################################################################
########################### NGWF CG iteration  018 #############################
################################################################################
****** Reciprocal space K.E. preconditioning with k_zero =  3.0000 a0^-1 *******

>>> Checking for convergence of NGWFs:   NOT CONVERGED
  ========================================================================
         NGWF RMS gradient =  2.6655E-06 >  2.0000E-06  | above tolerance
  ========================================================================

>>> Improving NGWFs using line search:
============ Calculation of NGWF S^-1 using Hotelling algorithm ================ 
     Iteration  |  Spin  |  Frobenius norm and Maximum abs value (of I-S*S_n^-1)
         1           1      0.16403964E-01     0.25595585E-02
         2           1      0.68578986E-04     0.16765333E-04
         3           1      0.20792139E-08     0.38675796E-09
         4           1      0.61532505E-14     0.15543122E-14
================================================================================
============ Calculation of NGWF S^-1 using Hotelling algorithm ================ 
     Iteration  |  Spin  |  Frobenius norm and Maximum abs value (of I-S*S_n^-1)
         1           1      0.58457243E-02     0.89490211E-03
         2           1      0.86316727E-05     0.20184449E-05
         3           1      0.33324389E-10     0.56770144E-11
         4           1      0.56255629E-14     0.13322676E-14
================================================================================
------------------------------- NGWF line search -------------------------------
RMS gradient                =       0.00000266553445
Trial step length           =               0.926845
Gradient along search dir.  =         -0.00001931638
Functional at step 0        =    -216.98292911384897
Functional at step 1        =    -216.98293327469463
Functional predicted        =    -216.98293494483224
Selected quadratic step     =               0.603735
Conjugate gradients coeff.  =               1.013077
--------------------------- NGWF line search finished --------------------------
                                               
Writing NGWFs to file "Fe_EtOH_3_HighSpin.tightbox_ngwfs".... done

>>> Optimising kernel for current NGWFs:
   Initial electron number for spin 1:      39.00081579
   Initial electron number for spin 2:      34.00060455
     Final electron number for spin 1:      39.00000000
     Final electron number for spin 2:      34.00000000

=================== Penalty functional idempotency correction ==================
 RMS occupancy error at iteration   1:  0.000118 (step -0.5000 Ne1=     39.0000)
                                                               Ne2=     34.0000
            Final RMS occupancy error   :  0.000000 (Ne1=     39.0000)
                                                     Ne2=     34.0000
            Final occupancy bounds spin 1: [  0.000,  1.000]
            Final occupancy bounds spin 2: [  0.000,  1.000]
================================================================================

................................................................................
<<<<<<<<<<<<<< LNV (Original version) density kernel optimisation >>>>>>>>>>>>>>
~~~~~~~~~~~~~~~~~~~~~~~~~~~~~~~~~~~~~~~~~~~~~~~~~~~~~~~~~~~~~~~~~~~~~~~~~~~~~~~~
   iter  |      energy (Eh)       | rms gradient |  commutator  |   dE (Eh)
      ideal mu1:      -0.976630776958
      ideal mu2:      -0.999618072112
             Q0:        -216.982934805127
             G0:      -0.000013436858
   RMS gradient:       0.000077372932
     Trial step:       0.465705811862
             Q1:        -216.982935589744
 Quadratic coef:       0.000005473005
 Linear coef   :      -0.000006257623
           Qmin:        -216.982936593808
Quadratic minimum step length (  0.266235013875) accepted
    Initial Ne1:      38.99999528
    Initial Ne2:      33.99999638
      Final Ne1:      39.00000000
      Final Ne2:      34.00000000

=================== Penalty functional idempotency correction ==================
 RMS occupancy error at iteration   1:  0.000000 (step -0.5000 Ne1=     39.0000)
                                                               Ne2=     34.0000
            Final RMS occupancy error   :  0.000000 (Ne1=     39.0000)
                                                     Ne2=     34.0000
            Final occupancy bounds spin 1: [  0.000,  1.000]
            Final occupancy bounds spin 2: [  0.000,  1.000]
================================================================================

    1        -2.169829348051E+02     7.7373E-05     5.0558E-05
      ideal mu1:      -0.976644747027
      ideal mu2:      -0.999618184840
             Q0:        -216.982936578328
             G0:      -0.000005728778
   RMS gradient:       0.000050232411
     Trial step:       0.352118152447
             Q1:        -216.982937575930
 Quadratic coef:       0.000001019604
 Linear coef   :      -0.000002017207
           Qmin:        -216.982937576049
Quadratic minimum step length (  0.348318989689) accepted
    Initial Ne1:      38.99999740
    Initial Ne2:      33.99999800
      Final Ne1:      39.00000000
      Final Ne2:      34.00000000

=================== Penalty functional idempotency correction ==================
 RMS occupancy error at iteration   1:  0.000000 (step -0.5000 Ne1=     39.0000)
                                                               Ne2=     34.0000
            Final RMS occupancy error   :  0.000000 (Ne1=     39.0000)
                                                     Ne2=     34.0000
            Final occupancy bounds spin 1: [  0.000,  1.000]
            Final occupancy bounds spin 2: [  0.000,  1.000]
================================================================================

    2        -2.169829365783E+02     5.0232E-05     3.2386E-05    -1.7732E-06
      ideal mu1:      -0.976630525007
      ideal mu2:      -0.999602033748
             Q0:        -216.982937575071
             G0:      -0.000002647854
   RMS gradient:       0.000032874180
     Trial step:       0.350213419377
             Q1:        -216.982937973361
 Quadratic coef:       0.000000529025
 Linear coef   :      -0.000000927314
           Qmin:        -216.982937981438
Quadratic minimum step length (  0.306940040627) accepted
    Initial Ne1:      38.99999902
    Initial Ne2:      33.99999925
      Final Ne1:      39.00000000
      Final Ne2:      34.00000000

=================== Penalty functional idempotency correction ==================
 RMS occupancy error at iteration   1:  0.000000 (step -0.5000 Ne1=     39.0000)
                                                               Ne2=     34.0000
            Final RMS occupancy error   :  0.000000 (Ne1=     39.0000)
                                                     Ne2=     34.0000
            Final occupancy bounds spin 1: [  0.000,  1.000]
            Final occupancy bounds spin 2: [  0.000,  1.000]
================================================================================

    3        -2.169829375751E+02     3.2874E-05     2.1421E-05    -9.9674E-07
      ideal mu1:      -0.976619584577
      ideal mu2:      -0.999596532432
             Q0:        -216.982937979762
             G0:      -0.000000603860
   RMS gradient:       0.000016145843
     Trial step:       0.327863570974
             Q1:        -216.982938150452
 Quadratic coef:       0.000000027294
 Linear coef   :      -0.000000197984
           Qmin:        -216.982938338798
Quadratic minimum step length (  1.189136329413) accepted
    Initial Ne1:      38.99999908
    Initial Ne2:      33.99999930
      Final Ne1:      39.00000000
      Final Ne2:      34.00000000

=================== Penalty functional idempotency correction ==================
 RMS occupancy error at iteration   1:  0.000000 (step -0.5000 Ne1=     39.0000)
                                                               Ne2=     34.0000
            Final RMS occupancy error   :  0.000000 (Ne1=     39.0000)
                                                     Ne2=     34.0000
            Final occupancy bounds spin 1: [  0.000,  1.000]
            Final occupancy bounds spin 2: [  0.000,  1.000]
================================================================================

    4        -2.169829379798E+02     1.6146E-05     1.0572E-05    -4.0469E-07
      ideal mu1:      -0.976652322843
      ideal mu2:      -0.999628357547
    5        -2.169829379778E+02     4.1040E-05     2.6840E-05     2.0101E-09
Finished density kernel iterations (   5)

Writing density kernel to file "Fe_EtOH_3_HighSpin.dkn" ... done


>>> Density kernel optimised for the current NGWF basis:
     ~~~~~~~~~~~~~~~~~~~~~~~~~~~~~~~~~~~~~~~~~~~~~~~~~~~~~~~~~~~
     Total energy                =  -2.16982937977752E+02  Eh
     Estimated bandgap (UP spin) =   1.8653E-01  Eh
     Estimated bandgap (DN spin) =   2.2104E-02  Eh
     RMS occupancy error         =   7.2821E-14
     [H,K] commutator            =   2.6840E-05
     UP spin occupancy bounds    = [  0.000:  1.000]
     DN spin occupancy bounds    = [  0.000:  1.000]
     ~~~~~~~~~~~~~~~~~~~~~~~~~~~~~~~~~~~~~~~~~~~~~~~~~~~~~~~~~~~




################################################################################
########################### NGWF CG iteration  019 #############################
################################################################################
****** Reciprocal space K.E. preconditioning with k_zero =  3.0000 a0^-1 *******

>>> Checking for convergence of NGWFs: 
           ........................................................
           |         *** NGWF optimisation converged ***          |
           | RMS NGWF gradient =    0.00000156245760              |
           | Criteria satisfied:                                  |
           | -> RMS NGWF gradient lower than set threshold.       |
           ========================================================

================================================================================
           ---------------- ENERGY COMPONENTS (Eh) ----------------
           | Kinetic                    :       63.99339178875661 |
           | Core Hartree               :     -967.95093302597343 |
           | CoreHart (non-coul chg cor):        0.00155689502347
           | Hartree                    :      432.81986590976226 |
           | Exchange-correlation       :      -30.35010475194431 |
           | Ewald                      :      287.78384243978076 |
           | Dij0                       :       -0.18427746955133 |
           | Dijhartree                 :       10.90411042779174 |
           | Exc [AE core]              :     -113.54073232061275 |
           | Exc DC [AE core]           :      -48.30146365147321 |
           | Exc [PS core]              :      -24.43956373801229 |
           | Exc DC [PS core]           :      -28.84731809684522 |
           | Exc [Core]                 :      -75.10233528622905 |
           | Total [Sphere]             :       -3.27900033813101 |
           | Total                      :     -216.98293797774909 |
           --------------------------------------------------------
           ------ LOCAL ENERGY COMPONENTS FROM MATRIX TRACES ------
           | Core Hartree               :     -967.95093302597502 |
           | Hartree (Valence)          :      432.81986590976237 |
           --------------------------------------------------------
           Integrated compensation chrg.:       11.33909153288351
           Integrated density           :       72.99999932322723
           Integrated spin density      :        4.99999995916615
           Integrated |spin density|    :        5.00167237368522
           Local density approx. <S^2>  :        8.75083620725590
           Integrated density tr(KS)    :       73.00000000000000
           Integrated spin tr(KS)       :        5.00000000000000
================================================================================

Calculating NGWF non self-consistent forces...done.

                        <<<<< CALCULATION SUMMARY >>>>>                         
|ITER|    RMS GRADIENT   |     TOTAL ENERGY    |   step   |     Epredicted              
   0     0.00094042374718   -215.48046475636721   1.152483   -216.59918566447257        
   1     0.00042298827271   -216.71272765095091   1.012751   -216.90511470085789        
   2     0.00020270581082   -216.91812697099189   0.834168   -216.95591208926527        
   3     0.00012734711450   -216.95925804610195   0.696594   -216.97191292405756        
   4     0.00006915639007   -216.97336176144029   0.692671   -216.97699782704993        
   5     0.00004601223743   -216.97755487952486   0.932873   -216.97974809241890        
   6     0.00003399820905   -216.98007153315754   1.042918   -216.98144887533553        
   7     0.00002286673839   -216.98161339419747   0.839754   -216.98211883067566        
   8     0.00001720316153   -216.98218044286867   0.546075   -216.98235782443589        
   9     0.00001099187304   -216.98239600883886   1.395154   -216.98258253202260        
  10     0.00000984204646   -216.98261192369392   0.928955   -216.98271573852452        
  11     0.00000833451857   -216.98273581652018   0.877988   -216.98281612107809        
  12     0.00000626776718   -216.98283628195077   0.627193   -216.98286332567963        
  13     0.00000450411820   -216.98286758976320   0.820359   -216.98288736090493        
  14     0.00000364109015   -216.98289016435200   0.666496   -216.98290133312150        
  15     0.00000298487319   -216.98290537945905   0.519059   -216.98291296142534        
  16     0.00000264827467   -216.98291573403958   1.400399   -216.98292651401633        
  17     0.00000266553445   -216.98292911384897   0.603735   -216.98293494483224        
  18     0.00000156245760   -216.98293797775196  <-- CG                                 

======================== Writing density and potential =========================
Writing "Fe_EtOH_3_HighSpin_ps_density.cube" ... done
Writing "Fe_EtOH_3_HighSpin_ps_spindensity.cube" ... done
Writing "Fe_EtOH_3_HighSpin_ae_density.cube" ... done
Writing "Fe_EtOH_3_HighSpin_ae_spindensity.cube" ... done
Writing "Fe_EtOH_3_HighSpin_potential.cube" ... done
Writing "Fe_EtOH_3_HighSpin_electrostatic_potential.cube" ... done
================================================================================

    Mulliken Atomic Populations
    ---------------------------
Species  Ion    Total   Charge (e)    Spin (hbar)
=================================================
  Fe     1      14.427      1.573      2.01
  O      2       6.666     -0.666      0.12
  O      3       6.660     -0.660      0.13
  O      4       6.665     -0.665      0.11
  H      5       0.450      0.550      0.00
  C      6       4.325     -0.325      0.01
  H      7       0.452      0.548      0.00
  C      8       4.364     -0.364      0.01
  H      9       0.452      0.548      0.00
  C     10       4.374     -0.374      0.01
  H     11       0.632      0.368      0.01
  H     12       0.648      0.352      0.00
  C     13       4.842     -0.842      0.01
  H     14       0.669      0.331      0.00
  H     15       0.599      0.401      0.01
  H     16       0.658      0.342      0.00
  H     17       0.650      0.350      0.00
  C     18       4.838     -0.838      0.02
  H     19       0.619      0.381      0.01
  H     20       0.655      0.345      0.00
  H     21       0.666      0.334      0.00
  H     22       0.596      0.404      0.01
  H     23       0.641      0.359      0.01
  H     24       0.680      0.320      0.00
  C     25       4.802     -0.802      0.01
  H     26       0.684      0.316      0.00
  H     27       0.615      0.385      0.01
  H     28       0.672      0.328      0.00
=================================================

        Bond         Population      Spin       Length (bohr)
=============================================================
 O     4 -- H     9        0.54     -0.00      1.84591
 O     3 -- H     7        0.54     -0.00      1.84651
 O     2 -- H     5        0.54     -0.00      1.84657
 C    10 -- H    17        0.81      0.00      2.05807
 C     8 -- H    12        0.81      0.00      2.05851
 C     6 -- H    24        0.82      0.00      2.05856
 C     8 -- H    11        0.80      0.01      2.06014
 C    10 -- H    19        0.79      0.01      2.06030
 C    25 -- H    28        0.79      0.00      2.06099
 C    18 -- H    20        0.79      0.00      2.06113
 C     6 -- H    23        0.80      0.01      2.06122
 C    13 -- H    16        0.79      0.00      2.06175
 C    18 -- H    21        0.79      0.00      2.06626
 C    13 -- H    14        0.79      0.00      2.06673
 C    25 -- H    26        0.80      0.00      2.06688
 C    25 -- H    27        0.73      0.01      2.08297
 C    13 -- H    15        0.72      0.01      2.08464
 C    18 -- H    22        0.71      0.01      2.08799
 C    10 -- C    18        0.69     -0.00      2.78612
 C     8 -- C    13        0.68     -0.00      2.79257
 C     6 -- C    25        0.69     -0.00      2.79723
 O     4 -- C     6        0.30     -0.01      3.05365
 O     2 -- C     8        0.29     -0.01      3.08633
 O     3 -- C    10        0.28     -0.01      3.12791
 H    21 -- H    22       -0.07     -0.00      3.30478
 H    26 -- H    27       -0.08     -0.00      3.30555
 H    14 -- H    15       -0.07     -0.00      3.30598
 H    15 -- H    16       -0.07     -0.00      3.32424
 H    20 -- H    22       -0.07     -0.00      3.32540
 H    27 -- H    28       -0.07     -0.00      3.32923
 H    26 -- H    28       -0.09     -0.00      3.41805
 H    14 -- H    16       -0.08     -0.00      3.42461
 H    20 -- H    21       -0.08     -0.00      3.42610
 H    23 -- H    24       -0.10     -0.00      3.43054
 H    11 -- H    12       -0.09     -0.00      3.43859
 H    17 -- H    19       -0.09     -0.00      3.44152
 Fe    1 -- O     3        0.28     -0.06      3.51697
 Fe    1 -- O     2        0.28     -0.06      3.52495
 Fe    1 -- O     4        0.28     -0.05      3.53157
 C    10 -- H    22       -0.09     -0.00      3.86393
 C     8 -- H    15       -0.09     -0.00      3.88406
 C     6 -- H    27       -0.09     -0.00      3.89251
 C     6 -- H     9       -0.12     -0.00      3.94660
 H     5 -- C     8       -0.11     -0.00      3.95945
 H     7 -- C    10       -0.11     -0.00      3.99118
 O     4 -- H    23       -0.09     -0.00      4.01002
 O     4 -- H    24       -0.08     -0.00      4.02145
 O     2 -- H    11       -0.08     -0.00      4.02847
 O     2 -- H    12       -0.08     -0.00      4.03883
 O     3 -- H    19       -0.08     -0.00      4.04455
 O     3 -- H    17       -0.08     -0.00      4.06007
 C     8 -- H    14       -0.11      0.00      4.08016
 C    10 -- H    21       -0.11      0.00      4.08160
 C     6 -- H    26       -0.11      0.00      4.08202
 C     8 -- H    16       -0.11     -0.00      4.08384
 C    10 -- H    20       -0.11     -0.00      4.08413
 C     6 -- H    28       -0.12     -0.00      4.08537
 H    24 -- C    25       -0.13     -0.00      4.11753
 H    11 -- C    13       -0.12     -0.00      4.11803
 H    17 -- C    18       -0.12     -0.00      4.11874
 H    12 -- C    13       -0.12     -0.00      4.12082
 H    23 -- C    25       -0.12     -0.00      4.12103
 C    18 -- H    19       -0.12     -0.00      4.12376
 H     5 -- H    14       -0.01     -0.00      4.48055
 H     9 -- H    26       -0.01     -0.00      4.49542
 H     7 -- H    21       -0.01      0.00      4.52857
 H     5 -- C    13       -0.06     -0.00      4.54272
 H     7 -- C    18       -0.06     -0.00      4.62693
 H     9 -- C    25       -0.05     -0.00      4.63284
 H    23 -- H    27       -0.02      0.00      4.70895
 H    19 -- H    22       -0.02      0.00      4.70928
 H    11 -- H    15       -0.02      0.00      4.71107
 H    17 -- H    22       -0.02     -0.00      4.72386
 Fe    1 -- H     5       -0.12     -0.01      4.73035
 Fe    1 -- H     7       -0.12     -0.01      4.73163
 H    24 -- H    27       -0.02      0.00      4.73359
 H    12 -- H    15       -0.02     -0.00      4.73752
 O     4 -- C    25       -0.11     -0.00      4.74417
 H    11 -- H    14       -0.03     -0.00      4.74438
 Fe    1 -- H     9       -0.12     -0.01      4.74775
 H    19 -- H    21       -0.03     -0.00      4.75241
 H    12 -- H    16       -0.03     -0.00      4.75250
 H    24 -- H    28       -0.04     -0.00      4.75255
 H    17 -- H    20       -0.03     -0.00      4.75263
 H    23 -- H    26       -0.03     -0.00      4.75272
 O     2 -- C    13       -0.11     -0.00      4.75555
 H     9 -- H    23       -0.01     -0.00      4.77105
 O     3 -- C    18       -0.11     -0.00      4.78767
 H     7 -- H    19       -0.00     -0.00      4.82888
 H     5 -- H    11        0.00     -0.00      4.90294
 H     5 -- H    16       -0.01     -0.00      4.97663
 H     7 -- H    20       -0.01     -0.00      5.14332
 H     9 -- H    28       -0.01     -0.00      5.17971
 O     4 -- H    26       -0.02     -0.00      5.29892
 O     2 -- H    14       -0.02     -0.00      5.30864
 O     4 -- H    28       -0.01      0.00      5.32208
 O     2 -- H    16       -0.01      0.00      5.33194
 H     5 -- H    12        0.02      0.00      5.34732
 O     3 -- H    21       -0.02     -0.00      5.35057
 O     3 -- H    20       -0.01      0.00      5.36787
 H     7 -- H    17        0.02      0.00      5.40618
 H     9 -- H    24        0.02      0.00      5.40697
=============================================================


============== Orbital energy and occupancy information for spin 1 =============

      Total number of orbitals:      67
   Number of occupied orbitals:      39.000000000
   Occupancy sum (eigenvalues):      39.000000000
                 HOMO-LUMO gap:       0.186208402 Eh
                 Mid-gap level:      -0.460466917 Eh

                        Orbital | Energy (Eh) | Occupancy
                            1    -3.877705815   1.0000000
                        .......   ...........   .........
                           30    -0.607488281   1.0000000
                           31    -0.598895889   1.0000000
                           32    -0.593527715   1.0000000
                           33    -0.589489244   1.0000000
                           34    -0.578316307   1.0000000
                           35    -0.571997866   1.0000000
                           36    -0.568535617   1.0000000
                           37    -0.556553423   1.0000000
                           38    -0.555438202   1.0000000
                           39    -0.553571118   1.0000000
                        .......   --- gap ---   .........
                           40    -0.367362716   0.0000000
                           41    -0.301114010   0.0000000
                           42    -0.299163914   0.0000000
                           43    -0.285021272   0.0000000
                           44    -0.253476641   0.0000000
                           45    -0.245187008   0.0000000
                           46    -0.239707260   0.0000000
                           47    -0.214539916   0.0000000
                           48    -0.194207581   0.0000000
                           49    -0.168160622   0.0000000
                        .......   ...........   .........
                           67    -0.011034719   0.0000000

================================================================================

============== Orbital energy and occupancy information for spin 2 =============

      Total number of orbitals:      67
   Number of occupied orbitals:      34.000000000
   Occupancy sum (eigenvalues):      34.000000000
                 HOMO-LUMO gap:       0.021856642 Eh
                 Mid-gap level:      -0.542962219 Eh

                        Orbital | Energy (Eh) | Occupancy
                            1    -3.717274107   1.0000000
                        .......   ...........   .........
                           25    -0.620314012   1.0000000
                           26    -0.603027905   1.0000000
                           27    -0.600998196   1.0000000
                           28    -0.596020015   0.9999999
                           29    -0.577681598   0.9999999
                           30    -0.576966555   0.9999997
                           31    -0.573114539   0.9999998
                           32    -0.557436654   0.9999937
                           33    -0.556409518   0.9999980
                           34    -0.553890540   0.9999951
                        .......   --- gap ---   .........
                           35    -0.532033898   0.0000020
                           36    -0.525707133   0.0000084
                           37    -0.521442795   0.0000034
                           38    -0.499789505   0.0000001
                           39    -0.497662988   0.0000001
                           40    -0.342787964   0.0000000
                           41    -0.292253896   0.0000000
                           42    -0.283370717   0.0000000
                           43    -0.266449075   0.0000000
                           44    -0.245431191   0.0000000
                        .......   ...........   .........
                           67    -0.008824164   0.0000000

================================================================================

===================== Writing canonical molecular orbitals =====================
    Spin 1
| Orbital  Energy (eV)  Norm     |
| HOMO-5  -15.73678746  1.000000 | Writing "Fe_EtOH_3_HighSpin_HOMO-5_UP.cube" ... done
| HOMO-4  -15.56485392  1.000000 | Writing "Fe_EtOH_3_HighSpin_HOMO-4_UP.cube" ... done
| HOMO-3  -15.47064134  1.000000 | Writing "Fe_EtOH_3_HighSpin_HOMO-3_UP.cube" ... done
| HOMO-2  -15.14458924  1.000000 | Writing "Fe_EtOH_3_HighSpin_HOMO-2_UP.cube" ... done
| HOMO-1  -15.11424254  1.000000 | Writing "Fe_EtOH_3_HighSpin_HOMO-1_UP.cube" ... done
| HOMO    -15.06343660  1.000000 | Writing "Fe_EtOH_3_HighSpin_HOMO_UP.cube" ... done
| LUMO     -9.99644815  1.000000 | Writing "Fe_EtOH_3_HighSpin_LUMO_UP.cube" ... done
| LUMO+1   -8.19372915  1.000000 | Writing "Fe_EtOH_3_HighSpin_LUMO+1_UP.cube" ... done
| LUMO+2   -8.14066431  1.000000 | Writing "Fe_EtOH_3_HighSpin_LUMO+2_UP.cube" ... done
| LUMO+3   -7.75582345  1.000000 | Writing "Fe_EtOH_3_HighSpin_LUMO+3_UP.cube" ... done
| LUMO+4   -6.89745036  1.000000 | Writing "Fe_EtOH_3_HighSpin_LUMO+4_UP.cube" ... done
| LUMO+5   -6.67187798  1.000000 | Writing "Fe_EtOH_3_HighSpin_LUMO+5_UP.cube" ... done
================================================================================

===================== Writing canonical molecular orbitals =====================
    Spin 2
| Orbital  Energy (eV)  Norm     |
| HOMO-5  -15.71951615  1.000000 | Writing "Fe_EtOH_3_HighSpin_HOMO-5_DN.cube" ... done
| HOMO-4  -15.70005883  1.000000 | Writing "Fe_EtOH_3_HighSpin_HOMO-4_DN.cube" ... done
| HOMO-3  -15.59524014  1.000000 | Writing "Fe_EtOH_3_HighSpin_HOMO-3_DN.cube" ... done
| HOMO-2  -15.16862318  1.000000 | Writing "Fe_EtOH_3_HighSpin_HOMO-2_DN.cube" ... done
| HOMO-1  -15.14067341  1.000000 | Writing "Fe_EtOH_3_HighSpin_HOMO-1_DN.cube" ... done
| HOMO    -15.07212851  1.000000 | Writing "Fe_EtOH_3_HighSpin_HOMO_DN.cube" ... done
| LUMO    -14.47737903  1.000000 | Writing "Fe_EtOH_3_HighSpin_LUMO_DN.cube" ... done
| LUMO+1  -14.30521899  1.000000 | Writing "Fe_EtOH_3_HighSpin_LUMO+1_DN.cube" ... done
| LUMO+2  -14.18918045  1.000000 | Writing "Fe_EtOH_3_HighSpin_LUMO+2_DN.cube" ... done
| LUMO+3  -13.59996444  1.000000 | Writing "Fe_EtOH_3_HighSpin_LUMO+3_DN.cube" ... done
| LUMO+4  -13.54209896  1.000000 | Writing "Fe_EtOH_3_HighSpin_LUMO+4_DN.cube" ... done
| LUMO+5   -9.32773514  1.000000 | Writing "Fe_EtOH_3_HighSpin_LUMO+5_DN.cube" ... done
================================================================================
 
=============== Density of States (DOS) calculation for UP spin ================
Writing "Fe_EtOH_3_HighSpin_UP_DOS.txt" ... done
================================================================================
 
============== Density of States (DOS) calculation for DOWN spin ===============
Writing "Fe_EtOH_3_HighSpin_DN_DOS.txt" ... done
================================================================================
 
Writing bands to file "Fe_EtOH_3_HighSpin.val_bands" ... done

================================= Core Density =================================
               Core den box size:   39 x  39 x  39
================================================================================
 
********************* Unconstrained **********************
********************** Ewald forces **********************
*                                                        *
* Element  Atom         Cartesian components (Eh/a)      *
* ------------------------------------------------------ *
*                       x            y            z      *
*                                                        *
*    Fe      1     -0.82529272   0.01605824   0.67154481 *
*    O       2     -3.41003007   4.53877659  -2.90267501 *
*    O       3     -4.42269782  -2.22617831   4.23531751 *
*    O       4      5.90538102  -2.20572961   0.58210649 *
*    H       5     -2.71490044   0.51423433  -0.49284407 *
*    C       6      3.39267645   1.20698499  -2.30264035 *
*    H       7     -2.35035498   0.99875845   1.15074246 *
*    C       8      1.58978830   3.11569802  -2.25087214 *
*    H       9      1.44875254  -1.61663842   1.77415878 *
*    C      10      0.31708025  -3.44119517   2.27383348 *
*    H      11      0.54515131   0.03192721  -1.81592298 *
*    H      12      1.35792891   1.14680216   0.50562406 *
*    C      13     -1.93052972   3.71008293  -1.09609371 *
*    H      14     -1.38618698   0.26764570  -1.02844348 *
*    H      15      0.31787673   1.55600371  -0.82693655 *
*    H      16     -0.68783664   1.19290204   1.03760410 *
*    H      17      0.57256257  -1.62279907  -0.57215313 *
*    C      18     -3.28268182  -2.24548897   1.51692732 *
*    H      19      0.76679885  -0.33127313   1.73331780 *
*    H      20     -1.30593389  -0.64420855  -0.87965845 *
*    H      21     -1.16752788   0.41354651   1.22200012 *
*    H      22     -0.37402023  -1.53303316   0.83039049 *
*    H      23      1.35689468   1.36954496   0.28291707 *
*    H      24      0.02144997   0.33004223  -1.79208408 *
*    C      25      3.47696108  -2.38980736  -1.06806193 *
*    H      26      1.29482629  -0.63228792   1.00906833 *
*    H      27      1.47948575   0.01151967  -1.03015708 *
*    H      28      0.01437850  -1.53188810  -0.76700986 *
*                                                        *
**********************************************************
TOTAL:              0.00000000  -0.00000000  -0.00000000
 
********************* Unconstrained **********************
***************** Local potential forces *****************
*                                                        *
* Element  Atom         Cartesian components (Eh/a)      *
* ------------------------------------------------------ *
*                       x            y            z      *
*                                                        *
*    Fe      1      0.81306949  -0.01226332  -0.65770855 *
*    O       2      3.87254848  -4.61739687   2.97658248 *
*    O       3      4.82713119   2.02660264  -4.40378107 *
*    O       4     -6.14958262   2.48505277  -0.87233976 *
*    H       5      2.68294146  -0.51063956   0.48953965 *
*    C       6     -3.22735143  -1.17556455   2.17476607 *
*    H       7      2.32349019  -0.98485972  -1.14055678 *
*    C       8     -1.52267539  -2.94831854   2.15108851 *
*    H       9     -1.43588624   1.59690427  -1.75271861 *
*    C      10     -0.32887953   3.26659158  -2.17877644 *
*    H      11     -0.53810811  -0.04018778   1.79561888 *
*    H      12     -1.33988413  -1.14142461  -0.49328015 *
*    C      13      1.85618251  -3.63786741   1.09850058 *
*    H      14      1.36936980  -0.27147894   1.01618835 *
*    H      15     -0.30957291  -1.53943082   0.81618522 *
*    H      16      0.68143028  -1.18447759  -1.01927527 *
*    H      17     -0.56140511   1.60987149   0.55760517 *
*    C      18      3.18070861   2.22349716  -1.50942251 *
*    H      19     -0.75408401   0.33433174  -1.71443110 *
*    H      20      1.29396471   0.64082690   0.86257404 *
*    H      21      1.15660550  -0.40240277  -1.20764210 *
*    H      22      0.37435069   1.51404078  -0.82035309 *
*    H      23     -1.34657360  -1.35066391  -0.27474361 *
*    H      24     -0.03196059  -0.32478516   1.77309124 *
*    C      25     -3.42215531   2.30255270   1.05960643 *
*    H      26     -1.28365380   0.62718889  -0.99187655 *
*    H      27     -1.46347424  -0.00670769   1.01665879 *
*    H      28     -0.02308573   1.51444559   0.75897797 *
*                                                        *
**********************************************************
TOTAL:              0.69346017  -0.00656272  -0.48992221
 
********************* Unconstrained **********************
************** Compensation density forces ***************
*                                                        *
* Element  Atom         Cartesian components (Eh/a)      *
* ------------------------------------------------------ *
*                       x            y            z      *
*                                                        *
*    Fe      1      0.00556979  -0.00190323  -0.00650258 *
*    O       2     -0.06946425   0.01370392  -0.01237724 *
*    O       3     -0.06158263   0.02834969   0.02666163 *
*    O       4      0.03894687  -0.04204988   0.04283390 *
*    H       5     -0.01167810   0.00140301  -0.00142988 *
*    C       6     -0.00387475  -0.00061074   0.00296246 *
*    H       7     -0.00930887   0.00469870   0.00380777 *
*    C       8     -0.00144218  -0.00389234   0.00226910 *
*    H       9      0.00470083  -0.00679116   0.00741478 *
*    C      10      0.00037076   0.00392866  -0.00213346 *
*    H      11      0.00224321  -0.00301865  -0.00729624 *
*    H      12      0.00635415   0.00220865   0.00461005 *
*    C      13      0.00238682  -0.00221880  -0.00011080 *
*    H      14     -0.00619403  -0.00172435  -0.00449101 *
*    H      15      0.00289740   0.00596103  -0.00366819 *
*    H      16     -0.00237463   0.00302919   0.00682117 *
*    H      17      0.00371543  -0.00487390  -0.00548087 *
*    C      18      0.00323613   0.00062898  -0.00020927 *
*    H      19      0.00438268   0.00121983   0.00678625 *
*    H      20     -0.00437731  -0.00116978  -0.00640568 *
*    H      21     -0.00385930   0.00441735   0.00523996 *
*    H      22      0.00001588  -0.00673527   0.00339102 *
*    H      23      0.00370754   0.00663256   0.00305464 *
*    H      24     -0.00373204   0.00153350  -0.00703441 *
*    C      25     -0.00167271   0.00276151   0.00020208 *
*    H      26      0.00388934  -0.00176734   0.00653899 *
*    H      27      0.00561398   0.00151564  -0.00485093 *
*    H      28     -0.00332688  -0.00646230  -0.00292390 *
*                                                        *
**********************************************************
TOTAL:             -0.09485688  -0.00122552   0.05767934
 
********************* Unconstrained **********************
*************** Non-local potential forces ***************
*                                                        *
* Element  Atom         Cartesian components (Eh/a)      *
* ------------------------------------------------------ *
*                       x            y            z      *
*                                                        *
*    Fe      1      0.00600190  -0.00232157  -0.00707864 *
*    O       2     -0.38668134   0.07273810  -0.06631893 *
*    O       3     -0.34131999   0.16103699   0.14619223 *
*    O       4      0.21145353  -0.23429939   0.24016501 *
*    H       5      0.03387945  -0.00417649   0.00416243 *
*    C       6     -0.17577289  -0.03808723   0.13674037 *
*    H       7      0.02809337  -0.01424998  -0.01146906 *
*    C       8     -0.07613253  -0.17705541   0.10813508 *
*    H       9     -0.01418484   0.02055933  -0.02238839 *
*    C      10      0.00837855   0.18760263  -0.10268501 *
*    H      11     -0.00701583   0.00939894   0.02259972 *
*    H      12     -0.01975387  -0.00678202  -0.01444917 *
*    C      13      0.07576647  -0.07767089  -0.00076156 *
*    H      14      0.01900200   0.00541460   0.01374772 *
*    H      15     -0.00897731  -0.01814194   0.01122454 *
*    H      16      0.00727665  -0.00948117  -0.02113713 *
*    H      17     -0.01172013   0.01502465   0.01690711 *
*    C      18      0.10547299   0.02656339  -0.00955637 *
*    H      19     -0.01371565  -0.00388262  -0.02113435 *
*    H      20      0.01363801   0.00370987   0.01979277 *
*    H      21      0.01188470  -0.01350162  -0.01606907 *
*    H      22     -0.00019927   0.02054513  -0.01032497 *
*    H      23     -0.01146629  -0.02059478  -0.00957210 *
*    H      24      0.01181102  -0.00491805   0.02181008 *
*    C      25     -0.05923370   0.08951689   0.01128734 *
*    H      26     -0.01206410   0.00536752  -0.02006650 *
*    H      27     -0.01718367  -0.00476630   0.01485405 *
*    H      28      0.01022969   0.02003108   0.00915399 *
*                                                        *
**********************************************************
TOTAL:             -0.61253305   0.00757967   0.44376120
 
********************* Unconstrained **********************
************ NGWF non self-consistent forces *************
*                                                        *
* Element  Atom         Cartesian components (Eh/a)      *
* ------------------------------------------------------ *
*                       x            y            z      *
*                                                        *
*    Fe      1      0.00044805   0.00006153  -0.00027013 *
*    O       2      0.00092691  -0.00211339   0.00131539 *
*    O       3      0.00170036   0.00136022  -0.00178439 *
*    O       4     -0.00254296   0.00073133   0.00025474 *
*    H       5      0.00000901  -0.00009898   0.00005579 *
*    C       6      0.00003751  -0.00004213  -0.00004885 *
*    H       7      0.00006430   0.00006867  -0.00005532 *
*    C       8     -0.00004081   0.00010491  -0.00000523 *
*    H       9     -0.00007735   0.00002923   0.00003199 *
*    C      10     -0.00009143  -0.00008359   0.00005796 *
*    H      11     -0.00004100   0.00004889  -0.00005443 *
*    H      12      0.00002019   0.00012061  -0.00000358 *
*    C      13      0.00008781  -0.00004370   0.00002151 *
*    H      14      0.00001611  -0.00002188   0.00000223 *
*    H      15      0.00003260   0.00001677  -0.00001495 *
*    H      16      0.00002233  -0.00000675   0.00001148 *
*    H      17     -0.00002384  -0.00011602   0.00002591 *
*    C      18      0.00004034  -0.00004415  -0.00002678 *
*    H      19     -0.00003464  -0.00000573   0.00005575 *
*    H      20      0.00000741  -0.00000761  -0.00000583 *
*    H      21      0.00001745  -0.00000604   0.00000319 *
*    H      22      0.00001572  -0.00002538   0.00000218 *
*    H      23      0.00005436  -0.00002155   0.00001882 *
*    H      24      0.00007266  -0.00001750  -0.00009068 *
*    C      25     -0.00005989   0.00006872  -0.00002951 *
*    H      26     -0.00000356   0.00003023   0.00000303 *
*    H      27      0.00001593   0.00002337  -0.00002592 *
*    H      28     -0.00001050   0.00001047  -0.00000838 *
*                                                        *
**********************************************************
TOTAL:              0.00066306   0.00002053  -0.00056402
 
********************* Unconstrained **********************
********************** NLCC forces ***********************
*                                                        *
* Element  Atom         Cartesian components (Eh/a)      *
* ------------------------------------------------------ *
*                       x            y            z      *
*                                                        *
*    Fe      1     -0.00000000  -0.00000000   0.00000000 *
*    O       2     -0.00000175  -0.00000223   0.00000132 *
*    O       3     -0.00000035   0.00000289  -0.00000107 *
*    O       4     -0.00000197  -0.00000101   0.00000232 *
*    H       5      0.00000000   0.00000000   0.00000000 *
*    C       6      0.01233933   0.00356519  -0.01025782 *
*    H       7      0.00000000   0.00000000   0.00000000 *
*    C       8      0.00613495   0.01262085  -0.00779709 *
*    H       9      0.00000000   0.00000000   0.00000000 *
*    C      10      0.00005385  -0.01397431   0.00749705 *
*    H      11      0.00000000   0.00000000   0.00000000 *
*    H      12      0.00000000   0.00000000   0.00000000 *
*    C      13     -0.00374225   0.00419433  -0.00017617 *
*    H      14      0.00000000   0.00000000   0.00000000 *
*    H      15      0.00000000   0.00000000   0.00000000 *
*    H      16      0.00000000   0.00000000   0.00000000 *
*    H      17      0.00000000   0.00000000   0.00000000 *
*    C      18     -0.00522889  -0.00194988   0.00055965 *
*    H      19      0.00000000   0.00000000   0.00000000 *
*    H      20      0.00000000   0.00000000   0.00000000 *
*    H      21      0.00000000   0.00000000   0.00000000 *
*    H      22      0.00000000   0.00000000   0.00000000 *
*    H      23      0.00000000   0.00000000   0.00000000 *
*    H      24      0.00000000   0.00000000   0.00000000 *
*    C      25      0.00326332  -0.00442407  -0.00098026 *
*    H      26      0.00000000   0.00000000   0.00000000 *
*    H      27      0.00000000   0.00000000   0.00000000 *
*    H      28      0.00000000   0.00000000   0.00000000 *
*                                                        *
**********************************************************
TOTAL:              0.01281623   0.00003177  -0.01115207
 
********************* Unconstrained **********************
****** Correction to ensure the total force is zero ******
*                                                        *
* Element  Atom         Cartesian components (Eh/a)      *
* ------------------------------------------------------ *
*                       x            y            z      *
*                                                        *
*    Fe      1      0.00001609   0.00000558   0.00000706 *
*    O       2      0.00001609   0.00000558   0.00000706 *
*    O       3      0.00001609   0.00000558   0.00000706 *
*    O       4      0.00001609   0.00000558   0.00000706 *
*    H       5      0.00001609   0.00000558   0.00000706 *
*    C       6      0.00001609   0.00000558   0.00000706 *
*    H       7      0.00001609   0.00000558   0.00000706 *
*    C       8      0.00001609   0.00000558   0.00000706 *
*    H       9      0.00001609   0.00000558   0.00000706 *
*    C      10      0.00001609   0.00000558   0.00000706 *
*    H      11      0.00001609   0.00000558   0.00000706 *
*    H      12      0.00001609   0.00000558   0.00000706 *
*    C      13      0.00001609   0.00000558   0.00000706 *
*    H      14      0.00001609   0.00000558   0.00000706 *
*    H      15      0.00001609   0.00000558   0.00000706 *
*    H      16      0.00001609   0.00000558   0.00000706 *
*    H      17      0.00001609   0.00000558   0.00000706 *
*    C      18      0.00001609   0.00000558   0.00000706 *
*    H      19      0.00001609   0.00000558   0.00000706 *
*    H      20      0.00001609   0.00000558   0.00000706 *
*    H      21      0.00001609   0.00000558   0.00000706 *
*    H      22      0.00001609   0.00000558   0.00000706 *
*    H      23      0.00001609   0.00000558   0.00000706 *
*    H      24      0.00001609   0.00000558   0.00000706 *
*    C      25      0.00001609   0.00000558   0.00000706 *
*    H      26      0.00001609   0.00000558   0.00000706 *
*    H      27      0.00001609   0.00000558   0.00000706 *
*    H      28      0.00001609   0.00000558   0.00000706 *
*                                                        *
**********************************************************
TOTAL:              0.00045047   0.00015627   0.00019776

********************* Unconstrained **********************
************************* Forces *************************
*                                                        *
* Element  Atom         Cartesian components (Eh/a)      *
* ------------------------------------------------------ *
*                       x            y            z      *
*                                                        *
*    Fe      1     -0.00018739  -0.00036277  -0.00000803 *
*    O       2      0.00731406   0.00571171  -0.00346493 *
*    O       3      0.00324685  -0.00882030   0.00261191 *
*    O       4      0.00366996   0.00370980  -0.00697025 *
*    H       5     -0.00973253   0.00072788  -0.00050902 *
*    C       6     -0.00192969  -0.00374888   0.00152894 *
*    H       7     -0.00799991   0.00442171   0.00247613 *
*    C       8     -0.00435158  -0.00083691   0.00282529 *
*    H       9      0.00332102  -0.00593116   0.00650561 *
*    C      10     -0.00307147   0.00287538  -0.00219935 *
*    H      11      0.00224567  -0.00182580  -0.00504799 *
*    H      12      0.00468134   0.00093037   0.00250827 *
*    C      13      0.00016772  -0.00351796   0.00138692 *
*    H      14     -0.00397701  -0.00015929  -0.00298913 *
*    H      15      0.00227260   0.00441432  -0.00320286 *
*    H      16     -0.00146592   0.00197130   0.00403142 *
*    H      17      0.00314501  -0.00288726  -0.00308874 *
*    C      18      0.00156345   0.00321212  -0.00172090 *
*    H      19      0.00336332   0.00039567   0.00460140 *
*    H      20     -0.00268498  -0.00084359  -0.00369608 *
*    H      21     -0.00286345   0.00205901   0.00353916 *
*    H      22      0.00017887  -0.00520231   0.00311269 *
*    H      23      0.00263277   0.00490286   0.00168189 *
*    H      24     -0.00234289   0.00186059  -0.00430078 *
*    C      25     -0.00288113   0.00067396   0.00203122 *
*    H      26      0.00301026  -0.00146304   0.00367436 *
*    H      27      0.00447385   0.00159027  -0.00351403 *
*    H      28     -0.00179884  -0.00385769  -0.00180312 *
*                                                        *
**********************************************************
* TOTAL:            0.00000000   0.00000000  -0.00000000 *
**********************************************************
 
 
***********************************************************
********** Summary of Forces (values in Eh/a) *************
*                                                         *
* ---------------------- Minimum ------------------------ *
* Atom:         1, |F|min =    0.00040839                 *
* Components:     Fx|min       Fy|min       Fz|min        *
*              -0.00018739  -0.00036277  -0.00000803      *
*                                                         *
* ---------------------- Maximum ------------------------ *
* Atom:         2, |F|max =    0.00990580                 *
* Components:     Fx|max       Fy|max       Fz|max        *
*               0.00731406   0.00571171  -0.00346493      *
*                                                         *
* ---------------- Root Mean Square Force --------------- *
*                  |F|rms =    0.00623084                 *
* Components:     Fx|rms       Fy|rms       Fz|rms        *
*               0.00388046   0.00348928   0.00340445      *
***********************************************************
 

------------------------------ TIMING INFORMATION ------------------------------
AVERAGE TIME:    2857.502s on      6 proc(s)                                    
TOTAL TIME:      2857.502s on      6 proc(s)                                    
==================== AVERAGE TIMINGS FROM ALL PROCS (CUMULATIVE) =====================
|| TAG                                         #calls     cpu time   %total  Gflops ||
|| onetep.F90 main loop imbalance             :     1        0.00s   0.000%  ------ ||
|| hash_table_free                            :    37        0.00s   0.000%  ------ ||
|| sparse_spam3toblacs_real_fast_imbal        :     6        0.00s   0.000%  ------ ||
|| sparse_spam3toblacs_real_fast_B2           :    36        0.00s   0.000%  ------ ||
|| ewald_calculate_forces_realspace           :     1        0.00s   0.000%  ------ ||
|| sparse_blacstospam3_real_fast_imbal        :    24        0.00s   0.000%  ------ ||
|| sparse_spam3toblacs_real_fast_B1           :    36        0.00s   0.000%  ------ ||
|| density_fftbox_interp_mult_imbal           :  5122        0.00s   0.000%  ------ ||
|| sparse_spam3toblacs_real_fast              :     6        0.00s   0.000%  ------ ||
|| onetep.F90 final imbalance                 :     1        0.00s   0.000%  ------ ||
|| sparse_set_to_garbage                      :   327        0.00s   0.000%  ------ ||
|| sw_bessel_init_cpu                         :     1        0.01s   0.001%  ------ || (1 procs only)
|| ewald_calculate_energy                     :     1        0.00s   0.000%  ------ ||
|| ewald_calculate_forces_recipspace          :     1        0.00s   0.000%  ------ ||
|| ewald_calculate_forces                     :     1        0.00s   0.000%  ------ ||
|| sparse_blacstospam3_real_fast              :    24        0.01s   0.000%  ------ ||
|| paw_dij_hartree                            :   214        0.01s   0.000%  ------ ||
|| sparse_init                                :     1        0.03s   0.001%  ------ ||
|| sparse_embed_array_hotelling_invert        :    37        0.04s   0.001%  ------ ||
|| basis_extract_function_from_box            :   848        0.04s   0.002%  ------ ||
|| augmentation_density_forces                :     1        0.05s   0.002%  ------ ||
|| linalg_dgemv                               :    80        0.05s   0.002%  ------ ||
|| sw_init                                    :   401        0.07s   0.002%  ------ ||
|| palser_mano_kernel_optimise_spam3_embed    :     2        0.07s   0.002%  ------ ||
|| paw_tcore_density                          :     1        0.11s   0.004%  ------ ||
|| ngwfs_initialise_from_radial               :     1        0.12s   0.004%  ------ ||
|| dense_eigensolve                           :     2        0.17s   0.006%  ------ ||
|| pseudo_make_structure_factor               :     1        0.18s   0.006%  ------ ||
|| integrals_grad_spam3                       :     1        0.35s   0.012%  ------ ||
|| nonsc_forces_ngwfs_calc                    :     1        0.35s   0.012%  ------ ||
|| paw_sphere_density_on_grid                 :     1        0.35s   0.012%  ------ ||
|| lnv_gradient_norm                          :    95        0.36s   0.013%  ------ ||
|| paw_tcore_hartree_on_grid                  :     1        0.38s   0.013%  ------ ||
|| kernel_purify                              :   303        0.42s   0.015%  ------ ||
|| restart_kernel_write                       :    20        0.45s   0.016%  ------ ||
|| kernel_fix                                 :    95        0.52s   0.018%  ------ ||
|| paw_tcore_hartree_calc_forces              :     1        0.58s   0.020%  ------ ||
|| function_ops_brappd_ketppd_spam3           :    37        0.62s   0.022%  ------ ||
|| sparse_trace                               :  7998        0.79s   0.028%  ------ ||
|| paw_dataset_init                           :     4        1.79s   0.063%  ------ ||
|| restart_ngwfs_tightbox_output              :    18        1.96s   0.069%  ------ ||
|| ngwf_gradient_coeffs                       :    19        2.17s   0.076%  ------ ||
|| projectors_func_grad_ovlp_box_spam3        :     3        2.40s   0.084%  ------ ||
|| aug_nl_calculate_forces                    :     1        2.53s   0.088%  ------ ||
|| sparse_product                             : 11132        2.53s   0.089%  ------ ||
|| paw_species_calc_proj_prec_mat             :     1        2.86s   0.100%  ------ ||
|| paw_nlcc_calculate_forces                  :     1        3.49s   0.122%  ------ ||
|| eigenstates_calculate                      :     1        5.08s   0.178%  ------ ||
|| basis_copy_function_to_box                 :  7638        5.85s   0.205%  ------ ||
|| integrals_kinetic_spam3                    :    37        6.16s   0.216%  ------ ||
|| fourier_apply_box_pair                     :  1076        6.23s   0.218% 113.445 ||
|| basis_dot_function_with_box                : 232.6k       6.33s   0.222%  ------ ||
|| energy_and_force_init_cell                 :     1        7.91s   0.277%  ------ ||
|| augmentation_screen_dij_spam3              :   203        8.78s   0.307%  ------ ||
|| cell_grid_extract_box_real                 :  6327       11.24s   0.393%  ------ ||
|| basis_add_function_to_box                  : 408.5k      11.69s   0.409%  ------ ||
|| density_batch_row_sums                     :   394       13.26s   0.464%  ------ ||
|| forces_calculate                           :     1       18.48s   0.647%  ------ ||
|| aug_nonlocal_mat_spam3_embed_array         :   194       20.91s   0.732%  ------ ||
|| density_init_guess_real                    :     2       22.12s   0.774%  ------ ||
|| paw_dij_xc                                 :   214       22.72s   0.795%  ------ ||
|| cell_grid_deposit_box_real                 :  8241       25.93s   0.907%  ------ ||
|| projectors_func_ovlp_box_spam3             :    37       26.40s   0.924%  ------ ||
|| projectors_init_fftbox_recip               :   117       31.28s   1.095%  ------ ||
|| aug_density_on_grid_spam3                  :   197       32.92s   1.152%  ------ ||
|| integrals_locpot_mat_els_batch             :   210       36.33s   1.271%  ------ ||
|| density_fftbox_deposit_to_cell             :  5122       40.23s   1.408%  ------ ||
|| fourier_filter_cell                        :   248       58.64s   2.052%  21.450 ||
|| hamiltonian_energy_components              :     4       63.17s   2.211%  ------ ||
|| fourier_filter                             :  1684       65.22s   2.282%  ------ ||
|| hartree_on_grid_single                     :   196       76.40s   2.674%  ------ ||
|| fourier_interpolate_cell                   :   394       85.07s   2.977%  23.489 ||
|| fourier_interpolate                        :  1684      106.69s   3.734%  ------ ||
|| properties_calculate                       :     1      121.13s   4.239%  ------ ||
|| projectors_gradient_batch                  :    38      240.51s   8.417%  ------ ||
|| projectors_grad_precond_batch              :    38      265.48s   9.291%  ------ ||
|| fourier_interpolate_product                :  4399      277.36s   9.706%  ------ ||
|| potential_apply_to_ngwf_batch              :   210      279.59s   9.785%  ------ ||
|| fourier_apply_box                          : 28396      284.84s   9.968% 191.569 ||
|| fourier_apply_cell_forward                 :  1765      295.68s  10.347%  27.251 ||
|| density_fftbox_interpolate_multiply        :  5122      298.81s  10.457%  ------ ||
|| fourier_apply_cell_backward                :  1765      315.87s  11.054%  25.509 ||
|| integrals_locpot_dbl_grid                  :   210      316.68s  11.082%  ------ ||
|| density_batch_interp_deposit               :   394      503.78s  17.630%  ------ ||
|| density_on_dbl_grid                        :   394      528.80s  18.506%  ------ ||
|| ngwf_gradient_build_batch                  :    38      594.75s  20.814%  ------ ||
|| ngwf_gradient_batch                        :    38      657.89s  23.023%  ------ ||
|| xc_energy_potential                        :   196      663.64s  23.225%  ------ ||
|| ngwf_gradient_lnv                          :    19      673.67s  23.576%  ------ ||
|| hamiltonian_lhxc_calculate                 :   190     1503.13s  52.603%  ------ ||
|| lnv_denskernel_optimise_cg                 :    19     1709.73s  59.833%  ------ ||
|| ngwf_cg_optimise                           :     1     2670.98s  93.473%  ------ ||
|| energy_and_forces                          :     1     2849.14s  99.707%  ------ ||
|| total_time                                 :     1     2857.50s 100.000%  ------ ||
======================================================================================
Overhead of generating timer report: 
- 0 ms averaging over threads,
- 0 ms ensuring consistency across MPI ranks,
- 0 ms printing in order.

Job completed: 24-10-2025 11:48 (+0100)

onetep_launcher: ONETEP seems to have finished correctly (zero exit code).
                 Brought to you by PID 91465 on nid002082.
