==================================================================================
It's Fri 24 Oct 2025 11:00:02 AM BST.
*** Starting onetep_launcher (node nid002795, PIDs 242366 242367 242368 242369 242370 242371)...
    - ONETEP arguments: Fe_EtOH_3_LowSpin_NGWFSP.dat
    - Current directory: /mnt/lustre/a2fs-work3/work/e89/e89/phsmea/onetep_ali_PBE/Fe_EtOH_3/LS/sp
    - Launcher executable directory: /mnt/lustre/a2fs-work3/work/e89/e89/phsmea/onetep_ali
    - (-e) ONETEP executable specified through command-line: /work/e89/e89/phsmea/onetep.archer2_2024_cray_2
      ... trying /work/e89/e89/phsmea/onetep.archer2_2024_cray_2
          -> looks OK
*** Setting up environment...
    - (-s) Process stack size: unlimited
    - (-t) OMP_NUM_THREADS: 8
    - (-o) OMP_STACKSIZE: 64M
    - (-c) Maximum core file size: 2048000
    - (-d) decfort_dump_flag: n
    - (-m) I_MPI_OFA_TRANSLATION_CACHE: 0
    - (-m) I_MPI_DAPL_TRANSLATION_CACHE: 0
    - (-m) I_MPI_DAPL_UD_TRANSLATION_CACHE: 0
*** Starting ONETEP...
    - /work/e89/e89/phsmea/onetep.archer2_2024_cray_2 Fe_EtOH_3_LowSpin_NGWFSP.dat
=================================================================================
_________________________________________________________________________________
 +---------------------------------------------------------------+
 |                                                               |
 |        ####### #     # ####### ####### ####### ######         |
 |        #     # ##    # #          #    #       #     #        |
 |        #     # # #   # #          #    #       #     #        |
 |        #     # #  #  # #####      #    #####   ######         |
 |        #     # #   # # #          #    #       #              |
 |        #     # #    ## #          #    #       #              |
 |        ####### #     # #######    #    ####### #              |
 |                                                               |
 |        Linear-Scaling Ab Initio Total Energy Program          |
 |                                                               |
 |          Release for academic collaborators of ODG            |
 |                                             Version 7.3.0     |
 | Remote: git@github.com:Miesaz/onetep_mea.git                  |
 | Local branch: master                                          |
 | Commit ID: 4af45e89288c8df5499704252eec3e032ee3d0c8           |
 | Date: Tue Aug 6 11:28:44 2024 +0100                           |
 | Locally modified files:                                       |
 |   src/hubbard_build_mod.F90                                   |
 |   src/services_mod.F90                                        |
 |                                                               |
 +---------------------------------------------------------------+
 |                                                               |
 |  Authors:                                                     |
 |  Jacek Dziedzic, Peter D. Haynes, Nicholas D. M. Hine,        |
 |  Arash A. Mostofi, Mike C. Payne and Chris-Kriton Skylaris    |
 |                                                               |
 |  Contributors:                                                |
 |  J. Aarons, L. Andrinopoulos, P. W. Avraam, R. A. Bell,       |
 |  A. Bhandari, G. A. Bramley, R. J. Charlton, S. J. Clark,     |
 |  R. J. Clements, G. C. Constantinescu, F. Corsetti,           |
 |  N. Corsini, O. Dieguez, S. M. M. Dubois, K. K. B. Duff,      |
 |  J. M. Escartin, M. Escobar Azor, A. Greco,                   |
 |  H. Helal, Q. O. Hill, L. P. Lee, J.-H. Li,                   |
 |  T. Li, E. B. Linscott, G. Moynihan, D. D. O`Regan,           |
 |  O. K. Okan, E. Parkinson, M. J. S. Phipps,                   |
 |  C. J. Pickard, J. C. A. Prentice, M. I. J. Probert,          |
 |  L. E. Ratcliff, M. Robinson, A. Ruiz Serrano,                |
 |  M. dos Santos Dias, J. S. Spencer, E. W. Tait,               |
 |  G. Teobaldi, D. Turban, V. Vitale, K. A. Wilkinson,          |
 |  C. Weber, J. C. Womack, Chengcheng Xiao, N. Yeung,           |
 |  and T. J. Zuehlsdorff.                                       |
 |                                                               |
 |                                   Copyright (c) 2004-2025     |
 |                                                               |
 |  Please cite:                                                 |
 |  "The ONETEP linear-scaling density functional theory program"|
 |   J. Chem. Phys. 152(17) 174111 (2020)                        |
 |                                                               |
 |          in all publications arising from your use of ONETEP. |
 |                                                               |
 +---------------------------------------------------------------+
 |                                                               |
 |   ONETEP is based on developments described in the following  |
 |   publications:                                               |
 |                                                               |
 |  "Nonorthogonal generalized Wannier function pseudopotential  |
 |   plane-wave method".                                         |
 |   C.-K. Skylaris, A. A. Mostofi, P. D. Haynes, O. Dieguez,    |
 |   M. C. Payne.                                                |
 |   Phys. Rev. B 66 035119 (2002).                              |
 |                                                               |
 |  "Preconditioned iterative minimization for linear-scaling    |
 |   electronic structure calculations".                         |
 |   A. A. Mostofi, P. D. Haynes, C.-K. Skylaris, M. C. Payne.   |
 |   J. Chem. Phys. 119(17), pp.8842-8848 (2003).                |
 |                                                               |
 |  "Total-energy calculations on a real space grid with         |
 |   localized functions and a plane-wave basis".                |
 |   A. A. Mostofi, C.-K. Skylaris, P. D. Haynes, M. C. Payne.   |
 |   Comput. Phys. Commun. 147, pp.788-802 (2002).               |
 |                                                               |
 |  "Accurate kinetic energy evaluation in electronic structure  |
 |   calculations with localized functions on real space grids"  |
 |   C.-K. Skylaris, A. A. Mostofi, P. D. Haynes, C. J. Pickard, |
 |   M. C. Payne.                                                |
 |   Comput. Phys. Commun. 140, pp.315-322 (2001).               |
 |                                                               |
 |  "Accurate ionic forces and geometry optimization in linear-  |
 |   scaling density-functional theory with local orbitals"      |
 |   N. D. M. Hine, M. Robinson, P. D. Haynes, C.-K. Skylaris,   |
 |   M. C. Payne, and A. A. Mostofi.                             |
 |   Phys. Rev. B 83 195102 (2011).                              |
 |                                                               |
 +---------------------------------------------------------------+

Job started: 24-10-2025 11:00 (+0100)
 
Reading parameters from file "Fe_EtOH_3_LowSpin_NGWFSP.dat" ...... done

If your calculation crashes here, before "Checking processes and threads..."
is displayed, then your stack size is insufficient.
If so, use "ulimit -s unlimited" at runtime.
You can disable this check with "check_stack_size F".

Checking processes and threads...
   Determining the default number of threads...
      No default threads set at compilation time: defaulting to 1.
      OpenMP library call suggests 8 threads.
      Hybrid MPI-OpenMP compilation detected.
      Number of MPI processes > 1.
      OMP_NUM_THREADS environment variable present and
      its value matches the one obtained from the OpenMP library call.
      Using this value as default.
      Default threads: 8
      Default applies to threads_max and threads_num_fftboxes.
      Settings in the input file override this default.
   ... done

   Running with 6 MPI processes.
   There are 6 MPI processes running on the same node as the root process.
   Each MPI process is using: 
               1 threads for simulation cell FFTs.
               1 threads for threaded FFT box operations.
               8 threads for loops over batched FFT box operations.
               8 threads in other parallel regions.
   MPI Interface: S1 (use mpi_f08) (-DMPI -DUSE_MPI_F08).
   MPI_ASYNC_PROTECTS_NONBLOCKING: Yes. MPI_SUBARRAYS_SUPPORTED: Yes.
   FFTW Interface: OMP-capable and MODERN. (-DUSE_MODERN_FFTW specified).
   GPU Interface: None.
   GPU FFT Backend: None.
... done

Basic input checks...... done

Reading geometry and species blocks from file "Fe_EtOH_3_LowSpin_NGWFSP.dat" ...   
  Number of PPD points along a3 set to 1.  This is 
  the default value, it may have been provided also in the input file.
... done


--------------------------------------------------------------------------------
---------------------------------- INPUT FILE ----------------------------------
--------------------------------------------------------------------------------

charge : 3                                                                      
cutoff_energy : 800 eV                                                          
do_properties : T                                                               
edft : F                                                                        
fine_grid_scale : 4                                                             
forces_output_detail : VERBOSE                                                  
output_detail : VERBOSE                                                         
paw : T                                                                         
pseudo_path : ../../../                                                         
spin : 1                                                                        
task : SINGLEPOINT                                                              
write_denskern : T                                                              
write_forces : T                                                                
write_tightbox_ngwfs : T                                                        
xc_functional : pbe                                                             
ngwfs_spin_polarized : T                                                        
%BLOCK LATTICE_CART                                                             
ang                                                                             
27.84119898       0.00000000       0.00000000                                   
0.00000000      27.95738238       0.00000000                                    
0.00000000       0.00000000      26.56600724                                    
%ENDBLOCK LATTICE_CART                                                          
%BLOCK POSITIONS_ABS                                                            
ang                                                                             
Fe    12.945725    13.008170    12.366393                                       
O    12.016493    14.602567    11.784556                                        
O    12.265510    12.331331    14.071551                                        
O    14.548123    12.065909    11.780545                                        
H    11.256164    14.501932    11.183947                                        
C    15.981783    12.205111    12.132576                                        
H    12.274563    12.898587    14.861918                                        
C    12.202572    16.058940    12.042923                                        
H    14.482036    11.468034    11.014263                                        
C    11.725453    11.003930    14.440015                                        
H    13.263265    16.187932    12.291435                                        
H    11.628468    16.261185    12.968459                                        
C    11.738304    16.908310    10.922970                                        
H    12.334266    16.765395    10.000000                                        
H    11.854586    17.957382    11.214479                                        
H    10.686539    16.744411    10.642585                                        
H    11.189566    10.633982    13.554300                                        
C    10.904431    11.023367    15.671873                                        
H    12.608650    10.343210    14.566201                                        
H    10.000000    11.653232    15.560438                                        
H    11.428134    11.402131    16.566007                                        
H    10.584391    10.000000    15.889363                                        
H    16.004830    12.349473    13.220805                                        
H    16.326072    13.154600    11.677085                                        
C    16.806215    11.071025    11.646291                                        
H    16.450258    10.103501    12.039806                                        
H    17.841199    11.252551    11.957586                                        
H    16.848393    10.956338    10.547116                                        
%ENDBLOCK POSITIONS_ABS                                                         
%BLOCK SPECIES                                                                  
C C 6 -1 10.0                                                                   
Fe Fe 26 -1 10.0                                                                
H H 1 -1 10.0                                                                   
O O 8 -1 10.0                                                                   
%ENDBLOCK SPECIES                                                               
%BLOCK SPECIES_ATOMIC_SET                                                       
C  "SOLVE"                                                                      
Fe "SOLVE INIT SPIN=1"                                                          
H  "SOLVE"                                                                      
O  "SOLVE"                                                                      
%ENDBLOCK SPECIES_ATOMIC_SET                                                    
%BLOCK SPECIES_POT                                                              
C C.PBE-paw.abinit                                                              
Fe Fe.PBE-paw.abinit                                                            
H H.PBE-paw.abinit                                                              
O O.PBE-paw.abinit                                                              
%ENDBLOCK SPECIES_POT                                                           

--------------------------------------------------------------------------------
-------------------------------- END INPUT FILE --------------------------------
--------------------------------------------------------------------------------


 
 ESDF WARNING(1): "charge" (esdf_physical) has no units. Assume "e".
<<<<<<<<<<<<<<<<<<<<<<<<<<<<<<<<< Full system >>>>>>>>>>>>>>>>>>>>>>>>>>>>>>>>>>
<<<<<<<<<<<<<<<<<<<<<<<<<<< PAW Dataset information >>>>>>>>>>>>>>>>>>>>>>>>>>>
File: Fe.PBE-paw.abinit; rc = 2.12 bohr; shape type =  2; rshape = 1.81 bohr;
  Atomic number: 26;  ionic charge: 16.000000
    Partial Wave 1: l = 0
    Partial Wave 2: l = 0
    Partial Wave 3: l = 1
    Partial Wave 4: l = 1
    Partial Wave 5: l = 2
    Partial Wave 6: l = 2
  Core charge supplied for Nonlinear Core Corrections
File: O.PBE-paw.abinit; rc = 1.41 bohr; shape type =  2; rshape = 1.20 bohr;
  Atomic number:  8;  ionic charge:  6.000000
    Partial Wave 1: l = 0
    Partial Wave 2: l = 0
    Partial Wave 3: l = 1
    Partial Wave 4: l = 1
  Core charge supplied for Nonlinear Core Corrections
File: H.PBE-paw.abinit; rc = 0.90 bohr; shape type =  2; rshape = 0.80 bohr;
  Atomic number:  1;  ionic charge:  1.000000
    Partial Wave 1: l = 0
    Partial Wave 2: l = 0
    Partial Wave 3: l = 1
File: C.PBE-paw.abinit; rc = 1.51 bohr; shape type =  2; rshape = 1.30 bohr;
  Atomic number:  6;  ionic charge:  4.000000
    Partial Wave 1: l = 0
    Partial Wave 2: l = 0
    Partial Wave 3: l = 1
    Partial Wave 4: l = 1
  Core charge supplied for Nonlinear Core Corrections
<<<<<<<<<<<<<<<<<<<<<<<<<<<<<<<<<<<<<<< >>>>>>>>>>>>>>>>>>>>>>>>>>>>>>>>>>>>>>>

-------------------------- Atom counting information ---------------------------
Symbol    Natoms    Nngwfs    Nprojs
  Fe         1        13        18
  O          3        12        24
  H         18        18        90
  C          6        24        48
.......   ......    ......    ......
Totals:     28        67       180
--------------------------------------------------------------------------------

=============================== PSINC grid sizes ===============================
                      Simulation cell:  105 x 105 x  99
                              FFT-box:  105 x 105 x  99
                                  PPD:    5 x   5 x   1
Grid space d1=  0.501068965054a0 (KE cutoff=  30.25582Eh = 823.30288eV)
Grid space d2=  0.503159963219a0 (KE cutoff=  30.00488Eh = 816.47424eV)
Grid space d3=  0.507095739121a0 (KE cutoff=  29.54092Eh = 803.84945eV)
================================================================================

********************* Fourier parallelisation information **********************
       Coarse grid (whole simulation cell) dimensions:    105   105    99
          Real-space ('12') slabs/proc (min max mean):     16    17    16
         Recip-space ('23') slabs/proc (min max mean):      8     9     8
********************************************************************************

********************* Fourier parallelisation information **********************
       Double grid (whole simulation cell) dimensions:    210   210   198
          Real-space ('12') slabs/proc (min max mean):     33    33    33
         Recip-space ('23') slabs/proc (min max mean):     17    18    17
********************************************************************************

********************* Fourier parallelisation information **********************
         Fine grid (whole simulation cell) dimensions:    420   420   396
          Real-space ('12') slabs/proc (min max mean):     66    66    66
         Recip-space ('23') slabs/proc (min max mean):     35    36    35
********************************************************************************

Atom SCF Calculation for C  : Z (AE atom) =   6 : Z (PS atom) =   4
Config String: 2s2.0 2p2.0
Orbitals (num,occ):  2     2.00 2.00
Orbitals   (num,l):  2        0    1
Real-space Grid (nr,dr,rmax): 1503    0.0066577896   10.0000000000
Spherical Bessel Basis (nsws,lmax,cutoff):   37    2  176.3967570603
Confining potential (l,width,scale):  0    3.0000000000  100.0000000000
Confining potential (l,width,scale):  1    3.0000000000  100.0000000000
  1         -5.4381308884   -1.2721298092    4.5135250045   -1.9381135692
  2         -5.3849331102   -1.3649505469    4.4159511708   -1.9005879768
  3         -5.3930021612   -1.3849430624    4.3947033354   -1.8924421815
  4         -5.4001802281   -1.3891927246    4.3902388137   -1.8907518289
  5         -5.4037205329   -1.3915457087    4.3877695258   -1.8898885469
  6         -5.4055416859   -1.3928069742    4.3864477540   -1.8894519912
  7         -5.4065002767   -1.3934742451    4.3857498837   -1.8892319620
  8         -5.4070074727   -1.3938267709    4.3853820092   -1.8891207968
  9         -5.4072763209   -1.3940130896    4.3851880206   -1.8890645345
 10         -5.4074189962   -1.3941116277    4.3850856600   -1.8890360408
 11         -5.4074947717   -1.3941637823    4.3850316039   -1.8890216105
 12         -5.4075350443   -1.3941914082    4.3850030336   -1.8890143059
 13         -5.4075564617   -1.3942060527    4.3849879208   -1.8890106114
 14         -5.4075678586   -1.3942138217    4.3849799198   -1.8890087446
 15         -5.4075739267   -1.3942179465    4.3849756804   -1.8890078024
 16         -5.4075771595   -1.3942201380    4.3849734321   -1.8890073276
 17         -5.4075788827   -1.3942213034    4.3849722389   -1.8890070886
 18         -5.4075798017   -1.3942219235    4.3849716050   -1.8890069685
 19         -5.4075802921   -1.3942222537    4.3849712680   -1.8890069082
 20         -5.4075805539   -1.3942224296    4.3849710888   -1.8890068781
 21         -5.4075806938   -1.3942225235    4.3849709933   -1.8890068630
 22         -5.4075807686   -1.3942225735    4.3849709424   -1.8890068555
Atom SCF converged after  22 iterations to a total energy of     -5.40758077

Atom SCF Calculation for Fe : Z (AE atom) =  26 : Z (PS atom) =  16
Config String: 3s2.0 3p6.0 3d6.0 4s2.0 4p0.0 INIT SPIN=1
Orbitals (num,occ):  5     2.00 6.00 6.00 2.00 0.00
Orbitals   (num,l):  5        0    1    2    0    1
Real-space Grid (nr,dr,rmax): 1503    0.0066577896   10.0000000000
Spherical Bessel Basis (nsws,lmax,cutoff):   37    4  176.3967570603
Confining potential (l,width,scale):  0    3.0000000000  100.0000000000
Confining potential (l,width,scale):  1    3.0000000000  100.0000000000
Confining potential (l,width,scale):  2    3.0000000000  100.0000000000
  1       -111.4005172118  -52.5575611559   72.2164000725   -4.0901868950
  2       -116.6635475262  -20.5601904919   91.7007084249   -2.2962490369
  3       -121.6156136875  -23.2753453277   92.4544705195   -2.7706732816
  4       -123.0066153699  -21.4164712440   94.7136519632   -2.9394413820
  5       -123.8168122141  -22.6370400734   94.1384349420   -3.0798102909
  6       -123.9055073486  -21.7222843370   94.9342614757   -3.0846520419
  7       -124.0956886241  -22.4138747628   94.4617720360   -3.1224050559
  8       -124.0492758687  -21.8887017510   94.8692044073   -3.1096545890
  9       -124.1222324005  -22.2877514631   94.5777385101   -3.1254730624
 10       -124.0894611846  -22.0431086758   94.7620026738   -3.1177312036
 11       -124.1066906466  -22.1417456915   94.6895757605   -3.1215019185
 12       -124.1027421480  -22.1090398813   94.7144439268   -3.1205307857
 13       -124.1039552528  -22.1131641559   94.7116547863   -3.1207645739
 14       -124.1041718268  -22.1127261003   94.7121170471   -3.1207931979
 15       -124.1043563153  -22.1126782042   94.7122440208   -3.1208211382
 16       -124.1044853288  -22.1126702816   94.7123114748   -3.1208409484
 17       -124.1045734258  -22.1126674103   94.7123551926   -3.1208545095
 18       -124.1046334193  -22.1126657134   94.7123845864   -3.1208637603
 19       -124.1046742816  -22.1126645462   94.7124045128   -3.1208700757
 20       -124.1047021281  -22.1126636961   94.7124180731   -3.1208743926
 21       -124.1047211147  -22.1126630559   94.7124273290   -3.1208773473
 22       -124.1047340666  -22.1126625637   94.7124336643   -3.1208793718
 23       -124.1047429056  -22.1126621807   94.7124380116   -3.1208807606
 24       -124.1047489402  -22.1126618812   94.7124410017   -3.1208817142
 25       -124.1047530616  -22.1126616468   94.7124430628   -3.1208823696
 26       -124.1047558771  -22.1126614637   94.7124444863   -3.1208828204
 27       -124.1047578011  -22.1126613212   94.7124454714   -3.1208831306
 28       -124.1047591161  -22.1126612109   94.7124461541   -3.1208833444
 29       -124.1047600152  -22.1126611259   94.7124466281   -3.1208834917
 30       -124.1047606300  -22.1126610607   94.7124469575   -3.1208835933
 31       -124.1047610504  -22.1126610110   94.7124471869   -3.1208836634
 32       -124.1047613380  -22.1126609733   94.7124473467   -3.1208837118
 33       -124.1047615347  -22.1126609447   94.7124474583   -3.1208837453
 34       -124.1047616693  -22.1126609232   94.7124475361   -3.1208837684
 35       -124.1047617614  -22.1126609071   94.7124475906   -3.1208837843
Atom SCF converged after  35 iterations to a total energy of   -124.10476176
Adjusting orbital occupancies:
Orbitals (num,spin,occ):  5  1     1.00 3.00 3.50 1.00 0.00
Orbitals   (num,spin,l):  5  1        0    1    2    0    1
Orbitals (num,spin,occ):  5  2     1.00 3.00 3.00 0.50 0.00
Orbitals   (num,spin,l):  5  2        0    1    2    0    1

Atom SCF Calculation for H  : Z (AE atom) =   1 : Z (PS atom) =   1
Config String: 1s1.0
Orbitals (num,occ):  1     1.00
Orbitals   (num,l):  1        0
Real-space Grid (nr,dr,rmax): 1503    0.0066577896   10.0000000000
Spherical Bessel Basis (nsws,lmax,cutoff):   37    2  176.3967570603
Confining potential (l,width,scale):  0    3.0000000000  100.0000000000
  1         -0.3348525927   -0.2401819449    0.2820953128   -0.2388448411
  2         -0.4038948821   -0.2405504229    0.2866889240   -0.2416217444
  3         -0.4360732773   -0.2390089543    0.2890729861   -0.2443653791
  4         -0.4497314704   -0.2383264046    0.2899315599   -0.2456060208
  5         -0.4551901081   -0.2381357631    0.2901452306   -0.2460489407
  6         -0.4573594294   -0.2381000300    0.2901742710   -0.2461947705
  7         -0.4582326910   -0.2381004501    0.2901659451   -0.2462415077
  8         -0.4585900702   -0.2381055523    0.2901559649   -0.2462564278
  9         -0.4587384807   -0.2381092319    0.2901497571   -0.2462612174
 10         -0.4588008132   -0.2381112609    0.2901465144   -0.2462627659
 11         -0.4588272086   -0.2381122698    0.2901449456   -0.2462632682
 12         -0.4588384507   -0.2381127465    0.2901442163   -0.2462634302
 13         -0.4588432580   -0.2381129655    0.2901438848   -0.2462634814
 14         -0.4588453195   -0.2381130645    0.2901437362   -0.2462634968
 15         -0.4588462053   -0.2381131088    0.2901436700   -0.2462635011
 16         -0.4588465865   -0.2381131284    0.2901436407   -0.2462635020
 17         -0.4588467508   -0.2381131372    0.2901436278   -0.2462635020
 18         -0.4588468216   -0.2381131410    0.2901436222   -0.2462635019
Atom SCF converged after  18 iterations to a total energy of     -0.45884682

Atom SCF Calculation for O  : Z (AE atom) =   8 : Z (PS atom) =   6
Config String: 2s2.0 2p4.0
Orbitals (num,occ):  2     2.00 4.00
Orbitals   (num,l):  2        0    1
Real-space Grid (nr,dr,rmax): 1503    0.0066577896   10.0000000000
Spherical Bessel Basis (nsws,lmax,cutoff):   37    2  176.3967570603
Confining potential (l,width,scale):  0    3.0000000000  100.0000000000
Confining potential (l,width,scale):  1    3.0000000000  100.0000000000
  1         -8.3209332552   -7.4828484739   10.1554312602   -2.1270270195
  2        -15.1405599232   -3.0474882742   13.6590820486   -2.5134754209
  3        -15.5174094640   -3.1101891961   13.6243211040   -2.6472956001
  4        -15.7606118231   -3.0805775314   13.6668776248   -2.7100307789
  5        -15.8308896490   -3.0881936416   13.6633910567   -2.7338682066
  6        -15.8678540393   -3.0862312957   13.6673103078   -2.7443897972
  7        -15.8801393942   -3.0873360689   13.6669183555   -2.7485230919
  8        -15.8859601688   -3.0872977830   13.6672813272   -2.7502957173
  9        -15.8880580832   -3.0874730763   13.6672320183   -2.7510066526
 10        -15.8889924584   -3.0874981416   13.6672623218   -2.7513066537
 11        -15.8893459980   -3.0875277929   13.6672548500   -2.7514284384
 12        -15.8894977936   -3.0875355600   13.6672566096   -2.7514793465
 13        -15.8895569380   -3.0875407304   13.6672553199   -2.7515001537
 14        -15.8895817884   -3.0875424467   13.6672552475   -2.7515088021
 15        -15.8895916441   -3.0875433561   13.6672550136   -2.7515123499
 16        -15.8895957327   -3.0875436929   13.6672549605   -2.7515138192
 17        -15.8895973717   -3.0875438525   13.6672549179   -2.7515144231
 18        -15.8895980466   -3.0875439149   13.6672549044   -2.7515146726
 19        -15.8895983189   -3.0875439428   13.6672548968   -2.7515147752
 20        -15.8895984306   -3.0875439540   13.6672548940   -2.7515148175
 21        -15.8895984758   -3.0875439588   13.6672548927   -2.7515148349
Atom SCF converged after  21 iterations to a total energy of    -15.88959848

BC: Task: SINGLEPOINT
BC: +++++++++++++++ Summary of boundary conditions ++++++++++++++
BC: |       Component       |     Keyword     |   Periodicity   |
BC: |                       |                 |     X  Y  Z [1] |
BC: |-----------------------------------------------------------|
BC: | Ion-ion               | ion_ion_bc [2]  |     P  P  P     |
BC: | Local pseudopotential | pspot_bc [3]    |     P  P  P     |
BC: +++++++++++++++++++++++++++++++++++++++++++++++++++++++++++++
BC: P: Periodic, O: Open.
BC: [1] Not strictly along X, Y, Z but rather along lattice vectors A1, A2, A3.
BC: [2] Also affected by: pbc_correction_cutoff, cutoff_coulomb_type,
BC:     is_smeared_ion_rep, is_implicit_solvent, openbc_ion_ion.
BC: [3] Also affected by: is_smeared_ion_rep, is_implicit_solvent, openbc_pspot.

Determining parallel strategy ...
... using space-filling curve
... NGWF load balancing: max     13;  min     10;  average     11
... Projector load balancing: max     38;  min     18;  average     30
... done
Calculating Ewald energy ...
              Ewald: real-space energy =          276.960350
        Ewald: reciprocal-space energy =           43.844418
         Ewald: (sum_charge)**2 energy =           18.336174
         Ewald: (sum_charge**2) energy =           16.058998
                          Ewald energy =          286.409595
Basis initialisation ...
... NGWF spheres initialised
... Projector spheres initialised
... NGWF tight boxes initialised
... Projector tight boxes initialised
... Tight-boxes gathered
... NGWF basis size (local,global):        186743       968481
... PAW projector initialisation
... done

============================= Charge Augmentation ==============================
                           Aug box size:   35 x  35 x  35
================================================================================

========================== Sparse matrix information ===========================
                        Overlap matrix filling: 100.00%
                        Density kernel filling: 100.00% (known to be dense)
              NGWF-Proj overlap matrix filling:  74.25%
                    Aug Overlap matrix filling: 100.00%
                    Hamiltonian matrix filling: 100.00%
                  NGWF diagonal matrix filling:   7.37%
                             KS matrix filling: 100.00% 
                           KSKS matrix filling: 100.00% 
================================================================================

Sparse matrix initialisation ...
 done
NGWF initialisation ... done
============ Calculation of NGWF S^-1 using Hotelling algorithm ================ 
     Iteration  |  Spin  |  Frobenius norm and Maximum abs value (of I-S*S_n^-1)
         1           1      0.78237714E+01     0.97138740E+00
         1           2      0.78237714E+01     0.97138740E+00
         2           1      0.75445819E+01     0.94361279E+00
         2           2      0.75445819E+01     0.94361279E+00
         3           1      0.71300547E+01     0.89047345E+00
         3           2      0.71300547E+01     0.89047345E+00
         4           1      0.65810157E+01     0.79316234E+00
         4           2      0.65810157E+01     0.79316234E+00
         5           1      0.59241827E+01     0.69695021E+00
         5           2      0.59241827E+01     0.69695021E+00
         6           1      0.52350596E+01     0.66657575E+00
         6           2      0.52350596E+01     0.66657575E+00
         7           1      0.46179754E+01     0.63361237E+00
         7           2      0.46179754E+01     0.63361237E+00
         8           1      0.40004052E+01     0.58017559E+00
         8           2      0.40004052E+01     0.58017559E+00
         9           1      0.31756445E+01     0.49122501E+00
         9           2      0.31756445E+01     0.49122501E+00
        10           1      0.21114630E+01     0.35486372E+00
        10           2      0.21114630E+01     0.35486372E+00
        11           1      0.10126760E+01     0.18851743E+00
        11           2      0.10126760E+01     0.18851743E+00
        12           1      0.27367242E+00     0.56174159E-01
        12           2      0.27367242E+00     0.56174159E-01
        13           1      0.28343898E-01     0.58404965E-02
        13           2      0.28343898E-01     0.58404965E-02
        14           1      0.43036739E-03     0.83516525E-04
        14           2      0.43036739E-03     0.83516525E-04
        15           1      0.11231779E-06     0.22229683E-07
        15           2      0.11231779E-06     0.22229683E-07
        16           1      0.10798437E-13     0.28865799E-14
        16           2      0.10798437E-13     0.28865799E-14
================================================================================
Calculating core density ...
================================= Core Density =================================
               Core den box size:   39 x  39 x  39
================================================================================
 ... done
Density renormalisation, spin  1 ...
Target Charge:    37.000000000000 ; Input Charge:    38.500453174437
Density renormalisation, spin  2 ...
Target Charge:    36.000000000000 ; Input Charge:    37.500445259823
Density kernel initialisation
 
======= Optimisation of K by Palser-Manolopoulos canonical purification ======== 
         Iteration  |  Band structure energy |    c_n   
               1         -34.61679084257742    0.5390511
               2         -35.76202321076950    0.5326438
               3         -37.08893538245102    0.5239397
               4         -38.56077874380127    0.5153488
               5         -40.22690959406543    0.5087846
               6         -42.03644896147775    0.5121829
               7         -43.66000369896223    0.5463109
               8         -44.67306341494385    0.6257744
               9         -45.08786728127286    0.7201288
              10         -45.23668760669345    0.8081839
              11         -45.28325619188251    0.8550333
              12         -45.29608690710840    0.8599364
              13         -45.30302733951048    0.8512241
              14         -45.31006753833531    0.8394749
              15         -45.31758141145394    0.8244660
              16         -45.32563783866844    0.8049721
              17         -45.33428728553961    0.7792198
              18         -45.34353372469112    0.7445835
              19         -45.35327885152988    0.6970226
              20         -45.36321749286756    0.6300051
              21         -45.37264426892023    0.5333066
              22         -45.38008631815620    0.4036474
              23         -45.38191665543789    0.3646994
              24         -45.38218751793946    0.3832167
              25         -45.38248291443546    0.4126485
              26         -45.38281625123956    0.4495480
              27         -45.38313395574899    0.4827287
              28         -45.38334930895814    0.4979947
              29         -45.38342248061586    0.4999745
              30         -45.38342904586117    0.5000000
              31         -45.38342909394279    0.4999890
              32         -45.38342909394535    0.4999890
Termination criterion satisfied: band energy change below threshold.
Final occupancy bounds: [    0.00000000000000:    1.00000000000000]
Closest occupancy to 0.5:     1.00000000000000
================================================================================
 
======= Optimisation of K by Palser-Manolopoulos canonical purification ======== 
         Iteration  |  Band structure energy |    c_n   
               1         -33.80532518198611    0.5242968
               2         -35.03451236133003    0.5177088
               3         -36.45630913441119    0.5089322
               4         -38.01518460110194    0.5015183
               5         -39.76042439204019    0.4985227
               6         -41.57793336382326    0.5113372
               7         -43.08556295845956    0.5635956
               8         -43.90087408184081    0.6573574
               9         -44.19403872372234    0.7466886
              10         -44.28742631385974    0.7997092
              11         -44.31378815905873    0.8060386
              12         -44.32669533399535    0.7945029
              13         -44.33899247508572    0.7787295
              14         -44.35164099162427    0.7588567
              15         -44.36472426546152    0.7335439
              16         -44.37827098050635    0.7011995
              17         -44.39217491185467    0.6604278
              18         -44.40599526620035    0.6114935
              19         -44.41860880453872    0.5594940
              20         -44.42804942219539    0.5172189
              21         -44.43278671901463    0.4989216
              22         -44.43408349247641    0.4994268
              23         -44.43428106623104    0.4999969
              24         -44.43428919990019    0.5000000
              25         -44.43428921361713    0.4967910
              26         -44.43428921361716    0.4967910
Termination criterion satisfied: band energy change below threshold.
Final occupancy bounds: [    0.00000000000000:    1.00000000000000]
Closest occupancy to 0.5:     1.00000000000000
================================================================================

Writing density kernel to file "Fe_EtOH_3_LowSpin_NGWFSP.dkn" ... done

>>> Optimising kernel for current NGWFs:
   Initial electron number for spin 1:      37.00000000
   Initial electron number for spin 2:      36.00000000
     Final electron number for spin 1:      37.00000000
     Final electron number for spin 2:      36.00000000

=================== Penalty functional idempotency correction ==================
 RMS occupancy error at iteration   1:  0.000000 (step -0.5000 Ne1=     37.0000)
                                                               Ne2=     36.0000
            Final RMS occupancy error   :  0.000000 (Ne1=     37.0000)
                                                     Ne2=     36.0000
            Final occupancy bounds spin 1: [  0.000,  1.000]
            Final occupancy bounds spin 2: [  0.000,  1.000]
================================================================================

................................................................................
<<<<<<<<<<<<<< LNV (Original version) density kernel optimisation >>>>>>>>>>>>>>
~~~~~~~~~~~~~~~~~~~~~~~~~~~~~~~~~~~~~~~~~~~~~~~~~~~~~~~~~~~~~~~~~~~~~~~~~~~~~~~~
   iter  |      energy (Eh)       | rms gradient |  commutator  |   dE (Eh)
      ideal mu1:      -0.079897254164
      ideal mu2:      -0.066284880387
             Q0:        -208.895133599938
             G0:     -14.078097417351
   RMS gradient:       0.079197628672
    Initial Ne1:      37.00000000
    Initial Ne2:      36.00000000
      Final Ne1:      37.00000000
      Final Ne2:      36.00000000

=================== Penalty functional idempotency correction ==================
 RMS occupancy error at iteration   1:  0.003764 (step -0.4869 Ne1=     37.0000)
                                                               Ne2=     36.0000
 RMS occupancy error at iteration   2:  0.000042 (step -0.5002 Ne1=     37.0000)
                                                               Ne2=     36.0000
            Final RMS occupancy error   :  0.000000 (Ne1=     37.0000)
                                                     Ne2=     36.0000
            Final occupancy bounds spin 1: [  0.000,  1.000]
            Final occupancy bounds spin 2: [  0.000,  1.000]
================================================================================

    1        -2.088951335999E+02     7.9198E-02     5.1470E-02
      ideal mu1:      -0.214259864410
      ideal mu2:      -0.207103043580
             Q0:        -210.238868724606
             G0:     -24.169060896624
   RMS gradient:       0.075309451532
    Initial Ne1:      36.99999984
    Initial Ne2:      35.99999969
      Final Ne1:      37.00000000
      Final Ne2:      36.00000000

=================== Penalty functional idempotency correction ==================
 RMS occupancy error at iteration   1:  0.020700 (step -0.4269 Ne1=     37.0000)
                                                               Ne2=     36.0000
 RMS occupancy error at iteration   2:  0.001345 (step -0.5037 Ne1=     37.0000)
                                                               Ne2=     36.0000
 RMS occupancy error at iteration   3:  0.000018 (step -0.5001 Ne1=     37.0000)
                                                               Ne2=     36.0000
            Final RMS occupancy error   :  0.000000 (Ne1=     37.0000)
                                                     Ne2=     36.0000
            Final occupancy bounds spin 1: [ -0.000,  1.000]
            Final occupancy bounds spin 2: [ -0.000,  1.000]
================================================================================

    2        -2.102388687246E+02     7.5309E-02     4.8994E-02    -1.3437E+00
      ideal mu1:      -0.484191977008
      ideal mu2:      -0.489134218426
             Q0:        -212.230652052618
             G0:     -21.868342362950
   RMS gradient:       0.066409913663
    Initial Ne1:      36.99999990
    Initial Ne2:      35.99999976
      Final Ne1:      37.00000000
      Final Ne2:      36.00000000

=================== Penalty functional idempotency correction ==================
 RMS occupancy error at iteration   1:  0.046694 (step -0.3487 Ne1=     37.0000)
                                                               Ne2=     36.0000
 RMS occupancy error at iteration   2:  0.005621 (step -0.5056 Ne1=     37.0000)
                                                               Ne2=     36.0000
 RMS occupancy error at iteration   3:  0.000293 (step -0.5022 Ne1=     37.0000)
                                                               Ne2=     36.0000
            Final RMS occupancy error   :  0.000001 (Ne1=     37.0000)
                                                     Ne2=     36.0000
            Final occupancy bounds spin 1: [ -0.000,  1.000]
            Final occupancy bounds spin 2: [ -0.000,  1.000]
================================================================================

    3        -2.122306520526E+02     6.6410E-02     4.3249E-02    -1.9918E+00
      ideal mu1:      -0.789999368711
      ideal mu2:      -0.801515876028
             Q0:        -213.495671595863
             G0:      -9.871499326387
   RMS gradient:       0.053922787095
    Initial Ne1:      37.00001079
    Initial Ne2:      36.00000435
      Final Ne1:      37.00000000
      Final Ne2:      36.00000000

=================== Penalty functional idempotency correction ==================
 RMS occupancy error at iteration   1:  0.053076 (step -0.3298 Ne1=     37.0000)
                                                               Ne2=     36.0000
 RMS occupancy error at iteration   2:  0.006381 (step -0.5005 Ne1=     37.0000)
                                                               Ne2=     36.0000
 RMS occupancy error at iteration   3:  0.000340 (step -0.5027 Ne1=     37.0000)
                                                               Ne2=     36.0000
            Final RMS occupancy error   :  0.000001 (Ne1=     37.0000)
                                                     Ne2=     36.0000
            Final occupancy bounds spin 1: [ -0.000,  1.000]
            Final occupancy bounds spin 2: [ -0.000,  1.000]
================================================================================

    4        -2.134956715959E+02     5.3923E-02     3.5064E-02    -1.2650E+00
      ideal mu1:      -0.984469602218
      ideal mu2:      -0.994748632411
    5        -2.139615778700E+02     5.2443E-02     3.4057E-02    -4.6591E-01
Finished density kernel iterations (   5)

Writing density kernel to file "Fe_EtOH_3_LowSpin_NGWFSP.dkn" ... done


>>> Density kernel optimised for the current NGWF basis:
     ~~~~~~~~~~~~~~~~~~~~~~~~~~~~~~~~~~~~~~~~~~~~~~~~~~~~~~~~~~~
     Total energy                =  -2.13961577869975E+02  Eh
     Estimated bandgap (UP spin) =  -3.3367E-01  Eh
     Estimated bandgap (DN spin) =  -3.2804E-01  Eh
     RMS occupancy error         =   8.8123E-07
     [H,K] commutator            =   3.4057E-02
     UP spin occupancy bounds    = [ -0.000:  1.000]
     DN spin occupancy bounds    = [ -0.000:  1.000]
     ~~~~~~~~~~~~~~~~~~~~~~~~~~~~~~~~~~~~~~~~~~~~~~~~~~~~~~~~~~~




################################################################################
########################### NGWF CG iteration  001 #############################
################################################################################
****** Reciprocal space K.E. preconditioning with k_zero =  3.0000 a0^-1 *******

>>> Checking for convergence of NGWFs:   NOT CONVERGED
  ========================================================================
         NGWF RMS gradient =  1.2079E-03 >  2.0000E-06  | above tolerance
  ========================================================================

>>> Improving NGWFs using line search:
============ Calculation of NGWF S^-1 using Hotelling algorithm ================ 
     Iteration  |  Spin  |  Frobenius norm and Maximum abs value (of I-S*S_n^-1)
         1           1      0.73047166E-01     0.20035686E-01
         1           2      0.74682905E-01     0.20654889E-01
         2           1      0.85397950E-03     0.29323420E-03
         2           2      0.88200852E-03     0.30742449E-03
         3           1      0.22774974E-06     0.85247746E-07
         3           2      0.23890649E-06     0.91494951E-07
         4           1      0.19636302E-13     0.68833828E-14
         4           2      0.20411417E-13     0.82156504E-14
================================================================================
============ Calculation of NGWF S^-1 using Hotelling algorithm ================ 
     Iteration  |  Spin  |  Frobenius norm and Maximum abs value (of I-S*S_n^-1)
         1           1      0.65519145E+00     0.17161228E+00
         1           2      0.66953651E+00     0.17699039E+00
         2           1      0.68804421E-01     0.23252616E-01
         2           2      0.71044639E-01     0.23984607E-01
         3           1      0.15162450E-02     0.58510726E-03
         3           2      0.15885259E-02     0.61674866E-03
         4           1      0.96936541E-06     0.39624313E-06
         4           2      0.10255696E-05     0.43152764E-06
         5           1      0.56090512E-12     0.21238566E-12
         5           2      0.58048141E-12     0.23969715E-12
================================================================================
------------------------------- NGWF line search -------------------------------
RMS gradient                =       0.00120786594574
Trial step length           =               0.122474
Gradient along search dir.  =         -3.20263476389
Functional at step 0        =    -213.96157786997514
Functional at step 1        =    -214.33407333580220
Functional predicted        =    -215.90952023705825
Selected quadratic step     =               1.216462
Conjugate gradients coeff.  =               0.000000
--------------------------- NGWF line search finished --------------------------
                                               
Writing NGWFs to file "Fe_EtOH_3_LowSpin_NGWFSP.tightbox_ngwfs".... done

>>> Optimising kernel for current NGWFs:
   Initial electron number for spin 1:      37.42976762
   Initial electron number for spin 2:      36.42608438
     Final electron number for spin 1:      37.00000000
     Final electron number for spin 2:      36.00000000

=================== Penalty functional idempotency correction ==================
 RMS occupancy error at iteration   1:  0.008553 (step -0.4820 Ne1=     37.0000)
                                                               Ne2=     36.0000
 RMS occupancy error at iteration   2:  0.000147 (step -0.5003 Ne1=     37.0000)
                                                               Ne2=     36.0000
            Final RMS occupancy error   :  0.000000 (Ne1=     37.0000)
                                                     Ne2=     36.0000
            Final occupancy bounds spin 1: [  0.000,  1.000]
            Final occupancy bounds spin 2: [  0.000,  1.000]
================================================================================

................................................................................
<<<<<<<<<<<<<< LNV (Original version) density kernel optimisation >>>>>>>>>>>>>>
~~~~~~~~~~~~~~~~~~~~~~~~~~~~~~~~~~~~~~~~~~~~~~~~~~~~~~~~~~~~~~~~~~~~~~~~~~~~~~~~
   iter  |      energy (Eh)       | rms gradient |  commutator  |   dE (Eh)
      ideal mu1:      -0.904500004113
      ideal mu2:      -0.914041928278
             Q0:        -215.857278491840
             G0:      -0.977157263102
   RMS gradient:       0.020865194015
     Trial step:       0.500000000000
             Q1:        -216.090459187340
 Quadratic coef:       0.255397936051
 Linear coef   :      -0.488578631551
           Qmin:        -216.090942360565
Quadratic minimum step length (  0.478252329586) accepted
    Initial Ne1:      36.99999512
    Initial Ne2:      35.99999468
      Final Ne1:      37.00000000
      Final Ne2:      36.00000000

=================== Penalty functional idempotency correction ==================
 RMS occupancy error at iteration   1:  0.007470 (step -0.4692 Ne1=     37.0000)
                                                               Ne2=     36.0000
 RMS occupancy error at iteration   2:  0.000122 (step -0.4998 Ne1=     37.0000)
                                                               Ne2=     36.0000
            Final RMS occupancy error   :  0.000000 (Ne1=     37.0000)
                                                     Ne2=     36.0000
            Final occupancy bounds spin 1: [  0.000,  1.000]
            Final occupancy bounds spin 2: [  0.000,  1.000]
================================================================================

    1        -2.158572784918E+02     2.0865E-02     1.3555E-02
      ideal mu1:      -0.938470550325
      ideal mu2:      -0.946727479119
             Q0:        -216.102923147332
             G0:      -1.310612240945
   RMS gradient:       0.023492211696
     Trial step:       0.489005280946
             Q1:        -216.158474437466
 Quadratic coef:       0.585345016960
 Linear coef   :      -0.640896307094
           Qmin:        -216.278353049589
Quadratic minimum step length (  0.267706796528) accepted
    Initial Ne1:      36.99999576
    Initial Ne2:      35.99999335
      Final Ne1:      37.00000000
      Final Ne2:      36.00000000

=================== Penalty functional idempotency correction ==================
 RMS occupancy error at iteration   1:  0.017039 (step -0.4346 Ne1=     37.0000)
                                                               Ne2=     36.0000
 RMS occupancy error at iteration   2:  0.000664 (step -0.4996 Ne1=     37.0000)
                                                               Ne2=     36.0000
 RMS occupancy error at iteration   3:  0.000003 (step -0.5000 Ne1=     37.0000)
                                                               Ne2=     36.0000
            Final RMS occupancy error   :  0.000000 (Ne1=     37.0000)
                                                     Ne2=     36.0000
            Final occupancy bounds spin 1: [  0.000,  1.000]
            Final occupancy bounds spin 2: [  0.000,  1.000]
================================================================================

    2        -2.161029231473E+02     2.3492E-02     1.5251E-02    -2.4564E-01
      ideal mu1:      -0.954332396296
      ideal mu2:      -0.961920082671
             Q0:        -216.328200830022
             G0:      -0.385719478253
   RMS gradient:       0.011266447656
     Trial step:       0.361814921261
             Q1:        -216.387489876483
 Quadratic coef:       0.080270016191
 Linear coef   :      -0.139559062653
           Qmin:        -216.388860877486
Quadratic minimum step length (  0.314529345209) accepted
    Initial Ne1:      36.99999885
    Initial Ne2:      35.99999820
      Final Ne1:      37.00000000
      Final Ne2:      36.00000000

=================== Penalty functional idempotency correction ==================
 RMS occupancy error at iteration   1:  0.008034 (step -0.4665 Ne1=     37.0000)
                                                               Ne2=     36.0000
 RMS occupancy error at iteration   2:  0.000164 (step -0.4999 Ne1=     37.0000)
                                                               Ne2=     36.0000
 RMS occupancy error at iteration   3:  0.000000 (step -0.5000 Ne1=     37.0000)
                                                               Ne2=     36.0000
            Final RMS occupancy error   :  0.000000 (Ne1=     37.0000)
                                                     Ne2=     36.0000
            Final occupancy bounds spin 1: [  0.000,  1.000]
            Final occupancy bounds spin 2: [  0.000,  1.000]
================================================================================

    3        -2.163282008300E+02     1.1266E-02     7.3180E-03    -2.2528E-01
      ideal mu1:      -0.968657016616
      ideal mu2:      -0.975731242669
             Q0:        -216.396545563117
             G0:      -0.296400130340
   RMS gradient:       0.010453707289
     Trial step:       0.337344646128
             Q1:        -216.440323061309
 Quadratic coef:       0.056211498890
 Linear coef   :      -0.099988997082
           Qmin:        -216.441010662495
Quadratic minimum step length (  0.300034276825) accepted
    Initial Ne1:      36.99999906
    Initial Ne2:      35.99999852
      Final Ne1:      37.00000000
      Final Ne2:      36.00000000

=================== Penalty functional idempotency correction ==================
 RMS occupancy error at iteration   1:  0.010495 (step -0.4569 Ne1=     37.0000)
                                                               Ne2=     36.0000
 RMS occupancy error at iteration   2:  0.000272 (step -0.4998 Ne1=     37.0000)
                                                               Ne2=     36.0000
 RMS occupancy error at iteration   3:  0.000000 (step -0.5000 Ne1=     37.0000)
                                                               Ne2=     36.0000
            Final RMS occupancy error   :  0.000000 (Ne1=     37.0000)
                                                     Ne2=     36.0000
            Final occupancy bounds spin 1: [  0.000,  1.000]
            Final occupancy bounds spin 2: [  0.000,  1.000]
================================================================================

    4        -2.163965455631E+02     1.0454E-02     6.7907E-03    -6.8345E-02
      ideal mu1:      -0.981432813820
      ideal mu2:      -0.987823365507
    5        -2.164513872010E+02     7.2017E-03     4.6798E-03    -5.4842E-02
Finished density kernel iterations (   5)

Writing density kernel to file "Fe_EtOH_3_LowSpin_NGWFSP.dkn" ... done


>>> Density kernel optimised for the current NGWF basis:
     ~~~~~~~~~~~~~~~~~~~~~~~~~~~~~~~~~~~~~~~~~~~~~~~~~~~~~~~~~~~
     Total energy                =  -2.16451387201008E+02  Eh
     Estimated bandgap (UP spin) =  -4.0021E-02  Eh
     Estimated bandgap (DN spin) =  -3.5955E-02  Eh
     RMS occupancy error         =   2.8812E-12
     [H,K] commutator            =   4.6798E-03
     UP spin occupancy bounds    = [  0.000:  1.000]
     DN spin occupancy bounds    = [  0.000:  1.000]
     ~~~~~~~~~~~~~~~~~~~~~~~~~~~~~~~~~~~~~~~~~~~~~~~~~~~~~~~~~~~




################################################################################
########################### NGWF CG iteration  002 #############################
################################################################################
****** Reciprocal space K.E. preconditioning with k_zero =  3.0000 a0^-1 *******

>>> Checking for convergence of NGWFs:   NOT CONVERGED
  ========================================================================
         NGWF RMS gradient =  5.5275E-04 >  2.0000E-06  | above tolerance
  ========================================================================

>>> Improving NGWFs using line search:
============ Calculation of NGWF S^-1 using Hotelling algorithm ================ 
     Iteration  |  Spin  |  Frobenius norm and Maximum abs value (of I-S*S_n^-1)
         1           1      0.75058771E-01     0.17301764E-01
         1           2      0.77023585E-01     0.18188536E-01
         2           1      0.81823100E-03     0.26375306E-03
         2           2      0.85639847E-03     0.28145410E-03
         3           1      0.20577939E-06     0.71271143E-07
         3           2      0.21874347E-06     0.78330728E-07
         4           1      0.20705268E-13     0.61062266E-14
         4           2      0.21064795E-13     0.62172489E-14
================================================================================
============ Calculation of NGWF S^-1 using Hotelling algorithm ================ 
     Iteration  |  Spin  |  Frobenius norm and Maximum abs value (of I-S*S_n^-1)
         1           1      0.99305817E-01     0.21985494E-01
         1           2      0.10173980E+00     0.23098888E-01
         2           1      0.14150606E-02     0.43173346E-03
         2           2      0.14749593E-02     0.46092576E-03
         3           1      0.58431643E-06     0.19126808E-06
         3           2      0.61724765E-06     0.21024592E-06
         4           1      0.14686903E-12     0.44408921E-13
         4           2      0.15496535E-12     0.49404925E-13
================================================================================
------------------------------- NGWF line search -------------------------------
RMS gradient                =       0.00055274661107
Trial step length           =               0.385987
Gradient along search dir.  =         -0.61861478298
Functional at step 0        =    -216.45138720100806
Functional at step 1        =    -216.63785491231801
Functional predicted        =    -216.72387450939078
Selected quadratic step     =               0.880960
Conjugate gradients coeff.  =               0.209418
--------------------------- NGWF line search finished --------------------------
                                               
Writing NGWFs to file "Fe_EtOH_3_LowSpin_NGWFSP.tightbox_ngwfs".... done

>>> Optimising kernel for current NGWFs:
   Initial electron number for spin 1:      37.28982506
   Initial electron number for spin 2:      36.29455794
     Final electron number for spin 1:      37.00000000
     Final electron number for spin 2:      36.00000000

=================== Penalty functional idempotency correction ==================
 RMS occupancy error at iteration   1:  0.005242 (step -0.4897 Ne1=     37.0000)
                                                               Ne2=     36.0000
 RMS occupancy error at iteration   2:  0.000056 (step -0.5001 Ne1=     37.0000)
                                                               Ne2=     36.0000
            Final RMS occupancy error   :  0.000000 (Ne1=     37.0000)
                                                     Ne2=     36.0000
            Final occupancy bounds spin 1: [  0.000,  1.000]
            Final occupancy bounds spin 2: [  0.000,  1.000]
================================================================================

................................................................................
<<<<<<<<<<<<<< LNV (Original version) density kernel optimisation >>>>>>>>>>>>>>
~~~~~~~~~~~~~~~~~~~~~~~~~~~~~~~~~~~~~~~~~~~~~~~~~~~~~~~~~~~~~~~~~~~~~~~~~~~~~~~~
   iter  |      energy (Eh)       | rms gradient |  commutator  |   dE (Eh)
      ideal mu1:      -0.953465615094
      ideal mu2:      -0.960965230185
             Q0:        -216.726017867265
             G0:      -0.190259136569
   RMS gradient:       0.009206890031
     Trial step:       0.318142981915
             Q1:        -216.743912969983
 Quadratic coef:       0.042634506327
 Linear coef   :      -0.060529609045
           Qmin:        -216.747501835808
Quadratic minimum step length (  0.225839020723) accepted
    Initial Ne1:      36.99999944
    Initial Ne2:      35.99999940
      Final Ne1:      37.00000000
      Final Ne2:      36.00000000

=================== Penalty functional idempotency correction ==================
 RMS occupancy error at iteration   1:  0.000323 (step -0.4987 Ne1=     37.0000)
                                                               Ne2=     36.0000
 RMS occupancy error at iteration   2:  0.000000 (step -0.5000 Ne1=     37.0000)
                                                               Ne2=     36.0000
            Final RMS occupancy error   :  0.000000 (Ne1=     37.0000)
                                                     Ne2=     36.0000
            Final occupancy bounds spin 1: [  0.000,  1.000]
            Final occupancy bounds spin 2: [  0.000,  1.000]
================================================================================

    1        -2.167260178673E+02     9.2069E-03     5.9843E-03
      ideal mu1:      -0.965834135184
      ideal mu2:      -0.972284554230
             Q0:        -216.747701882604
             G0:      -0.049717013014
   RMS gradient:       0.004701160781
     Trial step:       0.268046823308
             Q1:        -216.757861343040
 Quadratic coef:       0.003167026967
 Linear coef   :      -0.013326487403
           Qmin:        -216.761720966461
Quadratic minimum step length (  0.563955193895) accepted
    Initial Ne1:      36.99999964
    Initial Ne2:      35.99999961
      Final Ne1:      37.00000000
      Final Ne2:      36.00000000

=================== Penalty functional idempotency correction ==================
 RMS occupancy error at iteration   1:  0.001135 (step -0.4930 Ne1=     37.0000)
                                                               Ne2=     36.0000
 RMS occupancy error at iteration   2:  0.000008 (step -0.5000 Ne1=     37.0000)
                                                               Ne2=     36.0000
            Final RMS occupancy error   :  0.000000 (Ne1=     37.0000)
                                                     Ne2=     36.0000
            Final occupancy bounds spin 1: [  0.000,  1.000]
            Final occupancy bounds spin 2: [  0.000,  1.000]
================================================================================

    2        -2.167477018826E+02     4.7012E-03     3.0572E-03    -2.1684E-02
      ideal mu1:      -0.970160081105
      ideal mu2:      -0.976176372618
             Q0:        -216.761845599396
             G0:      -0.078840954028
   RMS gradient:       0.005889468984
     Trial step:       0.388801232266
             Q1:        -216.781554728725
 Quadratic coef:       0.010944330750
 Linear coef   :      -0.030653460079
           Qmin:        -216.783309557227
Quadratic minimum step length (  0.544487521641) accepted
    Initial Ne1:      36.99999945
    Initial Ne2:      35.99999937
      Final Ne1:      37.00000000
      Final Ne2:      36.00000000

=================== Penalty functional idempotency correction ==================
 RMS occupancy error at iteration   1:  0.006112 (step -0.4569 Ne1=     37.0000)
                                                               Ne2=     36.0000
 RMS occupancy error at iteration   2:  0.000239 (step -0.4999 Ne1=     37.0000)
                                                               Ne2=     36.0000
 RMS occupancy error at iteration   3:  0.000001 (step -0.5000 Ne1=     37.0000)
                                                               Ne2=     36.0000
            Final RMS occupancy error   :  0.000000 (Ne1=     37.0000)
                                                     Ne2=     36.0000
            Final occupancy bounds spin 1: [  0.000,  1.000]
            Final occupancy bounds spin 2: [  0.000,  1.000]
================================================================================

    3        -2.167618455994E+02     5.8895E-03     3.8251E-03    -1.4144E-02
      ideal mu1:      -0.973815151044
      ideal mu2:      -0.979827913363
             Q0:        -216.784736445003
             G0:      -0.037390767312
   RMS gradient:       0.003909310953
     Trial step:       0.460105878432
             Q1:        -216.792926649494
 Quadratic coef:       0.009013507348
 Linear coef   :      -0.017203711839
           Qmin:        -216.792945449822
Quadratic minimum step length (  0.439092610810) accepted
    Initial Ne1:      36.99999980
    Initial Ne2:      35.99999978
      Final Ne1:      37.00000000
      Final Ne2:      36.00000000

=================== Penalty functional idempotency correction ==================
 RMS occupancy error at iteration   1:  0.003985 (step -0.4699 Ne1=     37.0000)
                                                               Ne2=     36.0000
 RMS occupancy error at iteration   2:  0.000105 (step -0.4999 Ne1=     37.0000)
                                                               Ne2=     36.0000
            Final RMS occupancy error   :  0.000000 (Ne1=     37.0000)
                                                     Ne2=     36.0000
            Final occupancy bounds spin 1: [  0.000,  1.000]
            Final occupancy bounds spin 2: [  0.000,  1.000]
================================================================================

    4        -2.167847364450E+02     3.9093E-03     2.5403E-03    -2.2891E-02
      ideal mu1:      -0.977640786915
      ideal mu2:      -0.983513233515
    5        -2.167934036412E+02     3.1089E-03     2.0223E-03    -8.6672E-03
Finished density kernel iterations (   5)

Writing density kernel to file "Fe_EtOH_3_LowSpin_NGWFSP.dkn" ... done


>>> Density kernel optimised for the current NGWF basis:
     ~~~~~~~~~~~~~~~~~~~~~~~~~~~~~~~~~~~~~~~~~~~~~~~~~~~~~~~~~~~
     Total energy                =  -2.16793403641165E+02  Eh
     Estimated bandgap (UP spin) =  -9.9522E-03  Eh
     Estimated bandgap (DN spin) =  -3.6863E-03  Eh
     RMS occupancy error         =   9.7355E-08
     [H,K] commutator            =   2.0223E-03
     UP spin occupancy bounds    = [  0.000:  1.000]
     DN spin occupancy bounds    = [  0.000:  1.000]
     ~~~~~~~~~~~~~~~~~~~~~~~~~~~~~~~~~~~~~~~~~~~~~~~~~~~~~~~~~~~




################################################################################
########################### NGWF CG iteration  003 #############################
################################################################################
****** Reciprocal space K.E. preconditioning with k_zero =  3.0000 a0^-1 *******

>>> Checking for convergence of NGWFs:   NOT CONVERGED
  ========================================================================
         NGWF RMS gradient =  2.4777E-04 >  2.0000E-06  | above tolerance
  ========================================================================

>>> Improving NGWFs using line search:
============ Calculation of NGWF S^-1 using Hotelling algorithm ================ 
     Iteration  |  Spin  |  Frobenius norm and Maximum abs value (of I-S*S_n^-1)
         1           1      0.41765393E-01     0.71564700E-02
         1           2      0.43548387E-01     0.73772956E-02
         2           1      0.22066292E-03     0.52209359E-04
         2           2      0.24528516E-03     0.60020475E-04
         3           1      0.12418479E-07     0.36749461E-08
         3           2      0.15231419E-07     0.46469713E-08
         4           1      0.69009043E-14     0.15543122E-14
         4           2      0.65474291E-14     0.15543122E-14
================================================================================
============ Calculation of NGWF S^-1 using Hotelling algorithm ================ 
     Iteration  |  Spin  |  Frobenius norm and Maximum abs value (of I-S*S_n^-1)
         1           1      0.16073077E-01     0.27817407E-02
         1           2      0.16710536E-01     0.28619287E-02
         2           1      0.32935659E-04     0.73079373E-05
         2           2      0.36095040E-04     0.83906716E-05
         3           1      0.26911725E-09     0.73444584E-10
         3           2      0.31607894E-09     0.91636476E-10
         4           1      0.68421425E-14     0.17763568E-14
         4           2      0.61203940E-14     0.14432899E-14
================================================================================
------------------------------- NGWF line search -------------------------------
RMS gradient                =       0.00024776646249
Trial step length           =               0.583128
Gradient along search dir.  =         -0.14184948513
Functional at step 0        =    -216.79340364116507
Functional at step 1        =    -216.84589596804648
Functional predicted        =    -216.84999760507498
Selected quadratic step     =               0.797944
Conjugate gradients coeff.  =               0.200924
--------------------------- NGWF line search finished --------------------------
                                               
Writing NGWFs to file "Fe_EtOH_3_LowSpin_NGWFSP.tightbox_ngwfs".... done

>>> Optimising kernel for current NGWFs:
   Initial electron number for spin 1:      37.08595856
   Initial electron number for spin 2:      36.08876238
     Final electron number for spin 1:      37.00000000
     Final electron number for spin 2:      36.00000000

=================== Penalty functional idempotency correction ==================
 RMS occupancy error at iteration   1:  0.001625 (step -0.4966 Ne1=     37.0000)
                                                               Ne2=     36.0000
 RMS occupancy error at iteration   2:  0.000005 (step -0.5000 Ne1=     37.0000)
                                                               Ne2=     36.0000
            Final RMS occupancy error   :  0.000000 (Ne1=     37.0000)
                                                     Ne2=     36.0000
            Final occupancy bounds spin 1: [  0.000,  1.000]
            Final occupancy bounds spin 2: [  0.000,  1.000]
================================================================================

................................................................................
<<<<<<<<<<<<<< LNV (Original version) density kernel optimisation >>>>>>>>>>>>>>
~~~~~~~~~~~~~~~~~~~~~~~~~~~~~~~~~~~~~~~~~~~~~~~~~~~~~~~~~~~~~~~~~~~~~~~~~~~~~~~~
   iter  |      energy (Eh)       | rms gradient |  commutator  |   dE (Eh)
      ideal mu1:      -0.980474582456
      ideal mu2:      -0.985797196029
             Q0:        -216.850076999786
             G0:      -0.015093415181
   RMS gradient:       0.002593187708
     Trial step:       0.449476463688
             Q1:        -216.853690867885
 Quadratic coef:       0.003170266781
 Linear coef   :      -0.006784134881
           Qmin:        -216.853706385675
Quadratic minimum step length (  0.480923084054) accepted
    Initial Ne1:      36.99999999
    Initial Ne2:      35.99999999
      Final Ne1:      37.00000000
      Final Ne2:      36.00000000

=================== Penalty functional idempotency correction ==================
 RMS occupancy error at iteration   1:  0.000104 (step -0.4995 Ne1=     37.0000)
                                                               Ne2=     36.0000
            Final RMS occupancy error   :  0.000000 (Ne1=     37.0000)
                                                     Ne2=     36.0000
            Final occupancy bounds spin 1: [ -0.000,  1.000]
            Final occupancy bounds spin 2: [ -0.000,  1.000]
================================================================================

    1        -2.168500769998E+02     2.5932E-03     1.6848E-03
      ideal mu1:      -0.974709274777
      ideal mu2:      -0.980198540052
             Q0:        -216.853709658048
             G0:      -0.013126760562
   RMS gradient:       0.002406308492
     Trial step:       0.464933981471
             Q1:        -216.857517035593
 Quadratic coef:       0.002295699507
 Linear coef   :      -0.006103077052
           Qmin:        -216.857765888990
Quadratic minimum step length (  0.618009435487) accepted
    Initial Ne1:      37.00000391
    Initial Ne2:      36.00000259
      Final Ne1:      37.00000000
      Final Ne2:      36.00000000

=================== Penalty functional idempotency correction ==================
 RMS occupancy error at iteration   1:  0.000677 (step -0.4950 Ne1=     37.0000)
                                                               Ne2=     36.0000
 RMS occupancy error at iteration   2:  0.000003 (step -0.5000 Ne1=     37.0000)
                                                               Ne2=     36.0000
            Final RMS occupancy error   :  0.000000 (Ne1=     37.0000)
                                                     Ne2=     36.0000
            Final occupancy bounds spin 1: [  0.000,  1.000]
            Final occupancy bounds spin 2: [  0.000,  1.000]
================================================================================

    2        -2.168537096580E+02     2.4063E-03     1.5669E-03    -3.6327E-03
      ideal mu1:      -0.969880461549
      ideal mu2:      -0.975671156778
             Q0:        -216.857787746773
             G0:      -0.023292804296
   RMS gradient:       0.003195704168
     Trial step:       0.536035061752
             Q1:        -216.862985210843
 Quadratic coef:       0.007288295719
 Linear coef   :      -0.012485759789
           Qmin:        -216.863135162806
Quadratic minimum step length (  0.459147465863) accepted
    Initial Ne1:      37.00000512
    Initial Ne2:      36.00000339
      Final Ne1:      37.00000000
      Final Ne2:      36.00000000

=================== Penalty functional idempotency correction ==================
 RMS occupancy error at iteration   1:  0.002775 (step -0.4765 Ne1=     37.0000)
                                                               Ne2=     36.0000
 RMS occupancy error at iteration   2:  0.000048 (step -0.4999 Ne1=     37.0000)
                                                               Ne2=     36.0000
            Final RMS occupancy error   :  0.000000 (Ne1=     37.0000)
                                                     Ne2=     36.0000
            Final occupancy bounds spin 1: [  0.000,  1.000]
            Final occupancy bounds spin 2: [  0.000,  1.000]
================================================================================

    3        -2.168577877468E+02     3.1957E-03     2.0815E-03    -4.0781E-03
      ideal mu1:      -0.971304630105
      ideal mu2:      -0.976940514774
             Q0:        -216.863351576984
             G0:      -0.016472945412
   RMS gradient:       0.002623421143
     Trial step:       0.496103961098
             Q1:        -216.867518285719
 Quadratic coef:       0.004005584735
 Linear coef   :      -0.008172293470
           Qmin:        -216.867519906016
Quadratic minimum step length (  0.506081812037) accepted
    Initial Ne1:      37.00000329
    Initial Ne2:      36.00000171
      Final Ne1:      37.00000000
      Final Ne2:      36.00000000

=================== Penalty functional idempotency correction ==================
 RMS occupancy error at iteration   1:  0.004114 (step -0.4629 Ne1=     37.0000)
                                                               Ne2=     36.0000
 RMS occupancy error at iteration   2:  0.000098 (step -0.4996 Ne1=     37.0000)
                                                               Ne2=     36.0000
            Final RMS occupancy error   :  0.000000 (Ne1=     37.0000)
                                                     Ne2=     36.0000
            Final occupancy bounds spin 1: [ -0.000,  1.000]
            Final occupancy bounds spin 2: [  0.000,  1.000]
================================================================================

    4        -2.168633515770E+02     2.6234E-03     1.7067E-03    -5.5638E-03
      ideal mu1:      -0.979089572638
      ideal mu2:      -0.983661914147
    5        -2.168678084690E+02     2.2887E-03     1.4881E-03    -4.4569E-03
Finished density kernel iterations (   5)

Writing density kernel to file "Fe_EtOH_3_LowSpin_NGWFSP.dkn" ... done


>>> Density kernel optimised for the current NGWF basis:
     ~~~~~~~~~~~~~~~~~~~~~~~~~~~~~~~~~~~~~~~~~~~~~~~~~~~~~~~~~~~
     Total energy                =  -2.16867808468963E+02  Eh
     Estimated bandgap (UP spin) =  -4.5085E-03  Eh
     Estimated bandgap (DN spin) =   6.5357E-03  Eh
     RMS occupancy error         =   7.6247E-08
     [H,K] commutator            =   1.4881E-03
     UP spin occupancy bounds    = [ -0.000:  1.000]
     DN spin occupancy bounds    = [  0.000:  1.000]
     ~~~~~~~~~~~~~~~~~~~~~~~~~~~~~~~~~~~~~~~~~~~~~~~~~~~~~~~~~~~




################################################################################
########################### NGWF CG iteration  004 #############################
################################################################################
****** Reciprocal space K.E. preconditioning with k_zero =  3.0000 a0^-1 *******

>>> Checking for convergence of NGWFs:   NOT CONVERGED
  ========================================================================
         NGWF RMS gradient =  1.6382E-04 >  2.0000E-06  | above tolerance
  ========================================================================

>>> Improving NGWFs using line search:
============ Calculation of NGWF S^-1 using Hotelling algorithm ================ 
     Iteration  |  Spin  |  Frobenius norm and Maximum abs value (of I-S*S_n^-1)
         1           1      0.40653702E-01     0.54657771E-02
         1           2      0.41938755E-01     0.55184382E-02
         2           1      0.21688888E-03     0.32477063E-04
         2           2      0.24266372E-03     0.45609737E-04
         3           1      0.11517013E-07     0.19088339E-08
         3           2      0.15453482E-07     0.33914238E-08
         4           1      0.57167874E-14     0.13322676E-14
         4           2      0.55445768E-14     0.13322676E-14
================================================================================
============ Calculation of NGWF S^-1 using Hotelling algorithm ================ 
     Iteration  |  Spin  |  Frobenius norm and Maximum abs value (of I-S*S_n^-1)
         1           1      0.87538604E-03     0.11740277E-03
         1           2      0.89991525E-03     0.11837608E-03
         2           1      0.10274216E-06     0.15112365E-07
         2           2      0.11227285E-06     0.19172287E-07
         3           1      0.65951570E-14     0.14432899E-14
         3           2      0.66230450E-14     0.13322676E-14
================================================================================
------------------------------- NGWF line search -------------------------------
RMS gradient                =       0.00016382071065
Trial step length           =               0.682132
Gradient along search dir.  =         -0.05971448931
Functional at step 0        =    -216.86780846896340
Functional at step 1        =    -216.88775086884547
Functional predicted        =    -216.88775952278661
Selected quadratic step     =               0.668215
Conjugate gradients coeff.  =               0.437172
--------------------------- NGWF line search finished --------------------------
                                               
Writing NGWFs to file "Fe_EtOH_3_LowSpin_NGWFSP.tightbox_ngwfs".... done

>>> Optimising kernel for current NGWFs:
   Initial electron number for spin 1:      37.03889131
   Initial electron number for spin 2:      36.04204133
     Final electron number for spin 1:      37.00000000
     Final electron number for spin 2:      36.00000000

=================== Penalty functional idempotency correction ==================
 RMS occupancy error at iteration   1:  0.000965 (step -0.4974 Ne1=     37.0000)
                                                               Ne2=     36.0000
 RMS occupancy error at iteration   2:  0.000004 (step -0.5000 Ne1=     37.0000)
                                                               Ne2=     36.0000
            Final RMS occupancy error   :  0.000000 (Ne1=     37.0000)
                                                     Ne2=     36.0000
            Final occupancy bounds spin 1: [  0.000,  1.000]
            Final occupancy bounds spin 2: [  0.000,  1.000]
================================================================================

................................................................................
<<<<<<<<<<<<<< LNV (Original version) density kernel optimisation >>>>>>>>>>>>>>
~~~~~~~~~~~~~~~~~~~~~~~~~~~~~~~~~~~~~~~~~~~~~~~~~~~~~~~~~~~~~~~~~~~~~~~~~~~~~~~~
   iter  |      energy (Eh)       | rms gradient |  commutator  |   dE (Eh)
      ideal mu1:      -0.965426718837
      ideal mu2:      -0.971266578343
             Q0:        -216.887854448955
             G0:      -0.018172344704
   RMS gradient:       0.002845415404
     Trial step:       0.501068050858
             Q1:        -216.888761412511
 Quadratic coef:       0.008198617784
 Linear coef   :      -0.009105581340
           Qmin:        -216.890382668154
Quadratic minimum step length (  0.278249091165) accepted
    Initial Ne1:      37.00000000
    Initial Ne2:      36.00000000
      Final Ne1:      37.00000000
      Final Ne2:      36.00000000

=================== Penalty functional idempotency correction ==================
 RMS occupancy error at iteration   1:  0.000049 (step -0.4998 Ne1=     37.0000)
                                                               Ne2=     36.0000
            Final RMS occupancy error   :  0.000000 (Ne1=     37.0000)
                                                     Ne2=     36.0000
            Final occupancy bounds spin 1: [ -0.000,  1.000]
            Final occupancy bounds spin 2: [  0.000,  1.000]
================================================================================

    1        -2.168878544490E+02     2.8454E-03     1.8506E-03
      ideal mu1:      -0.972176671769
      ideal mu2:      -0.977018574749
             Q0:        -216.890386976835
             G0:      -0.007933962898
   RMS gradient:       0.001878232217
     Trial step:       0.373392192959
             Q1:        -216.892200537114
 Quadratic coef:       0.001148919527
 Linear coef   :      -0.002962479805
           Qmin:        -216.892296659453
Quadratic minimum step length (  0.481394390650) accepted
    Initial Ne1:      37.00000022
    Initial Ne2:      35.99999995
      Final Ne1:      37.00000000
      Final Ne2:      36.00000000

=================== Penalty functional idempotency correction ==================
 RMS occupancy error at iteration   1:  0.000171 (step -0.4990 Ne1=     37.0000)
                                                               Ne2=     36.0000
 RMS occupancy error at iteration   2:  0.000000 (step -0.5000 Ne1=     37.0000)
                                                               Ne2=     36.0000
            Final RMS occupancy error   :  0.000000 (Ne1=     37.0000)
                                                     Ne2=     36.0000
            Final occupancy bounds spin 1: [  0.000,  1.000]
            Final occupancy bounds spin 2: [  0.000,  1.000]
================================================================================

    2        -2.168903869768E+02     1.8782E-03     1.2208E-03    -2.5325E-03
      ideal mu1:      -0.976336415885
      ideal mu2:      -0.980613208208
             Q0:        -216.892302780425
             G0:      -0.006954660361
   RMS gradient:       0.001751462475
     Trial step:       0.423968049743
             Q1:        -216.893995937274
 Quadratic coef:       0.001255396942
 Linear coef   :      -0.002948553790
           Qmin:        -216.894034099255
Quadratic minimum step length (  0.497887384608) accepted
    Initial Ne1:      37.00000020
    Initial Ne2:      35.99999996
      Final Ne1:      37.00000000
      Final Ne2:      36.00000000

=================== Penalty functional idempotency correction ==================
 RMS occupancy error at iteration   1:  0.000412 (step -0.4970 Ne1=     37.0000)
                                                               Ne2=     36.0000
 RMS occupancy error at iteration   2:  0.000001 (step -0.5000 Ne1=     37.0000)
                                                               Ne2=     36.0000
            Final RMS occupancy error   :  0.000000 (Ne1=     37.0000)
                                                     Ne2=     36.0000
            Final occupancy bounds spin 1: [  0.000,  1.000]
            Final occupancy bounds spin 2: [  0.000,  1.000]
================================================================================

    3        -2.168923027804E+02     1.7515E-03     1.1358E-03    -1.9158E-03
      ideal mu1:      -0.976107887500
      ideal mu2:      -0.980570906803
             Q0:        -216.894045611774
             G0:      -0.005183949826
   RMS gradient:       0.001508388767
     Trial step:       0.459443514966
             Q1:        -216.895424417329
 Quadratic coef:       0.001002926575
 Linear coef   :      -0.002381732130
           Qmin:        -216.895459635513
Quadratic minimum step length (  0.545539129749) accepted
    Initial Ne1:      37.00000016
    Initial Ne2:      35.99999996
      Final Ne1:      37.00000000
      Final Ne2:      36.00000000

=================== Penalty functional idempotency correction ==================
 RMS occupancy error at iteration   1:  0.000695 (step -0.4945 Ne1=     37.0000)
                                                               Ne2=     36.0000
 RMS occupancy error at iteration   2:  0.000003 (step -0.5000 Ne1=     37.0000)
                                                               Ne2=     36.0000
            Final RMS occupancy error   :  0.000000 (Ne1=     37.0000)
                                                     Ne2=     36.0000
            Final occupancy bounds spin 1: [  0.000,  1.000]
            Final occupancy bounds spin 2: [  0.000,  1.000]
================================================================================

    4        -2.168940456118E+02     1.5084E-03     9.7842E-04    -1.7428E-03
      ideal mu1:      -0.973203410629
      ideal mu2:      -0.977951913438
    5        -2.168954778650E+02     1.4546E-03     9.4549E-04    -1.4323E-03
Finished density kernel iterations (   5)

Writing density kernel to file "Fe_EtOH_3_LowSpin_NGWFSP.dkn" ... done


>>> Density kernel optimised for the current NGWF basis:
     ~~~~~~~~~~~~~~~~~~~~~~~~~~~~~~~~~~~~~~~~~~~~~~~~~~~~~~~~~~~
     Total energy                =  -2.16895477864970E+02  Eh
     Estimated bandgap (UP spin) =   2.1705E-03  Eh
     Estimated bandgap (DN spin) =   6.5635E-03  Eh
     RMS occupancy error         =   8.4629E-11
     [H,K] commutator            =   9.4549E-04
     UP spin occupancy bounds    = [  0.000:  1.000]
     DN spin occupancy bounds    = [  0.000:  1.000]
     ~~~~~~~~~~~~~~~~~~~~~~~~~~~~~~~~~~~~~~~~~~~~~~~~~~~~~~~~~~~




################################################################################
########################### NGWF CG iteration  005 #############################
################################################################################
****** Reciprocal space K.E. preconditioning with k_zero =  3.0000 a0^-1 *******

>>> Checking for convergence of NGWFs:   NOT CONVERGED
  ========================================================================
         NGWF RMS gradient =  8.7213E-05 >  2.0000E-06  | above tolerance
  ========================================================================

>>> Improving NGWFs using line search:
============ Calculation of NGWF S^-1 using Hotelling algorithm ================ 
     Iteration  |  Spin  |  Frobenius norm and Maximum abs value (of I-S*S_n^-1)
         1           1      0.15266085E-01     0.15749920E-02
         1           2      0.15597596E-01     0.16290297E-02
         2           1      0.30348759E-04     0.76398344E-05
         2           2      0.37825327E-04     0.12097801E-04
         3           1      0.26601611E-09     0.79895424E-10
         3           2      0.51430612E-09     0.20108903E-09
         4           1      0.62344069E-14     0.13322676E-14
         4           2      0.65225096E-14     0.17763568E-14
================================================================================
============ Calculation of NGWF S^-1 using Hotelling algorithm ================ 
     Iteration  |  Spin  |  Frobenius norm and Maximum abs value (of I-S*S_n^-1)
         1           1      0.29767126E-02     0.29787651E-03
         1           2      0.30365305E-02     0.30859829E-03
         2           1      0.11680162E-05     0.27232957E-06
         2           2      0.14084625E-05     0.42906564E-06
         3           1      0.39068530E-12     0.10802470E-12
         3           2      0.67110274E-12     0.25668356E-12
================================================================================
------------------------------- NGWF line search -------------------------------
RMS gradient                =       0.00008721320144
Trial step length           =               0.675137
Gradient along search dir.  =         -0.01669684430
Functional at step 0        =    -216.89547786497036
Functional at step 1        =    -216.90200432431268
Functional predicted        =    -216.90217126334522
Selected quadratic step     =               0.801756
Conjugate gradients coeff.  =               0.000000
--------------------------- NGWF line search finished --------------------------
                                               
Writing NGWFs to file "Fe_EtOH_3_LowSpin_NGWFSP.tightbox_ngwfs".... done

>>> Optimising kernel for current NGWFs:
   Initial electron number for spin 1:      36.99875767
   Initial electron number for spin 2:      35.99936525
     Final electron number for spin 1:      37.00000000
     Final electron number for spin 2:      36.00000000

=================== Penalty functional idempotency correction ==================
 RMS occupancy error at iteration   1:  0.000442 (step -0.4997 Ne1=     37.0000)
                                                               Ne2=     36.0000
 RMS occupancy error at iteration   2:  0.000001 (step -0.5000 Ne1=     37.0000)
                                                               Ne2=     36.0000
            Final RMS occupancy error   :  0.000000 (Ne1=     37.0000)
                                                     Ne2=     36.0000
            Final occupancy bounds spin 1: [  0.000,  1.000]
            Final occupancy bounds spin 2: [  0.000,  1.000]
================================================================================

................................................................................
<<<<<<<<<<<<<< LNV (Original version) density kernel optimisation >>>>>>>>>>>>>>
~~~~~~~~~~~~~~~~~~~~~~~~~~~~~~~~~~~~~~~~~~~~~~~~~~~~~~~~~~~~~~~~~~~~~~~~~~~~~~~~
   iter  |      energy (Eh)       | rms gradient |  commutator  |   dE (Eh)
      ideal mu1:      -0.973247592232
      ideal mu2:      -0.977672210614
             Q0:        -216.902200699092
             G0:      -0.002728608035
   RMS gradient:       0.001102581680
     Trial step:       0.500644000586
             Q1:        -216.902870301378
 Quadratic coef:       0.000696458957
 Linear coef   :      -0.001366061243
           Qmin:        -216.902870560288
Quadratic minimum step length (  0.490991147808) accepted
    Initial Ne1:      37.00000000
    Initial Ne2:      36.00000000
      Final Ne1:      37.00000000
      Final Ne2:      36.00000000

=================== Penalty functional idempotency correction ==================
 RMS occupancy error at iteration   1:  0.000024 (step -0.4999 Ne1=     37.0000)
                                                               Ne2=     36.0000
            Final RMS occupancy error   :  0.000000 (Ne1=     37.0000)
                                                     Ne2=     36.0000
            Final occupancy bounds spin 1: [ -0.000,  1.000]
            Final occupancy bounds spin 2: [ -0.000,  1.000]
================================================================================

    1        -2.169022006991E+02     1.1026E-03     7.1507E-04
      ideal mu1:      -0.971698647566
      ideal mu2:      -0.976294756950
             Q0:        -216.902870484769
             G0:      -0.003901672282
   RMS gradient:       0.001312049519
     Trial step:       0.495794082751
             Q1:        -216.903968416072
 Quadratic coef:       0.000836494727
 Linear coef   :      -0.001934426030
           Qmin:        -216.903988843302
Quadratic minimum step length (  0.573271383680) accepted
    Initial Ne1:      37.00000003
    Initial Ne2:      36.00000009
      Final Ne1:      37.00000000
      Final Ne2:      36.00000000

=================== Penalty functional idempotency correction ==================
 RMS occupancy error at iteration   1:  0.000223 (step -0.4984 Ne1=     37.0000)
                                                               Ne2=     36.0000
 RMS occupancy error at iteration   2:  0.000000 (step -0.5000 Ne1=     37.0000)
                                                               Ne2=     36.0000
            Final RMS occupancy error   :  0.000000 (Ne1=     37.0000)
                                                     Ne2=     36.0000
            Final occupancy bounds spin 1: [  0.000,  1.000]
            Final occupancy bounds spin 2: [  0.000,  1.000]
================================================================================

    2        -2.169028704848E+02     1.3120E-03     8.5205E-04    -6.6979E-04
      ideal mu1:      -0.971498178126
      ideal mu2:      -0.976010729888
             Q0:        -216.903992262634
             G0:      -0.003935638402
   RMS gradient:       0.001314456785
     Trial step:       0.533127151662
             Q1:        -216.904675178667
 Quadratic coef:       0.001415279658
 Linear coef   :      -0.002098195691
           Qmin:        -216.904769922571
Quadratic minimum step length (  0.395188712706) accepted
    Initial Ne1:      37.00000002
    Initial Ne2:      36.00000006
      Final Ne1:      37.00000000
      Final Ne2:      36.00000000

=================== Penalty functional idempotency correction ==================
 RMS occupancy error at iteration   1:  0.000373 (step -0.4972 Ne1=     37.0000)
                                                               Ne2=     36.0000
 RMS occupancy error at iteration   2:  0.000001 (step -0.5000 Ne1=     37.0000)
                                                               Ne2=     36.0000
            Final RMS occupancy error   :  0.000000 (Ne1=     37.0000)
                                                     Ne2=     36.0000
            Final occupancy bounds spin 1: [  0.000,  1.000]
            Final occupancy bounds spin 2: [  0.000,  1.000]
================================================================================

    3        -2.169039922626E+02     1.3145E-03     8.5341E-04    -1.1218E-03
      ideal mu1:      -0.972249387690
      ideal mu2:      -0.976573650459
             Q0:        -216.904770352588
             G0:      -0.003004971954
   RMS gradient:       0.001145870303
     Trial step:       0.459005264430
             Q1:        -216.905867571355
 Quadratic coef:       0.000282079179
 Linear coef   :      -0.001379297947
           Qmin:        -216.906456459685
Quadratic minimum step length (  1.122211536348) accepted
    Initial Ne1:      37.00000005
    Initial Ne2:      36.00000013
      Final Ne1:      37.00000000
      Final Ne2:      36.00000000

=================== Penalty functional idempotency correction ==================
 RMS occupancy error at iteration   1:  0.001965 (step -0.4846 Ne1=     37.0000)
                                                               Ne2=     36.0000
 RMS occupancy error at iteration   2:  0.000012 (step -0.4999 Ne1=     37.0000)
                                                               Ne2=     36.0000
            Final RMS occupancy error   :  0.000000 (Ne1=     37.0000)
                                                     Ne2=     36.0000
            Final occupancy bounds spin 1: [ -0.000,  1.000]
            Final occupancy bounds spin 2: [ -0.000,  1.000]
================================================================================

    4        -2.169047703526E+02     1.1459E-03     7.4331E-04    -7.7809E-04
      ideal mu1:      -0.971134495797
      ideal mu2:      -0.975323417982
    5        -2.169065272186E+02     1.5286E-03     9.9173E-04    -1.7569E-03
Finished density kernel iterations (   5)

Writing density kernel to file "Fe_EtOH_3_LowSpin_NGWFSP.dkn" ... done


>>> Density kernel optimised for the current NGWF basis:
     ~~~~~~~~~~~~~~~~~~~~~~~~~~~~~~~~~~~~~~~~~~~~~~~~~~~~~~~~~~~
     Total energy                =  -2.16906527218577E+02  Eh
     Estimated bandgap (UP spin) =   7.1487E-03  Eh
     Estimated bandgap (DN spin) =   1.3630E-02  Eh
     RMS occupancy error         =   9.9390E-10
     [H,K] commutator            =   9.9173E-04
     UP spin occupancy bounds    = [ -0.000:  1.000]
     DN spin occupancy bounds    = [  0.000:  1.000]
     ~~~~~~~~~~~~~~~~~~~~~~~~~~~~~~~~~~~~~~~~~~~~~~~~~~~~~~~~~~~


================================================================================
           ---------------- ENERGY COMPONENTS (Eh) ----------------
           | Kinetic                    :       64.30996414711186 |
           | Core Hartree               :     -966.33952596082349 |
           | CoreHart (non-coul chg cor):        0.00155689502347
           | Hartree                    :      432.43222643712886 |
           | Exchange-correlation       :      -30.31585845564310 |
           | Ewald                      :      286.40959520493226 |
           | Dij0                       :       -0.30948943526670 |
           | Dijhartree                 :       10.83966230062617 |
           | Exc [AE core]              :     -113.47969254066481 |
           | Exc DC [AE core]           :      -48.21850623844800 |
           | Exc [PS core]              :      -24.44425579779711 |
           | Exc DC [PS core]           :      -28.85638267368927 |
           | Exc [Core]                 :      -75.10233528622905 |
           | Total [Sphere]             :       -3.40292859127918 |
           | Total                      :     -216.90652721857282 |
           --------------------------------------------------------
           ------ LOCAL ENERGY COMPONENTS FROM MATRIX TRACES ------
           | Core Hartree               :     -966.33952596082440 |
           | Hartree (Valence)          :      432.43222643713005 |
           --------------------------------------------------------
           Integrated compensation chrg.:       11.38663565246031
           Integrated density           :       72.99999932332170
           Integrated spin density      :        1.00000001546960
           Integrated |spin density|    :        2.25048670558522
           Local density approx. <S^2>  :        1.37524334505809
           Integrated density tr(KS)    :       73.00000000000000
           Integrated spin tr(KS)       :        1.00000000000000
================================================================================




################################################################################
########################### NGWF CG iteration  006 #############################
################################################################################
****** Reciprocal space K.E. preconditioning with k_zero =  3.0000 a0^-1 *******

>>> Checking for convergence of NGWFs:   NOT CONVERGED
  ========================================================================
         NGWF RMS gradient =  6.1342E-05 >  2.0000E-06  | above tolerance
  ========================================================================

>>> Improving NGWFs using line search:
============ Calculation of NGWF S^-1 using Hotelling algorithm ================ 
     Iteration  |  Spin  |  Frobenius norm and Maximum abs value (of I-S*S_n^-1)
         1           1      0.25868995E-01     0.31594985E-02
         1           2      0.25473228E-01     0.38362633E-02
         2           1      0.77441756E-04     0.17194402E-04
         2           2      0.77745675E-04     0.16818436E-04
         3           1      0.16050839E-08     0.43072612E-09
         3           2      0.16215641E-08     0.42053083E-09
         4           1      0.57996926E-14     0.11102230E-14
         4           2      0.64194815E-14     0.13322676E-14
================================================================================
============ Calculation of NGWF S^-1 using Hotelling algorithm ================ 
     Iteration  |  Spin  |  Frobenius norm and Maximum abs value (of I-S*S_n^-1)
         1           1      0.45886503E-02     0.59746730E-03
         1           2      0.45217737E-02     0.63198040E-03
         2           1      0.25735799E-05     0.46870645E-06
         2           2      0.25680521E-05     0.45910911E-06
         3           1      0.16272481E-11     0.34472425E-12
         3           2      0.16224250E-11     0.33628655E-12
================================================================================
------------------------------- NGWF line search -------------------------------
RMS gradient                =       0.00006134154307
Trial step length           =               0.735728
Gradient along search dir.  =         -0.00830906199
Functional at step 0        =    -216.90652721857748
Functional at step 1        =    -216.91001696536696
Functional predicted        =    -216.91008847866826
Selected quadratic step     =               0.857199
Conjugate gradients coeff.  =               0.494703
--------------------------- NGWF line search finished --------------------------
                                               
Writing NGWFs to file "Fe_EtOH_3_LowSpin_NGWFSP.tightbox_ngwfs".... done

>>> Optimising kernel for current NGWFs:
   Initial electron number for spin 1:      37.00262444
   Initial electron number for spin 2:      36.00368859
     Final electron number for spin 1:      37.00000000
     Final electron number for spin 2:      36.00000000

=================== Penalty functional idempotency correction ==================
 RMS occupancy error at iteration   1:  0.000655 (step -0.4990 Ne1=     37.0000)
                                                               Ne2=     36.0000
 RMS occupancy error at iteration   2:  0.000003 (step -0.5000 Ne1=     37.0000)
                                                               Ne2=     36.0000
            Final RMS occupancy error   :  0.000000 (Ne1=     37.0000)
                                                     Ne2=     36.0000
            Final occupancy bounds spin 1: [  0.000,  1.000]
            Final occupancy bounds spin 2: [  0.000,  1.000]
================================================================================

................................................................................
<<<<<<<<<<<<<< LNV (Original version) density kernel optimisation >>>>>>>>>>>>>>
~~~~~~~~~~~~~~~~~~~~~~~~~~~~~~~~~~~~~~~~~~~~~~~~~~~~~~~~~~~~~~~~~~~~~~~~~~~~~~~~
   iter  |      energy (Eh)       | rms gradient |  commutator  |   dE (Eh)
      ideal mu1:      -0.967694558385
      ideal mu2:      -0.972046670644
             Q0:        -216.910173808630
             G0:      -0.002899464435
   RMS gradient:       0.001136577588
     Trial step:       0.717705373386
             Q1:        -216.910285255031
 Quadratic coef:       0.001969514805
 Linear coef   :      -0.002080961205
           Qmin:        -216.910723487100
Quadratic minimum step length (  0.379158621953) accepted
    Initial Ne1:      37.00000000
    Initial Ne2:      36.00000000
      Final Ne1:      37.00000000
      Final Ne2:      36.00000000

=================== Penalty functional idempotency correction ==================
 RMS occupancy error at iteration   1:  0.000012 (step -0.5000 Ne1=     37.0000)
                                                               Ne2=     36.0000
            Final RMS occupancy error   :  0.000000 (Ne1=     37.0000)
                                                     Ne2=     36.0000
            Final occupancy bounds spin 1: [  0.000,  1.000]
            Final occupancy bounds spin 2: [  0.000,  1.000]
================================================================================

    1        -2.169101738086E+02     1.1366E-03     7.3809E-04
      ideal mu1:      -0.969167360868
      ideal mu2:      -0.973302033589
             Q0:        -216.910724377819
             G0:      -0.002111760100
   RMS gradient:       0.000969726099
     Trial step:       0.521655231299
             Q1:        -216.911196437328
 Quadratic coef:       0.000629551194
 Linear coef   :      -0.001101610703
           Qmin:        -216.911206287056
Quadratic minimum step length (  0.456405286497) accepted
    Initial Ne1:      36.99999997
    Initial Ne2:      36.00000000
      Final Ne1:      37.00000000
      Final Ne2:      36.00000000

=================== Penalty functional idempotency correction ==================
 RMS occupancy error at iteration   1:  0.000044 (step -0.4998 Ne1=     37.0000)
                                                               Ne2=     36.0000
            Final RMS occupancy error   :  0.000000 (Ne1=     37.0000)
                                                     Ne2=     36.0000
            Final occupancy bounds spin 1: [ -0.000,  1.000]
            Final occupancy bounds spin 2: [  0.000,  1.000]
================================================================================

    2        -2.169107243778E+02     9.6973E-04     6.3012E-04    -5.5057E-04
      ideal mu1:      -0.970328333723
      ideal mu2:      -0.974340077733
             Q0:        -216.911206048213
             G0:      -0.001682984352
   RMS gradient:       0.000862011264
     Trial step:       0.487940780519
             Q1:        -216.911578454063
 Quadratic coef:       0.000448790848
 Linear coef   :      -0.000821196698
           Qmin:        -216.911581704279
Quadratic minimum step length (  0.446416587696) accepted
    Initial Ne1:      37.00000018
    Initial Ne2:      36.00000033
      Final Ne1:      37.00000000
      Final Ne2:      36.00000000

=================== Penalty functional idempotency correction ==================
 RMS occupancy error at iteration   1:  0.000084 (step -0.4995 Ne1=     37.0000)
                                                               Ne2=     36.0000
            Final RMS occupancy error   :  0.000000 (Ne1=     37.0000)
                                                     Ne2=     36.0000
            Final occupancy bounds spin 1: [ -0.000,  1.000]
            Final occupancy bounds spin 2: [ -0.000,  1.000]
================================================================================

    3        -2.169112060482E+02     8.6201E-04     5.5925E-04    -4.8167E-04
      ideal mu1:      -0.970248422836
      ideal mu2:      -0.974301870601
             Q0:        -216.911581614520
             G0:      -0.001174659413
   RMS gradient:       0.000716163627
     Trial step:       0.466717107290
             Q1:        -216.911911749224
 Quadratic coef:       0.000218098939
 Linear coef   :      -0.000548233643
           Qmin:        -216.911926137204
Quadratic minimum step length (  0.586591620531) accepted
    Initial Ne1:      37.00000128
    Initial Ne2:      36.00000255
      Final Ne1:      37.00000000
      Final Ne2:      36.00000000

=================== Penalty functional idempotency correction ==================
 RMS occupancy error at iteration   1:  0.000158 (step -0.4989 Ne1=     37.0000)
                                                               Ne2=     36.0000
 RMS occupancy error at iteration   2:  0.000000 (step -0.5000 Ne1=     37.0000)
                                                               Ne2=     36.0000
            Final RMS occupancy error   :  0.000000 (Ne1=     37.0000)
                                                     Ne2=     36.0000
            Final occupancy bounds spin 1: [  0.000,  1.000]
            Final occupancy bounds spin 2: [  0.000,  1.000]
================================================================================

    4        -2.169115816145E+02     7.1616E-04     4.6407E-04    -3.7557E-04
      ideal mu1:      -0.969684892670
      ideal mu2:      -0.973688934367
    5        -2.169119307518E+02     7.4726E-04     4.8472E-04    -3.4914E-04
Finished density kernel iterations (   5)

Writing density kernel to file "Fe_EtOH_3_LowSpin_NGWFSP.dkn" ... done


>>> Density kernel optimised for the current NGWF basis:
     ~~~~~~~~~~~~~~~~~~~~~~~~~~~~~~~~~~~~~~~~~~~~~~~~~~~~~~~~~~~
     Total energy                =  -2.16911930751823E+02  Eh
     Estimated bandgap (UP spin) =   6.7673E-03  Eh
     Estimated bandgap (DN spin) =   1.4376E-02  Eh
     RMS occupancy error         =   2.4047E-13
     [H,K] commutator            =   4.8472E-04
     UP spin occupancy bounds    = [  0.000:  1.000]
     DN spin occupancy bounds    = [  0.000:  1.000]
     ~~~~~~~~~~~~~~~~~~~~~~~~~~~~~~~~~~~~~~~~~~~~~~~~~~~~~~~~~~~




################################################################################
########################### NGWF CG iteration  007 #############################
################################################################################
****** Reciprocal space K.E. preconditioning with k_zero =  3.0000 a0^-1 *******

>>> Checking for convergence of NGWFs:   NOT CONVERGED
  ========================================================================
         NGWF RMS gradient =  4.4632E-05 >  2.0000E-06  | above tolerance
  ========================================================================

>>> Improving NGWFs using line search:
============ Calculation of NGWF S^-1 using Hotelling algorithm ================ 
     Iteration  |  Spin  |  Frobenius norm and Maximum abs value (of I-S*S_n^-1)
         1           1      0.29839201E-01     0.39297896E-02
         1           2      0.29638286E-01     0.40695598E-02
         2           1      0.11478655E-03     0.17408606E-04
         2           2      0.11506327E-03     0.18763741E-04
         3           1      0.30622737E-08     0.42943982E-09
         3           2      0.30612973E-08     0.45830639E-09
         4           1      0.64791643E-14     0.16653345E-14
         4           2      0.61712813E-14     0.15543122E-14
================================================================================
============ Calculation of NGWF S^-1 using Hotelling algorithm ================ 
     Iteration  |  Spin  |  Frobenius norm and Maximum abs value (of I-S*S_n^-1)
         1           1      0.70449337E-02     0.98072394E-03
         1           2      0.69896061E-02     0.10115382E-02
         2           1      0.69464655E-05     0.11013859E-05
         2           2      0.69135857E-05     0.11569320E-05
         3           1      0.10997720E-10     0.16542323E-11
         3           2      0.10858697E-10     0.17013058E-11
         4           1      0.62445711E-14     0.15543122E-14
         4           2      0.69824773E-14     0.19984014E-14
================================================================================
------------------------------- NGWF line search -------------------------------
RMS gradient                =       0.00004463212493
Trial step length           =               0.794144
Gradient along search dir.  =         -0.00462009917
Functional at step 0        =    -216.91193075182309
Functional at step 1        =    -216.91408478276588
Functional predicted        =    -216.91415217034000
Selected quadratic step     =               0.961632
Conjugate gradients coeff.  =               0.529402
--------------------------- NGWF line search finished --------------------------
                                               
Writing NGWFs to file "Fe_EtOH_3_LowSpin_NGWFSP.tightbox_ngwfs".... done

>>> Optimising kernel for current NGWFs:
   Initial electron number for spin 1:      37.00616004
   Initial electron number for spin 2:      36.00774429
     Final electron number for spin 1:      37.00000000
     Final electron number for spin 2:      36.00000000

=================== Penalty functional idempotency correction ==================
 RMS occupancy error at iteration   1:  0.000797 (step -0.4988 Ne1=     37.0000)
                                                               Ne2=     36.0000
 RMS occupancy error at iteration   2:  0.000005 (step -0.5000 Ne1=     37.0000)
                                                               Ne2=     36.0000
            Final RMS occupancy error   :  0.000000 (Ne1=     37.0000)
                                                     Ne2=     36.0000
            Final occupancy bounds spin 1: [  0.000,  1.000]
            Final occupancy bounds spin 2: [  0.000,  1.000]
================================================================================

................................................................................
<<<<<<<<<<<<<< LNV (Original version) density kernel optimisation >>>>>>>>>>>>>>
~~~~~~~~~~~~~~~~~~~~~~~~~~~~~~~~~~~~~~~~~~~~~~~~~~~~~~~~~~~~~~~~~~~~~~~~~~~~~~~~
   iter  |      energy (Eh)       | rms gradient |  commutator  |   dE (Eh)
      ideal mu1:      -0.968056261504
      ideal mu2:      -0.972198300181
             Q0:        -216.914290033953
             G0:      -0.001895962862
   RMS gradient:       0.000919083794
     Trial step:       0.523232591009
             Q1:        -216.914198578500
 Quadratic coef:       0.001083485014
 Linear coef   :      -0.000992029561
           Qmin:        -216.914517107387
Quadratic minimum step length (  0.239533630163) accepted
    Initial Ne1:      37.00000000
    Initial Ne2:      36.00000000
      Final Ne1:      37.00000000
      Final Ne2:      36.00000000

=================== Penalty functional idempotency correction ==================
 RMS occupancy error at iteration   1:  0.000004 (step -0.5000 Ne1=     37.0000)
                                                               Ne2=     36.0000
            Final RMS occupancy error   :  0.000000 (Ne1=     37.0000)
                                                     Ne2=     36.0000
            Final occupancy bounds spin 1: [  0.000,  1.000]
            Final occupancy bounds spin 2: [  0.000,  1.000]
================================================================================

    1        -2.169142900340E+02     9.1908E-04     5.9660E-04
      ideal mu1:      -0.968187963012
      ideal mu2:      -0.972267809303
             Q0:        -216.914515391980
             G0:      -0.000785932815
   RMS gradient:       0.000589566017
     Trial step:       0.354022318426
             Q1:        -216.914719848972
 Quadratic coef:       0.000073780764
 Linear coef   :      -0.000278237757
           Qmin:        -216.914777710519
Quadratic minimum step length (  0.667534258845) accepted
    Initial Ne1:      37.00000001
    Initial Ne2:      36.00000002
      Final Ne1:      37.00000000
      Final Ne2:      36.00000000

=================== Penalty functional idempotency correction ==================
 RMS occupancy error at iteration   1:  0.000028 (step -0.4998 Ne1=     37.0000)
                                                               Ne2=     36.0000
            Final RMS occupancy error   :  0.000000 (Ne1=     37.0000)
                                                     Ne2=     36.0000
            Final occupancy bounds spin 1: [ -0.000,  1.000]
            Final occupancy bounds spin 2: [ -0.000,  1.000]
================================================================================

    2        -2.169145153920E+02     5.8957E-04     3.8262E-04    -2.2536E-04
      ideal mu1:      -0.969264320753
      ideal mu2:      -0.973079078209
             Q0:        -216.914786721697
             G0:      -0.001364409762
   RMS gradient:       0.000752105378
     Trial step:       0.486129639032
             Q1:        -216.915167295286
 Quadratic coef:       0.000282706436
 Linear coef   :      -0.000663280025
           Qmin:        -216.915175765185
Quadratic minimum step length (  0.570273679636) accepted
    Initial Ne1:      36.99999995
    Initial Ne2:      36.00000019
      Final Ne1:      37.00000000
      Final Ne2:      36.00000000

=================== Penalty functional idempotency correction ==================
 RMS occupancy error at iteration   1:  0.000150 (step -0.4987 Ne1=     37.0000)
                                                               Ne2=     36.0000
            Final RMS occupancy error   :  0.000000 (Ne1=     37.0000)
                                                     Ne2=     36.0000
            Final occupancy bounds spin 1: [ -0.000,  1.000]
            Final occupancy bounds spin 2: [ -0.000,  1.000]
================================================================================

    3        -2.169147867217E+02     7.5211E-04     4.8733E-04    -2.7133E-04
      ideal mu1:      -0.969510749281
      ideal mu2:      -0.973234408073
             Q0:        -216.915179715927
             G0:      -0.001119590812
   RMS gradient:       0.000682748765
     Trial step:       0.526523444901
             Q1:        -216.915602369124
 Quadratic coef:       0.000166837615
 Linear coef   :      -0.000589490811
           Qmin:        -216.915700430961
Quadratic minimum step length (  0.930188116336) accepted
    Initial Ne1:      37.00000304
    Initial Ne2:      36.00001548
      Final Ne1:      37.00000000
      Final Ne2:      36.00000000

=================== Penalty functional idempotency correction ==================
 RMS occupancy error at iteration   1:  0.000573 (step -0.4946 Ne1=     37.0000)
                                                               Ne2=     36.0000
 RMS occupancy error at iteration   2:  0.000002 (step -0.5000 Ne1=     37.0000)
                                                               Ne2=     36.0000
            Final RMS occupancy error   :  0.000000 (Ne1=     37.0000)
                                                     Ne2=     36.0000
            Final occupancy bounds spin 1: [  0.000,  1.000]
            Final occupancy bounds spin 2: [  0.000,  1.000]
================================================================================

    4        -2.169151797159E+02     6.8275E-04     4.4190E-04    -3.9299E-04
      ideal mu1:      -0.967125160086
      ideal mu2:      -0.971213017006
    5        -2.169157340869E+02     9.4392E-04     6.1190E-04    -5.5437E-04
Finished density kernel iterations (   5)

Writing density kernel to file "Fe_EtOH_3_LowSpin_NGWFSP.dkn" ... done


>>> Density kernel optimised for the current NGWF basis:
     ~~~~~~~~~~~~~~~~~~~~~~~~~~~~~~~~~~~~~~~~~~~~~~~~~~~~~~~~~~~
     Total energy                =  -2.16915734086931E+02  Eh
     Estimated bandgap (UP spin) =   8.7606E-03  Eh
     Estimated bandgap (DN spin) =   1.5953E-02  Eh
     RMS occupancy error         =   4.3833E-11
     [H,K] commutator            =   6.1190E-04
     UP spin occupancy bounds    = [  0.000:  1.000]
     DN spin occupancy bounds    = [  0.000:  1.000]
     ~~~~~~~~~~~~~~~~~~~~~~~~~~~~~~~~~~~~~~~~~~~~~~~~~~~~~~~~~~~




################################################################################
########################### NGWF CG iteration  008 #############################
################################################################################
****** Reciprocal space K.E. preconditioning with k_zero =  3.0000 a0^-1 *******

>>> Checking for convergence of NGWFs:   NOT CONVERGED
  ========================================================================
         NGWF RMS gradient =  3.2892E-05 >  2.0000E-06  | above tolerance
  ========================================================================

>>> Improving NGWFs using line search:
============ Calculation of NGWF S^-1 using Hotelling algorithm ================ 
     Iteration  |  Spin  |  Frobenius norm and Maximum abs value (of I-S*S_n^-1)
         1           1      0.34207237E-01     0.39881285E-02
         1           2      0.33588783E-01     0.40391840E-02
         2           1      0.17181951E-03     0.22793341E-04
         2           2      0.16862986E-03     0.22932885E-04
         3           1      0.71858941E-08     0.81689910E-09
         3           2      0.68017635E-08     0.79258855E-09
         4           1      0.64752974E-14     0.22204460E-14
         4           2      0.57138451E-14     0.13322676E-14
================================================================================
============ Calculation of NGWF S^-1 using Hotelling algorithm ================ 
     Iteration  |  Spin  |  Frobenius norm and Maximum abs value (of I-S*S_n^-1)
         1           1      0.11574913E-01     0.14151046E-02
         1           2      0.11377640E-01     0.14327969E-02
         2           1      0.20387213E-04     0.28122594E-05
         2           2      0.20040025E-04     0.28405638E-05
         3           1      0.99384632E-10     0.11868950E-10
         3           2      0.95358031E-10     0.11976975E-10
         4           1      0.62498611E-14     0.16653345E-14
         4           2      0.61504311E-14     0.13322676E-14
================================================================================
------------------------------- NGWF line search -------------------------------
RMS gradient                =       0.00003289170157
Trial step length           =               0.873885
Gradient along search dir.  =         -0.00274805020
Functional at step 0        =    -216.91573408693148
Functional at step 1        =    -216.91638076796895
Functional predicted        =    -216.91655570609552
Selected quadratic step     =               0.597965
Conjugate gradients coeff.  =               0.543097
--------------------------- NGWF line search finished --------------------------
                                               
Writing NGWFs to file "Fe_EtOH_3_LowSpin_NGWFSP.tightbox_ngwfs".... done

>>> Optimising kernel for current NGWFs:
   Initial electron number for spin 1:      37.00392928
   Initial electron number for spin 2:      36.00468647
     Final electron number for spin 1:      37.00000000
     Final electron number for spin 2:      36.00000000

=================== Penalty functional idempotency correction ==================
 RMS occupancy error at iteration   1:  0.000473 (step -0.4994 Ne1=     37.0000)
                                                               Ne2=     36.0000
 RMS occupancy error at iteration   2:  0.000002 (step -0.5000 Ne1=     37.0000)
                                                               Ne2=     36.0000
            Final RMS occupancy error   :  0.000000 (Ne1=     37.0000)
                                                     Ne2=     36.0000
            Final occupancy bounds spin 1: [  0.000,  1.000]
            Final occupancy bounds spin 2: [  0.000,  1.000]
================================================================================

................................................................................
<<<<<<<<<<<<<< LNV (Original version) density kernel optimisation >>>>>>>>>>>>>>
~~~~~~~~~~~~~~~~~~~~~~~~~~~~~~~~~~~~~~~~~~~~~~~~~~~~~~~~~~~~~~~~~~~~~~~~~~~~~~~~
   iter  |      energy (Eh)       | rms gradient |  commutator  |   dE (Eh)
      ideal mu1:      -0.968611159478
      ideal mu2:      -0.972414923232
             Q0:        -216.916603026021
             G0:      -0.001418291984
   RMS gradient:       0.000794919260
     Trial step:       0.699832731029
             Q1:        -216.916357616368
 Quadratic coef:       0.001237976806
 Linear coef   :      -0.000992567153
           Qmin:        -216.916801977558
Quadratic minimum step length (  0.280550886729) accepted
    Initial Ne1:      37.00000000
    Initial Ne2:      36.00000000
      Final Ne1:      37.00000000
      Final Ne2:      36.00000000

=================== Penalty functional idempotency correction ==================
 RMS occupancy error at iteration   1:  0.000004 (step -0.5000 Ne1=     37.0000)
                                                               Ne2=     36.0000
            Final RMS occupancy error   :  0.000000 (Ne1=     37.0000)
                                                     Ne2=     36.0000
            Final occupancy bounds spin 1: [  0.000,  1.000]
            Final occupancy bounds spin 2: [  0.000,  1.000]
================================================================================

    1        -2.169166030260E+02     7.9492E-04     5.1579E-04
      ideal mu1:      -0.968015889064
      ideal mu2:      -0.971823201406
             Q0:        -216.916798492343
             G0:      -0.000933087895
   RMS gradient:       0.000641009309
     Trial step:       0.443101222354
             Q1:        -216.917050153014
 Quadratic coef:       0.000161791715
 Linear coef   :      -0.000413452387
           Qmin:        -216.917062632685
Quadratic minimum step length (  0.566163902779) accepted
    Initial Ne1:      37.00000001
    Initial Ne2:      36.00000001
      Final Ne1:      37.00000000
      Final Ne2:      36.00000000

=================== Penalty functional idempotency correction ==================
 RMS occupancy error at iteration   1:  0.000027 (step -0.4998 Ne1=     37.0000)
                                                               Ne2=     36.0000
            Final RMS occupancy error   :  0.000000 (Ne1=     37.0000)
                                                     Ne2=     36.0000
            Final occupancy bounds spin 1: [ -0.000,  1.000]
            Final occupancy bounds spin 2: [ -0.000,  1.000]
================================================================================

    2        -2.169167984923E+02     6.4101E-04     4.1545E-04    -1.9547E-04
      ideal mu1:      -0.967525462735
      ideal mu2:      -0.971239247547
             Q0:        -216.917067381823
             G0:      -0.000998438109
   RMS gradient:       0.000640588587
     Trial step:       0.500867165399
             Q1:        -216.917291811736
 Quadratic coef:       0.000275654952
 Linear coef   :      -0.000500084866
           Qmin:        -216.917294191527
Quadratic minimum step length (  0.454329020848) accepted
    Initial Ne1:      37.00000005
    Initial Ne2:      36.00000012
      Final Ne1:      37.00000000
      Final Ne2:      36.00000000

=================== Penalty functional idempotency correction ==================
 RMS occupancy error at iteration   1:  0.000063 (step -0.4996 Ne1=     37.0000)
                                                               Ne2=     36.0000
            Final RMS occupancy error   :  0.000000 (Ne1=     37.0000)
                                                     Ne2=     36.0000
            Final occupancy bounds spin 1: [ -0.000,  1.000]
            Final occupancy bounds spin 2: [ -0.000,  1.000]
================================================================================

    3        -2.169170673818E+02     6.4059E-04     4.1561E-04    -2.6889E-04
      ideal mu1:      -0.967851198694
      ideal mu2:      -0.971534740242
             Q0:        -216.917292765139
             G0:      -0.000583833711
   RMS gradient:       0.000490952069
     Trial step:       0.477030909722
             Q1:        -216.917494323135
 Quadratic coef:       0.000076948731
 Linear coef   :      -0.000278506726
           Qmin:        -216.917544770585
Quadratic minimum step length (  0.863278158400) accepted
    Initial Ne1:      37.00000094
    Initial Ne2:      36.00000232
      Final Ne1:      37.00000000
      Final Ne2:      36.00000000

=================== Penalty functional idempotency correction ==================
 RMS occupancy error at iteration   1:  0.000175 (step -0.4986 Ne1=     37.0000)
                                                               Ne2=     36.0000
            Final RMS occupancy error   :  0.000000 (Ne1=     37.0000)
                                                     Ne2=     36.0000
            Final occupancy bounds spin 1: [ -0.000,  1.000]
            Final occupancy bounds spin 2: [ -0.000,  1.000]
================================================================================

    4        -2.169172927651E+02     4.9095E-04     3.1847E-04    -2.2538E-04
      ideal mu1:      -0.968419084481
      ideal mu2:      -0.972193681924
    5        -2.169175693885E+02     7.0544E-04     4.5835E-04    -2.7662E-04
Finished density kernel iterations (   5)

Writing density kernel to file "Fe_EtOH_3_LowSpin_NGWFSP.dkn" ... done


>>> Density kernel optimised for the current NGWF basis:
     ~~~~~~~~~~~~~~~~~~~~~~~~~~~~~~~~~~~~~~~~~~~~~~~~~~~~~~~~~~~
     Total energy                =  -2.16917569388471E+02  Eh
     Estimated bandgap (UP spin) =   8.9655E-03  Eh
     Estimated bandgap (DN spin) =   1.7619E-02  Eh
     RMS occupancy error         =   1.4388E-07
     [H,K] commutator            =   4.5835E-04
     UP spin occupancy bounds    = [ -0.000:  1.000]
     DN spin occupancy bounds    = [ -0.000:  1.000]
     ~~~~~~~~~~~~~~~~~~~~~~~~~~~~~~~~~~~~~~~~~~~~~~~~~~~~~~~~~~~




################################################################################
########################### NGWF CG iteration  009 #############################
################################################################################
****** Reciprocal space K.E. preconditioning with k_zero =  3.0000 a0^-1 *******

>>> Checking for convergence of NGWFs:   NOT CONVERGED
  ========================================================================
         NGWF RMS gradient =  2.2622E-05 >  2.0000E-06  | above tolerance
  ========================================================================

>>> Improving NGWFs using line search:
============ Calculation of NGWF S^-1 using Hotelling algorithm ================ 
     Iteration  |  Spin  |  Frobenius norm and Maximum abs value (of I-S*S_n^-1)
         1           1      0.98920594E-02     0.13655798E-02
         1           2      0.10277733E-01     0.15070500E-02
         2           1      0.13940354E-04     0.36179732E-05
         2           2      0.17357023E-04     0.67107706E-05
         3           1      0.60481179E-10     0.16988300E-10
         3           2      0.12277332E-09     0.52055915E-10
         4           1      0.57718438E-14     0.15543122E-14
         4           2      0.64674208E-14     0.17763568E-14
================================================================================
============ Calculation of NGWF S^-1 using Hotelling algorithm ================ 
     Iteration  |  Spin  |  Frobenius norm and Maximum abs value (of I-S*S_n^-1)
         1           1      0.22092536E-02     0.29935043E-03
         1           2      0.22917744E-02     0.33050237E-03
         2           1      0.69577344E-06     0.17465759E-06
         2           2      0.85902528E-06     0.32380736E-06
         3           1      0.14886073E-12     0.40523140E-13
         3           2      0.29703926E-12     0.12201351E-12
================================================================================
------------------------------- NGWF line search -------------------------------
RMS gradient                =       0.00002262195783
Trial step length           =               0.722878
Gradient along search dir.  =         -0.00112338939
Functional at step 0        =    -216.91756938847138
Functional at step 1        =    -216.91786098338082
Functional predicted        =    -216.91788614665367
Selected quadratic step     =               0.563933
Conjugate gradients coeff.  =               0.000000
--------------------------- NGWF line search finished --------------------------
                                               
Writing NGWFs to file "Fe_EtOH_3_LowSpin_NGWFSP.tightbox_ngwfs".... done

>>> Optimising kernel for current NGWFs:
   Initial electron number for spin 1:      37.00006317
   Initial electron number for spin 2:      36.00043345
     Final electron number for spin 1:      37.00000000
     Final electron number for spin 2:      36.00000000

=================== Penalty functional idempotency correction ==================
 RMS occupancy error at iteration   1:  0.000167 (step -0.4999 Ne1=     37.0000)
                                                               Ne2=     36.0000
 RMS occupancy error at iteration   2:  0.000000 (step -0.5000 Ne1=     37.0000)
                                                               Ne2=     36.0000
            Final RMS occupancy error   :  0.000000 (Ne1=     37.0000)
                                                     Ne2=     36.0000
            Final occupancy bounds spin 1: [  0.000,  1.000]
            Final occupancy bounds spin 2: [  0.000,  1.000]
================================================================================

................................................................................
<<<<<<<<<<<<<< LNV (Original version) density kernel optimisation >>>>>>>>>>>>>>
~~~~~~~~~~~~~~~~~~~~~~~~~~~~~~~~~~~~~~~~~~~~~~~~~~~~~~~~~~~~~~~~~~~~~~~~~~~~~~~~
   iter  |      energy (Eh)       | rms gradient |  commutator  |   dE (Eh)
      ideal mu1:      -0.967019409226
      ideal mu2:      -0.970937933319
             Q0:        -216.917889949805
             G0:      -0.000853536612
   RMS gradient:       0.000616667801
     Trial step:       0.641724524422
             Q1:        -216.917934738688
 Quadratic coef:       0.000502946493
 Linear coef   :      -0.000547735376
           Qmin:        -216.918039078016
Quadratic minimum step length (  0.349436002125) accepted
    Initial Ne1:      37.00000000
    Initial Ne2:      36.00000000
      Final Ne1:      37.00000000
      Final Ne2:      36.00000000

=================== Penalty functional idempotency correction ==================
 RMS occupancy error at iteration   1:  0.000004 (step -0.5000 Ne1=     37.0000)
                                                               Ne2=     36.0000
            Final RMS occupancy error   :  0.000000 (Ne1=     37.0000)
                                                     Ne2=     36.0000
            Final occupancy bounds spin 1: [  0.000,  1.000]
            Final occupancy bounds spin 2: [  0.000,  1.000]
================================================================================

    1        -2.169178899498E+02     6.1667E-04     3.9991E-04
      ideal mu1:      -0.967689721256
      ideal mu2:      -0.971351855934
             Q0:        -216.918035071518
             G0:      -0.000649001204
   RMS gradient:       0.000528768993
     Trial step:       0.473541605648
             Q1:        -216.918170719497
 Quadratic coef:       0.000171681093
 Linear coef   :      -0.000307329072
           Qmin:        -216.918172610190
Quadratic minimum step length (  0.423847203770) accepted
    Initial Ne1:      37.00000000
    Initial Ne2:      36.00000000
      Final Ne1:      37.00000000
      Final Ne2:      36.00000000

=================== Penalty functional idempotency correction ==================
 RMS occupancy error at iteration   1:  0.000016 (step -0.4999 Ne1=     37.0000)
                                                               Ne2=     36.0000
            Final RMS occupancy error   :  0.000000 (Ne1=     37.0000)
                                                     Ne2=     36.0000
            Final occupancy bounds spin 1: [ -0.000,  1.000]
            Final occupancy bounds spin 2: [ -0.000,  1.000]
================================================================================

    2        -2.169180350715E+02     5.2877E-04     3.4198E-04    -1.4512E-04
      ideal mu1:      -0.968206820688
      ideal mu2:      -0.971683707489
             Q0:        -216.918171109856
             G0:      -0.000658944561
   RMS gradient:       0.000516486469
     Trial step:       0.448005898870
             Q1:        -216.918368437252
 Quadratic coef:       0.000097883653
 Linear coef   :      -0.000295211050
           Qmin:        -216.918393694427
Quadratic minimum step length (  0.675579053103) accepted
    Initial Ne1:      37.00000002
    Initial Ne2:      36.00000008
      Final Ne1:      37.00000000
      Final Ne2:      36.00000000

=================== Penalty functional idempotency correction ==================
 RMS occupancy error at iteration   1:  0.000085 (step -0.4993 Ne1=     37.0000)
                                                               Ne2=     36.0000
            Final RMS occupancy error   :  0.000000 (Ne1=     37.0000)
                                                     Ne2=     36.0000
            Final occupancy bounds spin 1: [ -0.000,  1.000]
            Final occupancy bounds spin 2: [ -0.000,  1.000]
================================================================================

    3        -2.169181711099E+02     5.1649E-04     3.3428E-04    -1.3604E-04
      ideal mu1:      -0.968479442531
      ideal mu2:      -0.972019048030
             Q0:        -216.918408272379
             G0:      -0.000679998208
   RMS gradient:       0.000499045415
     Trial step:       0.550148526258
             Q1:        -216.918621819733
 Quadratic coef:       0.000160552658
 Linear coef   :      -0.000374100012
           Qmin:        -216.918626192812
Quadratic minimum step length (  0.640944137456) accepted
    Initial Ne1:      37.00000098
    Initial Ne2:      36.00000326
      Final Ne1:      37.00000000
      Final Ne2:      36.00000000

=================== Penalty functional idempotency correction ==================
 RMS occupancy error at iteration   1:  0.000185 (step -0.4984 Ne1=     37.0000)
                                                               Ne2=     36.0000
            Final RMS occupancy error   :  0.000000 (Ne1=     37.0000)
                                                     Ne2=     36.0000
            Final occupancy bounds spin 1: [ -0.000,  1.000]
            Final occupancy bounds spin 2: [ -0.000,  1.000]
================================================================================

    4        -2.169184082724E+02     4.9905E-04     3.2364E-04    -2.3716E-04
      ideal mu1:      -0.968441592570
      ideal mu2:      -0.972059836644
    5        -2.169186326636E+02     6.1799E-04     4.0105E-04    -2.2439E-04
Finished density kernel iterations (   5)

Writing density kernel to file "Fe_EtOH_3_LowSpin_NGWFSP.dkn" ... done


>>> Density kernel optimised for the current NGWF basis:
     ~~~~~~~~~~~~~~~~~~~~~~~~~~~~~~~~~~~~~~~~~~~~~~~~~~~~~~~~~~~
     Total energy                =  -2.16918632663637E+02  Eh
     Estimated bandgap (UP spin) =   1.4243E-02  Eh
     Estimated bandgap (DN spin) =   1.9898E-02  Eh
     RMS occupancy error         =   1.2640E-07
     [H,K] commutator            =   4.0105E-04
     UP spin occupancy bounds    = [ -0.000:  1.000]
     DN spin occupancy bounds    = [ -0.000:  1.000]
     ~~~~~~~~~~~~~~~~~~~~~~~~~~~~~~~~~~~~~~~~~~~~~~~~~~~~~~~~~~~




################################################################################
########################### NGWF CG iteration  010 #############################
################################################################################
****** Reciprocal space K.E. preconditioning with k_zero =  3.0000 a0^-1 *******

>>> Checking for convergence of NGWFs:   NOT CONVERGED
  ========================================================================
         NGWF RMS gradient =  1.6408E-05 >  2.0000E-06  | above tolerance
  ========================================================================

>>> Improving NGWFs using line search:
============ Calculation of NGWF S^-1 using Hotelling algorithm ================ 
     Iteration  |  Spin  |  Frobenius norm and Maximum abs value (of I-S*S_n^-1)
         1           1      0.12379054E-01     0.17843239E-02
         1           2      0.12543020E-01     0.18002896E-02
         2           1      0.23872969E-04     0.51877181E-05
         2           2      0.24882302E-04     0.52053904E-05
         3           1      0.17217295E-09     0.34706793E-10
         3           2      0.18857725E-09     0.35754955E-10
         4           1      0.68692257E-14     0.13322676E-14
         4           2      0.60173824E-14     0.13322676E-14
================================================================================
============ Calculation of NGWF S^-1 using Hotelling algorithm ================ 
     Iteration  |  Spin  |  Frobenius norm and Maximum abs value (of I-S*S_n^-1)
         1           1      0.39215031E-02     0.53486732E-03
         1           2      0.39648479E-02     0.53967735E-03
         2           1      0.24325285E-05     0.46591316E-06
         2           2      0.25309559E-05     0.47048755E-06
         3           1      0.17445224E-11     0.30253577E-12
         3           2      0.19220410E-11     0.30708769E-12
================================================================================
------------------------------- NGWF line search -------------------------------
RMS gradient                =       0.00001640784994
Trial step length           =               0.638479
Gradient along search dir.  =         -0.00062144546
Functional at step 0        =    -216.91863266363728
Functional at step 1        =    -216.91887698787156
Functional predicted        =    -216.91889082781162
Selected quadratic step     =               0.830851
Conjugate gradients coeff.  =               0.526069
--------------------------- NGWF line search finished --------------------------
                                               
Writing NGWFs to file "Fe_EtOH_3_LowSpin_NGWFSP.tightbox_ngwfs".... done

>>> Optimising kernel for current NGWFs:
   Initial electron number for spin 1:      37.00067560
   Initial electron number for spin 2:      36.00146678
     Final electron number for spin 1:      37.00000000
     Final electron number for spin 2:      36.00000000

=================== Penalty functional idempotency correction ==================
 RMS occupancy error at iteration   1:  0.000355 (step -0.4998 Ne1=     37.0000)
                                                               Ne2=     36.0000
 RMS occupancy error at iteration   2:  0.000001 (step -0.5000 Ne1=     37.0000)
                                                               Ne2=     36.0000
            Final RMS occupancy error   :  0.000000 (Ne1=     37.0000)
                                                     Ne2=     36.0000
            Final occupancy bounds spin 1: [  0.000,  1.000]
            Final occupancy bounds spin 2: [  0.000,  1.000]
================================================================================

................................................................................
<<<<<<<<<<<<<< LNV (Original version) density kernel optimisation >>>>>>>>>>>>>>
~~~~~~~~~~~~~~~~~~~~~~~~~~~~~~~~~~~~~~~~~~~~~~~~~~~~~~~~~~~~~~~~~~~~~~~~~~~~~~~~
   iter  |      energy (Eh)       | rms gradient |  commutator  |   dE (Eh)
      ideal mu1:      -0.967818788499
      ideal mu2:      -0.971431341757
             Q0:        -216.918915433331
             G0:      -0.001057059748
   RMS gradient:       0.000686262018
     Trial step:       0.593813499876
             Q1:        -216.918698142453
 Quadratic coef:       0.000844987227
 Linear coef   :      -0.000627696348
           Qmin:        -216.919032003941
Quadratic minimum step length (  0.220556331381) accepted
    Initial Ne1:      37.00000000
    Initial Ne2:      36.00000000
      Final Ne1:      37.00000000
      Final Ne2:      36.00000000

=================== Penalty functional idempotency correction ==================
 RMS occupancy error at iteration   1:  0.000002 (step -0.5000 Ne1=     37.0000)
                                                               Ne2=     36.0000
            Final RMS occupancy error   :  0.000000 (Ne1=     37.0000)
                                                     Ne2=     36.0000
            Final occupancy bounds spin 1: [  0.000,  1.000]
            Final occupancy bounds spin 2: [  0.000,  1.000]
================================================================================

    1        -2.169189154333E+02     6.8626E-04     4.4555E-04
      ideal mu1:      -0.967731691108
      ideal mu2:      -0.971328407692
             Q0:        -216.919029168900
             G0:      -0.000459612389
   RMS gradient:       0.000449180666
     Trial step:       0.361896845879
             Q1:        -216.919147602668
 Quadratic coef:       0.000047898506
 Linear coef   :      -0.000166332274
           Qmin:        -216.919173570196
Quadratic minimum step length (  0.628361198302) accepted
    Initial Ne1:      37.00000001
    Initial Ne2:      36.00000001
      Final Ne1:      37.00000000
      Final Ne2:      36.00000000

=================== Penalty functional idempotency correction ==================
 RMS occupancy error at iteration   1:  0.000015 (step -0.4999 Ne1=     37.0000)
                                                               Ne2=     36.0000
            Final RMS occupancy error   :  0.000000 (Ne1=     37.0000)
                                                     Ne2=     36.0000
            Final occupancy bounds spin 1: [ -0.000,  1.000]
            Final occupancy bounds spin 2: [ -0.000,  1.000]
================================================================================

    2        -2.169190291689E+02     4.4918E-04     2.9153E-04    -1.1374E-04
      ideal mu1:      -0.967939377762
      ideal mu2:      -0.971425830554
             Q0:        -216.919186901595
             G0:      -0.000560092266
   RMS gradient:       0.000451873713
     Trial step:       0.476866790349
             Q1:        -216.919321978274
 Quadratic coef:       0.000132012722
 Linear coef   :      -0.000267089401
           Qmin:        -216.919321996052
Quadratic minimum step length (  0.482400723211) accepted
    Initial Ne1:      37.00000000
    Initial Ne2:      36.00000004
      Final Ne1:      37.00000000
      Final Ne2:      36.00000000

=================== Penalty functional idempotency correction ==================
 RMS occupancy error at iteration   1:  0.000037 (step -0.4997 Ne1=     37.0000)
                                                               Ne2=     36.0000
            Final RMS occupancy error   :  0.000000 (Ne1=     37.0000)
                                                     Ne2=     36.0000
            Final occupancy bounds spin 1: [ -0.000,  1.000]
            Final occupancy bounds spin 2: [ -0.000,  1.000]
================================================================================

    3        -2.169191869016E+02     4.5187E-04     2.9309E-04    -1.5773E-04
      ideal mu1:      -0.968204243216
      ideal mu2:      -0.971658856550
             Q0:        -216.919322293774
             G0:      -0.000403139862
   RMS gradient:       0.000386951448
     Trial step:       0.479625775516
             Q1:        -216.919446480115
 Quadratic coef:       0.000069169928
 Linear coef   :      -0.000193356269
           Qmin:        -216.919457419861
Quadratic minimum step length (  0.670368274447) accepted
    Initial Ne1:      37.00000016
    Initial Ne2:      36.00000052
      Final Ne1:      37.00000000
      Final Ne2:      36.00000000

=================== Penalty functional idempotency correction ==================
 RMS occupancy error at iteration   1:  0.000092 (step -0.4992 Ne1=     37.0000)
                                                               Ne2=     36.0000
            Final RMS occupancy error   :  0.000000 (Ne1=     37.0000)
                                                     Ne2=     36.0000
            Final occupancy bounds spin 1: [ -0.000,  1.000]
            Final occupancy bounds spin 2: [ -0.000,  1.000]
================================================================================

    4        -2.169193222938E+02     3.8695E-04     2.5127E-04    -1.3539E-04
      ideal mu1:      -0.967966918259
      ideal mu2:      -0.971513641407
    5        -2.169194704526E+02     5.0847E-04     3.3115E-04    -1.4816E-04
Finished density kernel iterations (   5)

Writing density kernel to file "Fe_EtOH_3_LowSpin_NGWFSP.dkn" ... done


>>> Density kernel optimised for the current NGWF basis:
     ~~~~~~~~~~~~~~~~~~~~~~~~~~~~~~~~~~~~~~~~~~~~~~~~~~~~~~~~~~~
     Total energy                =  -2.16919470452628E+02  Eh
     Estimated bandgap (UP spin) =   1.0076E-02  Eh
     Estimated bandgap (DN spin) =   2.0951E-02  Eh
     RMS occupancy error         =   3.0865E-08
     [H,K] commutator            =   3.3115E-04
     UP spin occupancy bounds    = [ -0.000:  1.000]
     DN spin occupancy bounds    = [ -0.000:  1.000]
     ~~~~~~~~~~~~~~~~~~~~~~~~~~~~~~~~~~~~~~~~~~~~~~~~~~~~~~~~~~~


================================================================================
           ---------------- ENERGY COMPONENTS (Eh) ----------------
           | Kinetic                    :       64.31771171677676 |
           | Core Hartree               :     -966.61040050290694 |
           | CoreHart (non-coul chg cor):        0.00155689502347
           | Hartree                    :      432.65522035567483 |
           | Exchange-correlation       :      -30.32491462946932 |
           | Ewald                      :      286.40959520493226 |
           | Dij0                       :       -0.29102226568525 |
           | Dijhartree                 :       10.89673492187759 |
           | Exc [AE core]              :     -113.51280876670826 |
           | Exc DC [AE core]           :      -48.26029928596506 |
           | Exc [PS core]              :      -24.43807822665131 |
           | Exc DC [PS core]           :      -28.84954860581254 |
           | Exc [Core]                 :      -75.10233528622905 |
           | Total [Sphere]             :       -3.36668259763556 |
           | Total                      :     -216.91947045262796 |
           --------------------------------------------------------
           ------ LOCAL ENERGY COMPONENTS FROM MATRIX TRACES ------
           | Core Hartree               :     -966.61040050290774 |
           | Hartree (Valence)          :      432.65522035567528 |
           --------------------------------------------------------
           Integrated compensation chrg.:       11.40717070952410
           Integrated density           :       72.99999932148073
           Integrated spin density      :        1.00000001869535
           Integrated |spin density|    :        2.59211597027415
           Local density approx. <S^2>  :        1.54605797579051
           Integrated density tr(KS)    :       73.00000000000000
           Integrated spin tr(KS)       :        1.00000000000000
================================================================================




################################################################################
########################### NGWF CG iteration  011 #############################
################################################################################
****** Reciprocal space K.E. preconditioning with k_zero =  3.0000 a0^-1 *******

>>> Checking for convergence of NGWFs:   NOT CONVERGED
  ========================================================================
         NGWF RMS gradient =  1.4367E-05 >  2.0000E-06  | above tolerance
  ========================================================================

>>> Improving NGWFs using line search:
============ Calculation of NGWF S^-1 using Hotelling algorithm ================ 
     Iteration  |  Spin  |  Frobenius norm and Maximum abs value (of I-S*S_n^-1)
         1           1      0.20383491E-01     0.25843638E-02
         1           2      0.20821769E-01     0.30909478E-02
         2           1      0.69429797E-04     0.13077115E-04
         2           2      0.73995826E-04     0.15274807E-04
         3           1      0.15547862E-08     0.29100567E-09
         3           2      0.18466374E-08     0.39335990E-09
         4           1      0.68935350E-14     0.19984014E-14
         4           2      0.55923649E-14     0.13322676E-14
================================================================================
============ Calculation of NGWF S^-1 using Hotelling algorithm ================ 
     Iteration  |  Spin  |  Frobenius norm and Maximum abs value (of I-S*S_n^-1)
         1           1      0.60312180E-02     0.72877295E-03
         1           2      0.61404877E-02     0.86438488E-03
         2           1      0.61827762E-05     0.10195081E-05
         2           2      0.65221567E-05     0.11949762E-05
         3           1      0.11809091E-10     0.20985548E-11
         3           2      0.13777393E-10     0.25733859E-11
         4           1      0.57778969E-14     0.13322676E-14
         4           2      0.63599121E-14     0.14432899E-14
================================================================================
------------------------------- NGWF line search -------------------------------
RMS gradient                =       0.00001436718462
Trial step length           =               0.728341
Gradient along search dir.  =         -0.00064338402
Functional at step 0        =    -216.91947045262771
Functional at step 1        =    -216.91961343597382
Functional predicted        =    -216.91963904558682
Selected quadratic step     =               0.524082
Conjugate gradients coeff.  =               0.766726
--------------------------- NGWF line search finished --------------------------
                                               
Writing NGWFs to file "Fe_EtOH_3_LowSpin_NGWFSP.tightbox_ngwfs".... done

>>> Optimising kernel for current NGWFs:
   Initial electron number for spin 1:      37.00097395
   Initial electron number for spin 2:      36.00164853
     Final electron number for spin 1:      37.00000000
     Final electron number for spin 2:      36.00000000

=================== Penalty functional idempotency correction ==================
 RMS occupancy error at iteration   1:  0.000299 (step -0.4998 Ne1=     37.0000)
                                                               Ne2=     36.0000
 RMS occupancy error at iteration   2:  0.000001 (step -0.5000 Ne1=     37.0000)
                                                               Ne2=     36.0000
            Final RMS occupancy error   :  0.000000 (Ne1=     37.0000)
                                                     Ne2=     36.0000
            Final occupancy bounds spin 1: [  0.000,  1.000]
            Final occupancy bounds spin 2: [  0.000,  1.000]
================================================================================

................................................................................
<<<<<<<<<<<<<< LNV (Original version) density kernel optimisation >>>>>>>>>>>>>>
~~~~~~~~~~~~~~~~~~~~~~~~~~~~~~~~~~~~~~~~~~~~~~~~~~~~~~~~~~~~~~~~~~~~~~~~~~~~~~~~
   iter  |      energy (Eh)       | rms gradient |  commutator  |   dE (Eh)
      ideal mu1:      -0.968271555523
      ideal mu2:      -0.971722103845
             Q0:        -216.919653293736
             G0:      -0.000669670322
   RMS gradient:       0.000546223928
     Trial step:       0.567032541847
             Q1:        -216.919577214537
 Quadratic coef:       0.000455804064
 Linear coef   :      -0.000379724865
           Qmin:        -216.919732379786
Quadratic minimum step length (  0.236193983709) accepted
    Initial Ne1:      37.00000000
    Initial Ne2:      36.00000000
      Final Ne1:      37.00000000
      Final Ne2:      36.00000000

=================== Penalty functional idempotency correction ==================
 RMS occupancy error at iteration   1:  0.000002 (step -0.5000 Ne1=     37.0000)
                                                               Ne2=     36.0000
            Final RMS occupancy error   :  0.000000 (Ne1=     37.0000)
                                                     Ne2=     36.0000
            Final occupancy bounds spin 1: [  0.000,  1.000]
            Final occupancy bounds spin 2: [  0.000,  1.000]
================================================================================

    1        -2.169196532937E+02     5.4622E-04     3.5452E-04
      ideal mu1:      -0.968103209111
      ideal mu2:      -0.971565363765
             Q0:        -216.919729691493
             G0:      -0.000307012206
   RMS gradient:       0.000365424652
     Trial step:       0.365964035052
             Q1:        -216.919805320031
 Quadratic coef:       0.000036726888
 Linear coef   :      -0.000112355426
           Qmin:        -216.919815621327
Quadratic minimum step length (  0.559781221471) accepted
    Initial Ne1:      37.00000000
    Initial Ne2:      36.00000000
      Final Ne1:      37.00000000
      Final Ne2:      36.00000000

=================== Penalty functional idempotency correction ==================
 RMS occupancy error at iteration   1:  0.000009 (step -0.5000 Ne1=     37.0000)
                                                               Ne2=     36.0000
            Final RMS occupancy error   :  0.000000 (Ne1=     37.0000)
                                                     Ne2=     36.0000
            Final occupancy bounds spin 1: [  0.000,  1.000]
            Final occupancy bounds spin 2: [  0.000,  1.000]
================================================================================

    2        -2.169197296915E+02     3.6542E-04     2.3700E-04    -7.6398E-05
      ideal mu1:      -0.967912152706
      ideal mu2:      -0.971371723245
             Q0:        -216.919823402700
             G0:      -0.000448124102
   RMS gradient:       0.000396775960
     Trial step:       0.452614399413
             Q1:        -216.919934998775
 Quadratic coef:       0.000091231346
 Linear coef   :      -0.000202827421
           Qmin:        -216.919936135233
Quadratic minimum step length (  0.503130861531) accepted
    Initial Ne1:      36.99999998
    Initial Ne2:      35.99999998
      Final Ne1:      37.00000000
      Final Ne2:      36.00000000

=================== Penalty functional idempotency correction ==================
 RMS occupancy error at iteration   1:  0.000033 (step -0.4997 Ne1=     37.0000)
                                                               Ne2=     36.0000
            Final RMS occupancy error   :  0.000000 (Ne1=     37.0000)
                                                     Ne2=     36.0000
            Final occupancy bounds spin 1: [ -0.000,  1.000]
            Final occupancy bounds spin 2: [ -0.000,  1.000]
================================================================================

    3        -2.169198234027E+02     3.9678E-04     2.5764E-04    -9.3711E-05
      ideal mu1:      -0.967999014600
      ideal mu2:      -0.971430931325
             Q0:        -216.919938817121
             G0:      -0.000276495285
   RMS gradient:       0.000307775617
     Trial step:       0.477204644485
             Q1:        -216.920022980063
 Quadratic coef:       0.000047781892
 Linear coef   :      -0.000131944834
           Qmin:        -216.920029905180
Quadratic minimum step length (  0.658876045166) accepted
    Initial Ne1:      37.00000004
    Initial Ne2:      36.00000032
      Final Ne1:      37.00000000
      Final Ne2:      36.00000000

=================== Penalty functional idempotency correction ==================
 RMS occupancy error at iteration   1:  0.000064 (step -0.4995 Ne1=     37.0000)
                                                               Ne2=     36.0000
            Final RMS occupancy error   :  0.000000 (Ne1=     37.0000)
                                                     Ne2=     36.0000
            Final occupancy bounds spin 1: [ -0.000,  1.000]
            Final occupancy bounds spin 2: [ -0.000,  1.000]
================================================================================

    4        -2.169199388171E+02     3.0778E-04     1.9985E-04    -1.1541E-04
      ideal mu1:      -0.968315765990
      ideal mu2:      -0.971710290182
    5        -2.169200410337E+02     4.0835E-04     2.6544E-04    -1.0222E-04
Finished density kernel iterations (   5)

Writing density kernel to file "Fe_EtOH_3_LowSpin_NGWFSP.dkn" ... done


>>> Density kernel optimised for the current NGWF basis:
     ~~~~~~~~~~~~~~~~~~~~~~~~~~~~~~~~~~~~~~~~~~~~~~~~~~~~~~~~~~~
     Total energy                =  -2.16920041033658E+02  Eh
     Estimated bandgap (UP spin) =   9.9932E-03  Eh
     Estimated bandgap (DN spin) =   2.2239E-02  Eh
     RMS occupancy error         =   1.2631E-08
     [H,K] commutator            =   2.6544E-04
     UP spin occupancy bounds    = [ -0.000:  1.000]
     DN spin occupancy bounds    = [ -0.000:  1.000]
     ~~~~~~~~~~~~~~~~~~~~~~~~~~~~~~~~~~~~~~~~~~~~~~~~~~~~~~~~~~~




################################################################################
########################### NGWF CG iteration  012 #############################
################################################################################
****** Reciprocal space K.E. preconditioning with k_zero =  3.0000 a0^-1 *******

>>> Checking for convergence of NGWFs:   NOT CONVERGED
  ========================================================================
         NGWF RMS gradient =  1.1772E-05 >  2.0000E-06  | above tolerance
  ========================================================================

>>> Improving NGWFs using line search:
============ Calculation of NGWF S^-1 using Hotelling algorithm ================ 
     Iteration  |  Spin  |  Frobenius norm and Maximum abs value (of I-S*S_n^-1)
         1           1      0.19363906E-01     0.25271957E-02
         1           2      0.19517646E-01     0.27089722E-02
         2           1      0.64741842E-04     0.11983212E-04
         2           2      0.66369979E-04     0.12635361E-04
         3           1      0.13955810E-08     0.26015368E-09
         3           2      0.14245297E-08     0.25063521E-09
         4           1      0.62514195E-14     0.15543122E-14
         4           2      0.64004139E-14     0.18873791E-14
================================================================================
============ Calculation of NGWF S^-1 using Hotelling algorithm ================ 
     Iteration  |  Spin  |  Frobenius norm and Maximum abs value (of I-S*S_n^-1)
         1           1      0.45459913E-02     0.56128969E-03
         1           2      0.45734824E-02     0.60025386E-03
         2           1      0.36249421E-05     0.58585266E-06
         2           2      0.37004149E-05     0.62104873E-06
         3           1      0.41879049E-11     0.74098887E-12
         3           2      0.42972718E-11     0.70873212E-12
================================================================================
------------------------------- NGWF line search -------------------------------
RMS gradient                =       0.00001177207387
Trial step length           =               0.617827
Gradient along search dir.  =         -0.00050145737
Functional at step 0        =    -216.92004103365804
Functional at step 1        =    -216.92015172479995
Functional predicted        =    -216.92016154305514
Selected quadratic step     =               0.480637
Conjugate gradients coeff.  =               0.671371
--------------------------- NGWF line search finished --------------------------
                                               
Writing NGWFs to file "Fe_EtOH_3_LowSpin_NGWFSP.tightbox_ngwfs".... done

>>> Optimising kernel for current NGWFs:
   Initial electron number for spin 1:      37.00122803
   Initial electron number for spin 2:      36.00189611
     Final electron number for spin 1:      37.00000000
     Final electron number for spin 2:      36.00000000

=================== Penalty functional idempotency correction ==================
 RMS occupancy error at iteration   1:  0.000295 (step -0.4998 Ne1=     37.0000)
                                                               Ne2=     36.0000
 RMS occupancy error at iteration   2:  0.000001 (step -0.5000 Ne1=     37.0000)
                                                               Ne2=     36.0000
            Final RMS occupancy error   :  0.000000 (Ne1=     37.0000)
                                                     Ne2=     36.0000
            Final occupancy bounds spin 1: [  0.000,  1.000]
            Final occupancy bounds spin 2: [  0.000,  1.000]
================================================================================

................................................................................
<<<<<<<<<<<<<< LNV (Original version) density kernel optimisation >>>>>>>>>>>>>>
~~~~~~~~~~~~~~~~~~~~~~~~~~~~~~~~~~~~~~~~~~~~~~~~~~~~~~~~~~~~~~~~~~~~~~~~~~~~~~~~
   iter  |      energy (Eh)       | rms gradient |  commutator  |   dE (Eh)
      ideal mu1:      -0.968270495397
      ideal mu2:      -0.971664895261
             Q0:        -216.920174196724
             G0:      -0.000569222766
   RMS gradient:       0.000503594903
     Trial step:       0.560730513610
             Q1:        -216.920055789869
 Quadratic coef:       0.000437587429
 Linear coef   :      -0.000319180574
           Qmin:        -216.920232400086
Quadratic minimum step length (  0.204501175409) accepted
    Initial Ne1:      37.00000000
    Initial Ne2:      36.00000000
      Final Ne1:      37.00000000
      Final Ne2:      36.00000000

=================== Penalty functional idempotency correction ==================
 RMS occupancy error at iteration   1:  0.000001 (step -0.5000 Ne1=     37.0000)
                                                               Ne2=     36.0000
            Final RMS occupancy error   :  0.000000 (Ne1=     37.0000)
                                                     Ne2=     36.0000
            Final occupancy bounds spin 1: [  0.000,  1.000]
            Final occupancy bounds spin 2: [  0.000,  1.000]
================================================================================

    1        -2.169201741967E+02     5.0359E-04     3.2722E-04
      ideal mu1:      -0.968251515012
      ideal mu2:      -0.971646970768
             Q0:        -216.920230491839
             G0:      -0.000188853313
   RMS gradient:       0.000287327786
     Trial step:       0.338629663675
             Q1:        -216.920274568928
 Quadratic coef:       0.000019874245
 Linear coef   :      -0.000063951334
           Qmin:        -216.920281937480
Quadratic minimum step length (  0.544821166084) accepted
    Initial Ne1:      37.00000000
    Initial Ne2:      36.00000000
      Final Ne1:      37.00000000
      Final Ne2:      36.00000000

=================== Penalty functional idempotency correction ==================
 RMS occupancy error at iteration   1:  0.000005 (step -0.5000 Ne1=     37.0000)
                                                               Ne2=     36.0000
            Final RMS occupancy error   :  0.000000 (Ne1=     37.0000)
                                                     Ne2=     36.0000
            Final occupancy bounds spin 1: [  0.000,  1.000]
            Final occupancy bounds spin 2: [  0.000,  1.000]
================================================================================

    2        -2.169202304918E+02     2.8733E-04     1.8652E-04    -5.6295E-05
      ideal mu1:      -0.968275822535
      ideal mu2:      -0.971657027730
             Q0:        -216.920288885599
             G0:      -0.000271821783
   RMS gradient:       0.000298023718
     Trial step:       0.429526027424
             Q1:        -216.920357494212
 Quadratic coef:       0.000048145917
 Linear coef   :      -0.000116754531
           Qmin:        -216.920359668446
Quadratic minimum step length (  0.520803346096) accepted
    Initial Ne1:      37.00000000
    Initial Ne2:      36.00000000
      Final Ne1:      37.00000000
      Final Ne2:      36.00000000

=================== Penalty functional idempotency correction ==================
 RMS occupancy error at iteration   1:  0.000018 (step -0.4999 Ne1=     37.0000)
                                                               Ne2=     36.0000
            Final RMS occupancy error   :  0.000000 (Ne1=     37.0000)
                                                     Ne2=     36.0000
            Final occupancy bounds spin 1: [ -0.000,  1.000]
            Final occupancy bounds spin 2: [ -0.000,  1.000]
================================================================================

    3        -2.169202888856E+02     2.9802E-04     1.9362E-04    -5.8394E-05
      ideal mu1:      -0.968292002419
      ideal mu2:      -0.971663603283
             Q0:        -216.920363837004
             G0:      -0.000215031791
   RMS gradient:       0.000256165841
     Trial step:       0.472967855480
             Q1:        -216.920417304439
 Quadratic coef:       0.000048235691
 Linear coef   :      -0.000101703125
           Qmin:        -216.920417446301
Quadratic minimum step length (  0.498617396900) accepted
    Initial Ne1:      37.00000001
    Initial Ne2:      36.00000005
      Final Ne1:      37.00000000
      Final Ne2:      36.00000000

=================== Penalty functional idempotency correction ==================
 RMS occupancy error at iteration   1:  0.000031 (step -0.4997 Ne1=     37.0000)
                                                               Ne2=     36.0000
            Final RMS occupancy error   :  0.000000 (Ne1=     37.0000)
                                                     Ne2=     36.0000
            Final occupancy bounds spin 1: [ -0.000,  1.000]
            Final occupancy bounds spin 2: [ -0.000,  1.000]
================================================================================

    4        -2.169203638370E+02     2.5617E-04     1.6672E-04    -7.4951E-05
      ideal mu1:      -0.968402556146
      ideal mu2:      -0.971749124813
    5        -2.169204185805E+02     3.2588E-04     2.1222E-04    -5.4743E-05
Finished density kernel iterations (   5)

Writing density kernel to file "Fe_EtOH_3_LowSpin_NGWFSP.dkn" ... done


>>> Density kernel optimised for the current NGWF basis:
     ~~~~~~~~~~~~~~~~~~~~~~~~~~~~~~~~~~~~~~~~~~~~~~~~~~~~~~~~~~~
     Total energy                =  -2.16920418580475E+02  Eh
     Estimated bandgap (UP spin) =   9.5484E-03  Eh
     Estimated bandgap (DN spin) =   2.2676E-02  Eh
     RMS occupancy error         =   2.8740E-09
     [H,K] commutator            =   2.1222E-04
     UP spin occupancy bounds    = [ -0.000:  1.000]
     DN spin occupancy bounds    = [ -0.000:  1.000]
     ~~~~~~~~~~~~~~~~~~~~~~~~~~~~~~~~~~~~~~~~~~~~~~~~~~~~~~~~~~~




################################################################################
########################### NGWF CG iteration  013 #############################
################################################################################
****** Reciprocal space K.E. preconditioning with k_zero =  3.0000 a0^-1 *******

>>> Checking for convergence of NGWFs:   NOT CONVERGED
  ========================================================================
         NGWF RMS gradient =  1.0257E-05 >  2.0000E-06  | above tolerance
  ========================================================================

>>> Improving NGWFs using line search:
============ Calculation of NGWF S^-1 using Hotelling algorithm ================ 
     Iteration  |  Spin  |  Frobenius norm and Maximum abs value (of I-S*S_n^-1)
         1           1      0.55383325E-02     0.90178114E-03
         1           2      0.56351078E-02     0.92619091E-03
         2           1      0.57084554E-05     0.17119495E-05
         2           2      0.59784358E-05     0.17876139E-05
         3           1      0.12204392E-10     0.33488767E-11
         3           2      0.12543506E-10     0.35953462E-11
         4           1      0.65400722E-14     0.17763568E-14
         4           2      0.57794442E-14     0.17763568E-14
================================================================================
============ Calculation of NGWF S^-1 using Hotelling algorithm ================ 
     Iteration  |  Spin  |  Frobenius norm and Maximum abs value (of I-S*S_n^-1)
         1           1      0.93655883E-03     0.15003206E-03
         1           2      0.95259881E-03     0.15474844E-03
         2           1      0.16164644E-06     0.47151570E-07
         2           2      0.16912876E-06     0.49342286E-07
         3           1      0.11627995E-13     0.33306691E-14
         3           2      0.11610445E-13     0.35527137E-14
================================================================================
------------------------------- NGWF line search -------------------------------
RMS gradient                =       0.00001025670960
Trial step length           =               0.544931
Gradient along search dir.  =         -0.00023093303
Functional at step 0        =    -216.92041858047537
Functional at step 1        =    -216.92049048086852
Functional predicted        =    -216.92049197549227
Selected quadratic step     =               0.635639
Conjugate gradients coeff.  =               0.000000
--------------------------- NGWF line search finished --------------------------
                                               
Writing NGWFs to file "Fe_EtOH_3_LowSpin_NGWFSP.tightbox_ngwfs".... done

>>> Optimising kernel for current NGWFs:
   Initial electron number for spin 1:      37.00052020
   Initial electron number for spin 2:      36.00084875
     Final electron number for spin 1:      37.00000000
     Final electron number for spin 2:      36.00000000

=================== Penalty functional idempotency correction ==================
 RMS occupancy error at iteration   1:  0.000147 (step -0.4999 Ne1=     37.0000)
                                                               Ne2=     36.0000
 RMS occupancy error at iteration   2:  0.000000 (step -0.5000 Ne1=     37.0000)
                                                               Ne2=     36.0000
            Final RMS occupancy error   :  0.000000 (Ne1=     37.0000)
                                                     Ne2=     36.0000
            Final occupancy bounds spin 1: [  0.000,  1.000]
            Final occupancy bounds spin 2: [  0.000,  1.000]
================================================================================

................................................................................
<<<<<<<<<<<<<< LNV (Original version) density kernel optimisation >>>>>>>>>>>>>>
~~~~~~~~~~~~~~~~~~~~~~~~~~~~~~~~~~~~~~~~~~~~~~~~~~~~~~~~~~~~~~~~~~~~~~~~~~~~~~~~
   iter  |      energy (Eh)       | rms gradient |  commutator  |   dE (Eh)
      ideal mu1:      -0.967822505126
      ideal mu2:      -0.971283900123
             Q0:        -216.920496684375
             G0:      -0.000205924863
   RMS gradient:       0.000302896732
     Trial step:       0.485623311752
             Q1:        -216.920512539912
 Quadratic coef:       0.000084146377
 Linear coef   :      -0.000100001914
           Qmin:        -216.920526395645
Quadratic minimum step length (  0.288564180915) accepted
    Initial Ne1:      37.00000000
    Initial Ne2:      36.00000000
      Final Ne1:      37.00000000
      Final Ne2:      36.00000000

=================== Penalty functional idempotency correction ==================
 RMS occupancy error at iteration   1:  0.000001 (step -0.5000 Ne1=     37.0000)
                                                               Ne2=     36.0000
            Final RMS occupancy error   :  0.000000 (Ne1=     37.0000)
                                                     Ne2=     36.0000
            Final occupancy bounds spin 1: [  0.000,  1.000]
            Final occupancy bounds spin 2: [  0.000,  1.000]
================================================================================

    1        -2.169204966844E+02     3.0290E-04     1.9649E-04
      ideal mu1:      -0.968195747459
      ideal mu2:      -0.971572227506
             Q0:        -216.920524364335
             G0:      -0.000137030576
   RMS gradient:       0.000235481820
     Trial step:       0.374344083951
             Q1:        -216.920553605515
 Quadratic coef:       0.000022055405
 Linear coef   :      -0.000051296585
           Qmin:        -216.920554190807
Quadratic minimum step length (  0.435325797598) accepted
    Initial Ne1:      37.00000000
    Initial Ne2:      36.00000000
      Final Ne1:      37.00000000
      Final Ne2:      36.00000000

=================== Penalty functional idempotency correction ==================
 RMS occupancy error at iteration   1:  0.000004 (step -0.5000 Ne1=     37.0000)
                                                               Ne2=     36.0000
            Final RMS occupancy error   :  0.000000 (Ne1=     37.0000)
                                                     Ne2=     36.0000
            Final occupancy bounds spin 1: [  0.000,  1.000]
            Final occupancy bounds spin 2: [  0.000,  1.000]
================================================================================

    2        -2.169205243643E+02     2.3548E-04     1.5261E-04    -2.7680E-05
      ideal mu1:      -0.968660758607
      ideal mu2:      -0.971945271906
             Q0:        -216.920555923102
             G0:      -0.000180284772
   RMS gradient:       0.000234703433
     Trial step:       0.403685071463
             Q1:        -216.920599434254
 Quadratic coef:       0.000029267119
 Linear coef   :      -0.000072778271
           Qmin:        -216.920601167364
Quadratic minimum step length (  0.501919945357) accepted
    Initial Ne1:      36.99999999
    Initial Ne2:      35.99999999
      Final Ne1:      37.00000000
      Final Ne2:      36.00000000

=================== Penalty functional idempotency correction ==================
 RMS occupancy error at iteration   1:  0.000014 (step -0.4999 Ne1=     37.0000)
                                                               Ne2=     36.0000
            Final RMS occupancy error   :  0.000000 (Ne1=     37.0000)
                                                     Ne2=     36.0000
            Final occupancy bounds spin 1: [ -0.000,  1.000]
            Final occupancy bounds spin 2: [ -0.000,  1.000]
================================================================================

    3        -2.169205559231E+02     2.3470E-04     1.5238E-04    -3.1559E-05
      ideal mu1:      -0.968878072966
      ideal mu2:      -0.972142818345
             Q0:        -216.920605341613
             G0:      -0.000168341439
   RMS gradient:       0.000210670501
     Trial step:       0.450130635494
             Q1:        -216.920649816695
 Quadratic coef:       0.000031300557
 Linear coef   :      -0.000075775639
           Qmin:        -216.920651202997
Quadratic minimum step length (  0.544861498552) accepted
    Initial Ne1:      36.99999999
    Initial Ne2:      36.00000004
      Final Ne1:      37.00000000
      Final Ne2:      36.00000000

=================== Penalty functional idempotency correction ==================
 RMS occupancy error at iteration   1:  0.000030 (step -0.4998 Ne1=     37.0000)
                                                               Ne2=     36.0000
            Final RMS occupancy error   :  0.000000 (Ne1=     37.0000)
                                                     Ne2=     36.0000
            Final occupancy bounds spin 1: [ -0.000,  1.000]
            Final occupancy bounds spin 2: [ -0.000,  1.000]
================================================================================

    4        -2.169206053416E+02     2.1067E-04     1.3680E-04    -4.9419E-05
      ideal mu1:      -0.968669832579
      ideal mu2:      -0.971992856724
    5        -2.169206554850E+02     2.5763E-04     1.6716E-04    -5.0143E-05
Finished density kernel iterations (   5)

Writing density kernel to file "Fe_EtOH_3_LowSpin_NGWFSP.dkn" ... done


>>> Density kernel optimised for the current NGWF basis:
     ~~~~~~~~~~~~~~~~~~~~~~~~~~~~~~~~~~~~~~~~~~~~~~~~~~~~~~~~~~~
     Total energy                =  -2.16920655485021E+02  Eh
     Estimated bandgap (UP spin) =   9.6614E-03  Eh
     Estimated bandgap (DN spin) =   2.3295E-02  Eh
     RMS occupancy error         =   2.2780E-09
     [H,K] commutator            =   1.6716E-04
     UP spin occupancy bounds    = [ -0.000:  1.000]
     DN spin occupancy bounds    = [ -0.000:  1.000]
     ~~~~~~~~~~~~~~~~~~~~~~~~~~~~~~~~~~~~~~~~~~~~~~~~~~~~~~~~~~~




################################################################################
########################### NGWF CG iteration  014 #############################
################################################################################
****** Reciprocal space K.E. preconditioning with k_zero =  3.0000 a0^-1 *******

>>> Checking for convergence of NGWFs:   NOT CONVERGED
  ========================================================================
         NGWF RMS gradient =  8.8280E-06 >  2.0000E-06  | above tolerance
  ========================================================================

>>> Improving NGWFs using line search:
============ Calculation of NGWF S^-1 using Hotelling algorithm ================ 
     Iteration  |  Spin  |  Frobenius norm and Maximum abs value (of I-S*S_n^-1)
         1           1      0.10535140E-01     0.16814612E-02
         1           2      0.10377134E-01     0.17291380E-02
         2           1      0.20167985E-04     0.58451963E-05
         2           2      0.19243105E-04     0.61096823E-05
         3           1      0.14759947E-09     0.40032866E-10
         3           2      0.11721808E-09     0.42504000E-10
         4           1      0.59160513E-14     0.11206648E-14
         4           2      0.59146669E-14     0.12251485E-14
================================================================================
============ Calculation of NGWF S^-1 using Hotelling algorithm ================ 
     Iteration  |  Spin  |  Frobenius norm and Maximum abs value (of I-S*S_n^-1)
         1           1      0.76281783E-03     0.11818040E-03
         1           2      0.75216643E-03     0.12184564E-03
         2           1      0.10464644E-06     0.28380272E-07
         2           2      0.10015203E-06     0.29778811E-07
         3           1      0.78080503E-14     0.22204460E-14
         3           2      0.65866767E-14     0.13322676E-14
================================================================================
------------------------------- NGWF line search -------------------------------
RMS gradient                =       0.00000882801314
Trial step length           =               0.588540
Gradient along search dir.  =         -0.00022456023
Functional at step 0        =    -216.92065548502057
Functional at step 1        =    -216.92072589193666
Functional predicted        =    -216.92072619490949
Selected quadratic step     =               0.629763
Conjugate gradients coeff.  =               0.740815
--------------------------- NGWF line search finished --------------------------
                                               
Writing NGWFs to file "Fe_EtOH_3_LowSpin_NGWFSP.tightbox_ngwfs".... done

>>> Optimising kernel for current NGWFs:
   Initial electron number for spin 1:      37.00082210
   Initial electron number for spin 2:      36.00138237
     Final electron number for spin 1:      37.00000000
     Final electron number for spin 2:      36.00000000

=================== Penalty functional idempotency correction ==================
 RMS occupancy error at iteration   1:  0.000248 (step -0.4999 Ne1=     37.0000)
                                                               Ne2=     36.0000
 RMS occupancy error at iteration   2:  0.000001 (step -0.5000 Ne1=     37.0000)
                                                               Ne2=     36.0000
            Final RMS occupancy error   :  0.000000 (Ne1=     37.0000)
                                                     Ne2=     36.0000
            Final occupancy bounds spin 1: [  0.000,  1.000]
            Final occupancy bounds spin 2: [  0.000,  1.000]
================================================================================

................................................................................
<<<<<<<<<<<<<< LNV (Original version) density kernel optimisation >>>>>>>>>>>>>>
~~~~~~~~~~~~~~~~~~~~~~~~~~~~~~~~~~~~~~~~~~~~~~~~~~~~~~~~~~~~~~~~~~~~~~~~~~~~~~~~
   iter  |      energy (Eh)       | rms gradient |  commutator  |   dE (Eh)
      ideal mu1:      -0.968504143242
      ideal mu2:      -0.971870681682
             Q0:        -216.920736930172
             G0:      -0.000326187876
   RMS gradient:       0.000381218618
     Trial step:       0.495236158413
             Q1:        -216.920692656942
 Quadratic coef:       0.000205813261
 Linear coef   :      -0.000161540031
           Qmin:        -216.920768627816
Quadratic minimum step length (  0.194352064075) accepted
    Initial Ne1:      37.00000000
    Initial Ne2:      36.00000000
      Final Ne1:      37.00000000
      Final Ne2:      36.00000000

=================== Penalty functional idempotency correction ==================
 RMS occupancy error at iteration   1:  0.000001 (step -0.5000 Ne1=     37.0000)
                                                               Ne2=     36.0000
            Final RMS occupancy error   :  0.000000 (Ne1=     37.0000)
                                                     Ne2=     36.0000
            Final occupancy bounds spin 1: [  0.000,  1.000]
            Final occupancy bounds spin 2: [  0.000,  1.000]
================================================================================

    1        -2.169207369302E+02     3.8122E-04     2.4727E-04
      ideal mu1:      -0.968523768753
      ideal mu2:      -0.971866114389
             Q0:        -216.920766897278
             G0:      -0.000090449227
   RMS gradient:       0.000197241727
     Trial step:       0.310242114472
             Q1:        -216.920783532339
 Quadratic coef:       0.000011426099
 Linear coef   :      -0.000028061160
           Qmin:        -216.920784126008
Quadratic minimum step length (  0.380959141474) accepted
    Initial Ne1:      37.00000000
    Initial Ne2:      36.00000000
      Final Ne1:      37.00000000
      Final Ne2:      36.00000000

=================== Penalty functional idempotency correction ==================
 RMS occupancy error at iteration   1:  0.000001 (step -0.5000 Ne1=     37.0000)
                                                               Ne2=     36.0000
            Final RMS occupancy error   :  0.000000 (Ne1=     37.0000)
                                                     Ne2=     36.0000
            Final occupancy bounds spin 1: [  0.000,  1.000]
            Final occupancy bounds spin 2: [  0.000,  1.000]
================================================================================

    2        -2.169207668973E+02     1.9724E-04     1.2799E-04    -2.9967E-05
      ideal mu1:      -0.968613947381
      ideal mu2:      -0.971913152754
             Q0:        -216.920785597023
             G0:      -0.000102951039
   RMS gradient:       0.000176215139
     Trial step:       0.343787099203
             Q1:        -216.920806699623
 Quadratic coef:       0.000014290638
 Linear coef   :      -0.000035393239
           Qmin:        -216.920807511393
Quadratic minimum step length (  0.425724121474) accepted
    Initial Ne1:      37.00000000
    Initial Ne2:      36.00000000
      Final Ne1:      37.00000000
      Final Ne2:      36.00000000

=================== Penalty functional idempotency correction ==================
 RMS occupancy error at iteration   1:  0.000004 (step -0.5000 Ne1=     37.0000)
                                                               Ne2=     36.0000
            Final RMS occupancy error   :  0.000000 (Ne1=     37.0000)
                                                     Ne2=     36.0000
            Final occupancy bounds spin 1: [  0.000,  1.000]
            Final occupancy bounds spin 2: [  0.000,  1.000]
================================================================================

    3        -2.169207855970E+02     1.7622E-04     1.1453E-04    -1.8700E-05
      ideal mu1:      -0.968707562179
      ideal mu2:      -0.971982757626
             Q0:        -216.920809880075
             G0:      -0.000123226615
   RMS gradient:       0.000173148240
     Trial step:       0.382568243301
             Q1:        -216.920833853450
 Quadratic coef:       0.000023169215
 Linear coef   :      -0.000047142590
           Qmin:        -216.920833860428
Quadratic minimum step length (  0.389207356939) accepted
    Initial Ne1:      37.00000000
    Initial Ne2:      35.99999999
      Final Ne1:      37.00000000
      Final Ne2:      36.00000000

=================== Penalty functional idempotency correction ==================
 RMS occupancy error at iteration   1:  0.000009 (step -0.5000 Ne1=     37.0000)
                                                               Ne2=     36.0000
            Final RMS occupancy error   :  0.000000 (Ne1=     37.0000)
                                                     Ne2=     36.0000
            Final occupancy bounds spin 1: [  0.000,  1.000]
            Final occupancy bounds spin 2: [  0.000,  1.000]
================================================================================

    4        -2.169208098801E+02     1.7315E-04     1.1249E-04    -2.4283E-05
      ideal mu1:      -0.968729090195
      ideal mu2:      -0.972016475184
    5        -2.169208340697E+02     1.8282E-04     1.1867E-04    -2.4190E-05
Finished density kernel iterations (   5)

Writing density kernel to file "Fe_EtOH_3_LowSpin_NGWFSP.dkn" ... done


>>> Density kernel optimised for the current NGWF basis:
     ~~~~~~~~~~~~~~~~~~~~~~~~~~~~~~~~~~~~~~~~~~~~~~~~~~~~~~~~~~~
     Total energy                =  -2.16920834069744E+02  Eh
     Estimated bandgap (UP spin) =   9.3252E-03  Eh
     Estimated bandgap (DN spin) =   2.3610E-02  Eh
     RMS occupancy error         =   1.2812E-09
     [H,K] commutator            =   1.1867E-04
     UP spin occupancy bounds    = [  0.000:  1.000]
     DN spin occupancy bounds    = [  0.000:  1.000]
     ~~~~~~~~~~~~~~~~~~~~~~~~~~~~~~~~~~~~~~~~~~~~~~~~~~~~~~~~~~~




################################################################################
########################### NGWF CG iteration  015 #############################
################################################################################
****** Reciprocal space K.E. preconditioning with k_zero =  3.0000 a0^-1 *******

>>> Checking for convergence of NGWFs:   NOT CONVERGED
  ========================================================================
         NGWF RMS gradient =  6.9431E-06 >  2.0000E-06  | above tolerance
  ========================================================================

>>> Improving NGWFs using line search:
============ Calculation of NGWF S^-1 using Hotelling algorithm ================ 
     Iteration  |  Spin  |  Frobenius norm and Maximum abs value (of I-S*S_n^-1)
         1           1      0.12999416E-01     0.20801613E-02
         1           2      0.12983998E-01     0.21491925E-02
         2           1      0.30358585E-04     0.89356674E-05
         2           2      0.29860510E-04     0.93475713E-05
         3           1      0.31481874E-09     0.92573949E-10
         3           2      0.27623729E-09     0.99333985E-10
         4           1      0.53151949E-14     0.99920072E-15
         4           2      0.56249415E-14     0.13322676E-14
================================================================================
============ Calculation of NGWF S^-1 using Hotelling algorithm ================ 
     Iteration  |  Spin  |  Frobenius norm and Maximum abs value (of I-S*S_n^-1)
         1           1      0.27510422E-02     0.42655964E-03
         1           2      0.27474226E-02     0.44171718E-03
         2           1      0.13539935E-05     0.37042122E-06
         2           2      0.13328551E-05     0.38883935E-06
         3           1      0.61706020E-12     0.16064927E-12
         3           2      0.53895739E-12     0.17419399E-12
================================================================================
------------------------------- NGWF line search -------------------------------
RMS gradient                =       0.00000694305469
Trial step length           =               0.608803
Gradient along search dir.  =         -0.00020257457
Functional at step 0        =    -216.92083406974393
Functional at step 1        =    -216.92087987594195
Functional predicted        =    -216.92088311980157
Selected quadratic step     =               0.484267
Conjugate gradients coeff.  =               0.618551
--------------------------- NGWF line search finished --------------------------
                                               
Writing NGWFs to file "Fe_EtOH_3_LowSpin_NGWFSP.tightbox_ngwfs".... done

>>> Optimising kernel for current NGWFs:
   Initial electron number for spin 1:      37.00072698
   Initial electron number for spin 2:      36.00124724
     Final electron number for spin 1:      37.00000000
     Final electron number for spin 2:      36.00000000

=================== Penalty functional idempotency correction ==================
 RMS occupancy error at iteration   1:  0.000221 (step -0.4999 Ne1=     37.0000)
                                                               Ne2=     36.0000
 RMS occupancy error at iteration   2:  0.000000 (step -0.5000 Ne1=     37.0000)
                                                               Ne2=     36.0000
            Final RMS occupancy error   :  0.000000 (Ne1=     37.0000)
                                                     Ne2=     36.0000
            Final occupancy bounds spin 1: [  0.000,  1.000]
            Final occupancy bounds spin 2: [  0.000,  1.000]
================================================================================

................................................................................
<<<<<<<<<<<<<< LNV (Original version) density kernel optimisation >>>>>>>>>>>>>>
~~~~~~~~~~~~~~~~~~~~~~~~~~~~~~~~~~~~~~~~~~~~~~~~~~~~~~~~~~~~~~~~~~~~~~~~~~~~~~~~
   iter  |      energy (Eh)       | rms gradient |  commutator  |   dE (Eh)
      ideal mu1:      -0.968803337164
      ideal mu2:      -0.972099078407
             Q0:        -216.920890748062
             G0:      -0.000240887135
   RMS gradient:       0.000327602342
     Trial step:       0.385873521797
             Q1:        -216.920888284479
 Quadratic coef:       0.000095415550
 Linear coef   :      -0.000092951967
           Qmin:        -216.920913386060
Quadratic minimum step length (  0.187955228786) accepted
    Initial Ne1:      37.00000000
    Initial Ne2:      36.00000000
      Final Ne1:      37.00000000
      Final Ne2:      36.00000000

=================== Penalty functional idempotency correction ==================
 RMS occupancy error at iteration   1:  0.000000 (step -0.5000 Ne1=     37.0000)
                                                               Ne2=     36.0000
            Final RMS occupancy error   :  0.000000 (Ne1=     37.0000)
                                                     Ne2=     36.0000
            Final occupancy bounds spin 1: [  0.000,  1.000]
            Final occupancy bounds spin 2: [  0.000,  1.000]
================================================================================

    1        -2.169208907481E+02     3.2760E-04     2.1222E-04
      ideal mu1:      -0.968719320128
      ideal mu2:      -0.972022494735
             Q0:        -216.920912328119
             G0:      -0.000053497205
   RMS gradient:       0.000151070445
     Trial step:       0.269308273307
             Q1:        -216.920920391126
 Quadratic coef:       0.000006344233
 Linear coef   :      -0.000014407240
           Qmin:        -216.920920507538
Quadratic minimum step length (  0.305788642761) accepted
    Initial Ne1:      37.00000000
    Initial Ne2:      36.00000000
      Final Ne1:      37.00000000
      Final Ne2:      36.00000000

=================== Penalty functional idempotency correction ==================
 RMS occupancy error at iteration   1:  0.000001 (step -0.5000 Ne1=     37.0000)
                                                               Ne2=     36.0000
            Final RMS occupancy error   :  0.000000 (Ne1=     37.0000)
                                                     Ne2=     36.0000
            Final occupancy bounds spin 1: [  0.000,  1.000]
            Final occupancy bounds spin 2: [  0.000,  1.000]
================================================================================

    2        -2.169209123281E+02     1.5107E-04     9.8020E-05    -2.1580E-05
      ideal mu1:      -0.968689762355
      ideal mu2:      -0.971986982958
             Q0:        -216.920921052779
             G0:      -0.000071731204
   RMS gradient:       0.000142203961
     Trial step:       0.286969356167
             Q1:        -216.920933780964
 Quadratic coef:       0.000007856473
 Linear coef   :      -0.000020584657
           Qmin:        -216.920934536188
Quadratic minimum step length (  0.375942616895) accepted
    Initial Ne1:      37.00000000
    Initial Ne2:      36.00000000
      Final Ne1:      37.00000000
      Final Ne2:      36.00000000

=================== Penalty functional idempotency correction ==================
 RMS occupancy error at iteration   1:  0.000002 (step -0.5000 Ne1=     37.0000)
                                                               Ne2=     36.0000
            Final RMS occupancy error   :  0.000000 (Ne1=     37.0000)
                                                     Ne2=     36.0000
            Final occupancy bounds spin 1: [  0.000,  1.000]
            Final occupancy bounds spin 2: [  0.000,  1.000]
================================================================================

    3        -2.169209210528E+02     1.4220E-04     9.2424E-05    -8.7247E-06
      ideal mu1:      -0.968713517084
      ideal mu2:      -0.971999139159
             Q0:        -216.920937047507
             G0:      -0.000114417899
   RMS gradient:       0.000150670135
     Trial step:       0.328457015036
             Q1:        -216.920957405104
 Quadratic coef:       0.000017223764
 Linear coef   :      -0.000037581361
           Qmin:        -216.920957547653
Quadratic minimum step length (  0.358338092004) accepted
    Initial Ne1:      37.00000000
    Initial Ne2:      36.00000000
      Final Ne1:      37.00000000
      Final Ne2:      36.00000000

=================== Penalty functional idempotency correction ==================
 RMS occupancy error at iteration   1:  0.000007 (step -0.5000 Ne1=     37.0000)
                                                               Ne2=     36.0000
            Final RMS occupancy error   :  0.000000 (Ne1=     37.0000)
                                                     Ne2=     36.0000
            Final occupancy bounds spin 1: [  0.000,  1.000]
            Final occupancy bounds spin 2: [  0.000,  1.000]
================================================================================

    4        -2.169209370475E+02     1.5067E-04     9.7748E-05    -1.5995E-05
      ideal mu1:      -0.968792756977
      ideal mu2:      -0.972063906794
    5        -2.169209586316E+02     1.3727E-04     8.9110E-05    -2.1584E-05
Finished density kernel iterations (   5)

Writing density kernel to file "Fe_EtOH_3_LowSpin_NGWFSP.dkn" ... done


>>> Density kernel optimised for the current NGWF basis:
     ~~~~~~~~~~~~~~~~~~~~~~~~~~~~~~~~~~~~~~~~~~~~~~~~~~~~~~~~~~~
     Total energy                =  -2.16920958631565E+02  Eh
     Estimated bandgap (UP spin) =   1.7078E-02  Eh
     Estimated bandgap (DN spin) =   2.3915E-02  Eh
     RMS occupancy error         =   8.0024E-10
     [H,K] commutator            =   8.9110E-05
     UP spin occupancy bounds    = [  0.000:  1.000]
     DN spin occupancy bounds    = [  0.000:  1.000]
     ~~~~~~~~~~~~~~~~~~~~~~~~~~~~~~~~~~~~~~~~~~~~~~~~~~~~~~~~~~~


================================================================================
           ---------------- ENERGY COMPONENTS (Eh) ----------------
           | Kinetic                    :       64.33078604930361 |
           | Core Hartree               :     -966.57562238944899 |
           | CoreHart (non-coul chg cor):        0.00155689502347
           | Hartree                    :      432.62050853187998 |
           | Exchange-correlation       :      -30.33170056161948 |
           | Ewald                      :      286.40959520493226 |
           | Dij0                       :       -0.29216277739589 |
           | Dijhartree                 :       10.88375774453902 |
           | Exc [AE core]              :     -113.51274376337331 |
           | Exc DC [AE core]           :      -48.26110430909372 |
           | Exc [PS core]              :      -24.44428804339090 |
           | Exc DC [PS core]           :      -28.85755147175297 |
           | Exc [Core]                 :      -75.10233528622905 |
           | Total [Sphere]             :       -3.37452546661024 |
           | Total                      :     -216.92095863156288 |
           --------------------------------------------------------
           ------ LOCAL ENERGY COMPONENTS FROM MATRIX TRACES ------
           | Core Hartree               :     -966.57562238945025 |
           | Hartree (Valence)          :      432.62050853188140 |
           --------------------------------------------------------
           Integrated compensation chrg.:       11.40330684266065
           Integrated density           :       72.99999932126110
           Integrated spin density      :        1.00000001866883
           Integrated |spin density|    :        2.62094056731564
           Local density approx. <S^2>  :        1.56047027432463
           Integrated density tr(KS)    :       73.00000000000000
           Integrated spin tr(KS)       :        1.00000000000000
================================================================================




################################################################################
########################### NGWF CG iteration  016 #############################
################################################################################
****** Reciprocal space K.E. preconditioning with k_zero =  3.0000 a0^-1 *******

>>> Checking for convergence of NGWFs:   NOT CONVERGED
  ========================================================================
         NGWF RMS gradient =  5.2691E-06 >  2.0000E-06  | above tolerance
  ========================================================================

>>> Improving NGWFs using line search:
============ Calculation of NGWF S^-1 using Hotelling algorithm ================ 
     Iteration  |  Spin  |  Frobenius norm and Maximum abs value (of I-S*S_n^-1)
         1           1      0.12007180E-01     0.19401817E-02
         1           2      0.12172039E-01     0.20074350E-02
         2           1      0.25779454E-04     0.78867657E-05
         2           2      0.26170572E-04     0.82438474E-05
         3           1      0.21917595E-09     0.72374773E-10
         3           2      0.21293515E-09     0.78302698E-10
         4           1      0.62939496E-14     0.18873791E-14
         4           2      0.59429039E-14     0.19984014E-14
================================================================================
============ Calculation of NGWF S^-1 using Hotelling algorithm ================ 
     Iteration  |  Spin  |  Frobenius norm and Maximum abs value (of I-S*S_n^-1)
         1           1      0.27193052E-02     0.42673197E-03
         1           2      0.27536785E-02     0.44241727E-03
         2           1      0.13182930E-05     0.37680668E-06
         2           2      0.13365199E-05     0.39508689E-06
         3           1      0.56363193E-12     0.16742163E-12
         3           2      0.54272479E-12     0.18141044E-12
================================================================================
------------------------------- NGWF line search -------------------------------
RMS gradient                =       0.00000526905200
Trial step length           =               0.542976
Gradient along search dir.  =         -0.00013184565
Functional at step 0        =    -216.92095863156462
Functional at step 1        =    -216.92098435722556
Functional predicted        =    -216.92098656774388
Selected quadratic step     =               0.423771
Conjugate gradients coeff.  =               0.575922
--------------------------- NGWF line search finished --------------------------
                                               
Writing NGWFs to file "Fe_EtOH_3_LowSpin_NGWFSP.tightbox_ngwfs".... done

>>> Optimising kernel for current NGWFs:
   Initial electron number for spin 1:      37.00067430
   Initial electron number for spin 2:      36.00114420
     Final electron number for spin 1:      37.00000000
     Final electron number for spin 2:      36.00000000

=================== Penalty functional idempotency correction ==================
 RMS occupancy error at iteration   1:  0.000199 (step -0.4999 Ne1=     37.0000)
                                                               Ne2=     36.0000
 RMS occupancy error at iteration   2:  0.000000 (step -0.5000 Ne1=     37.0000)
                                                               Ne2=     36.0000
            Final RMS occupancy error   :  0.000000 (Ne1=     37.0000)
                                                     Ne2=     36.0000
            Final occupancy bounds spin 1: [  0.000,  1.000]
            Final occupancy bounds spin 2: [  0.000,  1.000]
================================================================================

................................................................................
<<<<<<<<<<<<<< LNV (Original version) density kernel optimisation >>>>>>>>>>>>>>
~~~~~~~~~~~~~~~~~~~~~~~~~~~~~~~~~~~~~~~~~~~~~~~~~~~~~~~~~~~~~~~~~~~~~~~~~~~~~~~~
   iter  |      energy (Eh)       | rms gradient |  commutator  |   dE (Eh)
      ideal mu1:      -0.968711350098
      ideal mu2:      -0.972014024553
             Q0:        -216.920992649772
             G0:      -0.000171350775
   RMS gradient:       0.000276301493
     Trial step:       0.343072383140
             Q1:        -216.920999071039
 Quadratic coef:       0.000052364451
 Linear coef   :      -0.000058785719
           Qmin:        -216.921009148373
Quadratic minimum step length (  0.192571067706) accepted
    Initial Ne1:      37.00000000
    Initial Ne2:      36.00000000
      Final Ne1:      37.00000000
      Final Ne2:      36.00000000

=================== Penalty functional idempotency correction ==================
 RMS occupancy error at iteration   1:  0.000000 (step -0.5000 Ne1=     37.0000)
                                                               Ne2=     36.0000
            Final RMS occupancy error   :  0.000000 (Ne1=     37.0000)
                                                     Ne2=     36.0000
            Final occupancy bounds spin 1: [  0.000,  1.000]
            Final occupancy bounds spin 2: [  0.000,  1.000]
================================================================================

    1        -2.169209926498E+02     2.7630E-04     1.7905E-04
      ideal mu1:      -0.968717735951
      ideal mu2:      -0.972014023384
             Q0:        -216.921008270897
             G0:      -0.000043474999
   RMS gradient:       0.000134654799
     Trial step:       0.257032712163
             Q1:        -216.921014269734
 Quadratic coef:       0.000005175659
 Linear coef   :      -0.000011174497
           Qmin:        -216.921014302466
Quadratic minimum step length (  0.277472988530) accepted
    Initial Ne1:      37.00000000
    Initial Ne2:      36.00000000
      Final Ne1:      37.00000000
      Final Ne2:      36.00000000

=================== Penalty functional idempotency correction ==================
 RMS occupancy error at iteration   1:  0.000000 (step -0.5000 Ne1=     37.0000)
                                                               Ne2=     36.0000
            Final RMS occupancy error   :  0.000000 (Ne1=     37.0000)
                                                     Ne2=     36.0000
            Final occupancy bounds spin 1: [  0.000,  1.000]
            Final occupancy bounds spin 2: [  0.000,  1.000]
================================================================================

    2        -2.169210082709E+02     1.3465E-04     8.7385E-05    -1.5621E-05
      ideal mu1:      -0.968781540524
      ideal mu2:      -0.972058932004
             Q0:        -216.921014576334
             G0:      -0.000058126414
   RMS gradient:       0.000125130352
     Trial step:       0.267057362366
             Q1:        -216.921023492573
 Quadratic coef:       0.000006606847
 Linear coef   :      -0.000015523087
           Qmin:        -216.921023694383
Quadratic minimum step length (  0.313731697115) accepted
    Initial Ne1:      37.00000000
    Initial Ne2:      36.00000000
      Final Ne1:      37.00000000
      Final Ne2:      36.00000000

=================== Penalty functional idempotency correction ==================
 RMS occupancy error at iteration   1:  0.000001 (step -0.5000 Ne1=     37.0000)
                                                               Ne2=     36.0000
            Final RMS occupancy error   :  0.000000 (Ne1=     37.0000)
                                                     Ne2=     36.0000
            Final occupancy bounds spin 1: [  0.000,  1.000]
            Final occupancy bounds spin 2: [  0.000,  1.000]
================================================================================

    3        -2.169210145763E+02     1.2513E-04     8.1342E-05    -6.3054E-06
      ideal mu1:      -0.968878170227
      ideal mu2:      -0.972135860347
             Q0:        -216.921024759523
             G0:      -0.000091992630
   RMS gradient:       0.000133472782
     Trial step:       0.289455280695
             Q1:        -216.921039571355
 Quadratic coef:       0.000011815921
 Linear coef   :      -0.000026627753
           Qmin:        -216.921039761257
Quadratic minimum step length (  0.326150784598) accepted
    Initial Ne1:      37.00000000
    Initial Ne2:      36.00000000
      Final Ne1:      37.00000000
      Final Ne2:      36.00000000

=================== Penalty functional idempotency correction ==================
 RMS occupancy error at iteration   1:  0.000005 (step -0.5000 Ne1=     37.0000)
                                                               Ne2=     36.0000
            Final RMS occupancy error   :  0.000000 (Ne1=     37.0000)
                                                     Ne2=     36.0000
            Final occupancy bounds spin 1: [  0.000,  1.000]
            Final occupancy bounds spin 2: [  0.000,  1.000]
================================================================================

    4        -2.169210247595E+02     1.3347E-04     8.6646E-05    -1.0183E-05
      ideal mu1:      -0.968965574762
      ideal mu2:      -0.972209412549
    5        -2.169210409996E+02     1.1486E-04     7.4665E-05    -1.6240E-05
Finished density kernel iterations (   5)

Writing density kernel to file "Fe_EtOH_3_LowSpin_NGWFSP.dkn" ... done


>>> Density kernel optimised for the current NGWF basis:
     ~~~~~~~~~~~~~~~~~~~~~~~~~~~~~~~~~~~~~~~~~~~~~~~~~~~~~~~~~~~
     Total energy                =  -2.16921040999649E+02  Eh
     Estimated bandgap (UP spin) =   9.0126E-03  Eh
     Estimated bandgap (DN spin) =   2.5066E-02  Eh
     RMS occupancy error         =   3.4128E-10
     [H,K] commutator            =   7.4665E-05
     UP spin occupancy bounds    = [  0.000:  1.000]
     DN spin occupancy bounds    = [  0.000:  1.000]
     ~~~~~~~~~~~~~~~~~~~~~~~~~~~~~~~~~~~~~~~~~~~~~~~~~~~~~~~~~~~




################################################################################
########################### NGWF CG iteration  017 #############################
################################################################################
****** Reciprocal space K.E. preconditioning with k_zero =  3.0000 a0^-1 *******

>>> Checking for convergence of NGWFs:   NOT CONVERGED
  ========================================================================
         NGWF RMS gradient =  5.0529E-06 >  2.0000E-06  | above tolerance
  ========================================================================

>>> Improving NGWFs using line search:
============ Calculation of NGWF S^-1 using Hotelling algorithm ================ 
     Iteration  |  Spin  |  Frobenius norm and Maximum abs value (of I-S*S_n^-1)
         1           1      0.43569940E-02     0.76255181E-03
         1           2      0.45604312E-02     0.78465524E-03
         2           1      0.36004703E-05     0.13253449E-05
         2           2      0.38386448E-05     0.13733877E-05
         3           1      0.52113816E-11     0.21060931E-11
         3           2      0.57417592E-11     0.22888358E-11
         4           1      0.62722109E-14     0.13322676E-14
         4           2      0.58613439E-14     0.11102230E-14
================================================================================
============ Calculation of NGWF S^-1 using Hotelling algorithm ================ 
     Iteration  |  Spin  |  Frobenius norm and Maximum abs value (of I-S*S_n^-1)
         1           1      0.91114340E-03     0.15819559E-03
         1           2      0.95306083E-03     0.16284520E-03
         2           1      0.15489691E-06     0.56525066E-07
         2           2      0.16536577E-06     0.58668155E-07
         3           1      0.10804210E-13     0.37747583E-14
         3           2      0.12043398E-13     0.43298698E-14
================================================================================
------------------------------- NGWF line search -------------------------------
RMS gradient                =       0.00000505293219
Trial step length           =               0.479685
Gradient along search dir.  =         -0.00005604758
Functional at step 0        =    -216.92104099964948
Functional at step 1        =    -216.92105674856867
Functional predicted        =    -216.92105722621343
Selected quadratic step     =               0.579028
Conjugate gradients coeff.  =               0.000000
--------------------------- NGWF line search finished --------------------------
                                               
Writing NGWFs to file "Fe_EtOH_3_LowSpin_NGWFSP.tightbox_ngwfs".... done

>>> Optimising kernel for current NGWFs:
   Initial electron number for spin 1:      37.00036792
   Initial electron number for spin 2:      36.00064917
     Final electron number for spin 1:      37.00000000
     Final electron number for spin 2:      36.00000000

=================== Penalty functional idempotency correction ==================
 RMS occupancy error at iteration   1:  0.000115 (step -0.4999 Ne1=     37.0000)
                                                               Ne2=     36.0000
            Final RMS occupancy error   :  0.000000 (Ne1=     37.0000)
                                                     Ne2=     36.0000
            Final occupancy bounds spin 1: [  0.000,  1.000]
            Final occupancy bounds spin 2: [  0.000,  1.000]
================================================================================

................................................................................
<<<<<<<<<<<<<< LNV (Original version) density kernel optimisation >>>>>>>>>>>>>>
~~~~~~~~~~~~~~~~~~~~~~~~~~~~~~~~~~~~~~~~~~~~~~~~~~~~~~~~~~~~~~~~~~~~~~~~~~~~~~~~
   iter  |      energy (Eh)       | rms gradient |  commutator  |   dE (Eh)
      ideal mu1:      -0.968689126467
      ideal mu2:      -0.971982760541
             Q0:        -216.921059836165
             G0:      -0.000075292194
   RMS gradient:       0.000183153479
     Trial step:       0.307255702802
             Q1:        -216.921066968116
 Quadratic coef:       0.000016002005
 Linear coef   :      -0.000023133956
           Qmin:        -216.921068197304
Quadratic minimum step length (  0.222098414838) accepted
    Initial Ne1:      36.99999965
    Initial Ne2:      36.00000048
      Final Ne1:      37.00000000
      Final Ne2:      36.00000000

=================== Penalty functional idempotency correction ==================
 RMS occupancy error at iteration   1:  0.000000 (step -0.5000 Ne1=     37.0000)
                                                               Ne2=     36.0000
            Final RMS occupancy error   :  0.000000 (Ne1=     37.0000)
                                                     Ne2=     36.0000
            Final occupancy bounds spin 1: [  0.000,  1.000]
            Final occupancy bounds spin 2: [  0.000,  1.000]
================================================================================

    1        -2.169210598362E+02     1.8315E-04     1.1891E-04
      ideal mu1:      -0.968749398527
      ideal mu2:      -0.972029071466
             Q0:        -216.921067621286
             G0:      -0.000032251823
   RMS gradient:       0.000110349165
     Trial step:       0.261229792601
             Q1:        -216.921071929665
 Quadratic coef:       0.000004116758
 Linear coef   :      -0.000008425137
           Qmin:        -216.921071931895
Quadratic minimum step length (  0.267309500952) accepted
    Initial Ne1:      36.99999985
    Initial Ne2:      36.00000021
      Final Ne1:      37.00000000
      Final Ne2:      36.00000000

=================== Penalty functional idempotency correction ==================
 RMS occupancy error at iteration   1:  0.000000 (step -0.5000 Ne1=     37.0000)
                                                               Ne2=     36.0000
            Final RMS occupancy error   :  0.000000 (Ne1=     37.0000)
                                                     Ne2=     36.0000
            Final occupancy bounds spin 1: [  0.000,  1.000]
            Final occupancy bounds spin 2: [  0.000,  1.000]
================================================================================

    2        -2.169210676213E+02     1.1035E-04     7.1713E-05    -7.7851E-06
      ideal mu1:      -0.968825453442
      ideal mu2:      -0.972090050162
             Q0:        -216.921072006587
             G0:      -0.000055140267
   RMS gradient:       0.000113722947
     Trial step:       0.264252162704
             Q1:        -216.921080216126
 Quadratic coef:       0.000006361395
 Linear coef   :      -0.000014570935
           Qmin:        -216.921080350359
Quadratic minimum step length (  0.302638085655) accepted
    Initial Ne1:      36.99999981
    Initial Ne2:      36.00000025
      Final Ne1:      37.00000000
      Final Ne2:      36.00000000

=================== Penalty functional idempotency correction ==================
 RMS occupancy error at iteration   1:  0.000001 (step -0.5000 Ne1=     37.0000)
                                                               Ne2=     36.0000
            Final RMS occupancy error   :  0.000000 (Ne1=     37.0000)
                                                     Ne2=     36.0000
            Final occupancy bounds spin 1: [  0.000,  1.000]
            Final occupancy bounds spin 2: [  0.000,  1.000]
================================================================================

    3        -2.169210720066E+02     1.1372E-04     7.3948E-05    -4.3853E-06
      ideal mu1:      -0.968931631805
      ideal mu2:      -0.972177926342
             Q0:        -216.921081253455
             G0:      -0.000080061523
   RMS gradient:       0.000116597950
     Trial step:       0.282794569699
             Q1:        -216.921093767301
 Quadratic coef:       0.000010127118
 Linear coef   :      -0.000022640964
           Qmin:        -216.921093907925
Quadratic minimum step length (  0.316118655423) accepted
    Initial Ne1:      36.99999980
    Initial Ne2:      36.00000027
      Final Ne1:      37.00000000
      Final Ne2:      36.00000000

=================== Penalty functional idempotency correction ==================
 RMS occupancy error at iteration   1:  0.000004 (step -0.5000 Ne1=     37.0000)
                                                               Ne2=     36.0000
            Final RMS occupancy error   :  0.000000 (Ne1=     37.0000)
                                                     Ne2=     36.0000
            Final occupancy bounds spin 1: [  0.000,  1.000]
            Final occupancy bounds spin 2: [  0.000,  1.000]
================================================================================

    4        -2.169210812535E+02     1.1660E-04     7.5790E-05    -9.2469E-06
      ideal mu1:      -0.969006813210
      ideal mu2:      -0.972244065654
    5        -2.169210949684E+02     1.0201E-04     6.6332E-05    -1.3715E-05
Finished density kernel iterations (   5)

Writing density kernel to file "Fe_EtOH_3_LowSpin_NGWFSP.dkn" ... done


>>> Density kernel optimised for the current NGWF basis:
     ~~~~~~~~~~~~~~~~~~~~~~~~~~~~~~~~~~~~~~~~~~~~~~~~~~~~~~~~~~~
     Total energy                =  -2.16921094968426E+02  Eh
     Estimated bandgap (UP spin) =   8.9649E-03  Eh
     Estimated bandgap (DN spin) =   2.4309E-02  Eh
     RMS occupancy error         =   3.0593E-10
     [H,K] commutator            =   6.6332E-05
     UP spin occupancy bounds    = [  0.000:  1.000]
     DN spin occupancy bounds    = [  0.000:  1.000]
     ~~~~~~~~~~~~~~~~~~~~~~~~~~~~~~~~~~~~~~~~~~~~~~~~~~~~~~~~~~~




################################################################################
########################### NGWF CG iteration  018 #############################
################################################################################
****** Reciprocal space K.E. preconditioning with k_zero =  3.0000 a0^-1 *******

>>> Checking for convergence of NGWFs:   NOT CONVERGED
  ========================================================================
         NGWF RMS gradient =  4.3529E-06 >  2.0000E-06  | above tolerance
  ========================================================================

>>> Improving NGWFs using line search:
============ Calculation of NGWF S^-1 using Hotelling algorithm ================ 
     Iteration  |  Spin  |  Frobenius norm and Maximum abs value (of I-S*S_n^-1)
         1           1      0.84136242E-02     0.14475362E-02
         1           2      0.88033057E-02     0.14905462E-02
         2           1      0.13191920E-04     0.47743571E-05
         2           2      0.14101495E-04     0.49676246E-05
         3           1      0.66467879E-10     0.27119640E-10
         3           2      0.73582980E-10     0.29684699E-10
         4           1      0.62789545E-14     0.19984014E-14
         4           2      0.65710931E-14     0.17763568E-14
================================================================================
============ Calculation of NGWF S^-1 using Hotelling algorithm ================ 
     Iteration  |  Spin  |  Frobenius norm and Maximum abs value (of I-S*S_n^-1)
         1           1      0.10997886E-02     0.18656186E-03
         1           2      0.11492340E-02     0.19219137E-03
         2           1      0.22135345E-06     0.78356823E-07
         2           2      0.23673601E-06     0.81714092E-07
         3           1      0.18438035E-13     0.71054274E-14
         3           2      0.21113736E-13     0.86597396E-14
================================================================================
------------------------------- NGWF line search -------------------------------
RMS gradient                =       0.00000435294335
Trial step length           =               0.527021
Gradient along search dir.  =         -0.00006567704
Functional at step 0        =    -216.92109496842642
Functional at step 1        =    -216.92110972127870
Functional predicted        =    -216.92111004964985
Selected quadratic step     =               0.459254
Conjugate gradients coeff.  =               0.742128
--------------------------- NGWF line search finished --------------------------
                                               
Writing NGWFs to file "Fe_EtOH_3_LowSpin_NGWFSP.tightbox_ngwfs".... done

>>> Optimising kernel for current NGWFs:
   Initial electron number for spin 1:      37.00050202
   Initial electron number for spin 2:      36.00088881
     Final electron number for spin 1:      37.00000000
     Final electron number for spin 2:      36.00000000

=================== Penalty functional idempotency correction ==================
 RMS occupancy error at iteration   1:  0.000157 (step -0.4999 Ne1=     37.0000)
                                                               Ne2=     36.0000
 RMS occupancy error at iteration   2:  0.000000 (step -0.5000 Ne1=     37.0000)
                                                               Ne2=     36.0000
            Final RMS occupancy error   :  0.000000 (Ne1=     37.0000)
                                                     Ne2=     36.0000
            Final occupancy bounds spin 1: [  0.000,  1.000]
            Final occupancy bounds spin 2: [  0.000,  1.000]
================================================================================

................................................................................
<<<<<<<<<<<<<< LNV (Original version) density kernel optimisation >>>>>>>>>>>>>>
~~~~~~~~~~~~~~~~~~~~~~~~~~~~~~~~~~~~~~~~~~~~~~~~~~~~~~~~~~~~~~~~~~~~~~~~~~~~~~~~
   iter  |      energy (Eh)       | rms gradient |  commutator  |   dE (Eh)
      ideal mu1:      -0.968876103092
      ideal mu2:      -0.972140755448
             Q0:        -216.921113827398
             G0:      -0.000105257142
   RMS gradient:       0.000216553886
     Trial step:       0.298992707493
             Q1:        -216.921122449082
 Quadratic coef:       0.000022849434
 Linear coef   :      -0.000031471118
           Qmin:        -216.921124663894
Quadratic minimum step length (  0.205905203132) accepted
    Initial Ne1:      37.00000000
    Initial Ne2:      36.00000000
      Final Ne1:      37.00000000
      Final Ne2:      36.00000000

=================== Penalty functional idempotency correction ==================
 RMS occupancy error at iteration   1:  0.000000 (step -0.5000 Ne1=     37.0000)
                                                               Ne2=     36.0000
            Final RMS occupancy error   :  0.000000 (Ne1=     37.0000)
                                                     Ne2=     36.0000
            Final occupancy bounds spin 1: [  0.000,  1.000]
            Final occupancy bounds spin 2: [  0.000,  1.000]
================================================================================

    1        -2.169211138274E+02     2.1655E-04     1.4057E-04
      ideal mu1:      -0.968857965762
      ideal mu2:      -0.972120345554
             Q0:        -216.921124124233
             G0:      -0.000029014901
   RMS gradient:       0.000107901718
     Trial step:       0.248121248931
             Q1:        -216.921127713529
 Quadratic coef:       0.000003609917
 Linear coef   :      -0.000007199214
           Qmin:        -216.921127713559
Quadratic minimum step length (  0.247412606159) accepted
    Initial Ne1:      37.00000000
    Initial Ne2:      36.00000000
      Final Ne1:      37.00000000
      Final Ne2:      36.00000000

=================== Penalty functional idempotency correction ==================
 RMS occupancy error at iteration   1:  0.000000 (step -0.5000 Ne1=     37.0000)
                                                               Ne2=     36.0000
            Final RMS occupancy error   :  0.000000 (Ne1=     37.0000)
                                                     Ne2=     36.0000
            Final occupancy bounds spin 1: [  0.000,  1.000]
            Final occupancy bounds spin 2: [  0.000,  1.000]
================================================================================

    2        -2.169211241242E+02     1.0790E-04     7.0111E-05    -1.0297E-05
      ideal mu1:      -0.968876244120
      ideal mu2:      -0.972131523232
             Q0:        -216.921127706611
             G0:      -0.000041870022
   RMS gradient:       0.000103217732
     Trial step:       0.247766674195
             Q1:        -216.921133313496
 Quadratic coef:       0.000004767111
 Linear coef   :      -0.000010373996
           Qmin:        -216.921133350480
Quadratic minimum step length (  0.269589984657) accepted
    Initial Ne1:      37.00000000
    Initial Ne2:      36.00000000
      Final Ne1:      37.00000000
      Final Ne2:      36.00000000

=================== Penalty functional idempotency correction ==================
 RMS occupancy error at iteration   1:  0.000001 (step -0.5000 Ne1=     37.0000)
                                                               Ne2=     36.0000
            Final RMS occupancy error   :  0.000000 (Ne1=     37.0000)
                                                     Ne2=     36.0000
            Final occupancy bounds spin 1: [  0.000,  1.000]
            Final occupancy bounds spin 2: [  0.000,  1.000]
================================================================================

    3        -2.169211277066E+02     1.0322E-04     6.7130E-05    -3.5824E-06
      ideal mu1:      -0.968913999029
      ideal mu2:      -0.972159664426
             Q0:        -216.921133735158
             G0:      -0.000065922985
   RMS gradient:       0.000108907595
     Trial step:       0.258448087427
             Q1:        -216.921142892581
 Quadratic coef:       0.000007880247
 Linear coef   :      -0.000017037669
           Qmin:        -216.921142944330
Quadratic minimum step length (  0.279391814835) accepted
    Initial Ne1:      37.00000000
    Initial Ne2:      36.00000000
      Final Ne1:      37.00000000
      Final Ne2:      36.00000000

=================== Penalty functional idempotency correction ==================
 RMS occupancy error at iteration   1:  0.000002 (step -0.5000 Ne1=     37.0000)
                                                               Ne2=     36.0000
            Final RMS occupancy error   :  0.000000 (Ne1=     37.0000)
                                                     Ne2=     36.0000
            Final occupancy bounds spin 1: [  0.000,  1.000]
            Final occupancy bounds spin 2: [  0.000,  1.000]
================================================================================

    4        -2.169211337352E+02     1.0891E-04     7.0786E-05    -6.0285E-06
      ideal mu1:      -0.968955536460
      ideal mu2:      -0.972194073301
    5        -2.169211435025E+02     9.2454E-05     6.0143E-05    -9.7673E-06
Finished density kernel iterations (   5)

Writing density kernel to file "Fe_EtOH_3_LowSpin_NGWFSP.dkn" ... done


>>> Density kernel optimised for the current NGWF basis:
     ~~~~~~~~~~~~~~~~~~~~~~~~~~~~~~~~~~~~~~~~~~~~~~~~~~~~~~~~~~~
     Total energy                =  -2.16921143502499E+02  Eh
     Estimated bandgap (UP spin) =   9.0354E-03  Eh
     Estimated bandgap (DN spin) =   2.4448E-02  Eh
     RMS occupancy error         =   8.9778E-11
     [H,K] commutator            =   6.0143E-05
     UP spin occupancy bounds    = [  0.000:  1.000]
     DN spin occupancy bounds    = [  0.000:  1.000]
     ~~~~~~~~~~~~~~~~~~~~~~~~~~~~~~~~~~~~~~~~~~~~~~~~~~~~~~~~~~~




################################################################################
########################### NGWF CG iteration  019 #############################
################################################################################
****** Reciprocal space K.E. preconditioning with k_zero =  3.0000 a0^-1 *******

>>> Checking for convergence of NGWFs:   NOT CONVERGED
  ========================================================================
         NGWF RMS gradient =  4.4374E-06 >  2.0000E-06  | above tolerance
  ========================================================================

>>> Improving NGWFs using line search:
============ Calculation of NGWF S^-1 using Hotelling algorithm ================ 
     Iteration  |  Spin  |  Frobenius norm and Maximum abs value (of I-S*S_n^-1)
         1           1      0.13018527E-01     0.21890241E-02
         1           2      0.13602036E-01     0.22578549E-02
         2           1      0.30797923E-04     0.10713860E-04
         2           2      0.32968243E-04     0.11210036E-04
         3           1      0.33660646E-09     0.13558799E-09
         3           2      0.37378364E-09     0.14993451E-09
         4           1      0.68466820E-14     0.28865799E-14
         4           2      0.60066561E-14     0.15543122E-14
================================================================================
============ Calculation of NGWF S^-1 using Hotelling algorithm ================ 
     Iteration  |  Spin  |  Frobenius norm and Maximum abs value (of I-S*S_n^-1)
         1           1      0.50397761E-02     0.83210213E-03
         1           2      0.52563228E-02     0.85856230E-03
         2           1      0.45613354E-05     0.15294954E-05
         2           2      0.48757846E-05     0.16043217E-05
         3           1      0.70795258E-11     0.27582381E-11
         3           2      0.78281611E-11     0.30628833E-11
         4           1      0.66147537E-14     0.19984014E-14
         4           2      0.62603896E-14     0.15543122E-14
================================================================================
------------------------------- NGWF line search -------------------------------
RMS gradient                =       0.00000443744672
Trial step length           =               0.491972
Gradient along search dir.  =         -0.00010549839
Functional at step 0        =    -216.92114350249926
Functional at step 1        =    -216.92115359810833
Functional predicted        =    -216.92115961144594
Selected quadratic step     =               0.305388
Conjugate gradients coeff.  =               1.039203
--------------------------- NGWF line search finished --------------------------
                                               
Writing NGWFs to file "Fe_EtOH_3_LowSpin_NGWFSP.tightbox_ngwfs".... done

>>> Optimising kernel for current NGWFs:
   Initial electron number for spin 1:      37.00055284
   Initial electron number for spin 2:      36.00096071
     Final electron number for spin 1:      37.00000000
     Final electron number for spin 2:      36.00000000

=================== Penalty functional idempotency correction ==================
 RMS occupancy error at iteration   1:  0.000165 (step -0.4999 Ne1=     37.0000)
                                                               Ne2=     36.0000
 RMS occupancy error at iteration   2:  0.000000 (step -0.5000 Ne1=     37.0000)
                                                               Ne2=     36.0000
            Final RMS occupancy error   :  0.000000 (Ne1=     37.0000)
                                                     Ne2=     36.0000
            Final occupancy bounds spin 1: [  0.000,  1.000]
            Final occupancy bounds spin 2: [  0.000,  1.000]
================================================================================

................................................................................
<<<<<<<<<<<<<< LNV (Original version) density kernel optimisation >>>>>>>>>>>>>>
~~~~~~~~~~~~~~~~~~~~~~~~~~~~~~~~~~~~~~~~~~~~~~~~~~~~~~~~~~~~~~~~~~~~~~~~~~~~~~~~
   iter  |      energy (Eh)       | rms gradient |  commutator  |   dE (Eh)
      ideal mu1:      -0.968935298995
      ideal mu2:      -0.972184491032
             Q0:        -216.921163528036
             G0:      -0.000104539076
   RMS gradient:       0.000215813955
     Trial step:       0.268715984242
             Q1:        -216.921172238632
 Quadratic coef:       0.000019380725
 Linear coef   :      -0.000028091321
           Qmin:        -216.921173707251
Quadratic minimum step length (  0.194744702606) accepted
    Initial Ne1:      37.00000000
    Initial Ne2:      36.00000000
      Final Ne1:      37.00000000
      Final Ne2:      36.00000000

=================== Penalty functional idempotency correction ==================
 RMS occupancy error at iteration   1:  0.000000 (step -0.5000 Ne1=     37.0000)
                                                               Ne2=     36.0000
            Final RMS occupancy error   :  0.000000 (Ne1=     37.0000)
                                                     Ne2=     36.0000
            Final occupancy bounds spin 1: [  0.000,  1.000]
            Final occupancy bounds spin 2: [  0.000,  1.000]
================================================================================

    1        -2.169211635280E+02     2.1581E-04     1.4005E-04
      ideal mu1:      -0.968897500408
      ideal mu2:      -0.972149976381
             Q0:        -216.921173296106
             G0:      -0.000025565437
   RMS gradient:       0.000101462142
     Trial step:       0.228759730802
             Q1:        -216.921176182199
 Quadratic coef:       0.000002962250
 Linear coef   :      -0.000005848343
           Qmin:        -216.921176182688
Quadratic minimum step length (  0.225819122596) accepted
    Initial Ne1:      37.00000000
    Initial Ne2:      36.00000000
      Final Ne1:      37.00000000
      Final Ne2:      36.00000000

=================== Penalty functional idempotency correction ==================
 RMS occupancy error at iteration   1:  0.000000 (step -0.5000 Ne1=     37.0000)
                                                               Ne2=     36.0000
            Final RMS occupancy error   :  0.000000 (Ne1=     37.0000)
                                                     Ne2=     36.0000
            Final occupancy bounds spin 1: [  0.000,  1.000]
            Final occupancy bounds spin 2: [  0.000,  1.000]
================================================================================

    2        -2.169211732961E+02     1.0146E-04     6.5931E-05    -9.7681E-06
      ideal mu1:      -0.968909658019
      ideal mu2:      -0.972157696218
             Q0:        -216.921176157024
             G0:      -0.000035819740
   RMS gradient:       0.000095332719
     Trial step:       0.227284671052
             Q1:        -216.921180399606
 Quadratic coef:       0.000003898696
 Linear coef   :      -0.000008141278
           Qmin:        -216.921180407189
Quadratic minimum step length (  0.237308512886) accepted
    Initial Ne1:      37.00000000
    Initial Ne2:      36.00000000
      Final Ne1:      37.00000000
      Final Ne2:      36.00000000

=================== Penalty functional idempotency correction ==================
 RMS occupancy error at iteration   1:  0.000000 (step -0.5000 Ne1=     37.0000)
                                                               Ne2=     36.0000
            Final RMS occupancy error   :  0.000000 (Ne1=     37.0000)
                                                     Ne2=     36.0000
            Final occupancy bounds spin 1: [  0.000,  1.000]
            Final occupancy bounds spin 2: [  0.000,  1.000]
================================================================================

    3        -2.169211761570E+02     9.5333E-05     6.2006E-05    -2.8609E-06
      ideal mu1:      -0.968944401494
      ideal mu2:      -0.972184524890
             Q0:        -216.921180560228
             G0:      -0.000059274476
   RMS gradient:       0.000102804848
     Trial step:       0.232242518263
             Q1:        -216.921188069322
 Quadratic coef:       0.000006256959
 Linear coef   :      -0.000013766054
           Qmin:        -216.921188131966
Quadratic minimum step length (  0.255480556942) accepted
    Initial Ne1:      37.00000000
    Initial Ne2:      36.00000000
      Final Ne1:      37.00000000
      Final Ne2:      36.00000000

=================== Penalty functional idempotency correction ==================
 RMS occupancy error at iteration   1:  0.000002 (step -0.5000 Ne1=     37.0000)
                                                               Ne2=     36.0000
            Final RMS occupancy error   :  0.000000 (Ne1=     37.0000)
                                                     Ne2=     36.0000
            Final occupancy bounds spin 1: [  0.000,  1.000]
            Final occupancy bounds spin 2: [  0.000,  1.000]
================================================================================

    4        -2.169211805602E+02     1.0280E-04     6.6824E-05    -4.4032E-06
      ideal mu1:      -0.968993319863
      ideal mu2:      -0.972224495282
    5        -2.169211887311E+02     8.8387E-05     5.7498E-05    -8.1709E-06
Finished density kernel iterations (   5)

Writing density kernel to file "Fe_EtOH_3_LowSpin_NGWFSP.dkn" ... done


>>> Density kernel optimised for the current NGWF basis:
     ~~~~~~~~~~~~~~~~~~~~~~~~~~~~~~~~~~~~~~~~~~~~~~~~~~~~~~~~~~~
     Total energy                =  -2.16921188731085E+02  Eh
     Estimated bandgap (UP spin) =   9.0159E-03  Eh
     Estimated bandgap (DN spin) =   2.4495E-02  Eh
     RMS occupancy error         =   4.6496E-11
     [H,K] commutator            =   5.7498E-05
     UP spin occupancy bounds    = [  0.000:  1.000]
     DN spin occupancy bounds    = [  0.000:  1.000]
     ~~~~~~~~~~~~~~~~~~~~~~~~~~~~~~~~~~~~~~~~~~~~~~~~~~~~~~~~~~~




################################################################################
########################### NGWF CG iteration  020 #############################
################################################################################
****** Reciprocal space K.E. preconditioning with k_zero =  3.0000 a0^-1 *******

>>> Checking for convergence of NGWFs:   NOT CONVERGED
  ========================================================================
         NGWF RMS gradient =  3.9460E-06 >  2.0000E-06  | above tolerance
  ========================================================================

>>> Improving NGWFs using line search:
============ Calculation of NGWF S^-1 using Hotelling algorithm ================ 
     Iteration  |  Spin  |  Frobenius norm and Maximum abs value (of I-S*S_n^-1)
         1           1      0.11903067E-01     0.19737226E-02
         1           2      0.12437910E-01     0.20374348E-02
         2           1      0.25589168E-04     0.86923229E-05
         2           2      0.27423538E-04     0.91297382E-05
         3           1      0.22736192E-09     0.89640184E-10
         3           2      0.25290403E-09     0.99800612E-10
         4           1      0.60405158E-14     0.15543122E-14
         4           2      0.58233292E-14     0.16653345E-14
================================================================================
============ Calculation of NGWF S^-1 using Hotelling algorithm ================ 
     Iteration  |  Spin  |  Frobenius norm and Maximum abs value (of I-S*S_n^-1)
         1           1      0.45195789E-02     0.73671354E-03
         1           2      0.47146260E-02     0.76068525E-03
         2           1      0.36594667E-05     0.11981318E-05
         2           2      0.39140441E-05     0.12612636E-05
         3           1      0.44983418E-11     0.17031931E-11
         3           2      0.49742404E-11     0.19029223E-11
         4           1      0.59828703E-14     0.15759963E-14
         4           2      0.61716477E-14     0.13322676E-14
================================================================================
------------------------------- NGWF line search -------------------------------
RMS gradient                =       0.00000394597064
Trial step length           =               0.387611
Gradient along search dir.  =         -0.00010509061
Functional at step 0        =    -216.92118873108458
Functional at step 1        =    -216.92119700528144
Functional predicted        =    -216.92120151047894
Selected quadratic step     =               0.243207
Conjugate gradients coeff.  =               0.790754
--------------------------- NGWF line search finished --------------------------
                                               
Writing NGWFs to file "Fe_EtOH_3_LowSpin_NGWFSP.tightbox_ngwfs".... done

>>> Optimising kernel for current NGWFs:
   Initial electron number for spin 1:      37.00051649
   Initial electron number for spin 2:      36.00088148
     Final electron number for spin 1:      37.00000000
     Final electron number for spin 2:      36.00000000

=================== Penalty functional idempotency correction ==================
 RMS occupancy error at iteration   1:  0.000148 (step -0.4999 Ne1=     37.0000)
                                                               Ne2=     36.0000
 RMS occupancy error at iteration   2:  0.000000 (step -0.5000 Ne1=     37.0000)
                                                               Ne2=     36.0000
            Final RMS occupancy error   :  0.000000 (Ne1=     37.0000)
                                                     Ne2=     36.0000
            Final occupancy bounds spin 1: [  0.000,  1.000]
            Final occupancy bounds spin 2: [  0.000,  1.000]
================================================================================

................................................................................
<<<<<<<<<<<<<< LNV (Original version) density kernel optimisation >>>>>>>>>>>>>>
~~~~~~~~~~~~~~~~~~~~~~~~~~~~~~~~~~~~~~~~~~~~~~~~~~~~~~~~~~~~~~~~~~~~~~~~~~~~~~~~
   iter  |      energy (Eh)       | rms gradient |  commutator  |   dE (Eh)
      ideal mu1:      -0.968994094907
      ideal mu2:      -0.972231863045
             Q0:        -216.921204572806
             G0:      -0.000085142285
   RMS gradient:       0.000194765865
     Trial step:       0.243584580611
             Q1:        -216.921212005202
 Quadratic coef:       0.000013306952
 Linear coef   :      -0.000020739348
           Qmin:        -216.921212653555
Quadratic minimum step length (  0.189817522052) accepted
    Initial Ne1:      37.00000000
    Initial Ne2:      36.00000000
      Final Ne1:      37.00000000
      Final Ne2:      36.00000000

=================== Penalty functional idempotency correction ==================
 RMS occupancy error at iteration   1:  0.000000 (step -0.5000 Ne1=     37.0000)
                                                               Ne2=     36.0000
            Final RMS occupancy error   :  0.000000 (Ne1=     37.0000)
                                                     Ne2=     36.0000
            Final occupancy bounds spin 1: [  0.000,  1.000]
            Final occupancy bounds spin 2: [  0.000,  1.000]
================================================================================

    1        -2.169212045728E+02     1.9477E-04     1.2636E-04
      ideal mu1:      -0.968951192112
      ideal mu2:      -0.972193307704
             Q0:        -216.921212354690
             G0:      -0.000023638566
   RMS gradient:       0.000096512292
     Trial step:       0.215027025050
             Q1:        -216.921214910310
 Quadratic coef:       0.000002527311
 Linear coef   :      -0.000005082931
           Qmin:        -216.921214910389
Quadratic minimum step length (  0.216231332108) accepted
    Initial Ne1:      37.00000000
    Initial Ne2:      36.00000000
      Final Ne1:      37.00000000
      Final Ne2:      36.00000000

=================== Penalty functional idempotency correction ==================
 RMS occupancy error at iteration   1:  0.000000 (step -0.5000 Ne1=     37.0000)
                                                               Ne2=     36.0000
            Final RMS occupancy error   :  0.000000 (Ne1=     37.0000)
                                                     Ne2=     36.0000
            Final occupancy bounds spin 1: [  0.000,  1.000]
            Final occupancy bounds spin 2: [  0.000,  1.000]
================================================================================

    2        -2.169212123547E+02     9.6512E-05     6.2720E-05    -7.7819E-06
      ideal mu1:      -0.968952920628
      ideal mu2:      -0.972192296997
             Q0:        -216.921214920627
             G0:      -0.000034244029
   RMS gradient:       0.000091767567
     Trial step:       0.215628337808
             Q1:        -216.921218698743
 Quadratic coef:       0.000003605867
 Linear coef   :      -0.000007383983
           Qmin:        -216.921218700800
Quadratic minimum step length (  0.220778547910) accepted
    Initial Ne1:      37.00000000
    Initial Ne2:      36.00000000
      Final Ne1:      37.00000000
      Final Ne2:      36.00000000

=================== Penalty functional idempotency correction ==================
 RMS occupancy error at iteration   1:  0.000000 (step -0.5000 Ne1=     37.0000)
                                                               Ne2=     36.0000
            Final RMS occupancy error   :  0.000000 (Ne1=     37.0000)
                                                     Ne2=     36.0000
            Final occupancy bounds spin 1: [  0.000,  1.000]
            Final occupancy bounds spin 2: [  0.000,  1.000]
================================================================================

    3        -2.169212149206E+02     9.1768E-05     5.9681E-05    -2.5659E-06
      ideal mu1:      -0.968975035248
      ideal mu2:      -0.972208311051
             Q0:        -216.921218774789
             G0:      -0.000053295986
   RMS gradient:       0.000097031313
     Trial step:       0.218188247414
             Q1:        -216.921225039933
 Quadratic coef:       0.000005363415
 Linear coef   :      -0.000011628558
           Qmin:        -216.921225077834
Quadratic minimum step length (  0.236529783993) accepted
    Initial Ne1:      37.00000000
    Initial Ne2:      36.00000000
      Final Ne1:      37.00000000
      Final Ne2:      36.00000000

=================== Penalty functional idempotency correction ==================
 RMS occupancy error at iteration   1:  0.000001 (step -0.5000 Ne1=     37.0000)
                                                               Ne2=     36.0000
            Final RMS occupancy error   :  0.000000 (Ne1=     37.0000)
                                                     Ne2=     36.0000
            Final occupancy bounds spin 1: [  0.000,  1.000]
            Final occupancy bounds spin 2: [  0.000,  1.000]
================================================================================

    4        -2.169212187748E+02     9.7031E-05     6.3076E-05    -3.8542E-06
      ideal mu1:      -0.969010832353
      ideal mu2:      -0.972236735523
    5        -2.169212255112E+02     8.8553E-05     5.7583E-05    -6.7364E-06
Finished density kernel iterations (   5)

Writing density kernel to file "Fe_EtOH_3_LowSpin_NGWFSP.dkn" ... done


>>> Density kernel optimised for the current NGWF basis:
     ~~~~~~~~~~~~~~~~~~~~~~~~~~~~~~~~~~~~~~~~~~~~~~~~~~~~~~~~~~~
     Total energy                =  -2.16921225511232E+02  Eh
     Estimated bandgap (UP spin) =   8.9820E-03  Eh
     Estimated bandgap (DN spin) =   2.4637E-02  Eh
     RMS occupancy error         =   2.8063E-11
     [H,K] commutator            =   5.7583E-05
     UP spin occupancy bounds    = [  0.000:  1.000]
     DN spin occupancy bounds    = [  0.000:  1.000]
     ~~~~~~~~~~~~~~~~~~~~~~~~~~~~~~~~~~~~~~~~~~~~~~~~~~~~~~~~~~~


================================================================================
           ---------------- ENERGY COMPONENTS (Eh) ----------------
           | Kinetic                    :       64.32865458893949 |
           | Core Hartree               :     -966.55981567455319 |
           | CoreHart (non-coul chg cor):        0.00155689502347
           | Hartree                    :      432.60420337356425 |
           | Exchange-correlation       :      -30.33180999052125 |
           | Ewald                      :      286.40959520493226 |
           | Dij0                       :       -0.29096528826252 |
           | Dijhartree                 :       10.88644986043141 |
           | Exc [AE core]              :     -113.51359795764770 |
           | Exc DC [AE core]           :      -48.26219880992335 |
           | Exc [PS core]              :      -24.44372508565833 |
           | Exc DC [PS core]           :      -28.85684627940978 |
           | Exc [Core]                 :      -75.10233528622905 |
           | Total [Sphere]             :       -3.37205301359144 |
           | Total                      :     -216.92122551122992 |
           --------------------------------------------------------
           ------ LOCAL ENERGY COMPONENTS FROM MATRIX TRACES ------
           | Core Hartree               :     -966.55981567455206 |
           | Hartree (Valence)          :      432.60420337356391 |
           --------------------------------------------------------
           Integrated compensation chrg.:       11.40414168252348
           Integrated density           :       72.99999932123224
           Integrated spin density      :        1.00000001857046
           Integrated |spin density|    :        2.62045356539363
           Local density approx. <S^2>  :        1.56022677341210
           Integrated density tr(KS)    :       73.00000000000000
           Integrated spin tr(KS)       :        1.00000000000000
================================================================================




################################################################################
########################### NGWF CG iteration  021 #############################
################################################################################
****** Reciprocal space K.E. preconditioning with k_zero =  3.0000 a0^-1 *******

>>> Checking for convergence of NGWFs:   NOT CONVERGED
  ========================================================================
         NGWF RMS gradient =  3.8842E-06 >  2.0000E-06  | above tolerance
  ========================================================================

>>> Improving NGWFs using line search:
============ Calculation of NGWF S^-1 using Hotelling algorithm ================ 
     Iteration  |  Spin  |  Frobenius norm and Maximum abs value (of I-S*S_n^-1)
         1           1      0.27706067E-02     0.47766654E-03
         1           2      0.29142413E-02     0.49342974E-03
         2           1      0.15100638E-05     0.54851802E-06
         2           2      0.16208055E-05     0.57588027E-06
         3           1      0.99671607E-12     0.38158365E-12
         3           2      0.11139033E-11     0.42366111E-12
================================================================================
============ Calculation of NGWF S^-1 using Hotelling algorithm ================ 
     Iteration  |  Spin  |  Frobenius norm and Maximum abs value (of I-S*S_n^-1)
         1           1      0.31579858E-02     0.54143486E-03
         1           2      0.33203243E-02     0.55937964E-03
         2           1      0.19270731E-05     0.69823446E-06
         2           2      0.20715547E-05     0.73417695E-06
         3           1      0.15662872E-11     0.61151084E-12
         3           2      0.17573628E-11     0.68034467E-12
================================================================================
------------------------------- NGWF line search -------------------------------
RMS gradient                =       0.00000388415079
Trial step length           =               0.307034
Gradient along search dir.  =         -0.00003311785
Functional at step 0        =    -216.92122551123225
Functional at step 1        =    -216.92123329470900
Functional predicted        =    -216.92123635002380
Selected quadratic step     =               0.654559
Conjugate gradients coeff.  =               0.000000
--------------------------- NGWF line search finished --------------------------
                                               
Writing NGWFs to file "Fe_EtOH_3_LowSpin_NGWFSP.tightbox_ngwfs".... done

>>> Optimising kernel for current NGWFs:
   Initial electron number for spin 1:      37.00045357
   Initial electron number for spin 2:      36.00073019
     Final electron number for spin 1:      37.00000000
     Final electron number for spin 2:      36.00000000

=================== Penalty functional idempotency correction ==================
 RMS occupancy error at iteration   1:  0.000116 (step -0.4999 Ne1=     37.0000)
                                                               Ne2=     36.0000
            Final RMS occupancy error   :  0.000000 (Ne1=     37.0000)
                                                     Ne2=     36.0000
            Final occupancy bounds spin 1: [  0.000,  1.000]
            Final occupancy bounds spin 2: [  0.000,  1.000]
================================================================================

................................................................................
<<<<<<<<<<<<<< LNV (Original version) density kernel optimisation >>>>>>>>>>>>>>
~~~~~~~~~~~~~~~~~~~~~~~~~~~~~~~~~~~~~~~~~~~~~~~~~~~~~~~~~~~~~~~~~~~~~~~~~~~~~~~~
   iter  |      energy (Eh)       | rms gradient |  commutator  |   dE (Eh)
      ideal mu1:      -0.968954083352
      ideal mu2:      -0.972194285756
             Q0:        -216.921239600125
             G0:      -0.000058078385
   RMS gradient:       0.000160859777
     Trial step:       0.227173984053
             Q1:        -216.921245245549
 Quadratic coef:       0.000007548475
 Linear coef   :      -0.000013193898
           Qmin:        -216.921245365494
Quadratic minimum step length (  0.198537481025) accepted
    Initial Ne1:      36.99999918
    Initial Ne2:      36.00000017
      Final Ne1:      37.00000000
      Final Ne2:      36.00000000

=================== Penalty functional idempotency correction ==================
 RMS occupancy error at iteration   1:  0.000000 (step -0.5000 Ne1=     37.0000)
                                                               Ne2=     36.0000
            Final RMS occupancy error   :  0.000000 (Ne1=     37.0000)
                                                     Ne2=     36.0000
            Final occupancy bounds spin 1: [  0.000,  1.000]
            Final occupancy bounds spin 2: [  0.000,  1.000]
================================================================================

    1        -2.169212396001E+02     1.6086E-04     1.0438E-04
      ideal mu1:      -0.968951735423
      ideal mu2:      -0.972190598517
             Q0:        -216.921245197102
             G0:      -0.000021032714
   RMS gradient:       0.000088268448
     Trial step:       0.212373610763
             Q1:        -216.921247346668
 Quadratic coef:       0.000002317227
 Linear coef   :      -0.000004466793
           Qmin:        -216.921247349701
Quadratic minimum step length (  0.204690588490) accepted
    Initial Ne1:      36.99999975
    Initial Ne2:      36.00000005
      Final Ne1:      37.00000000
      Final Ne2:      36.00000000

=================== Penalty functional idempotency correction ==================
 RMS occupancy error at iteration   1:  0.000000 (step -0.5000 Ne1=     37.0000)
                                                               Ne2=     36.0000
            Final RMS occupancy error   :  0.000000 (Ne1=     37.0000)
                                                     Ne2=     36.0000
            Final occupancy bounds spin 1: [  0.000,  1.000]
            Final occupancy bounds spin 2: [  0.000,  1.000]
================================================================================

    2        -2.169212451971E+02     8.8268E-05     5.7375E-05    -5.5970E-06
      ideal mu1:      -0.968974585267
      ideal mu2:      -0.972208462885
             Q0:        -216.921247287584
             G0:      -0.000033461856
   RMS gradient:       0.000087992687
     Trial step:       0.208496713084
             Q1:        -216.921250836389
 Quadratic coef:       0.000003427882
 Linear coef   :      -0.000006976687
           Qmin:        -216.921250837455
Quadratic minimum step length (  0.212174200815) accepted
    Initial Ne1:      36.99999974
    Initial Ne2:      36.00000005
      Final Ne1:      37.00000000
      Final Ne2:      36.00000000

=================== Penalty functional idempotency correction ==================
 RMS occupancy error at iteration   1:  0.000000 (step -0.5000 Ne1=     37.0000)
                                                               Ne2=     36.0000
            Final RMS occupancy error   :  0.000000 (Ne1=     37.0000)
                                                     Ne2=     36.0000
            Final occupancy bounds spin 1: [  0.000,  1.000]
            Final occupancy bounds spin 2: [  0.000,  1.000]
================================================================================

    3        -2.169212472876E+02     8.7993E-05     5.7220E-05    -2.0905E-06
      ideal mu1:      -0.969017093420
      ideal mu2:      -0.972242972483
             Q0:        -216.921250891363
             G0:      -0.000051361955
   RMS gradient:       0.000092256076
     Trial step:       0.210327419684
             Q1:        -216.921256689940
 Quadratic coef:       0.000005004251
 Linear coef   :      -0.000010802828
           Qmin:        -216.921256721461
Quadratic minimum step length (  0.227020070197) accepted
    Initial Ne1:      36.99999969
    Initial Ne2:      36.00000006
      Final Ne1:      37.00000000
      Final Ne2:      36.00000000

=================== Penalty functional idempotency correction ==================
 RMS occupancy error at iteration   1:  0.000001 (step -0.5000 Ne1=     37.0000)
                                                               Ne2=     36.0000
            Final RMS occupancy error   :  0.000000 (Ne1=     37.0000)
                                                     Ne2=     36.0000
            Final occupancy bounds spin 1: [  0.000,  1.000]
            Final occupancy bounds spin 2: [  0.000,  1.000]
================================================================================

    4        -2.169212508914E+02     9.2256E-05     5.9980E-05    -3.6038E-06
      ideal mu1:      -0.969067278595
      ideal mu2:      -0.972284932913
    5        -2.169212571092E+02     8.4695E-05     5.5074E-05    -6.2179E-06
Finished density kernel iterations (   5)

Writing density kernel to file "Fe_EtOH_3_LowSpin_NGWFSP.dkn" ... done


>>> Density kernel optimised for the current NGWF basis:
     ~~~~~~~~~~~~~~~~~~~~~~~~~~~~~~~~~~~~~~~~~~~~~~~~~~~~~~~~~~~
     Total energy                =  -2.16921257109218E+02  Eh
     Estimated bandgap (UP spin) =   8.9131E-03  Eh
     Estimated bandgap (DN spin) =   2.4749E-02  Eh
     RMS occupancy error         =   2.5598E-11
     [H,K] commutator            =   5.5074E-05
     UP spin occupancy bounds    = [  0.000:  1.000]
     DN spin occupancy bounds    = [  0.000:  1.000]
     ~~~~~~~~~~~~~~~~~~~~~~~~~~~~~~~~~~~~~~~~~~~~~~~~~~~~~~~~~~~




################################################################################
########################### NGWF CG iteration  022 #############################
################################################################################
****** Reciprocal space K.E. preconditioning with k_zero =  3.0000 a0^-1 *******

>>> Checking for convergence of NGWFs:   NOT CONVERGED
  ========================================================================
         NGWF RMS gradient =  3.6413E-06 >  2.0000E-06  | above tolerance
  ========================================================================

>>> Improving NGWFs using line search:
============ Calculation of NGWF S^-1 using Hotelling algorithm ================ 
     Iteration  |  Spin  |  Frobenius norm and Maximum abs value (of I-S*S_n^-1)
         1           1      0.76884236E-02     0.13090291E-02
         1           2      0.80832208E-02     0.13523785E-02
         2           1      0.11327751E-04     0.40903395E-05
         2           2      0.12185769E-04     0.43096026E-05
         3           1      0.52848230E-10     0.20845325E-10
         3           2      0.59451413E-10     0.23279600E-10
         4           1      0.58392011E-14     0.11102230E-14
         4           2      0.57120487E-14     0.13322676E-14
================================================================================
============ Calculation of NGWF S^-1 using Hotelling algorithm ================ 
     Iteration  |  Spin  |  Frobenius norm and Maximum abs value (of I-S*S_n^-1)
         1           1      0.73812902E-03     0.12457832E-03
         1           2      0.77538881E-03     0.12870693E-03
         2           1      0.10264213E-06     0.36679241E-07
         2           2      0.11049719E-06     0.38716105E-07
         3           1      0.78353905E-14     0.17763568E-14
         3           2      0.84093730E-14     0.19984014E-14
================================================================================
------------------------------- NGWF line search -------------------------------
RMS gradient                =       0.00000364131910
Trial step length           =               0.448299
Gradient along search dir.  =         -0.00005458829
Functional at step 0        =    -216.92125710921840
Functional at step 1        =    -216.92126806072022
Functional predicted        =    -216.92126818273996
Selected quadratic step     =               0.405711
Conjugate gradients coeff.  =               0.878871
--------------------------- NGWF line search finished --------------------------
                                               
Writing NGWFs to file "Fe_EtOH_3_LowSpin_NGWFSP.tightbox_ngwfs".... done

>>> Optimising kernel for current NGWFs:
   Initial electron number for spin 1:      37.00051786
   Initial electron number for spin 2:      36.00084071
     Final electron number for spin 1:      37.00000000
     Final electron number for spin 2:      36.00000000

=================== Penalty functional idempotency correction ==================
 RMS occupancy error at iteration   1:  0.000134 (step -0.4999 Ne1=     37.0000)
                                                               Ne2=     36.0000
            Final RMS occupancy error   :  0.000000 (Ne1=     37.0000)
                                                     Ne2=     36.0000
            Final occupancy bounds spin 1: [  0.000,  1.000]
            Final occupancy bounds spin 2: [  0.000,  1.000]
================================================================================

................................................................................
<<<<<<<<<<<<<< LNV (Original version) density kernel optimisation >>>>>>>>>>>>>>
~~~~~~~~~~~~~~~~~~~~~~~~~~~~~~~~~~~~~~~~~~~~~~~~~~~~~~~~~~~~~~~~~~~~~~~~~~~~~~~~
   iter  |      energy (Eh)       | rms gradient |  commutator  |   dE (Eh)
      ideal mu1:      -0.969054095809
      ideal mu2:      -0.972279555925
             Q0:        -216.921270741925
             G0:      -0.000070856968
   RMS gradient:       0.000177677108
     Trial step:       0.218514405889
             Q1:        -216.921277663948
 Quadratic coef:       0.000008561245
 Linear coef   :      -0.000015483268
           Qmin:        -216.921277742414
Quadratic minimum step length (  0.197594932379) accepted
    Initial Ne1:      36.99999888
    Initial Ne2:      36.00000018
      Final Ne1:      37.00000000
      Final Ne2:      36.00000000

=================== Penalty functional idempotency correction ==================
 RMS occupancy error at iteration   1:  0.000000 (step -0.5000 Ne1=     37.0000)
                                                               Ne2=     36.0000
            Final RMS occupancy error   :  0.000000 (Ne1=     37.0000)
                                                     Ne2=     36.0000
            Final occupancy bounds spin 1: [  0.000,  1.000]
            Final occupancy bounds spin 2: [  0.000,  1.000]
================================================================================

    1        -2.169212707419E+02     1.7768E-04     1.1528E-04
      ideal mu1:      -0.969015519929
      ideal mu2:      -0.972244804610
             Q0:        -216.921277624262
             G0:      -0.000020451484
   RMS gradient:       0.000088643311
     Trial step:       0.207791576479
             Q1:        -216.921279729499
 Quadratic coef:       0.000002144410
 Linear coef   :      -0.000004249646
           Qmin:        -216.921279729678
Quadratic minimum step length (  0.205893650392) accepted
    Initial Ne1:      36.99999971
    Initial Ne2:      36.00000005
      Final Ne1:      37.00000000
      Final Ne2:      36.00000000

=================== Penalty functional idempotency correction ==================
 RMS occupancy error at iteration   1:  0.000000 (step -0.5000 Ne1=     37.0000)
                                                               Ne2=     36.0000
            Final RMS occupancy error   :  0.000000 (Ne1=     37.0000)
                                                     Ne2=     36.0000
            Final occupancy bounds spin 1: [  0.000,  1.000]
            Final occupancy bounds spin 2: [  0.000,  1.000]
================================================================================

    2        -2.169212776243E+02     8.8643E-05     5.7608E-05    -6.8823E-06
      ideal mu1:      -0.969015794417
      ideal mu2:      -0.972243048410
             Q0:        -216.921279715452
             G0:      -0.000030346287
   RMS gradient:       0.000085464802
     Trial step:       0.206840436574
             Q1:        -216.921282920458
 Quadratic coef:       0.000003071833
 Linear coef   :      -0.000006276839
           Qmin:        -216.921282921901
Quadratic minimum step length (  0.211323986894) accepted
    Initial Ne1:      36.99999972
    Initial Ne2:      36.00000004
      Final Ne1:      37.00000000
      Final Ne2:      36.00000000

=================== Penalty functional idempotency correction ==================
 RMS occupancy error at iteration   1:  0.000000 (step -0.5000 Ne1=     37.0000)
                                                               Ne2=     36.0000
            Final RMS occupancy error   :  0.000000 (Ne1=     37.0000)
                                                     Ne2=     36.0000
            Final occupancy bounds spin 1: [  0.000,  1.000]
            Final occupancy bounds spin 2: [  0.000,  1.000]
================================================================================

    3        -2.169212797155E+02     8.5465E-05     5.5578E-05    -2.0912E-06
      ideal mu1:      -0.969031681900
      ideal mu2:      -0.972254320724
             Q0:        -216.921282980742
             G0:      -0.000047864402
   RMS gradient:       0.000090513853
     Trial step:       0.209070193255
             Q1:        -216.921288338085
 Quadratic coef:       0.000004649677
 Linear coef   :      -0.000010007020
           Qmin:        -216.921288365011
Quadratic minimum step length (  0.224980115166) accepted
    Initial Ne1:      36.99999967
    Initial Ne2:      36.00000005
      Final Ne1:      37.00000000
      Final Ne2:      36.00000000

=================== Penalty functional idempotency correction ==================
 RMS occupancy error at iteration   1:  0.000001 (step -0.5000 Ne1=     37.0000)
                                                               Ne2=     36.0000
            Final RMS occupancy error   :  0.000000 (Ne1=     37.0000)
                                                     Ne2=     36.0000
            Final occupancy bounds spin 1: [  0.000,  1.000]
            Final occupancy bounds spin 2: [  0.000,  1.000]
================================================================================

    4        -2.169212829807E+02     9.0514E-05     5.8836E-05    -3.2653E-06
      ideal mu1:      -0.969059490705
      ideal mu2:      -0.972276395297
    5        -2.169212887066E+02     8.2315E-05     5.3524E-05    -5.7258E-06
Finished density kernel iterations (   5)

Writing density kernel to file "Fe_EtOH_3_LowSpin_NGWFSP.dkn" ... done


>>> Density kernel optimised for the current NGWF basis:
     ~~~~~~~~~~~~~~~~~~~~~~~~~~~~~~~~~~~~~~~~~~~~~~~~~~~~~~~~~~~
     Total energy                =  -2.16921288706576E+02  Eh
     Estimated bandgap (UP spin) =   8.9552E-03  Eh
     Estimated bandgap (DN spin) =   2.4870E-02  Eh
     RMS occupancy error         =   1.8812E-11
     [H,K] commutator            =   5.3524E-05
     UP spin occupancy bounds    = [  0.000:  1.000]
     DN spin occupancy bounds    = [  0.000:  1.000]
     ~~~~~~~~~~~~~~~~~~~~~~~~~~~~~~~~~~~~~~~~~~~~~~~~~~~~~~~~~~~




################################################################################
########################### NGWF CG iteration  023 #############################
################################################################################
****** Reciprocal space K.E. preconditioning with k_zero =  3.0000 a0^-1 *******

>>> Checking for convergence of NGWFs:   NOT CONVERGED
  ========================================================================
         NGWF RMS gradient =  3.4622E-06 >  2.0000E-06  | above tolerance
  ========================================================================

>>> Improving NGWFs using line search:
============ Calculation of NGWF S^-1 using Hotelling algorithm ================ 
     Iteration  |  Spin  |  Frobenius norm and Maximum abs value (of I-S*S_n^-1)
         1           1      0.10640185E-01     0.17907118E-02
         1           2      0.11178005E-01     0.18510581E-02
         2           1      0.21292913E-04     0.75960785E-05
         2           2      0.22923419E-04     0.80314394E-05
         3           1      0.17686864E-09     0.70876416E-10
         3           2      0.19967384E-09     0.79663831E-10
         4           1      0.57033421E-14     0.13322676E-14
         4           2      0.64725359E-14     0.15543122E-14
================================================================================
============ Calculation of NGWF S^-1 using Hotelling algorithm ================ 
     Iteration  |  Spin  |  Frobenius norm and Maximum abs value (of I-S*S_n^-1)
         1           1      0.38856149E-02     0.64750315E-03
         1           2      0.40778846E-02     0.66926710E-03
         2           1      0.28027466E-05     0.98432968E-06
         2           2      0.30167852E-05     0.10426168E-05
         3           1      0.29512333E-11     0.11817214E-11
         3           2      0.33332311E-11     0.13340440E-11
         4           1      0.61819518E-14     0.17763568E-14
         4           2      0.61077354E-14     0.16653345E-14
================================================================================
------------------------------- NGWF line search -------------------------------
RMS gradient                =       0.00000346217077
Trial step length           =               0.426473
Gradient along search dir.  =         -0.00007244362
Functional at step 0        =    -216.92128870657575
Functional at step 1        =    -216.92129542784244
Functional predicted        =    -216.92129857790007
Selected quadratic step     =               0.272524
Conjugate gradients coeff.  =               0.904023
--------------------------- NGWF line search finished --------------------------
                                               
Writing NGWFs to file "Fe_EtOH_3_LowSpin_NGWFSP.tightbox_ngwfs".... done

>>> Optimising kernel for current NGWFs:
   Initial electron number for spin 1:      37.00050021
   Initial electron number for spin 2:      36.00080851
     Final electron number for spin 1:      37.00000000
     Final electron number for spin 2:      36.00000000

=================== Penalty functional idempotency correction ==================
 RMS occupancy error at iteration   1:  0.000128 (step -0.4999 Ne1=     37.0000)
                                                               Ne2=     36.0000
            Final RMS occupancy error   :  0.000000 (Ne1=     37.0000)
                                                     Ne2=     36.0000
            Final occupancy bounds spin 1: [  0.000,  1.000]
            Final occupancy bounds spin 2: [  0.000,  1.000]
================================================================================

................................................................................
<<<<<<<<<<<<<< LNV (Original version) density kernel optimisation >>>>>>>>>>>>>>
~~~~~~~~~~~~~~~~~~~~~~~~~~~~~~~~~~~~~~~~~~~~~~~~~~~~~~~~~~~~~~~~~~~~~~~~~~~~~~~~
   iter  |      energy (Eh)       | rms gradient |  commutator  |   dE (Eh)
      ideal mu1:      -0.969073610750
      ideal mu2:      -0.972293785642
             Q0:        -216.921300688274
             G0:      -0.000066004321
   RMS gradient:       0.000171485095
     Trial step:       0.216879312421
             Q1:        -216.921307107068
 Quadratic coef:       0.000007896178
 Linear coef   :      -0.000014314972
           Qmin:        -216.921307176173
Quadratic minimum step length (  0.196590115070) accepted
    Initial Ne1:      36.99999896
    Initial Ne2:      36.00000013
      Final Ne1:      37.00000000
      Final Ne2:      36.00000000

=================== Penalty functional idempotency correction ==================
 RMS occupancy error at iteration   1:  0.000000 (step -0.5000 Ne1=     37.0000)
                                                               Ne2=     36.0000
            Final RMS occupancy error   :  0.000000 (Ne1=     37.0000)
                                                     Ne2=     36.0000
            Final occupancy bounds spin 1: [  0.000,  1.000]
            Final occupancy bounds spin 2: [  0.000,  1.000]
================================================================================

    1        -2.169213006883E+02     1.7149E-04     1.1126E-04
      ideal mu1:      -0.969039368550
      ideal mu2:      -0.972263400710
             Q0:        -216.921307065928
             G0:      -0.000019399898
   RMS gradient:       0.000086139385
     Trial step:       0.206485662905
             Q1:        -216.921309040995
 Quadratic coef:       0.000002030734
 Linear coef   :      -0.000004005801
           Qmin:        -216.921309041376
Quadratic minimum step length (  0.203655572786) accepted
    Initial Ne1:      36.99999973
    Initial Ne2:      36.00000003
      Final Ne1:      37.00000000
      Final Ne2:      36.00000000

=================== Penalty functional idempotency correction ==================
 RMS occupancy error at iteration   1:  0.000000 (step -0.5000 Ne1=     37.0000)
                                                               Ne2=     36.0000
            Final RMS occupancy error   :  0.000000 (Ne1=     37.0000)
                                                     Ne2=     36.0000
            Final occupancy bounds spin 1: [  0.000,  1.000]
            Final occupancy bounds spin 2: [  0.000,  1.000]
================================================================================

    2        -2.169213070659E+02     8.6139E-05     5.5980E-05    -6.3777E-06
      ideal mu1:      -0.969044471975
      ideal mu2:      -0.972266230287
             Q0:        -216.921309021039
             G0:      -0.000029219542
   RMS gradient:       0.000083561373
     Trial step:       0.205065735682
             Q1:        -216.921312075768
 Quadratic coef:       0.000002937198
 Linear coef   :      -0.000005991927
           Qmin:        -216.921312076944
Quadratic minimum step length (  0.209168574237) accepted
    Initial Ne1:      36.99999974
    Initial Ne2:      36.00000003
      Final Ne1:      37.00000000
      Final Ne2:      36.00000000

=================== Penalty functional idempotency correction ==================
 RMS occupancy error at iteration   1:  0.000000 (step -0.5000 Ne1=     37.0000)
                                                               Ne2=     36.0000
            Final RMS occupancy error   :  0.000000 (Ne1=     37.0000)
                                                     Ne2=     36.0000
            Final occupancy bounds spin 1: [  0.000,  1.000]
            Final occupancy bounds spin 2: [  0.000,  1.000]
================================================================================

    3        -2.169213090210E+02     8.3561E-05     5.4335E-05    -1.9551E-06
      ideal mu1:      -0.969066714690
      ideal mu2:      -0.972283341207
             Q0:        -216.921312129090
             G0:      -0.000046302872
   RMS gradient:       0.000088657923
     Trial step:       0.207106995434
             Q1:        -216.921317282502
 Quadratic coef:       0.000004436237
 Linear coef   :      -0.000009589649
           Qmin:        -216.921317311487
Quadratic minimum step length (  0.223847747109) accepted
    Initial Ne1:      36.99999968
    Initial Ne2:      36.00000004
      Final Ne1:      37.00000000
      Final Ne2:      36.00000000

=================== Penalty functional idempotency correction ==================
 RMS occupancy error at iteration   1:  0.000001 (step -0.5000 Ne1=     37.0000)
                                                               Ne2=     36.0000
            Final RMS occupancy error   :  0.000000 (Ne1=     37.0000)
                                                     Ne2=     36.0000
            Final occupancy bounds spin 1: [  0.000,  1.000]
            Final occupancy bounds spin 2: [  0.000,  1.000]
================================================================================

    4        -2.169213121291E+02     8.8658E-05     5.7628E-05    -3.1081E-06
      ideal mu1:      -0.969100483196
      ideal mu2:      -0.972310745005
    5        -2.169213176624E+02     8.1243E-05     5.2822E-05    -5.5333E-06
Finished density kernel iterations (   5)

Writing density kernel to file "Fe_EtOH_3_LowSpin_NGWFSP.dkn" ... done


>>> Density kernel optimised for the current NGWF basis:
     ~~~~~~~~~~~~~~~~~~~~~~~~~~~~~~~~~~~~~~~~~~~~~~~~~~~~~~~~~~~
     Total energy                =  -2.16921317662387E+02  Eh
     Estimated bandgap (UP spin) =   8.9340E-03  Eh
     Estimated bandgap (DN spin) =   2.4931E-02  Eh
     RMS occupancy error         =   1.7800E-11
     [H,K] commutator            =   5.2822E-05
     UP spin occupancy bounds    = [  0.000:  1.000]
     DN spin occupancy bounds    = [  0.000:  1.000]
     ~~~~~~~~~~~~~~~~~~~~~~~~~~~~~~~~~~~~~~~~~~~~~~~~~~~~~~~~~~~




################################################################################
########################### NGWF CG iteration  024 #############################
################################################################################
****** Reciprocal space K.E. preconditioning with k_zero =  3.0000 a0^-1 *******

>>> Checking for convergence of NGWFs:   NOT CONVERGED
  ========================================================================
         NGWF RMS gradient =  3.2414E-06 >  2.0000E-06  | above tolerance
  ========================================================================

>>> Improving NGWFs using line search:
============ Calculation of NGWF S^-1 using Hotelling algorithm ================ 
     Iteration  |  Spin  |  Frobenius norm and Maximum abs value (of I-S*S_n^-1)
         1           1      0.10687856E-01     0.17839149E-02
         1           2      0.11222796E-01     0.18445226E-02
         2           1      0.21338149E-04     0.75390071E-05
         2           2      0.22969792E-04     0.79917155E-05
         3           1      0.17266779E-09     0.69381612E-10
         3           2      0.19510800E-09     0.78330675E-10
         4           1      0.63171805E-14     0.11102230E-14
         4           2      0.59869301E-14     0.15543122E-14
================================================================================
============ Calculation of NGWF S^-1 using Hotelling algorithm ================ 
     Iteration  |  Spin  |  Frobenius norm and Maximum abs value (of I-S*S_n^-1)
         1           1      0.43781584E-02     0.72372678E-03
         1           2      0.45926366E-02     0.74821743E-03
         2           1      0.35436942E-05     0.12309899E-05
         2           2      0.38122703E-05     0.13070787E-05
         3           1      0.46098420E-11     0.18404167E-11
         3           2      0.52028212E-11     0.20838886E-11
         4           1      0.62711796E-14     0.12212453E-14
         4           2      0.66509831E-14     0.17763568E-14
================================================================================
------------------------------- NGWF line search -------------------------------
RMS gradient                =       0.00000324142343
Trial step length           =               0.340917
Gradient along search dir.  =         -0.00008205997
Functional at step 0        =    -216.92131766238674
Functional at step 1        =    -216.92132212515537
Functional predicted        =    -216.92132598374687
Selected quadratic step     =               0.202812
Conjugate gradients coeff.  =               0.876546
--------------------------- NGWF line search finished --------------------------
                                               
Writing NGWFs to file "Fe_EtOH_3_LowSpin_NGWFSP.tightbox_ngwfs".... done

>>> Optimising kernel for current NGWFs:
   Initial electron number for spin 1:      37.00046573
   Initial electron number for spin 2:      36.00074926
     Final electron number for spin 1:      37.00000000
     Final electron number for spin 2:      36.00000000

=================== Penalty functional idempotency correction ==================
 RMS occupancy error at iteration   1:  0.000117 (step -0.4999 Ne1=     37.0000)
                                                               Ne2=     36.0000
            Final RMS occupancy error   :  0.000000 (Ne1=     37.0000)
                                                     Ne2=     36.0000
            Final occupancy bounds spin 1: [  0.000,  1.000]
            Final occupancy bounds spin 2: [  0.000,  1.000]
================================================================================

................................................................................
<<<<<<<<<<<<<< LNV (Original version) density kernel optimisation >>>>>>>>>>>>>>
~~~~~~~~~~~~~~~~~~~~~~~~~~~~~~~~~~~~~~~~~~~~~~~~~~~~~~~~~~~~~~~~~~~~~~~~~~~~~~~~
   iter  |      energy (Eh)       | rms gradient |  commutator  |   dE (Eh)
      ideal mu1:      -0.969110053397
      ideal mu2:      -0.972323824878
             Q0:        -216.921327700506
             G0:      -0.000057557573
   RMS gradient:       0.000160136905
     Trial step:       0.215314733213
             Q1:        -216.921333259942
 Quadratic coef:       0.000006833558
 Linear coef   :      -0.000012392993
           Qmin:        -216.921333319332
Quadratic minimum step length (  0.195241927280) accepted
    Initial Ne1:      36.99999911
    Initial Ne2:      36.00000009
      Final Ne1:      37.00000000
      Final Ne2:      36.00000000

=================== Penalty functional idempotency correction ==================
 RMS occupancy error at iteration   1:  0.000000 (step -0.5000 Ne1=     37.0000)
                                                               Ne2=     36.0000
            Final RMS occupancy error   :  0.000000 (Ne1=     37.0000)
                                                     Ne2=     36.0000
            Final occupancy bounds spin 1: [  0.000,  1.000]
            Final occupancy bounds spin 2: [  0.000,  1.000]
================================================================================

    1        -2.169213277005E+02     1.6014E-04     1.0390E-04
      ideal mu1:      -0.969074692212
      ideal mu2:      -0.972292381517
             Q0:        -216.921333214115
             G0:      -0.000018723763
   RMS gradient:       0.000083997159
     Trial step:       0.205032835137
             Q1:        -216.921335108053
 Quadratic coef:       0.000001945049
 Linear coef   :      -0.000003838986
           Qmin:        -216.921335108389
Quadratic minimum step length (  0.202338968429) accepted
    Initial Ne1:      36.99999975
    Initial Ne2:      36.00000002
      Final Ne1:      37.00000000
      Final Ne2:      36.00000000

=================== Penalty functional idempotency correction ==================
 RMS occupancy error at iteration   1:  0.000000 (step -0.5000 Ne1=     37.0000)
                                                               Ne2=     36.0000
            Final RMS occupancy error   :  0.000000 (Ne1=     37.0000)
                                                     Ne2=     36.0000
            Final occupancy bounds spin 1: [  0.000,  1.000]
            Final occupancy bounds spin 2: [  0.000,  1.000]
================================================================================

    2        -2.169213332141E+02     8.3997E-05     5.4588E-05    -5.5136E-06
      ideal mu1:      -0.969075687509
      ideal mu2:      -0.972291619306
             Q0:        -216.921335089343
             G0:      -0.000028936038
   RMS gradient:       0.000082497581
     Trial step:       0.203681448236
             Q1:        -216.921338098948
 Quadratic coef:       0.000002884129
 Linear coef   :      -0.000005893734
           Qmin:        -216.921338100313
Quadratic minimum step length (  0.208112102471) accepted
    Initial Ne1:      36.99999975
    Initial Ne2:      36.00000002
      Final Ne1:      37.00000000
      Final Ne2:      36.00000000

=================== Penalty functional idempotency correction ==================
 RMS occupancy error at iteration   1:  0.000000 (step -0.5000 Ne1=     37.0000)
                                                               Ne2=     36.0000
            Final RMS occupancy error   :  0.000000 (Ne1=     37.0000)
                                                     Ne2=     36.0000
            Final occupancy bounds spin 1: [  0.000,  1.000]
            Final occupancy bounds spin 2: [  0.000,  1.000]
================================================================================

    3        -2.169213350893E+02     8.2498E-05     5.3636E-05    -1.8752E-06
      ideal mu1:      -0.969093280367
      ideal mu2:      -0.972304606936
             Q0:        -216.921338156126
             G0:      -0.000045203554
   RMS gradient:       0.000087151172
     Trial step:       0.205884857206
             Q1:        -216.921343179240
 Quadratic coef:       0.000004283612
 Linear coef   :      -0.000009306727
           Qmin:        -216.921343211156
Quadratic minimum step length (  0.223656343669) accepted
    Initial Ne1:      36.99999970
    Initial Ne2:      36.00000003
      Final Ne1:      37.00000000
      Final Ne2:      36.00000000

=================== Penalty functional idempotency correction ==================
 RMS occupancy error at iteration   1:  0.000001 (step -0.5000 Ne1=     37.0000)
                                                               Ne2=     36.0000
            Final RMS occupancy error   :  0.000000 (Ne1=     37.0000)
                                                     Ne2=     36.0000
            Final occupancy bounds spin 1: [  0.000,  1.000]
            Final occupancy bounds spin 2: [  0.000,  1.000]
================================================================================

    4        -2.169213381561E+02     8.7151E-05     5.6646E-05    -3.0668E-06
      ideal mu1:      -0.969123017014
      ideal mu2:      -0.972328417002
    5        -2.169213435771E+02     8.1247E-05     5.2814E-05    -5.4210E-06
Finished density kernel iterations (   5)

Writing density kernel to file "Fe_EtOH_3_LowSpin_NGWFSP.dkn" ... done


>>> Density kernel optimised for the current NGWF basis:
     ~~~~~~~~~~~~~~~~~~~~~~~~~~~~~~~~~~~~~~~~~~~~~~~~~~~~~~~~~~~
     Total energy                =  -2.16921343577091E+02  Eh
     Estimated bandgap (UP spin) =   8.9263E-03  Eh
     Estimated bandgap (DN spin) =   2.5017E-02  Eh
     RMS occupancy error         =   1.8292E-11
     [H,K] commutator            =   5.2814E-05
     UP spin occupancy bounds    = [  0.000:  1.000]
     DN spin occupancy bounds    = [  0.000:  1.000]
     ~~~~~~~~~~~~~~~~~~~~~~~~~~~~~~~~~~~~~~~~~~~~~~~~~~~~~~~~~~~




################################################################################
########################### NGWF CG iteration  025 #############################
################################################################################
****** Reciprocal space K.E. preconditioning with k_zero =  3.0000 a0^-1 *******

>>> Checking for convergence of NGWFs:   NOT CONVERGED
  ========================================================================
         NGWF RMS gradient =  3.1364E-06 >  2.0000E-06  | above tolerance
  ========================================================================

>>> Improving NGWFs using line search:
============ Calculation of NGWF S^-1 using Hotelling algorithm ================ 
     Iteration  |  Spin  |  Frobenius norm and Maximum abs value (of I-S*S_n^-1)
         1           1      0.23566637E-02     0.40413567E-03
         1           2      0.24831651E-02     0.41829203E-03
         2           1      0.11313452E-05     0.41540075E-06
         2           2      0.12152628E-05     0.43953097E-06
         3           1      0.57646875E-12     0.22104540E-12
         3           2      0.64910306E-12     0.24780178E-12
================================================================================
============ Calculation of NGWF S^-1 using Hotelling algorithm ================ 
     Iteration  |  Spin  |  Frobenius norm and Maximum abs value (of I-S*S_n^-1)
         1           1      0.23651073E-02     0.40438987E-03
         1           2      0.24915850E-02     0.41852041E-03
         2           1      0.11252603E-05     0.41323962E-06
         2           2      0.12098992E-05     0.43769691E-06
         3           1      0.55790103E-12     0.21693758E-12
         3           2      0.62949888E-12     0.24358293E-12
================================================================================
------------------------------- NGWF line search -------------------------------
RMS gradient                =       0.00000313642364
Trial step length           =               0.262949
Gradient along search dir.  =         -0.00002159431
Functional at step 0        =    -216.92134357709122
Functional at step 1        =    -216.92134783554962
Functional predicted        =    -216.92134925453945
Selected quadratic step     =               0.525828
Conjugate gradients coeff.  =               0.000000
--------------------------- NGWF line search finished --------------------------
                                               
Writing NGWFs to file "Fe_EtOH_3_LowSpin_NGWFSP.tightbox_ngwfs".... done

>>> Optimising kernel for current NGWFs:
   Initial electron number for spin 1:      37.00036339
   Initial electron number for spin 2:      36.00056961
     Final electron number for spin 1:      37.00000000
     Final electron number for spin 2:      36.00000000

=================== Penalty functional idempotency correction ==================
 RMS occupancy error at iteration   1:  0.000087 (step -0.4999 Ne1=     37.0000)
                                                               Ne2=     36.0000
            Final RMS occupancy error   :  0.000000 (Ne1=     37.0000)
                                                     Ne2=     36.0000
            Final occupancy bounds spin 1: [  0.000,  1.000]
            Final occupancy bounds spin 2: [  0.000,  1.000]
================================================================================

................................................................................
<<<<<<<<<<<<<< LNV (Original version) density kernel optimisation >>>>>>>>>>>>>>
~~~~~~~~~~~~~~~~~~~~~~~~~~~~~~~~~~~~~~~~~~~~~~~~~~~~~~~~~~~~~~~~~~~~~~~~~~~~~~~~
   iter  |      energy (Eh)       | rms gradient |  commutator  |   dE (Eh)
      ideal mu1:      -0.969098226555
      ideal mu2:      -0.972311474846
             Q0:        -216.921350971231
             G0:      -0.000038375789
   RMS gradient:       0.000130758175
     Trial step:       0.214586705971
             Q1:        -216.921354611988
 Quadratic coef:       0.000004594176
 Linear coef   :      -0.000008234934
           Qmin:        -216.921354661454
Quadratic minimum step length (  0.192320367501) accepted
    Initial Ne1:      36.99999950
    Initial Ne2:      36.00000001
      Final Ne1:      37.00000000
      Final Ne2:      36.00000000

=================== Penalty functional idempotency correction ==================
 RMS occupancy error at iteration   1:  0.000000 (step -0.5000 Ne1=     37.0000)
                                                               Ne2=     36.0000
            Final RMS occupancy error   :  0.000000 (Ne1=     37.0000)
                                                     Ne2=     36.0000
            Final occupancy bounds spin 1: [  0.000,  1.000]
            Final occupancy bounds spin 2: [  0.000,  1.000]
================================================================================

    1        -2.169213509712E+02     1.3076E-04     8.4837E-05
      ideal mu1:      -0.969086750035
      ideal mu2:      -0.972300608528
             Q0:        -216.921354549394
             G0:      -0.000018039988
   RMS gradient:       0.000079787678
     Trial step:       0.203148699610
             Q1:        -216.921356326384
 Quadratic coef:       0.000001887810
 Linear coef   :      -0.000003664800
           Qmin:        -216.921356328011
Quadratic minimum step length (  0.197185993587) accepted
    Initial Ne1:      36.99999981
    Initial Ne2:      36.00000000
      Final Ne1:      37.00000000
      Final Ne2:      36.00000000

=================== Penalty functional idempotency correction ==================
 RMS occupancy error at iteration   1:  0.000000 (step -0.5000 Ne1=     37.0000)
                                                               Ne2=     36.0000
            Final RMS occupancy error   :  0.000000 (Ne1=     37.0000)
                                                     Ne2=     36.0000
            Final occupancy bounds spin 1: [  0.000,  1.000]
            Final occupancy bounds spin 2: [  0.000,  1.000]
================================================================================

    2        -2.169213545494E+02     7.9788E-05     5.1859E-05    -3.5782E-06
      ideal mu1:      -0.969097267966
      ideal mu2:      -0.972308341237
             Q0:        -216.921356284531
             G0:      -0.000030803985
   RMS gradient:       0.000082380709
     Trial step:       0.200145142780
             Q1:        -216.921359458292
 Quadratic coef:       0.000002991507
 Linear coef   :      -0.000006165268
           Qmin:        -216.921359461068
Quadratic minimum step length (  0.206241968630) accepted
    Initial Ne1:      36.99999979
    Initial Ne2:      36.00000000
      Final Ne1:      37.00000000
      Final Ne2:      36.00000000

=================== Penalty functional idempotency correction ==================
 RMS occupancy error at iteration   1:  0.000000 (step -0.5000 Ne1=     37.0000)
                                                               Ne2=     36.0000
            Final RMS occupancy error   :  0.000000 (Ne1=     37.0000)
                                                     Ne2=     36.0000
            Final occupancy bounds spin 1: [  0.000,  1.000]
            Final occupancy bounds spin 2: [  0.000,  1.000]
================================================================================

    3        -2.169213562845E+02     8.2381E-05     5.3543E-05    -1.7351E-06
      ideal mu1:      -0.969126229966
      ideal mu2:      -0.972331445126
             Q0:        -216.921359544315
             G0:      -0.000045176552
   RMS gradient:       0.000084846272
     Trial step:       0.203170687499
             Q1:        -216.921364532665
 Quadratic coef:       0.000004190201
 Linear coef   :      -0.000009178551
           Qmin:        -216.921364570673
Quadratic minimum step length (  0.222520646326) accepted
    Initial Ne1:      36.99999975
    Initial Ne2:      36.00000001
      Final Ne1:      37.00000000
      Final Ne2:      36.00000000

=================== Penalty functional idempotency correction ==================
 RMS occupancy error at iteration   1:  0.000001 (step -0.5000 Ne1=     37.0000)
                                                               Ne2=     36.0000
            Final RMS occupancy error   :  0.000000 (Ne1=     37.0000)
                                                     Ne2=     36.0000
            Final occupancy bounds spin 1: [  0.000,  1.000]
            Final occupancy bounds spin 2: [  0.000,  1.000]
================================================================================

    4        -2.169213595443E+02     8.4846E-05     5.5151E-05    -3.2598E-06
      ideal mu1:      -0.969164762910
      ideal mu2:      -0.972363372822
    5        -2.169213649743E+02     8.2136E-05     5.3377E-05    -5.4300E-06
Finished density kernel iterations (   5)

Writing density kernel to file "Fe_EtOH_3_LowSpin_NGWFSP.dkn" ... done


>>> Density kernel optimised for the current NGWF basis:
     ~~~~~~~~~~~~~~~~~~~~~~~~~~~~~~~~~~~~~~~~~~~~~~~~~~~~~~~~~~~
     Total energy                =  -2.16921364974289E+02  Eh
     Estimated bandgap (UP spin) =   8.9019E-03  Eh
     Estimated bandgap (DN spin) =   2.5105E-02  Eh
     RMS occupancy error         =   2.2491E-11
     [H,K] commutator            =   5.3377E-05
     UP spin occupancy bounds    = [  0.000:  1.000]
     DN spin occupancy bounds    = [  0.000:  1.000]
     ~~~~~~~~~~~~~~~~~~~~~~~~~~~~~~~~~~~~~~~~~~~~~~~~~~~~~~~~~~~


================================================================================
           ---------------- ENERGY COMPONENTS (Eh) ----------------
           | Kinetic                    :       64.32631580584658 |
           | Core Hartree               :     -966.54803786585376 |
           | CoreHart (non-coul chg cor):        0.00155689502347
           | Hartree                    :      432.59276561551201 |
           | Exchange-correlation       :      -30.33143379227279 |
           | Ewald                      :      286.40959520493226 |
           | Dij0                       :       -0.29005028728699 |
           | Dijhartree                 :       10.88786606511352 |
           | Exc [AE core]              :     -113.51363836651362 |
           | Exc DC [AE core]           :      -48.26217988216334 |
           | Exc [PS core]              :      -24.44291736000266 |
           | Exc DC [PS core]           :      -28.85577616127778 |
           | Exc [Core]                 :      -75.10233528622905 |
           | Total [Sphere]             :       -3.37056994245538 |
           | Total                      :     -216.92136497429109 |
           --------------------------------------------------------
           ------ LOCAL ENERGY COMPONENTS FROM MATRIX TRACES ------
           | Core Hartree               :     -966.54803786585148 |
           | Hartree (Valence)          :      432.59276561551144 |
           --------------------------------------------------------
           Integrated compensation chrg.:       11.40456125401595
           Integrated density           :       72.99999932119056
           Integrated spin density      :        1.00000001848160
           Integrated |spin density|    :        2.61903684451013
           Local density approx. <S^2>  :        1.55951841301426
           Integrated density tr(KS)    :       73.00000000000000
           Integrated spin tr(KS)       :        1.00000000000000
================================================================================




################################################################################
########################### NGWF CG iteration  026 #############################
################################################################################
****** Reciprocal space K.E. preconditioning with k_zero =  3.0000 a0^-1 *******

>>> Checking for convergence of NGWFs:   NOT CONVERGED
  ========================================================================
         NGWF RMS gradient =  3.0782E-06 >  2.0000E-06  | above tolerance
  ========================================================================

>>> Improving NGWFs using line search:
============ Calculation of NGWF S^-1 using Hotelling algorithm ================ 
     Iteration  |  Spin  |  Frobenius norm and Maximum abs value (of I-S*S_n^-1)
         1           1      0.65907866E-02     0.11206447E-02
         1           2      0.69402855E-02     0.11599354E-02
         2           1      0.86654052E-05     0.31754442E-05
         2           2      0.93225823E-05     0.33688167E-05
         3           1      0.32469622E-10     0.12749024E-10
         3           2      0.36735414E-10     0.14372281E-10
         4           1      0.58896805E-14     0.15543122E-14
         4           2      0.62766238E-14     0.17763568E-14
================================================================================
============ Calculation of NGWF S^-1 using Hotelling algorithm ================ 
     Iteration  |  Spin  |  Frobenius norm and Maximum abs value (of I-S*S_n^-1)
         1           1      0.11431324E-02     0.19349817E-03
         1           2      0.12032748E-02     0.20024009E-03
         2           1      0.25743474E-06     0.94035140E-07
         2           2      0.27714582E-06     0.99885256E-07
         3           1      0.28637765E-13     0.10880186E-13
         3           2      0.32137607E-13     0.12878587E-13
================================================================================
------------------------------- NGWF line search -------------------------------
RMS gradient                =       0.00000307823205
Trial step length           =               0.371841
Gradient along search dir.  =         -0.00004061183
Functional at step 0        =    -216.92136497428930
Functional at step 1        =    -216.92137095137105
Functional predicted        =    -216.92137122272734
Selected quadratic step     =               0.307715
Conjugate gradients coeff.  =               0.963237
--------------------------- NGWF line search finished --------------------------
                                               
Writing NGWFs to file "Fe_EtOH_3_LowSpin_NGWFSP.tightbox_ngwfs".... done

>>> Optimising kernel for current NGWFs:
   Initial electron number for spin 1:      37.00041834
   Initial electron number for spin 2:      36.00065506
     Final electron number for spin 1:      37.00000000
     Final electron number for spin 2:      36.00000000

=================== Penalty functional idempotency correction ==================
 RMS occupancy error at iteration   1:  0.000099 (step -0.4999 Ne1=     37.0000)
                                                               Ne2=     36.0000
            Final RMS occupancy error   :  0.000000 (Ne1=     37.0000)
                                                     Ne2=     36.0000
            Final occupancy bounds spin 1: [  0.000,  1.000]
            Final occupancy bounds spin 2: [  0.000,  1.000]
================================================================================

................................................................................
<<<<<<<<<<<<<< LNV (Original version) density kernel optimisation >>>>>>>>>>>>>>
~~~~~~~~~~~~~~~~~~~~~~~~~~~~~~~~~~~~~~~~~~~~~~~~~~~~~~~~~~~~~~~~~~~~~~~~~~~~~~~~
   iter  |      energy (Eh)       | rms gradient |  commutator  |   dE (Eh)
      ideal mu1:      -0.969148362673
      ideal mu2:      -0.972353920437
             Q0:        -216.921372530294
             G0:      -0.000045143073
   RMS gradient:       0.000141819436
     Trial step:       0.212625663307
             Q1:        -216.921376809146
 Quadratic coef:       0.000005319724
 Linear coef   :      -0.000009598576
           Qmin:        -216.921376860061
Quadratic minimum step length (  0.191824211483) accepted
    Initial Ne1:      36.99999935
    Initial Ne2:      36.00000001
      Final Ne1:      37.00000000
      Final Ne2:      36.00000000

=================== Penalty functional idempotency correction ==================
 RMS occupancy error at iteration   1:  0.000000 (step -0.5000 Ne1=     37.0000)
                                                               Ne2=     36.0000
            Final RMS occupancy error   :  0.000000 (Ne1=     37.0000)
                                                     Ne2=     36.0000
            Final occupancy bounds spin 1: [  0.000,  1.000]
            Final occupancy bounds spin 2: [  0.000,  1.000]
================================================================================

    1        -2.169213725303E+02     1.4182E-04     9.2005E-05
      ideal mu1:      -0.969123714304
      ideal mu2:      -0.972331463535
             Q0:        -216.921376757277
             G0:      -0.000018025327
   RMS gradient:       0.000081161666
     Trial step:       0.201957297974
             Q1:        -216.921378567344
 Quadratic coef:       0.000001830280
 Linear coef   :      -0.000003640346
           Qmin:        -216.921378567399
Quadratic minimum step length (  0.200842073553) accepted
    Initial Ne1:      36.99999978
    Initial Ne2:      36.00000000
      Final Ne1:      37.00000000
      Final Ne2:      36.00000000

=================== Penalty functional idempotency correction ==================
 RMS occupancy error at iteration   1:  0.000000 (step -0.5000 Ne1=     37.0000)
                                                               Ne2=     36.0000
            Final RMS occupancy error   :  0.000000 (Ne1=     37.0000)
                                                     Ne2=     36.0000
            Final occupancy bounds spin 1: [  0.000,  1.000]
            Final occupancy bounds spin 2: [  0.000,  1.000]
================================================================================

    2        -2.169213767573E+02     8.1162E-05     5.2739E-05    -4.2270E-06
      ideal mu1:      -0.969125433817
      ideal mu2:      -0.972331292418
             Q0:        -216.921378559519
             G0:      -0.000029424100
   RMS gradient:       0.000081831720
     Trial step:       0.201398913836
             Q1:        -216.921381622298
 Quadratic coef:       0.000002863203
 Linear coef   :      -0.000005925982
           Qmin:        -216.921381625776
Quadratic minimum step length (  0.208418045849) accepted
    Initial Ne1:      36.99999976
    Initial Ne2:      36.00000000
      Final Ne1:      37.00000000
      Final Ne2:      36.00000000

=================== Penalty functional idempotency correction ==================
 RMS occupancy error at iteration   1:  0.000000 (step -0.5000 Ne1=     37.0000)
                                                               Ne2=     36.0000
            Final RMS occupancy error   :  0.000000 (Ne1=     37.0000)
                                                     Ne2=     36.0000
            Final occupancy bounds spin 1: [  0.000,  1.000]
            Final occupancy bounds spin 2: [  0.000,  1.000]
================================================================================

    3        -2.169213785595E+02     8.1832E-05     5.3184E-05    -1.8022E-06
      ideal mu1:      -0.969143281993
      ideal mu2:      -0.972344494366
             Q0:        -216.921381715649
             G0:      -0.000044154440
   RMS gradient:       0.000085250558
     Trial step:       0.204878422626
             Q1:        -216.921386673143
 Quadratic coef:       0.000004088798
 Linear coef   :      -0.000009046292
           Qmin:        -216.921386719283
Quadratic minimum step length (  0.226642400238) accepted
    Initial Ne1:      36.99999972
    Initial Ne2:      36.00000000
      Final Ne1:      37.00000000
      Final Ne2:      36.00000000

=================== Penalty functional idempotency correction ==================
 RMS occupancy error at iteration   1:  0.000001 (step -0.5000 Ne1=     37.0000)
                                                               Ne2=     36.0000
            Final RMS occupancy error   :  0.000000 (Ne1=     37.0000)
                                                     Ne2=     36.0000
            Final occupancy bounds spin 1: [  0.000,  1.000]
            Final occupancy bounds spin 2: [  0.000,  1.000]
================================================================================

    4        -2.169213817156E+02     8.5251E-05     5.5405E-05    -3.1561E-06
      ideal mu1:      -0.969173231420
      ideal mu2:      -0.972368706319
    5        -2.169213871609E+02     8.2426E-05     5.3558E-05    -5.4452E-06
Finished density kernel iterations (   5)

Writing density kernel to file "Fe_EtOH_3_LowSpin_NGWFSP.dkn" ... done


>>> Density kernel optimised for the current NGWF basis:
     ~~~~~~~~~~~~~~~~~~~~~~~~~~~~~~~~~~~~~~~~~~~~~~~~~~~~~~~~~~~
     Total energy                =  -2.16921387160884E+02  Eh
     Estimated bandgap (UP spin) =   8.9736E-03  Eh
     Estimated bandgap (DN spin) =   2.5159E-02  Eh
     RMS occupancy error         =   2.2011E-11
     [H,K] commutator            =   5.3558E-05
     UP spin occupancy bounds    = [  0.000:  1.000]
     DN spin occupancy bounds    = [  0.000:  1.000]
     ~~~~~~~~~~~~~~~~~~~~~~~~~~~~~~~~~~~~~~~~~~~~~~~~~~~~~~~~~~~




################################################################################
########################### NGWF CG iteration  027 #############################
################################################################################
****** Reciprocal space K.E. preconditioning with k_zero =  3.0000 a0^-1 *******

>>> Checking for convergence of NGWFs:   NOT CONVERGED
  ========================================================================
         NGWF RMS gradient =  3.0143E-06 >  2.0000E-06  | above tolerance
  ========================================================================

>>> Improving NGWFs using line search:
============ Calculation of NGWF S^-1 using Hotelling algorithm ================ 
     Iteration  |  Spin  |  Frobenius norm and Maximum abs value (of I-S*S_n^-1)
         1           1      0.88674844E-02     0.14978364E-02
         1           2      0.93342794E-02     0.15504988E-02
         2           1      0.15446962E-04     0.56381934E-05
         2           2      0.16635379E-04     0.59958204E-05
         3           1      0.99426900E-10     0.39697357E-10
         3           2      0.11291741E-09     0.44970472E-10
         4           1      0.70126060E-14     0.22204460E-14
         4           2      0.64891334E-14     0.26645353E-14
================================================================================
============ Calculation of NGWF S^-1 using Hotelling algorithm ================ 
     Iteration  |  Spin  |  Frobenius norm and Maximum abs value (of I-S*S_n^-1)
         1           1      0.34165384E-02     0.57406752E-03
         1           2      0.35945285E-02     0.59408255E-03
         2           1      0.22681236E-05     0.82302595E-06
         2           2      0.24433010E-05     0.87633554E-06
         3           1      0.20899342E-11     0.84010576E-12
         3           2      0.23767978E-11     0.95434771E-12
================================================================================
------------------------------- NGWF line search -------------------------------
RMS gradient                =       0.00000301432263
Trial step length           =               0.338262
Gradient along search dir.  =         -0.00005695376
Functional at step 0        =    -216.92138716088436
Functional at step 1        =    -216.92139081972573
Functional predicted        =    -216.92139310636517
Selected quadratic step     =               0.208783
Conjugate gradients coeff.  =               0.958908
--------------------------- NGWF line search finished --------------------------
                                               
Writing NGWFs to file "Fe_EtOH_3_LowSpin_NGWFSP.tightbox_ngwfs".... done

>>> Optimising kernel for current NGWFs:
   Initial electron number for spin 1:      37.00042026
   Initial electron number for spin 2:      36.00065450
     Final electron number for spin 1:      37.00000000
     Final electron number for spin 2:      36.00000000

=================== Penalty functional idempotency correction ==================
 RMS occupancy error at iteration   1:  0.000098 (step -0.4999 Ne1=     37.0000)
                                                               Ne2=     36.0000
            Final RMS occupancy error   :  0.000000 (Ne1=     37.0000)
                                                     Ne2=     36.0000
            Final occupancy bounds spin 1: [  0.000,  1.000]
            Final occupancy bounds spin 2: [  0.000,  1.000]
================================================================================

................................................................................
<<<<<<<<<<<<<< LNV (Original version) density kernel optimisation >>>>>>>>>>>>>>
~~~~~~~~~~~~~~~~~~~~~~~~~~~~~~~~~~~~~~~~~~~~~~~~~~~~~~~~~~~~~~~~~~~~~~~~~~~~~~~~
   iter  |      energy (Eh)       | rms gradient |  commutator  |   dE (Eh)
      ideal mu1:      -0.969168743666
      ideal mu2:      -0.972369333227
             Q0:        -216.921394260252
             G0:      -0.000044933738
   RMS gradient:       0.000141490236
     Trial step:       0.215485817308
             Q1:        -216.921398534976
 Quadratic coef:       0.000005407859
 Linear coef   :      -0.000009682583
           Qmin:        -216.921398594334
Quadratic minimum step length (  0.192909915837) accepted
    Initial Ne1:      36.99999936
    Initial Ne2:      36.00000000
      Final Ne1:      37.00000000
      Final Ne2:      36.00000000

=================== Penalty functional idempotency correction ==================
 RMS occupancy error at iteration   1:  0.000000 (step -0.5000 Ne1=     37.0000)
                                                               Ne2=     36.0000
            Final RMS occupancy error   :  0.000000 (Ne1=     37.0000)
                                                     Ne2=     36.0000
            Final occupancy bounds spin 1: [  0.000,  1.000]
            Final occupancy bounds spin 2: [  0.000,  1.000]
================================================================================

    1        -2.169213942603E+02     1.4149E-04     9.1785E-05
      ideal mu1:      -0.969145186235
      ideal mu2:      -0.972348213726
             Q0:        -216.921398486239
             G0:      -0.000017825047
   RMS gradient:       0.000080901388
     Trial step:       0.203885631865
             Q1:        -216.921400311611
 Quadratic coef:       0.000001808898
 Linear coef   :      -0.000003634271
           Qmin:        -216.921400311649
Quadratic minimum step length (  0.204814080470) accepted
    Initial Ne1:      36.99999978
    Initial Ne2:      36.00000000
      Final Ne1:      37.00000000
      Final Ne2:      36.00000000

=================== Penalty functional idempotency correction ==================
 RMS occupancy error at iteration   1:  0.000000 (step -0.5000 Ne1=     37.0000)
                                                               Ne2=     36.0000
            Final RMS occupancy error   :  0.000000 (Ne1=     37.0000)
                                                     Ne2=     36.0000
            Final occupancy bounds spin 1: [  0.000,  1.000]
            Final occupancy bounds spin 2: [  0.000,  1.000]
================================================================================

    2        -2.169213984862E+02     8.0901E-05     5.2563E-05    -4.2260E-06
      ideal mu1:      -0.969149426519
      ideal mu2:      -0.972350482609
             Q0:        -216.921400318148
             G0:      -0.000029420764
   RMS gradient:       0.000081894555
     Trial step:       0.204349328874
             Q1:        -216.921403474197
 Quadratic coef:       0.000002856064
 Linear coef   :      -0.000006012113
           Qmin:        -216.921403482074
Quadratic minimum step length (  0.215081193369) accepted
    Initial Ne1:      36.99999976
    Initial Ne2:      36.00000000
      Final Ne1:      37.00000000
      Final Ne2:      36.00000000

=================== Penalty functional idempotency correction ==================
 RMS occupancy error at iteration   1:  0.000000 (step -0.5000 Ne1=     37.0000)
                                                               Ne2=     36.0000
            Final RMS occupancy error   :  0.000000 (Ne1=     37.0000)
                                                     Ne2=     36.0000
            Final occupancy bounds spin 1: [  0.000,  1.000]
            Final occupancy bounds spin 2: [  0.000,  1.000]
================================================================================

    3        -2.169214003181E+02     8.1895E-05     5.3219E-05    -1.8319E-06
      ideal mu1:      -0.969171547549
      ideal mu2:      -0.972367631982
             Q0:        -216.921403620028
             G0:      -0.000044866689
   RMS gradient:       0.000085858950
     Trial step:       0.209646601495
             Q1:        -216.921408857763
 Quadratic coef:       0.000004168413
 Linear coef   :      -0.000009406149
           Qmin:        -216.921408926341
Quadratic minimum step length (  0.236536896264) accepted
    Initial Ne1:      36.99999971
    Initial Ne2:      36.00000000
      Final Ne1:      37.00000000
      Final Ne2:      36.00000000

=================== Penalty functional idempotency correction ==================
 RMS occupancy error at iteration   1:  0.000001 (step -0.5000 Ne1=     37.0000)
                                                               Ne2=     36.0000
            Final RMS occupancy error   :  0.000000 (Ne1=     37.0000)
                                                     Ne2=     36.0000
            Final occupancy bounds spin 1: [  0.000,  1.000]
            Final occupancy bounds spin 2: [  0.000,  1.000]
================================================================================

    4        -2.169214036200E+02     8.5859E-05     5.5791E-05    -3.3019E-06
      ideal mu1:      -0.969205928586
      ideal mu2:      -0.972395754944
    5        -2.169214094814E+02     8.2135E-05     5.3364E-05    -5.8614E-06
Finished density kernel iterations (   5)

Writing density kernel to file "Fe_EtOH_3_LowSpin_NGWFSP.dkn" ... done


>>> Density kernel optimised for the current NGWF basis:
     ~~~~~~~~~~~~~~~~~~~~~~~~~~~~~~~~~~~~~~~~~~~~~~~~~~~~~~~~~~~
     Total energy                =  -2.16921409481435E+02  Eh
     Estimated bandgap (UP spin) =   8.9523E-03  Eh
     Estimated bandgap (DN spin) =   2.5251E-02  Eh
     RMS occupancy error         =   2.8181E-11
     [H,K] commutator            =   5.3364E-05
     UP spin occupancy bounds    = [  0.000:  1.000]
     DN spin occupancy bounds    = [  0.000:  1.000]
     ~~~~~~~~~~~~~~~~~~~~~~~~~~~~~~~~~~~~~~~~~~~~~~~~~~~~~~~~~~~




################################################################################
########################### NGWF CG iteration  028 #############################
################################################################################
****** Reciprocal space K.E. preconditioning with k_zero =  3.0000 a0^-1 *******

>>> Checking for convergence of NGWFs:   NOT CONVERGED
  ========================================================================
         NGWF RMS gradient =  2.9003E-06 >  2.0000E-06  | above tolerance
  ========================================================================

>>> Improving NGWFs using line search:
============ Calculation of NGWF S^-1 using Hotelling algorithm ================ 
     Iteration  |  Spin  |  Frobenius norm and Maximum abs value (of I-S*S_n^-1)
         1           1      0.89059588E-02     0.14968769E-02
         1           2      0.93729746E-02     0.15495607E-02
         2           1      0.15471455E-04     0.56260538E-05
         2           2      0.16669370E-04     0.59937023E-05
         3           1      0.97447099E-10     0.39242387E-10
         3           2      0.11091287E-09     0.44613202E-10
         4           1      0.66303022E-14     0.13322676E-14
         4           2      0.57396100E-14     0.17763568E-14
================================================================================
============ Calculation of NGWF S^-1 using Hotelling algorithm ================ 
     Iteration  |  Spin  |  Frobenius norm and Maximum abs value (of I-S*S_n^-1)
         1           1      0.36796655E-02     0.61510860E-03
         1           2      0.38704734E-02     0.63656861E-03
         2           1      0.26159661E-05     0.94452052E-06
         2           2      0.28185349E-05     0.10074555E-05
         3           1      0.27202504E-11     0.11004531E-11
         3           2      0.30981288E-11     0.12536638E-11
         4           1      0.56719690E-14     0.18873791E-14
         4           2      0.66124875E-14     0.16653345E-14
================================================================================
------------------------------- NGWF line search -------------------------------
RMS gradient                =       0.00000290029758
Trial step length           =               0.265750
Gradient along search dir.  =         -0.00006802389
Functional at step 0        =    -216.92140948143509
Functional at step 1        =    -216.92141222734239
Functional predicted        =    -216.92141481020448
Selected quadratic step     =               0.156673
Conjugate gradients coeff.  =               0.925775
--------------------------- NGWF line search finished --------------------------
                                               
Writing NGWFs to file "Fe_EtOH_3_LowSpin_NGWFSP.tightbox_ngwfs".... done

>>> Optimising kernel for current NGWFs:
   Initial electron number for spin 1:      37.00040409
   Initial electron number for spin 2:      36.00062638
     Final electron number for spin 1:      37.00000000
     Final electron number for spin 2:      36.00000000

=================== Penalty functional idempotency correction ==================
 RMS occupancy error at iteration   1:  0.000093 (step -0.4999 Ne1=     37.0000)
                                                               Ne2=     36.0000
            Final RMS occupancy error   :  0.000000 (Ne1=     37.0000)
                                                     Ne2=     36.0000
            Final occupancy bounds spin 1: [  0.000,  1.000]
            Final occupancy bounds spin 2: [  0.000,  1.000]
================================================================================

................................................................................
<<<<<<<<<<<<<< LNV (Original version) density kernel optimisation >>>>>>>>>>>>>>
~~~~~~~~~~~~~~~~~~~~~~~~~~~~~~~~~~~~~~~~~~~~~~~~~~~~~~~~~~~~~~~~~~~~~~~~~~~~~~~~
   iter  |      energy (Eh)       | rms gradient |  commutator  |   dE (Eh)
      ideal mu1:      -0.969205434292
      ideal mu2:      -0.972399538578
             Q0:        -216.921415821205
             G0:      -0.000042672670
   RMS gradient:       0.000137884391
     Trial step:       0.222686228649
             Q1:        -216.921419920399
 Quadratic coef:       0.000005403422
 Linear coef   :      -0.000009502616
           Qmin:        -216.921419999099
Quadratic minimum step length (  0.195811266307) accepted
    Initial Ne1:      36.99999941
    Initial Ne2:      36.00000000
      Final Ne1:      37.00000000
      Final Ne2:      36.00000000

=================== Penalty functional idempotency correction ==================
 RMS occupancy error at iteration   1:  0.000000 (step -0.5000 Ne1=     37.0000)
                                                               Ne2=     36.0000
            Final RMS occupancy error   :  0.000000 (Ne1=     37.0000)
                                                     Ne2=     36.0000
            Final occupancy bounds spin 1: [  0.000,  1.000]
            Final occupancy bounds spin 2: [  0.000,  1.000]
================================================================================

    1        -2.169214158212E+02     1.3788E-04     8.9445E-05
      ideal mu1:      -0.969177139958
      ideal mu2:      -0.972374372938
             Q0:        -216.921419875046
             G0:      -0.000017866829
   RMS gradient:       0.000080888375
     Trial step:       0.208816839409
             Q1:        -216.921421771019
 Quadratic coef:       0.000001834922
 Linear coef   :      -0.000003730895
           Qmin:        -216.921421771527
Quadratic minimum step length (  0.212290676767) accepted
    Initial Ne1:      36.99999978
    Initial Ne2:      36.00000000
      Final Ne1:      37.00000000
      Final Ne2:      36.00000000

=================== Penalty functional idempotency correction ==================
 RMS occupancy error at iteration   1:  0.000000 (step -0.5000 Ne1=     37.0000)
                                                               Ne2=     36.0000
            Final RMS occupancy error   :  0.000000 (Ne1=     37.0000)
                                                     Ne2=     36.0000
            Final occupancy bounds spin 1: [  0.000,  1.000]
            Final occupancy bounds spin 2: [  0.000,  1.000]
================================================================================

    2        -2.169214198750E+02     8.0888E-05     5.2548E-05    -4.0538E-06
      ideal mu1:      -0.969177338237
      ideal mu2:      -0.972373077721
             Q0:        -216.921421796081
             G0:      -0.000030097182
   RMS gradient:       0.000082640235
     Trial step:       0.210546593795
             Q1:        -216.921425182092
 Quadratic coef:       0.000002950849
 Linear coef   :      -0.000006336859
           Qmin:        -216.921425198135
Quadratic minimum step length (  0.226071265729) accepted
    Initial Ne1:      36.99999976
    Initial Ne2:      36.00000000
      Final Ne1:      37.00000000
      Final Ne2:      36.00000000

=================== Penalty functional idempotency correction ==================
 RMS occupancy error at iteration   1:  0.000000 (step -0.5000 Ne1=     37.0000)
                                                               Ne2=     36.0000
            Final RMS occupancy error   :  0.000000 (Ne1=     37.0000)
                                                     Ne2=     36.0000
            Final occupancy bounds spin 1: [  0.000,  1.000]
            Final occupancy bounds spin 2: [  0.000,  1.000]
================================================================================

    3        -2.169214217961E+02     8.2640E-05     5.3696E-05    -1.9210E-06
      ideal mu1:      -0.969196027416
      ideal mu2:      -0.972387098933
             Q0:        -216.921425402562
             G0:      -0.000046013513
   RMS gradient:       0.000086778460
     Trial step:       0.218170884753
             Q1:        -216.921431073526
 Quadratic coef:       0.000004367845
 Linear coef   :      -0.000010038809
           Qmin:        -216.921431170720
Quadratic minimum step length (  0.250715819864) accepted
    Initial Ne1:      36.99999970
    Initial Ne2:      36.00000000
      Final Ne1:      37.00000000
      Final Ne2:      36.00000000

=================== Penalty functional idempotency correction ==================
 RMS occupancy error at iteration   1:  0.000002 (step -0.5000 Ne1=     37.0000)
                                                               Ne2=     36.0000
            Final RMS occupancy error   :  0.000000 (Ne1=     37.0000)
                                                     Ne2=     36.0000
            Final occupancy bounds spin 1: [  0.000,  1.000]
            Final occupancy bounds spin 2: [  0.000,  1.000]
================================================================================

    4        -2.169214254026E+02     8.6778E-05     5.6378E-05    -3.6065E-06
      ideal mu1:      -0.969228227692
      ideal mu2:      -0.972413217438
    5        -2.169214318573E+02     8.2144E-05     5.3365E-05    -6.4547E-06
Finished density kernel iterations (   5)

Writing density kernel to file "Fe_EtOH_3_LowSpin_NGWFSP.dkn" ... done


>>> Density kernel optimised for the current NGWF basis:
     ~~~~~~~~~~~~~~~~~~~~~~~~~~~~~~~~~~~~~~~~~~~~~~~~~~~~~~~~~~~
     Total energy                =  -2.16921431857305E+02  Eh
     Estimated bandgap (UP spin) =   8.9929E-03  Eh
     Estimated bandgap (DN spin) =   2.5382E-02  Eh
     RMS occupancy error         =   4.0317E-11
     [H,K] commutator            =   5.3365E-05
     UP spin occupancy bounds    = [  0.000:  1.000]
     DN spin occupancy bounds    = [  0.000:  1.000]
     ~~~~~~~~~~~~~~~~~~~~~~~~~~~~~~~~~~~~~~~~~~~~~~~~~~~~~~~~~~~




################################################################################
########################### NGWF CG iteration  029 #############################
################################################################################
****** Reciprocal space K.E. preconditioning with k_zero =  3.0000 a0^-1 *******

>>> Checking for convergence of NGWFs:   NOT CONVERGED
  ========================================================================
         NGWF RMS gradient =  2.7871E-06 >  2.0000E-06  | above tolerance
  ========================================================================

>>> Improving NGWFs using line search:
============ Calculation of NGWF S^-1 using Hotelling algorithm ================ 
     Iteration  |  Spin  |  Frobenius norm and Maximum abs value (of I-S*S_n^-1)
         1           1      0.18145589E-02     0.31086389E-03
         1           2      0.19146400E-02     0.32223501E-03
         2           1      0.69101185E-06     0.25615008E-06
         2           2      0.74375821E-06     0.27242892E-06
         3           1      0.21922252E-12     0.85154106E-13
         3           2      0.24919581E-12     0.96700425E-13
================================================================================
============ Calculation of NGWF S^-1 using Hotelling algorithm ================ 
     Iteration  |  Spin  |  Frobenius norm and Maximum abs value (of I-S*S_n^-1)
         1           1      0.22786520E-02     0.38963089E-03
         1           2      0.24040807E-02     0.40381467E-03
         2           1      0.10790785E-05     0.40034372E-06
         2           2      0.11622328E-05     0.42612235E-06
         3           1      0.52568518E-12     0.20539126E-12
         3           2      0.59803251E-12     0.23281377E-12
================================================================================
------------------------------- NGWF line search -------------------------------
RMS gradient                =       0.00000278710812
Trial step length           =               0.204049
Gradient along search dir.  =         -0.00001705209
Functional at step 0        =    -216.92143185730544
Functional at step 1        =    -216.92143456444381
Functional predicted        =    -216.92143577620894
Selected quadratic step     =               0.459639
Conjugate gradients coeff.  =               0.000000
--------------------------- NGWF line search finished --------------------------
                                               
Writing NGWFs to file "Fe_EtOH_3_LowSpin_NGWFSP.tightbox_ngwfs".... done

>>> Optimising kernel for current NGWFs:
   Initial electron number for spin 1:      37.00032794
   Initial electron number for spin 2:      36.00049763
     Final electron number for spin 1:      37.00000000
     Final electron number for spin 2:      36.00000000

=================== Penalty functional idempotency correction ==================
 RMS occupancy error at iteration   1:  0.000072 (step -0.4999 Ne1=     37.0000)
                                                               Ne2=     36.0000
            Final RMS occupancy error   :  0.000000 (Ne1=     37.0000)
                                                     Ne2=     36.0000
            Final occupancy bounds spin 1: [  0.000,  1.000]
            Final occupancy bounds spin 2: [  0.000,  1.000]
================================================================================

................................................................................
<<<<<<<<<<<<<< LNV (Original version) density kernel optimisation >>>>>>>>>>>>>>
~~~~~~~~~~~~~~~~~~~~~~~~~~~~~~~~~~~~~~~~~~~~~~~~~~~~~~~~~~~~~~~~~~~~~~~~~~~~~~~~
   iter  |      energy (Eh)       | rms gradient |  commutator  |   dE (Eh)
      ideal mu1:      -0.969230156557
      ideal mu2:      -0.972418297498
             Q0:        -216.921437081346
             G0:      -0.000032140021
   RMS gradient:       0.000119663934
     Trial step:       0.233877943042
             Q1:        -216.921440256846
 Quadratic coef:       0.000004341342
 Linear coef   :      -0.000007516842
           Qmin:        -216.921440335116
Quadratic minimum step length (  0.202474670473) accepted
    Initial Ne1:      36.99999964
    Initial Ne2:      35.99999998
      Final Ne1:      37.00000000
      Final Ne2:      36.00000000

=================== Penalty functional idempotency correction ==================
 RMS occupancy error at iteration   1:  0.000000 (step -0.5000 Ne1=     37.0000)
                                                               Ne2=     36.0000
            Final RMS occupancy error   :  0.000000 (Ne1=     37.0000)
                                                     Ne2=     36.0000
            Final occupancy bounds spin 1: [  0.000,  1.000]
            Final occupancy bounds spin 2: [  0.000,  1.000]
================================================================================

    1        -2.169214370813E+02     1.1966E-04     7.7632E-05
      ideal mu1:      -0.969206640047
      ideal mu2:      -0.972397777471
             Q0:        -216.921440197369
             G0:      -0.000018172985
   RMS gradient:       0.000079742201
     Trial step:       0.217610568329
             Q1:        -216.921442251267
 Quadratic coef:       0.000001900736
 Linear coef   :      -0.000003954634
           Qmin:        -216.921442254352
Quadratic minimum step length (  0.226378162227) accepted
    Initial Ne1:      36.99999982
    Initial Ne2:      35.99999999
      Final Ne1:      37.00000000
      Final Ne2:      36.00000000

=================== Penalty functional idempotency correction ==================
 RMS occupancy error at iteration   1:  0.000000 (step -0.5000 Ne1=     37.0000)
                                                               Ne2=     36.0000
            Final RMS occupancy error   :  0.000000 (Ne1=     37.0000)
                                                     Ne2=     36.0000
            Final occupancy bounds spin 1: [  0.000,  1.000]
            Final occupancy bounds spin 2: [  0.000,  1.000]
================================================================================

    2        -2.169214401974E+02     7.9742E-05     5.1801E-05    -3.1160E-06
      ideal mu1:      -0.969206789128
      ideal mu2:      -0.972396903909
             Q0:        -216.921442320735
             G0:      -0.000033415017
   RMS gradient:       0.000084959478
     Trial step:       0.221951076905
             Q1:        -216.921446422334
 Quadratic coef:       0.000003314900
 Linear coef   :      -0.000007416499
           Qmin:        -216.921446469009
Quadratic minimum step length (  0.248288013562) accepted
    Initial Ne1:      36.99999978
    Initial Ne2:      35.99999999
      Final Ne1:      37.00000000
      Final Ne2:      36.00000000

=================== Penalty functional idempotency correction ==================
 RMS occupancy error at iteration   1:  0.000001 (step -0.5000 Ne1=     37.0000)
                                                               Ne2=     36.0000
            Final RMS occupancy error   :  0.000000 (Ne1=     37.0000)
                                                     Ne2=     36.0000
            Final occupancy bounds spin 1: [  0.000,  1.000]
            Final occupancy bounds spin 2: [  0.000,  1.000]
================================================================================

    3        -2.169214423207E+02     8.4959E-05     5.5186E-05    -2.1234E-06
      ideal mu1:      -0.969228911590
      ideal mu2:      -0.972414176236
             Q0:        -216.921446858348
             G0:      -0.000048426903
   RMS gradient:       0.000087306667
     Trial step:       0.234750488802
             Q1:        -216.921453399699
 Quadratic coef:       0.000004826888
 Linear coef   :      -0.000011368239
           Qmin:        -216.921453551939
Quadratic minimum step length (  0.276441019468) accepted
    Initial Ne1:      36.99999974
    Initial Ne2:      35.99999999
      Final Ne1:      37.00000000
      Final Ne2:      36.00000000

=================== Penalty functional idempotency correction ==================
 RMS occupancy error at iteration   1:  0.000002 (step -0.5000 Ne1=     37.0000)
                                                               Ne2=     36.0000
            Final RMS occupancy error   :  0.000000 (Ne1=     37.0000)
                                                     Ne2=     36.0000
            Final occupancy bounds spin 1: [  0.000,  1.000]
            Final occupancy bounds spin 2: [  0.000,  1.000]
================================================================================

    4        -2.169214468583E+02     8.7307E-05     5.6710E-05    -4.5376E-06
      ideal mu1:      -0.969264132797
      ideal mu2:      -0.972443149707
    5        -2.169214544751E+02     8.2146E-05     5.3359E-05    -7.6168E-06
Finished density kernel iterations (   5)

Writing density kernel to file "Fe_EtOH_3_LowSpin_NGWFSP.dkn" ... done


>>> Density kernel optimised for the current NGWF basis:
     ~~~~~~~~~~~~~~~~~~~~~~~~~~~~~~~~~~~~~~~~~~~~~~~~~~~~~~~~~~~
     Total energy                =  -2.16921454475150E+02  Eh
     Estimated bandgap (UP spin) =   9.0011E-03  Eh
     Estimated bandgap (DN spin) =   2.7420E-02  Eh
     RMS occupancy error         =   8.0614E-11
     [H,K] commutator            =   5.3359E-05
     UP spin occupancy bounds    = [  0.000:  1.000]
     DN spin occupancy bounds    = [  0.000:  1.000]
     ~~~~~~~~~~~~~~~~~~~~~~~~~~~~~~~~~~~~~~~~~~~~~~~~~~~~~~~~~~~




################################################################################
########################### NGWF CG iteration  030 #############################
################################################################################
****** Reciprocal space K.E. preconditioning with k_zero =  3.0000 a0^-1 *******

>>> Checking for convergence of NGWFs:   NOT CONVERGED
  ========================================================================
         NGWF RMS gradient =  2.6014E-06 >  2.0000E-06  | above tolerance
  ========================================================================

>>> Improving NGWFs using line search:
============ Calculation of NGWF S^-1 using Hotelling algorithm ================ 
     Iteration  |  Spin  |  Frobenius norm and Maximum abs value (of I-S*S_n^-1)
         1           1      0.51020777E-02     0.87197369E-03
         1           2      0.53836493E-02     0.90368813E-03
         2           1      0.54021496E-05     0.20105239E-05
         2           2      0.58217782E-05     0.21420818E-05
         3           1      0.13024707E-10     0.51406657E-11
         3           2      0.14844261E-10     0.58348881E-11
         4           1      0.63373795E-14     0.17763568E-14
         4           2      0.55743813E-14     0.97231251E-15
================================================================================
============ Calculation of NGWF S^-1 using Hotelling algorithm ================ 
     Iteration  |  Spin  |  Frobenius norm and Maximum abs value (of I-S*S_n^-1)
         1           1      0.62823378E-03     0.10708429E-03
         1           2      0.66276278E-03     0.11094776E-03
         2           1      0.81126597E-07     0.30169109E-07
         2           2      0.87475453E-07     0.32172174E-07
         3           1      0.69623213E-14     0.19984014E-14
         3           2      0.68156174E-14     0.19984014E-14
================================================================================
------------------------------- NGWF line search -------------------------------
RMS gradient                =       0.00000260144858
Trial step length           =               0.306250
Gradient along search dir.  =         -0.00002864162
Functional at step 0        =    -216.92145447514977
Functional at step 1        =    -216.92145824752669
Functional predicted        =    -216.92145832278433
Selected quadratic step     =               0.268674
Conjugate gradients coeff.  =               0.871210
--------------------------- NGWF line search finished --------------------------
                                               
Writing NGWFs to file "Fe_EtOH_3_LowSpin_NGWFSP.tightbox_ngwfs".... done

>>> Optimising kernel for current NGWFs:
   Initial electron number for spin 1:      37.00035956
   Initial electron number for spin 2:      36.00054478
     Final electron number for spin 1:      37.00000000
     Final electron number for spin 2:      36.00000000

=================== Penalty functional idempotency correction ==================
 RMS occupancy error at iteration   1:  0.000078 (step -0.4999 Ne1=     37.0000)
                                                               Ne2=     36.0000
            Final RMS occupancy error   :  0.000000 (Ne1=     37.0000)
                                                     Ne2=     36.0000
            Final occupancy bounds spin 1: [  0.000,  1.000]
            Final occupancy bounds spin 2: [  0.000,  1.000]
================================================================================

................................................................................
<<<<<<<<<<<<<< LNV (Original version) density kernel optimisation >>>>>>>>>>>>>>
~~~~~~~~~~~~~~~~~~~~~~~~~~~~~~~~~~~~~~~~~~~~~~~~~~~~~~~~~~~~~~~~~~~~~~~~~~~~~~~~
   iter  |      energy (Eh)       | rms gradient |  commutator  |   dE (Eh)
      ideal mu1:      -0.969260650724
      ideal mu2:      -0.972443896800
             Q0:        -216.921459134585
             G0:      -0.000037632025
   RMS gradient:       0.000129484859
     Trial step:       0.254744311899
             Q1:        -216.921462841163
 Quadratic coef:       0.000005879967
 Linear coef   :      -0.000009586544
           Qmin:        -216.921463041998
Quadratic minimum step length (  0.207664241415) accepted
    Initial Ne1:      36.99999956
    Initial Ne2:      35.99999997
      Final Ne1:      37.00000000
      Final Ne2:      36.00000000

=================== Penalty functional idempotency correction ==================
 RMS occupancy error at iteration   1:  0.000000 (step -0.5000 Ne1=     37.0000)
                                                               Ne2=     36.0000
            Final RMS occupancy error   :  0.000000 (Ne1=     37.0000)
                                                     Ne2=     36.0000
            Final occupancy bounds spin 1: [  0.000,  1.000]
            Final occupancy bounds spin 2: [  0.000,  1.000]
================================================================================

    1        -2.169214591346E+02     1.2948E-04     8.4001E-05
      ideal mu1:      -0.969235078049
      ideal mu2:      -0.972420938864
             Q0:        -216.921462842821
             G0:      -0.000018481132
   RMS gradient:       0.000081979142
     Trial step:       0.230002791908
             Q1:        -216.921465043740
 Quadratic coef:       0.000002049793
 Linear coef   :      -0.000004250712
           Qmin:        -216.921465046526
Quadratic minimum step length (  0.238481510474) accepted
    Initial Ne1:      36.99999980
    Initial Ne2:      35.99999999
      Final Ne1:      37.00000000
      Final Ne2:      36.00000000

=================== Penalty functional idempotency correction ==================
 RMS occupancy error at iteration   1:  0.000000 (step -0.5000 Ne1=     37.0000)
                                                               Ne2=     36.0000
            Final RMS occupancy error   :  0.000000 (Ne1=     37.0000)
                                                     Ne2=     36.0000
            Final occupancy bounds spin 1: [  0.000,  1.000]
            Final occupancy bounds spin 2: [  0.000,  1.000]
================================================================================

    2        -2.169214628428E+02     8.1979E-05     5.3239E-05    -3.7082E-06
      ideal mu1:      -0.969238170096
      ideal mu2:      -0.972421915852
             Q0:        -216.921465109555
             G0:      -0.000032850475
   RMS gradient:       0.000085822298
     Trial step:       0.234203785681
             Q1:        -216.921469383982
 Quadratic coef:       0.000003419279
 Linear coef   :      -0.000007693706
           Qmin:        -216.921469437450
Quadratic minimum step length (  0.263490523564) accepted
    Initial Ne1:      36.99999976
    Initial Ne2:      35.99999998
      Final Ne1:      37.00000000
      Final Ne2:      36.00000000

=================== Penalty functional idempotency correction ==================
 RMS occupancy error at iteration   1:  0.000001 (step -0.5000 Ne1=     37.0000)
                                                               Ne2=     36.0000
            Final RMS occupancy error   :  0.000000 (Ne1=     37.0000)
                                                     Ne2=     36.0000
            Final occupancy bounds spin 1: [  0.000,  1.000]
            Final occupancy bounds spin 2: [  0.000,  1.000]
================================================================================

    3        -2.169214651096E+02     8.5822E-05     5.5747E-05    -2.2667E-06
      ideal mu1:      -0.969264787905
      ideal mu2:      -0.972442410866
             Q0:        -216.921469859053
             G0:      -0.000050521858
   RMS gradient:       0.000090514996
     Trial step:       0.248415937713
             Q1:        -216.921477149035
 Quadratic coef:       0.000005260453
 Linear coef   :      -0.000012550435
           Qmin:        -216.921477344787
Quadratic minimum step length (  0.296336474205) accepted
    Initial Ne1:      36.99999969
    Initial Ne2:      35.99999998
      Final Ne1:      37.00000000
      Final Ne2:      36.00000000

=================== Penalty functional idempotency correction ==================
 RMS occupancy error at iteration   1:  0.000003 (step -0.5000 Ne1=     37.0000)
                                                               Ne2=     36.0000
            Final RMS occupancy error   :  0.000000 (Ne1=     37.0000)
                                                     Ne2=     36.0000
            Final occupancy bounds spin 1: [  0.000,  1.000]
            Final occupancy bounds spin 2: [  0.000,  1.000]
================================================================================

    4        -2.169214698591E+02     9.0515E-05     5.8779E-05    -4.7495E-06
      ideal mu1:      -0.969302657047
      ideal mu2:      -0.972473659033
    5        -2.169214784306E+02     8.2503E-05     5.3593E-05    -8.5715E-06
Finished density kernel iterations (   5)

Writing density kernel to file "Fe_EtOH_3_LowSpin_NGWFSP.dkn" ... done


>>> Density kernel optimised for the current NGWF basis:
     ~~~~~~~~~~~~~~~~~~~~~~~~~~~~~~~~~~~~~~~~~~~~~~~~~~~~~~~~~~~
     Total energy                =  -2.16921478430589E+02  Eh
     Estimated bandgap (UP spin) =   9.0106E-03  Eh
     Estimated bandgap (DN spin) =   2.5700E-02  Eh
     RMS occupancy error         =   1.1303E-10
     [H,K] commutator            =   5.3593E-05
     UP spin occupancy bounds    = [  0.000:  1.000]
     DN spin occupancy bounds    = [  0.000:  1.000]
     ~~~~~~~~~~~~~~~~~~~~~~~~~~~~~~~~~~~~~~~~~~~~~~~~~~~~~~~~~~~


================================================================================
           ---------------- ENERGY COMPONENTS (Eh) ----------------
           | Kinetic                    :       64.32579297087545 |
           | Core Hartree               :     -966.53938679003591 |
           | CoreHart (non-coul chg cor):        0.00155689502347
           | Hartree                    :      432.58396628863915 |
           | Exchange-correlation       :      -30.33150077032131 |
           | Ewald                      :      286.40959520493226 |
           | Dij0                       :       -0.28927801063636 |
           | Dijhartree                 :       10.88777374587358 |
           | Exc [AE core]              :     -113.51353954946649 |
           | Exc DC [AE core]           :      -48.26208188509037 |
           | Exc [PS core]              :      -24.44276319332003 |
           | Exc DC [PS core]           :      -28.85557304703275 |
           | Exc [Core]                 :      -75.10233528622905 |
           | Total [Sphere]             :       -3.36994533468020 |
           | Total                      :     -216.92147843059058 |
           --------------------------------------------------------
           ------ LOCAL ENERGY COMPONENTS FROM MATRIX TRACES ------
           | Core Hartree               :     -966.53938679003522 |
           | Hartree (Valence)          :      432.58396628864080 |
           --------------------------------------------------------
           Integrated compensation chrg.:       11.40459263863756
           Integrated density           :       72.99999932113690
           Integrated spin density      :        1.00000001832345
           Integrated |spin density|    :        2.61522835033566
           Local density approx. <S^2>  :        1.55761416600606
           Integrated density tr(KS)    :       73.00000000000000
           Integrated spin tr(KS)       :        1.00000000000000
================================================================================




################################################################################
########################### NGWF CG iteration  031 #############################
################################################################################
****** Reciprocal space K.E. preconditioning with k_zero =  3.0000 a0^-1 *******

>>> Checking for convergence of NGWFs:   NOT CONVERGED
  ========================================================================
         NGWF RMS gradient =  2.4894E-06 >  2.0000E-06  | above tolerance
  ========================================================================

>>> Improving NGWFs using line search:
============ Calculation of NGWF S^-1 using Hotelling algorithm ================ 
     Iteration  |  Spin  |  Frobenius norm and Maximum abs value (of I-S*S_n^-1)
         1           1      0.69458657E-02     0.11853647E-02
         1           2      0.73293064E-02     0.12282507E-02
         2           1      0.99246178E-05     0.37015111E-05
         2           2      0.10704479E-04     0.39501158E-05
         3           1      0.42894620E-10     0.17212454E-10
         3           2      0.49043636E-10     0.19607205E-10
         4           1      0.59975286E-14     0.12212453E-14
         4           2      0.65200109E-14     0.13322676E-14
================================================================================
============ Calculation of NGWF S^-1 using Hotelling algorithm ================ 
     Iteration  |  Spin  |  Frobenius norm and Maximum abs value (of I-S*S_n^-1)
         1           1      0.25992621E-02     0.44226074E-03
         1           2      0.27419892E-02     0.45810733E-03
         2           1      0.13781614E-05     0.51294587E-06
         2           2      0.14869700E-05     0.54788812E-06
         3           1      0.81358128E-12     0.32907010E-12
         3           2      0.93144428E-12     0.37458925E-12
================================================================================
------------------------------- NGWF line search -------------------------------
RMS gradient                =       0.00000248944961
Trial step length           =               0.286847
Gradient along search dir.  =         -0.00003845287
Functional at step 0        =    -216.92147843058905
Functional at step 1        =    -216.92148066846084
Functional predicted        =    -216.92148188998408
Selected quadratic step     =               0.179929
Conjugate gradients coeff.  =               0.915748
--------------------------- NGWF line search finished --------------------------
                                               
Writing NGWFs to file "Fe_EtOH_3_LowSpin_NGWFSP.tightbox_ngwfs".... done

>>> Optimising kernel for current NGWFs:
   Initial electron number for spin 1:      37.00035093
   Initial electron number for spin 2:      36.00053076
     Final electron number for spin 1:      37.00000000
     Final electron number for spin 2:      36.00000000

=================== Penalty functional idempotency correction ==================
 RMS occupancy error at iteration   1:  0.000075 (step -0.4999 Ne1=     37.0000)
                                                               Ne2=     36.0000
            Final RMS occupancy error   :  0.000000 (Ne1=     37.0000)
                                                     Ne2=     36.0000
            Final occupancy bounds spin 1: [  0.000,  1.000]
            Final occupancy bounds spin 2: [  0.000,  1.000]
================================================================================

................................................................................
<<<<<<<<<<<<<< LNV (Original version) density kernel optimisation >>>>>>>>>>>>>>
~~~~~~~~~~~~~~~~~~~~~~~~~~~~~~~~~~~~~~~~~~~~~~~~~~~~~~~~~~~~~~~~~~~~~~~~~~~~~~~~
   iter  |      energy (Eh)       | rms gradient |  commutator  |   dE (Eh)
      ideal mu1:      -0.969294582876
      ideal mu2:      -0.972470620025
             Q0:        -216.921482500322
             G0:      -0.000037753998
   RMS gradient:       0.000129694533
     Trial step:       0.271320296178
             Q1:        -216.921486354597
 Quadratic coef:       0.000006389151
 Linear coef   :      -0.000010243426
           Qmin:        -216.921486606023
Quadratic minimum step length (  0.217497557194) accepted
    Initial Ne1:      36.99999957
    Initial Ne2:      35.99999997
      Final Ne1:      37.00000000
      Final Ne2:      36.00000000

=================== Penalty functional idempotency correction ==================
 RMS occupancy error at iteration   1:  0.000000 (step -0.5000 Ne1=     37.0000)
                                                               Ne2=     36.0000
            Final RMS occupancy error   :  0.000000 (Ne1=     37.0000)
                                                     Ne2=     36.0000
            Final occupancy bounds spin 1: [  0.000,  1.000]
            Final occupancy bounds spin 2: [  0.000,  1.000]
================================================================================

    1        -2.169214825003E+02     1.2969E-04     8.4144E-05
      ideal mu1:      -0.969267186250
      ideal mu2:      -0.972446517007
             Q0:        -216.921486385709
             G0:      -0.000018809430
   RMS gradient:       0.000082975116
     Trial step:       0.242922830619
             Q1:        -216.921488790864
 Quadratic coef:       0.000002164085
 Linear coef   :      -0.000004569240
           Qmin:        -216.921488797578
Quadratic minimum step length (  0.256453160283) accepted
    Initial Ne1:      36.99999979
    Initial Ne2:      35.99999998
      Final Ne1:      37.00000000
      Final Ne2:      36.00000000

=================== Penalty functional idempotency correction ==================
 RMS occupancy error at iteration   1:  0.000000 (step -0.5000 Ne1=     37.0000)
                                                               Ne2=     36.0000
            Final RMS occupancy error   :  0.000000 (Ne1=     37.0000)
                                                     Ne2=     36.0000
            Final occupancy bounds spin 1: [  0.000,  1.000]
            Final occupancy bounds spin 2: [  0.000,  1.000]
================================================================================

    2        -2.169214863857E+02     8.2975E-05     5.3881E-05    -3.8854E-06
      ideal mu1:      -0.969271139934
      ideal mu2:      -0.972448549708
             Q0:        -216.921488899954
             G0:      -0.000034470152
   RMS gradient:       0.000088042749
     Trial step:       0.249596329334
             Q1:        -216.921493841034
 Quadratic coef:       0.000003662544
 Linear coef   :      -0.000008603624
           Qmin:        -216.921493952613
Quadratic minimum step length (  0.293161351735) accepted
    Initial Ne1:      36.99999974
    Initial Ne2:      35.99999998
      Final Ne1:      37.00000000
      Final Ne2:      36.00000000

=================== Penalty functional idempotency correction ==================
 RMS occupancy error at iteration   1:  0.000001 (step -0.5000 Ne1=     37.0000)
                                                               Ne2=     36.0000
            Final RMS occupancy error   :  0.000000 (Ne1=     37.0000)
                                                     Ne2=     36.0000
            Final occupancy bounds spin 1: [  0.000,  1.000]
            Final occupancy bounds spin 2: [  0.000,  1.000]
================================================================================

    3        -2.169214889000E+02     8.8043E-05     5.7184E-05    -2.5142E-06
      ideal mu1:      -0.969301706864
      ideal mu2:      -0.972472637031
             Q0:        -216.921494620525
             G0:      -0.000054040348
   RMS gradient:       0.000093245167
     Trial step:       0.270503229732
             Q1:        -216.921503164138
 Quadratic coef:       0.000006074476
 Linear coef   :      -0.000014618089
           Qmin:        -216.921503415049
Quadratic minimum step length (  0.325479929582) accepted
    Initial Ne1:      36.99999967
    Initial Ne2:      35.99999997
      Final Ne1:      37.00000000
      Final Ne2:      36.00000000

=================== Penalty functional idempotency correction ==================
 RMS occupancy error at iteration   1:  0.000003 (step -0.5000 Ne1=     37.0000)
                                                               Ne2=     36.0000
            Final RMS occupancy error   :  0.000000 (Ne1=     37.0000)
                                                     Ne2=     36.0000
            Final occupancy bounds spin 1: [  0.000,  1.000]
            Final occupancy bounds spin 2: [  0.000,  1.000]
================================================================================

    4        -2.169214946205E+02     9.3245E-05     6.0540E-05    -5.7206E-06
      ideal mu1:      -0.969340521364
      ideal mu2:      -0.972504909589
    5        -2.169215047046E+02     8.3061E-05     5.3951E-05    -1.0084E-05
Finished density kernel iterations (   5)

Writing density kernel to file "Fe_EtOH_3_LowSpin_NGWFSP.dkn" ... done


>>> Density kernel optimised for the current NGWF basis:
     ~~~~~~~~~~~~~~~~~~~~~~~~~~~~~~~~~~~~~~~~~~~~~~~~~~~~~~~~~~~
     Total energy                =  -2.16921504704629E+02  Eh
     Estimated bandgap (UP spin) =   9.0783E-03  Eh
     Estimated bandgap (DN spin) =   2.5833E-02  Eh
     RMS occupancy error         =   2.0094E-10
     [H,K] commutator            =   5.3951E-05
     UP spin occupancy bounds    = [  0.000:  1.000]
     DN spin occupancy bounds    = [  0.000:  1.000]
     ~~~~~~~~~~~~~~~~~~~~~~~~~~~~~~~~~~~~~~~~~~~~~~~~~~~~~~~~~~~




################################################################################
########################### NGWF CG iteration  032 #############################
################################################################################
****** Reciprocal space K.E. preconditioning with k_zero =  3.0000 a0^-1 *******

>>> Checking for convergence of NGWFs:   NOT CONVERGED
  ========================================================================
         NGWF RMS gradient =  2.2831E-06 >  2.0000E-06  | above tolerance
  ========================================================================

>>> Improving NGWFs using line search:
============ Calculation of NGWF S^-1 using Hotelling algorithm ================ 
     Iteration  |  Spin  |  Frobenius norm and Maximum abs value (of I-S*S_n^-1)
         1           1      0.66500092E-02     0.11346332E-02
         1           2      0.70171575E-02     0.11755396E-02
         2           1      0.90932170E-05     0.33998513E-05
         2           2      0.98091274E-05     0.36318486E-05
         3           1      0.35571712E-10     0.14419355E-10
         3           2      0.40733694E-10     0.16457280E-10
         4           1      0.60572298E-14     0.14432899E-14
         4           2      0.64358240E-14     0.15543122E-14
================================================================================
============ Calculation of NGWF S^-1 using Hotelling algorithm ================ 
     Iteration  |  Spin  |  Frobenius norm and Maximum abs value (of I-S*S_n^-1)
         1           1      0.27863037E-02     0.47406708E-03
         1           2      0.29393335E-02     0.49100082E-03
         2           1      0.15849841E-05     0.59121537E-06
         2           2      0.17101369E-05     0.63206184E-06
         3           1      0.10651120E-11     0.43387516E-12
         3           2      0.12208428E-11     0.49549254E-12
================================================================================
------------------------------- NGWF line search -------------------------------
RMS gradient                =       0.00000228313152
Trial step length           =               0.227183
Gradient along search dir.  =         -0.00004083709
Functional at step 0        =    -216.92150470462880
Functional at step 1        =    -216.92150601929532
Functional predicted        =    -216.92150740693347
Selected quadratic step     =               0.132346
Conjugate gradients coeff.  =               0.841115
--------------------------- NGWF line search finished --------------------------
                                               
Writing NGWFs to file "Fe_EtOH_3_LowSpin_NGWFSP.tightbox_ngwfs".... done

>>> Optimising kernel for current NGWFs:
   Initial electron number for spin 1:      37.00031387
   Initial electron number for spin 2:      36.00047353
     Final electron number for spin 1:      37.00000000
     Final electron number for spin 2:      36.00000000

=================== Penalty functional idempotency correction ==================
 RMS occupancy error at iteration   1:  0.000066 (step -0.4999 Ne1=     37.0000)
                                                               Ne2=     36.0000
            Final RMS occupancy error   :  0.000000 (Ne1=     37.0000)
                                                     Ne2=     36.0000
            Final occupancy bounds spin 1: [  0.000,  1.000]
            Final occupancy bounds spin 2: [  0.000,  1.000]
================================================================================

................................................................................
<<<<<<<<<<<<<< LNV (Original version) density kernel optimisation >>>>>>>>>>>>>>
~~~~~~~~~~~~~~~~~~~~~~~~~~~~~~~~~~~~~~~~~~~~~~~~~~~~~~~~~~~~~~~~~~~~~~~~~~~~~~~~
   iter  |      energy (Eh)       | rms gradient |  commutator  |   dE (Eh)
      ideal mu1:      -0.969330804818
      ideal mu2:      -0.972500123490
             Q0:        -216.921507828569
             G0:      -0.000035733329
   RMS gradient:       0.000126176053
     Trial step:       0.296721034248
             Q1:        -216.921511809623
 Quadratic coef:       0.000006621777
 Linear coef   :      -0.000010602830
           Qmin:        -216.921512072899
Quadratic minimum step length (  0.237555776745) accepted
    Initial Ne1:      36.99999964
    Initial Ne2:      35.99999997
      Final Ne1:      37.00000000
      Final Ne2:      36.00000000

=================== Penalty functional idempotency correction ==================
 RMS occupancy error at iteration   1:  0.000000 (step -0.5000 Ne1=     37.0000)
                                                               Ne2=     36.0000
            Final RMS occupancy error   :  0.000000 (Ne1=     37.0000)
                                                     Ne2=     36.0000
            Final occupancy bounds spin 1: [  0.000,  1.000]
            Final occupancy bounds spin 2: [  0.000,  1.000]
================================================================================

    1        -2.169215078286E+02     1.2618E-04     8.1877E-05
      ideal mu1:      -0.969303106963
      ideal mu2:      -0.972475543830
             Q0:        -216.921511828509
             G0:      -0.000019292584
   RMS gradient:       0.000083540072
     Trial step:       0.265495378053
             Q1:        -216.921514571823
 Quadratic coef:       0.000002378778
 Linear coef   :      -0.000005122092
           Qmin:        -216.921514585789
Quadratic minimum step length (  0.285838357849) accepted
    Initial Ne1:      36.99999981
    Initial Ne2:      35.99999998
      Final Ne1:      37.00000000
      Final Ne2:      36.00000000

=================== Penalty functional idempotency correction ==================
 RMS occupancy error at iteration   1:  0.000000 (step -0.5000 Ne1=     37.0000)
                                                               Ne2=     36.0000
            Final RMS occupancy error   :  0.000000 (Ne1=     37.0000)
                                                     Ne2=     36.0000
            Final occupancy bounds spin 1: [  0.000,  1.000]
            Final occupancy bounds spin 2: [  0.000,  1.000]
================================================================================

    2        -2.169215118285E+02     8.3540E-05     5.4249E-05    -3.9999E-06
      ideal mu1:      -0.969310202646
      ideal mu2:      -0.972479942978
             Q0:        -216.921514747829
             G0:      -0.000037901068
   RMS gradient:       0.000091445578
     Trial step:       0.275479151442
             Q1:        -216.921520973138
 Quadratic coef:       0.000004215646
 Linear coef   :      -0.000010440954
           Qmin:        -216.921521212647
Quadratic minimum step length (  0.341141706899) accepted
    Initial Ne1:      36.99999973
    Initial Ne2:      35.99999998
      Final Ne1:      37.00000000
      Final Ne2:      36.00000000

=================== Penalty functional idempotency correction ==================
 RMS occupancy error at iteration   1:  0.000001 (step -0.5000 Ne1=     37.0000)
                                                               Ne2=     36.0000
            Final RMS occupancy error   :  0.000000 (Ne1=     37.0000)
                                                     Ne2=     36.0000
            Final occupancy bounds spin 1: [  0.000,  1.000]
            Final occupancy bounds spin 2: [  0.000,  1.000]
================================================================================

    3        -2.169215147478E+02     9.1446E-05     5.9387E-05    -2.9193E-06
      ideal mu1:      -0.969349026072
      ideal mu2:      -0.972510677397
             Q0:        -216.921522342131
             G0:      -0.000054681960
   RMS gradient:       0.000092594529
     Trial step:       0.306557381151
             Q1:        -216.921531982552
 Quadratic coef:       0.000007122737
 Linear coef   :      -0.000016763159
           Qmin:        -216.921532205034
Quadratic minimum step length (  0.360737017742) accepted
    Initial Ne1:      36.99999971
    Initial Ne2:      35.99999997
      Final Ne1:      37.00000000
      Final Ne2:      36.00000000

=================== Penalty functional idempotency correction ==================
 RMS occupancy error at iteration   1:  0.000004 (step -0.5000 Ne1=     37.0000)
                                                               Ne2=     36.0000
            Final RMS occupancy error   :  0.000000 (Ne1=     37.0000)
                                                     Ne2=     36.0000
            Final occupancy bounds spin 1: [  0.000,  1.000]
            Final occupancy bounds spin 2: [  0.000,  1.000]
================================================================================

    4        -2.169215223421E+02     9.2595E-05     6.0123E-05    -7.5943E-06
      ideal mu1:      -0.969382482815
      ideal mu2:      -0.972539142883
    5        -2.169215334230E+02     9.1658E-05     5.9499E-05    -1.1081E-05
Finished density kernel iterations (   5)

Writing density kernel to file "Fe_EtOH_3_LowSpin_NGWFSP.dkn" ... done


>>> Density kernel optimised for the current NGWF basis:
     ~~~~~~~~~~~~~~~~~~~~~~~~~~~~~~~~~~~~~~~~~~~~~~~~~~~~~~~~~~~
     Total energy                =  -2.16921533423033E+02  Eh
     Estimated bandgap (UP spin) =   9.1741E-03  Eh
     Estimated bandgap (DN spin) =   2.5981E-02  Eh
     RMS occupancy error         =   3.4184E-10
     [H,K] commutator            =   5.9499E-05
     UP spin occupancy bounds    = [  0.000:  1.000]
     DN spin occupancy bounds    = [  0.000:  1.000]
     ~~~~~~~~~~~~~~~~~~~~~~~~~~~~~~~~~~~~~~~~~~~~~~~~~~~~~~~~~~~




################################################################################
########################### NGWF CG iteration  033 #############################
################################################################################
****** Reciprocal space K.E. preconditioning with k_zero =  3.0000 a0^-1 *******

>>> Checking for convergence of NGWFs:   NOT CONVERGED
  ========================================================================
         NGWF RMS gradient =  2.2103E-06 >  2.0000E-06  | above tolerance
  ========================================================================

>>> Improving NGWFs using line search:
============ Calculation of NGWF S^-1 using Hotelling algorithm ================ 
     Iteration  |  Spin  |  Frobenius norm and Maximum abs value (of I-S*S_n^-1)
         1           1      0.15165293E-02     0.26263033E-03
         1           2      0.15972958E-02     0.27238800E-03
         2           1      0.50162960E-06     0.18993788E-06
         2           2      0.53815035E-06     0.20260081E-06
         3           1      0.11619168E-12     0.46074256E-13
         3           2      0.13204124E-12     0.52624571E-13
================================================================================
============ Calculation of NGWF S^-1 using Hotelling algorithm ================ 
     Iteration  |  Spin  |  Frobenius norm and Maximum abs value (of I-S*S_n^-1)
         1           1      0.76191543E-03     0.13183573E-03
         1           2      0.80246953E-03     0.13671403E-03
         2           1      0.12600563E-06     0.47738283E-07
         2           2      0.13521618E-06     0.50941494E-07
         3           1      0.93887209E-14     0.33306691E-14
         3           2      0.10178537E-13     0.26645353E-14
================================================================================
------------------------------- NGWF line search -------------------------------
RMS gradient                =       0.00000221034583
Trial step length           =               0.173398
Gradient along search dir.  =         -0.00001072483
Functional at step 0        =    -216.92153342303328
Functional at step 1        =    -216.92153466355052
Functional predicted        =    -216.92153481945496
Selected quadratic step     =               0.260409
Conjugate gradients coeff.  =               0.000000
--------------------------- NGWF line search finished --------------------------
                                               
Writing NGWFs to file "Fe_EtOH_3_LowSpin_NGWFSP.tightbox_ngwfs".... done

>>> Optimising kernel for current NGWFs:
   Initial electron number for spin 1:      37.00018776
   Initial electron number for spin 2:      36.00028163
     Final electron number for spin 1:      37.00000000
     Final electron number for spin 2:      36.00000000

=================== Penalty functional idempotency correction ==================
 RMS occupancy error at iteration   1:  0.000039 (step -0.5000 Ne1=     37.0000)
                                                               Ne2=     36.0000
            Final RMS occupancy error   :  0.000000 (Ne1=     37.0000)
                                                     Ne2=     36.0000
            Final occupancy bounds spin 1: [  0.000,  1.000]
            Final occupancy bounds spin 2: [  0.000,  1.000]
================================================================================

................................................................................
<<<<<<<<<<<<<< LNV (Original version) density kernel optimisation >>>>>>>>>>>>>>
~~~~~~~~~~~~~~~~~~~~~~~~~~~~~~~~~~~~~~~~~~~~~~~~~~~~~~~~~~~~~~~~~~~~~~~~~~~~~~~~
   iter  |      energy (Eh)       | rms gradient |  commutator  |   dE (Eh)
      ideal mu1:      -0.969372587693
      ideal mu2:      -0.972532993851
             Q0:        -216.921535226273
             G0:      -0.000026061433
   RMS gradient:       0.000107755475
     Trial step:       0.332545629114
             Q1:        -216.921538918781
 Quadratic coef:       0.000004974108
 Linear coef   :      -0.000008666616
           Qmin:        -216.921539001333
Quadratic minimum step length (  0.289704726488) accepted
    Initial Ne1:      36.99999988
    Initial Ne2:      35.99999999
      Final Ne1:      37.00000000
      Final Ne2:      36.00000000

=================== Penalty functional idempotency correction ==================
 RMS occupancy error at iteration   1:  0.000000 (step -0.5000 Ne1=     37.0000)
                                                               Ne2=     36.0000
            Final RMS occupancy error   :  0.000000 (Ne1=     37.0000)
                                                     Ne2=     36.0000
            Final occupancy bounds spin 1: [  0.000,  1.000]
            Final occupancy bounds spin 2: [  0.000,  1.000]
================================================================================

    1        -2.169215352263E+02     1.0776E-04     6.9947E-05
      ideal mu1:      -0.969349198019
      ideal mu2:      -0.972512682557
             Q0:        -216.921538813021
             G0:      -0.000021069772
   RMS gradient:       0.000083758212
     Trial step:       0.310386920677
             Q1:        -216.921542621912
 Quadratic coef:       0.000002730890
 Linear coef   :      -0.000006539782
           Qmin:        -216.921542728296
Quadratic minimum step length (  0.371648525110) accepted
    Initial Ne1:      36.99999990
    Initial Ne2:      35.99999999
      Final Ne1:      37.00000000
      Final Ne2:      36.00000000

=================== Penalty functional idempotency correction ==================
 RMS occupancy error at iteration   1:  0.000001 (step -0.5000 Ne1=     37.0000)
                                                               Ne2=     36.0000
            Final RMS occupancy error   :  0.000000 (Ne1=     37.0000)
                                                     Ne2=     36.0000
            Final occupancy bounds spin 1: [  0.000,  1.000]
            Final occupancy bounds spin 2: [  0.000,  1.000]
================================================================================

    2        -2.169215388130E+02     8.3758E-05     5.4396E-05    -3.5867E-06
      ideal mu1:      -0.969359139764
      ideal mu2:      -0.972519849586
             Q0:        -216.921543329612
             G0:      -0.000047437462
   RMS gradient:       0.000096902825
     Trial step:       0.339639281125
             Q1:        -216.921553205740
 Quadratic coef:       0.000006235498
 Linear coef   :      -0.000016111625
           Qmin:        -216.921553737140
Quadratic minimum step length (  0.438789385317) accepted
    Initial Ne1:      36.99999985
    Initial Ne2:      35.99999999
      Final Ne1:      37.00000000
      Final Ne2:      36.00000000

=================== Penalty functional idempotency correction ==================
 RMS occupancy error at iteration   1:  0.000003 (step -0.5000 Ne1=     37.0000)
                                                               Ne2=     36.0000
            Final RMS occupancy error   :  0.000000 (Ne1=     37.0000)
                                                     Ne2=     36.0000
            Final occupancy bounds spin 1: [  0.000,  1.000]
            Final occupancy bounds spin 2: [  0.000,  1.000]
================================================================================

    3        -2.169215433296E+02     9.6903E-05     6.2922E-05    -4.5166E-06
      ideal mu1:      -0.969410465768
      ideal mu2:      -0.972561514368
             Q0:        -216.921555801357
             G0:      -0.000046386875
   RMS gradient:       0.000083145869
     Trial step:       0.386044183215
             Q1:        -216.921566727173
 Quadratic coef:       0.000006981566
 Linear coef   :      -0.000017907383
           Qmin:        -216.921567284252
Quadratic minimum step length (  0.495092410435) accepted
    Initial Ne1:      36.99999987
    Initial Ne2:      35.99999998
      Final Ne1:      37.00000000
      Final Ne2:      36.00000000

=================== Penalty functional idempotency correction ==================
 RMS occupancy error at iteration   1:  0.000008 (step -0.5000 Ne1=     37.0000)
                                                               Ne2=     36.0000
            Final RMS occupancy error   :  0.000000 (Ne1=     37.0000)
                                                     Ne2=     36.0000
            Final occupancy bounds spin 1: [  0.000,  1.000]
            Final occupancy bounds spin 2: [  0.000,  1.000]
================================================================================

    4        -2.169215558014E+02     8.3146E-05     5.4002E-05    -1.2472E-05
      ideal mu1:      -0.969425550251
      ideal mu2:      -0.972575330444
    5        -2.169215696454E+02     9.5948E-05     6.2312E-05    -1.3844E-05
Finished density kernel iterations (   5)

Writing density kernel to file "Fe_EtOH_3_LowSpin_NGWFSP.dkn" ... done


>>> Density kernel optimised for the current NGWF basis:
     ~~~~~~~~~~~~~~~~~~~~~~~~~~~~~~~~~~~~~~~~~~~~~~~~~~~~~~~~~~~
     Total energy                =  -2.16921569645373E+02  Eh
     Estimated bandgap (UP spin) =   9.2895E-03  Eh
     Estimated bandgap (DN spin) =   2.6296E-02  Eh
     RMS occupancy error         =   9.7970E-10
     [H,K] commutator            =   6.2312E-05
     UP spin occupancy bounds    = [  0.000:  1.000]
     DN spin occupancy bounds    = [  0.000:  1.000]
     ~~~~~~~~~~~~~~~~~~~~~~~~~~~~~~~~~~~~~~~~~~~~~~~~~~~~~~~~~~~




################################################################################
########################### NGWF CG iteration  034 #############################
################################################################################
****** Reciprocal space K.E. preconditioning with k_zero =  3.0000 a0^-1 *******

>>> Checking for convergence of NGWFs:   NOT CONVERGED
  ========================================================================
         NGWF RMS gradient =  2.3175E-06 >  2.0000E-06  | above tolerance
  ========================================================================

>>> Improving NGWFs using line search:
============ Calculation of NGWF S^-1 using Hotelling algorithm ================ 
     Iteration  |  Spin  |  Frobenius norm and Maximum abs value (of I-S*S_n^-1)
         1           1      0.39197189E-02     0.67394344E-03
         1           2      0.41178835E-02     0.69889117E-03
         2           1      0.33123800E-05     0.12488472E-05
         2           2      0.35460583E-05     0.13343275E-05
         3           1      0.49815613E-11     0.19827473E-11
         3           2      0.56468867E-11     0.22528646E-11
         4           1      0.53912842E-14     0.14882843E-14
         4           2      0.66600571E-14     0.17763568E-14
================================================================================
============ Calculation of NGWF S^-1 using Hotelling algorithm ================ 
     Iteration  |  Spin  |  Frobenius norm and Maximum abs value (of I-S*S_n^-1)
         1           1      0.92648160E-03     0.15908806E-03
         1           2      0.97325782E-03     0.16493600E-03
         2           1      0.18399114E-06     0.69376601E-07
         2           2      0.19703142E-06     0.74166267E-07
         3           1      0.16191112E-13     0.59952043E-14
         3           2      0.18327724E-13     0.68833828E-14
================================================================================
------------------------------- NGWF line search -------------------------------
RMS gradient                =       0.00000231747636
Trial step length           =               0.212495
Gradient along search dir.  =         -0.00002397736
Functional at step 0        =    -216.92156964537264
Functional at step 1        =    -216.92157140637931
Functional predicted        =    -216.92157159192845
Selected quadratic step     =               0.162366
Conjugate gradients coeff.  =               1.099285
--------------------------- NGWF line search finished --------------------------
                                               
Writing NGWFs to file "Fe_EtOH_3_LowSpin_NGWFSP.tightbox_ngwfs".... done

>>> Optimising kernel for current NGWFs:
   Initial electron number for spin 1:      37.00024839
   Initial electron number for spin 2:      36.00037105
     Final electron number for spin 1:      37.00000000
     Final electron number for spin 2:      36.00000000

=================== Penalty functional idempotency correction ==================
 RMS occupancy error at iteration   1:  0.000051 (step -0.4999 Ne1=     37.0000)
                                                               Ne2=     36.0000
            Final RMS occupancy error   :  0.000000 (Ne1=     37.0000)
                                                     Ne2=     36.0000
            Final occupancy bounds spin 1: [  0.000,  1.000]
            Final occupancy bounds spin 2: [  0.000,  1.000]
================================================================================

................................................................................
<<<<<<<<<<<<<< LNV (Original version) density kernel optimisation >>>>>>>>>>>>>>
~~~~~~~~~~~~~~~~~~~~~~~~~~~~~~~~~~~~~~~~~~~~~~~~~~~~~~~~~~~~~~~~~~~~~~~~~~~~~~~~
   iter  |      energy (Eh)       | rms gradient |  commutator  |   dE (Eh)
      ideal mu1:      -0.969414273696
      ideal mu2:      -0.972568551946
             Q0:        -216.921571861526
             G0:      -0.000029427105
   RMS gradient:       0.000114502235
     Trial step:       0.437181364198
             Q1:        -216.921575691008
 Quadratic coef:       0.000009035500
 Linear coef   :      -0.000012864982
           Qmin:        -216.921576440901
Quadratic minimum step length (  0.311235147547) accepted
    Initial Ne1:      36.99999978
    Initial Ne2:      35.99999998
      Final Ne1:      37.00000000
      Final Ne2:      36.00000000

=================== Penalty functional idempotency correction ==================
 RMS occupancy error at iteration   1:  0.000000 (step -0.5000 Ne1=     37.0000)
                                                               Ne2=     36.0000
            Final RMS occupancy error   :  0.000000 (Ne1=     37.0000)
                                                     Ne2=     36.0000
            Final occupancy bounds spin 1: [  0.000,  1.000]
            Final occupancy bounds spin 2: [  0.000,  1.000]
================================================================================

    1        -2.169215718615E+02     1.1450E-04     7.4364E-05
      ideal mu1:      -0.969404936068
      ideal mu2:      -0.972557698483
             Q0:        -216.921575945328
             G0:      -0.000022661689
   RMS gradient:       0.000089223715
     Trial step:       0.368871531012
             Q1:        -216.921580846101
 Quadratic coef:       0.000003458479
 Linear coef   :      -0.000008359252
           Qmin:        -216.921580996471
Quadratic minimum step length (  0.445786949684) accepted
    Initial Ne1:      36.99999981
    Initial Ne2:      35.99999999
      Final Ne1:      37.00000000
      Final Ne2:      36.00000000

=================== Penalty functional idempotency correction ==================
 RMS occupancy error at iteration   1:  0.000001 (step -0.5000 Ne1=     37.0000)
                                                               Ne2=     36.0000
            Final RMS occupancy error   :  0.000000 (Ne1=     37.0000)
                                                     Ne2=     36.0000
            Final occupancy bounds spin 1: [  0.000,  1.000]
            Final occupancy bounds spin 2: [  0.000,  1.000]
================================================================================

    2        -2.169215759453E+02     8.9224E-05     5.7935E-05    -4.0838E-06
      ideal mu1:      -0.969430768995
      ideal mu2:      -0.972576013266
             Q0:        -216.921581806760
             G0:      -0.000050826305
   RMS gradient:       0.000101830457
     Trial step:       0.405509697338
             Q1:        -216.921593919344
 Quadratic coef:       0.000008497975
 Linear coef   :      -0.000020610560
           Qmin:        -216.921594303712
Quadratic minimum step length (  0.491751349732) accepted
    Initial Ne1:      36.99999972
    Initial Ne2:      35.99999998
      Final Ne1:      37.00000000
      Final Ne2:      36.00000000

=================== Penalty functional idempotency correction ==================
 RMS occupancy error at iteration   1:  0.000005 (step -0.5000 Ne1=     37.0000)
                                                               Ne2=     36.0000
            Final RMS occupancy error   :  0.000000 (Ne1=     37.0000)
                                                     Ne2=     36.0000
            Final occupancy bounds spin 1: [  0.000,  1.000]
            Final occupancy bounds spin 2: [  0.000,  1.000]
================================================================================

    3        -2.169215818068E+02     1.0183E-04     6.6158E-05    -5.8614E-06
      ideal mu1:      -0.969487327144
      ideal mu2:      -0.972622736543
             Q0:        -216.921596008772
             G0:      -0.000054308180
   RMS gradient:       0.000094430196
     Trial step:       0.446553402177
             Q1:        -216.921611494709
 Quadratic coef:       0.000008765566
 Linear coef   :      -0.000024251503
           Qmin:        -216.921612782799
Quadratic minimum step length (  0.617734811920) accepted
    Initial Ne1:      36.99999969
    Initial Ne2:      35.99999996
      Final Ne1:      37.00000000
      Final Ne2:      36.00000000

=================== Penalty functional idempotency correction ==================
 RMS occupancy error at iteration   1:  0.000014 (step -0.4999 Ne1=     37.0000)
                                                               Ne2=     36.0000
            Final RMS occupancy error   :  0.000000 (Ne1=     37.0000)
                                                     Ne2=     36.0000
            Final occupancy bounds spin 1: [ -0.000,  1.000]
            Final occupancy bounds spin 2: [ -0.000,  1.000]
================================================================================

    4        -2.169215960088E+02     9.4430E-05     6.1306E-05    -1.4202E-05
      ideal mu1:      -0.969493299097
      ideal mu2:      -0.972633152708
    5        -2.169216172442E+02     9.3712E-05     6.0852E-05    -2.1235E-05
Finished density kernel iterations (   5)

Writing density kernel to file "Fe_EtOH_3_LowSpin_NGWFSP.dkn" ... done


>>> Density kernel optimised for the current NGWF basis:
     ~~~~~~~~~~~~~~~~~~~~~~~~~~~~~~~~~~~~~~~~~~~~~~~~~~~~~~~~~~~
     Total energy                =  -2.16921617244204E+02  Eh
     Estimated bandgap (UP spin) =   9.4650E-03  Eh
     Estimated bandgap (DN spin) =   2.6719E-02  Eh
     RMS occupancy error         =   2.8590E-10
     [H,K] commutator            =   6.0852E-05
     UP spin occupancy bounds    = [ -0.000:  1.000]
     DN spin occupancy bounds    = [ -0.000:  1.000]
     ~~~~~~~~~~~~~~~~~~~~~~~~~~~~~~~~~~~~~~~~~~~~~~~~~~~~~~~~~~~




################################################################################
########################### NGWF CG iteration  035 #############################
################################################################################
****** Reciprocal space K.E. preconditioning with k_zero =  3.0000 a0^-1 *******

>>> Checking for convergence of NGWFs:   NOT CONVERGED
  ========================================================================
         NGWF RMS gradient =  2.6486E-06 >  2.0000E-06  | above tolerance
  ========================================================================

>>> Improving NGWFs using line search:
============ Calculation of NGWF S^-1 using Hotelling algorithm ================ 
     Iteration  |  Spin  |  Frobenius norm and Maximum abs value (of I-S*S_n^-1)
         1           1      0.61494974E-02     0.10513849E-02
         1           2      0.64416384E-02     0.10899424E-02
         2           1      0.80334993E-05     0.30176961E-05
         2           2      0.85912592E-05     0.32305827E-05
         3           1      0.28696475E-10     0.11502466E-10
         3           2      0.32489766E-10     0.13088419E-10
         4           1      0.70220240E-14     0.22204460E-14
         4           2      0.59137091E-14     0.15543122E-14
================================================================================
============ Calculation of NGWF S^-1 using Hotelling algorithm ================ 
     Iteration  |  Spin  |  Frobenius norm and Maximum abs value (of I-S*S_n^-1)
         1           1      0.24832951E-02     0.42375928E-03
         1           2      0.26009759E-02     0.43914938E-03
         2           1      0.13014709E-05     0.48852446E-06
         2           2      0.13922424E-05     0.52335065E-06
         3           1      0.74457795E-12     0.30009328E-12
         3           2      0.84383925E-12     0.34172665E-12
================================================================================
------------------------------- NGWF line search -------------------------------
RMS gradient                =       0.00000264855662
Trial step length           =               0.185747
Gradient along search dir.  =         -0.00005006909
Functional at step 0        =    -216.92161724420370
Functional at step 1        =    -216.92161875908920
Functional predicted        =    -216.92162002166683
Selected quadratic step     =               0.110945
Conjugate gradients coeff.  =               1.306134
--------------------------- NGWF line search finished --------------------------
                                               
Writing NGWFs to file "Fe_EtOH_3_LowSpin_NGWFSP.tightbox_ngwfs".... done

>>> Optimising kernel for current NGWFs:
   Initial electron number for spin 1:      37.00030590
   Initial electron number for spin 2:      36.00045547
     Final electron number for spin 1:      37.00000000
     Final electron number for spin 2:      36.00000000

=================== Penalty functional idempotency correction ==================
 RMS occupancy error at iteration   1:  0.000062 (step -0.4999 Ne1=     37.0000)
                                                               Ne2=     36.0000
            Final RMS occupancy error   :  0.000000 (Ne1=     37.0000)
                                                     Ne2=     36.0000
            Final occupancy bounds spin 1: [  0.000,  1.000]
            Final occupancy bounds spin 2: [  0.000,  1.000]
================================================================================

................................................................................
<<<<<<<<<<<<<< LNV (Original version) density kernel optimisation >>>>>>>>>>>>>>
~~~~~~~~~~~~~~~~~~~~~~~~~~~~~~~~~~~~~~~~~~~~~~~~~~~~~~~~~~~~~~~~~~~~~~~~~~~~~~~~
   iter  |      energy (Eh)       | rms gradient |  commutator  |   dE (Eh)
      ideal mu1:      -0.969479433393
      ideal mu2:      -0.972624599420
             Q0:        -216.921620322802
             G0:      -0.000033339494
   RMS gradient:       0.000121876422
     Trial step:       0.525215747961
             Q1:        -216.921622211526
 Quadratic coef:       0.000015621704
 Linear coef   :      -0.000017510427
           Qmin:        -216.921625229678
Quadratic minimum step length (  0.294358162308) accepted
    Initial Ne1:      36.99999971
    Initial Ne2:      35.99999998
      Final Ne1:      37.00000000
      Final Ne2:      36.00000000

=================== Penalty functional idempotency correction ==================
 RMS occupancy error at iteration   1:  0.000000 (step -0.5000 Ne1=     37.0000)
                                                               Ne2=     36.0000
            Final RMS occupancy error   :  0.000000 (Ne1=     37.0000)
                                                     Ne2=     36.0000
            Final occupancy bounds spin 1: [  0.000,  1.000]
            Final occupancy bounds spin 2: [  0.000,  1.000]
================================================================================

    1        -2.169216203228E+02     1.2188E-04     7.9208E-05
      ideal mu1:      -0.969476170315
      ideal mu2:      -0.972616122288
             Q0:        -216.921624427695
             G0:      -0.000025132116
   RMS gradient:       0.000096227860
     Trial step:       0.393194026385
             Q1:        -216.921629763605
 Quadratic coef:       0.000004545888
 Linear coef   :      -0.000009881798
           Qmin:        -216.921629797930
Quadratic minimum step length (  0.427360294183) accepted
    Initial Ne1:      36.99999974
    Initial Ne2:      35.99999998
      Final Ne1:      37.00000000
      Final Ne2:      36.00000000

=================== Penalty functional idempotency correction ==================
 RMS occupancy error at iteration   1:  0.000001 (step -0.5000 Ne1=     37.0000)
                                                               Ne2=     36.0000
            Final RMS occupancy error   :  0.000000 (Ne1=     37.0000)
                                                     Ne2=     36.0000
            Final occupancy bounds spin 1: [  0.000,  1.000]
            Final occupancy bounds spin 2: [  0.000,  1.000]
================================================================================

    2        -2.169216244277E+02     9.6228E-05     6.2497E-05    -4.1049E-06
      ideal mu1:      -0.969507923563
      ideal mu2:      -0.972636458249
             Q0:        -216.921630144336
             G0:      -0.000053981546
   RMS gradient:       0.000110215816
     Trial step:       0.409921351953
             Q1:        -216.921643515423
 Quadratic coef:       0.000008757101
 Linear coef   :      -0.000022128188
           Qmin:        -216.921644123184
Quadratic minimum step length (  0.517912070069) accepted
    Initial Ne1:      36.99999958
    Initial Ne2:      35.99999997
      Final Ne1:      37.00000000
      Final Ne2:      36.00000000

=================== Penalty functional idempotency correction ==================
 RMS occupancy error at iteration   1:  0.000005 (step -0.5000 Ne1=     37.0000)
                                                               Ne2=     36.0000
            Final RMS occupancy error   :  0.000000 (Ne1=     37.0000)
                                                     Ne2=     36.0000
            Final occupancy bounds spin 1: [  0.000,  1.000]
            Final occupancy bounds spin 2: [  0.000,  1.000]
================================================================================

    3        -2.169216301443E+02     1.1022E-04     7.1652E-05    -5.7166E-06
      ideal mu1:      -0.969567499045
      ideal mu2:      -0.972684990006
             Q0:        -216.921646448691
             G0:      -0.000063461366
   RMS gradient:       0.000104407694
     Trial step:       0.460763731163
             Q1:        -216.921663247687
 Quadratic coef:       0.000012441700
 Linear coef   :      -0.000029240696
           Qmin:        -216.921663629186
Quadratic minimum step length (  0.541447384872) accepted
    Initial Ne1:      36.99999959
    Initial Ne2:      35.99999995
      Final Ne1:      37.00000000
      Final Ne2:      36.00000000

=================== Penalty functional idempotency correction ==================
 RMS occupancy error at iteration   1:  0.000013 (step -0.4999 Ne1=     37.0000)
                                                               Ne2=     36.0000
            Final RMS occupancy error   :  0.000000 (Ne1=     37.0000)
                                                     Ne2=     36.0000
            Final occupancy bounds spin 1: [ -0.000,  1.000]
            Final occupancy bounds spin 2: [ -0.000,  1.000]
================================================================================

    4        -2.169216464487E+02     1.0441E-04     6.7817E-05    -1.6304E-05
      ideal mu1:      -0.969567978130
      ideal mu2:      -0.972694980423
    5        -2.169216655321E+02     1.4376E-04     9.3394E-05    -1.9083E-05
Finished density kernel iterations (   5)

Writing density kernel to file "Fe_EtOH_3_LowSpin_NGWFSP.dkn" ... done


>>> Density kernel optimised for the current NGWF basis:
     ~~~~~~~~~~~~~~~~~~~~~~~~~~~~~~~~~~~~~~~~~~~~~~~~~~~~~~~~~~~
     Total energy                =  -2.16921665532150E+02  Eh
     Estimated bandgap (UP spin) =   1.4033E-02  Eh
     Estimated bandgap (DN spin) =   2.7086E-02  Eh
     RMS occupancy error         =   2.4727E-10
     [H,K] commutator            =   9.3394E-05
     UP spin occupancy bounds    = [ -0.000:  1.000]
     DN spin occupancy bounds    = [ -0.000:  1.000]
     ~~~~~~~~~~~~~~~~~~~~~~~~~~~~~~~~~~~~~~~~~~~~~~~~~~~~~~~~~~~


================================================================================
           ---------------- ENERGY COMPONENTS (Eh) ----------------
           | Kinetic                    :       64.32394831035924 |
           | Core Hartree               :     -966.52112054267923 |
           | CoreHart (non-coul chg cor):        0.00155689502347
           | Hartree                    :      432.56603376282879 |
           | Exchange-correlation       :      -30.33113505112267 |
           | Ewald                      :      286.40959520493226 |
           | Dij0                       :       -0.28836844804939 |
           | Dijhartree                 :       10.88810630586922 |
           | Exc [AE core]              :     -113.51299459290284 |
           | Exc DC [AE core]           :      -48.26138611342613 |
           | Exc [PS core]              :      -24.44193423238630 |
           | Exc DC [PS core]           :      -28.85448011766831 |
           | Exc [Core]                 :      -75.10233528622905 |
           | Total [Sphere]             :       -3.36898721646767 |
           | Total                      :     -216.92166553214926 |
           --------------------------------------------------------
           ------ LOCAL ENERGY COMPONENTS FROM MATRIX TRACES ------
           | Core Hartree               :     -966.52112054268014 |
           | Hartree (Valence)          :      432.56603376283033 |
           --------------------------------------------------------
           Integrated compensation chrg.:       11.40473234191284
           Integrated density           :       72.99999932106458
           Integrated spin density      :        1.00000001784778
           Integrated |spin density|    :        2.60121084510236
           Local density approx. <S^2>  :        1.55060541362729
           Integrated density tr(KS)    :       73.00000000000000
           Integrated spin tr(KS)       :        1.00000000000000
================================================================================




################################################################################
########################### NGWF CG iteration  036 #############################
################################################################################
****** Reciprocal space K.E. preconditioning with k_zero =  3.0000 a0^-1 *******

>>> Checking for convergence of NGWFs:   NOT CONVERGED
  ========================================================================
         NGWF RMS gradient =  3.0688E-06 >  2.0000E-06  | above tolerance
  ========================================================================

>>> Improving NGWFs using line search:
============ Calculation of NGWF S^-1 using Hotelling algorithm ================ 
     Iteration  |  Spin  |  Frobenius norm and Maximum abs value (of I-S*S_n^-1)
         1           1      0.77055335E-02     0.13084275E-02
         1           2      0.80596869E-02     0.13560086E-02
         2           1      0.12431060E-04     0.46460408E-05
         2           2      0.13272756E-04     0.49830070E-05
         3           1      0.66862718E-10     0.27027713E-10
         3           2      0.75669104E-10     0.30838665E-10
         4           1      0.64081847E-14     0.17763568E-14
         4           2      0.60472102E-14     0.16653345E-14
================================================================================
============ Calculation of NGWF S^-1 using Hotelling algorithm ================ 
     Iteration  |  Spin  |  Frobenius norm and Maximum abs value (of I-S*S_n^-1)
         1           1      0.35356036E-02     0.59881894E-03
         1           2      0.36974649E-02     0.62034314E-03
         2           1      0.25991126E-05     0.96947789E-06
         2           2      0.27755619E-05     0.10406228E-05
         3           1      0.28831846E-11     0.11708412E-11
         3           2      0.32660758E-11     0.13384849E-11
         4           1      0.62040442E-14     0.13322676E-14
         4           2      0.62715880E-14     0.19984014E-14
================================================================================
------------------------------- NGWF line search -------------------------------
RMS gradient                =       0.00000306877392
Trial step length           =               0.143554
Gradient along search dir.  =         -0.00009345359
Functional at step 0        =    -216.92166553214980
Functional at step 1        =    -216.92166658942529
Functional predicted        =    -216.92166917299272
Selected quadratic step     =               0.077918
Conjugate gradients coeff.  =               1.342491
--------------------------- NGWF line search finished --------------------------
                                               
Writing NGWFs to file "Fe_EtOH_3_LowSpin_NGWFSP.tightbox_ngwfs".... done

>>> Optimising kernel for current NGWFs:
   Initial electron number for spin 1:      37.00035083
   Initial electron number for spin 2:      36.00052017
     Final electron number for spin 1:      37.00000000
     Final electron number for spin 2:      36.00000000

=================== Penalty functional idempotency correction ==================
 RMS occupancy error at iteration   1:  0.000070 (step -0.4999 Ne1=     37.0000)
                                                               Ne2=     36.0000
            Final RMS occupancy error   :  0.000000 (Ne1=     37.0000)
                                                     Ne2=     36.0000
            Final occupancy bounds spin 1: [  0.000,  1.000]
            Final occupancy bounds spin 2: [  0.000,  1.000]
================================================================================

................................................................................
<<<<<<<<<<<<<< LNV (Original version) density kernel optimisation >>>>>>>>>>>>>>
~~~~~~~~~~~~~~~~~~~~~~~~~~~~~~~~~~~~~~~~~~~~~~~~~~~~~~~~~~~~~~~~~~~~~~~~~~~~~~~~
   iter  |      energy (Eh)       | rms gradient |  commutator  |   dE (Eh)
      ideal mu1:      -0.969551161470
      ideal mu2:      -0.972684298968
             Q0:        -216.921669527998
             G0:      -0.000047941172
   RMS gradient:       0.000146148553
     Trial step:       0.499479045889
             Q1:        -216.921669802522
 Quadratic coef:       0.000023671087
 Linear coef   :      -0.000023945611
           Qmin:        -216.921675583828
Quadratic minimum step length (  0.252635863886) accepted
    Initial Ne1:      36.99999969
    Initial Ne2:      35.99999998
      Final Ne1:      37.00000000
      Final Ne2:      36.00000000

=================== Penalty functional idempotency correction ==================
 RMS occupancy error at iteration   1:  0.000000 (step -0.5000 Ne1=     37.0000)
                                                               Ne2=     36.0000
            Final RMS occupancy error   :  0.000000 (Ne1=     37.0000)
                                                     Ne2=     36.0000
            Final occupancy bounds spin 1: [  0.000,  1.000]
            Final occupancy bounds spin 2: [  0.000,  1.000]
================================================================================

    1        -2.169216695280E+02     1.4615E-04     9.4960E-05
      ideal mu1:      -0.969553496417
      ideal mu2:      -0.972680615419
             Q0:        -216.921674805574
             G0:      -0.000025060953
   RMS gradient:       0.000099309305
     Trial step:       0.355227138957
             Q1:        -216.921679413484
 Quadratic coef:       0.000004294420
 Linear coef   :      -0.000008902331
           Qmin:        -216.921679419205
Quadratic minimum step length (  0.368192811458) accepted
    Initial Ne1:      36.99999979
    Initial Ne2:      35.99999999
      Final Ne1:      37.00000000
      Final Ne2:      36.00000000

=================== Penalty functional idempotency correction ==================
 RMS occupancy error at iteration   1:  0.000001 (step -0.5000 Ne1=     37.0000)
                                                               Ne2=     36.0000
            Final RMS occupancy error   :  0.000000 (Ne1=     37.0000)
                                                     Ne2=     36.0000
            Final occupancy bounds spin 1: [  0.000,  1.000]
            Final occupancy bounds spin 2: [  0.000,  1.000]
================================================================================

    2        -2.169216748056E+02     9.9309E-05     6.4477E-05    -5.2776E-06
      ideal mu1:      -0.969567361823
      ideal mu2:      -0.972686503835
             Q0:        -216.921679537956
             G0:      -0.000048064012
   RMS gradient:       0.000108170050
     Trial step:       0.361651875425
             Q1:        -216.921690036069
 Quadratic coef:       0.000006884327
 Linear coef   :      -0.000017382440
           Qmin:        -216.921690510314
Quadratic minimum step length (  0.456572739164) accepted
    Initial Ne1:      36.99999969
    Initial Ne2:      35.99999998
      Final Ne1:      37.00000000
      Final Ne2:      36.00000000

=================== Penalty functional idempotency correction ==================
 RMS occupancy error at iteration   1:  0.000003 (step -0.5000 Ne1=     37.0000)
                                                               Ne2=     36.0000
            Final RMS occupancy error   :  0.000000 (Ne1=     37.0000)
                                                     Ne2=     36.0000
            Final occupancy bounds spin 1: [  0.000,  1.000]
            Final occupancy bounds spin 2: [  0.000,  1.000]
================================================================================

    3        -2.169216795380E+02     1.0817E-04     7.0306E-05    -4.7324E-06
      ideal mu1:      -0.969611239491
      ideal mu2:      -0.972720549092
             Q0:        -216.921692384297
             G0:      -0.000068575410
   RMS gradient:       0.000110250611
     Trial step:       0.406350079841
             Q1:        -216.921707712812
 Quadratic coef:       0.000012537108
 Linear coef   :      -0.000027865623
           Qmin:        -216.921707868190
Quadratic minimum step length (  0.451587317226) accepted
    Initial Ne1:      36.99999968
    Initial Ne2:      35.99999998
      Final Ne1:      37.00000000
      Final Ne2:      36.00000000

=================== Penalty functional idempotency correction ==================
 RMS occupancy error at iteration   1:  0.000009 (step -0.4999 Ne1=     37.0000)
                                                               Ne2=     36.0000
            Final RMS occupancy error   :  0.000000 (Ne1=     37.0000)
                                                     Ne2=     36.0000
            Final occupancy bounds spin 1: [ -0.000,  1.000]
            Final occupancy bounds spin 2: [ -0.000,  1.000]
================================================================================

    4        -2.169216923843E+02     1.1025E-04     7.1597E-05    -1.2846E-05
      ideal mu1:      -0.969652247523
      ideal mu2:      -0.972761782480
    5        -2.169217089149E+02     1.3847E-04     8.9911E-05    -1.6531E-05
Finished density kernel iterations (   5)

Writing density kernel to file "Fe_EtOH_3_LowSpin_NGWFSP.dkn" ... done


>>> Density kernel optimised for the current NGWF basis:
     ~~~~~~~~~~~~~~~~~~~~~~~~~~~~~~~~~~~~~~~~~~~~~~~~~~~~~~~~~~~
     Total energy                =  -2.16921708914947E+02  Eh
     Estimated bandgap (UP spin) =   9.7310E-03  Eh
     Estimated bandgap (DN spin) =   2.7557E-02  Eh
     RMS occupancy error         =   1.2656E-10
     [H,K] commutator            =   8.9911E-05
     UP spin occupancy bounds    = [ -0.000:  1.000]
     DN spin occupancy bounds    = [ -0.000:  1.000]
     ~~~~~~~~~~~~~~~~~~~~~~~~~~~~~~~~~~~~~~~~~~~~~~~~~~~~~~~~~~~




################################################################################
########################### NGWF CG iteration  037 #############################
################################################################################
****** Reciprocal space K.E. preconditioning with k_zero =  3.0000 a0^-1 *******

>>> Checking for convergence of NGWFs:   NOT CONVERGED
  ========================================================================
         NGWF RMS gradient =  2.5786E-06 >  2.0000E-06  | above tolerance
  ========================================================================

>>> Improving NGWFs using line search:
============ Calculation of NGWF S^-1 using Hotelling algorithm ================ 
     Iteration  |  Spin  |  Frobenius norm and Maximum abs value (of I-S*S_n^-1)
         1           1      0.91928412E-03     0.16010593E-03
         1           2      0.96229975E-03     0.16608372E-03
         2           1      0.18825957E-06     0.71758217E-07
         2           2      0.20202922E-06     0.76933656E-07
         3           1      0.17677762E-13     0.64392935E-14
         3           2      0.20531240E-13     0.82156504E-14
================================================================================
============ Calculation of NGWF S^-1 using Hotelling algorithm ================ 
     Iteration  |  Spin  |  Frobenius norm and Maximum abs value (of I-S*S_n^-1)
         1           1      0.90030886E-03     0.15671070E-03
         1           2      0.94243733E-03     0.16254238E-03
         2           1      0.17989030E-06     0.68611413E-07
         2           2      0.19309754E-06     0.73581961E-07
         3           1      0.16050418E-13     0.58841820E-14
         3           2      0.18161392E-13     0.68833828E-14
================================================================================
------------------------------- NGWF line search -------------------------------
RMS gradient                =       0.00000257860441
Trial step length           =               0.105761
Gradient along search dir.  =         -0.00001459619
Functional at step 0        =    -216.92170891494692
Functional at step 1        =    -216.92171006854929
Functional predicted        =    -216.92171044211963
Selected quadratic step     =               0.209256
Conjugate gradients coeff.  =               0.000000
--------------------------- NGWF line search finished --------------------------
                                               
Writing NGWFs to file "Fe_EtOH_3_LowSpin_NGWFSP.tightbox_ngwfs".... done

>>> Optimising kernel for current NGWFs:
   Initial electron number for spin 1:      37.00015524
   Initial electron number for spin 2:      36.00023186
     Final electron number for spin 1:      37.00000000
     Final electron number for spin 2:      36.00000000

=================== Penalty functional idempotency correction ==================
 RMS occupancy error at iteration   1:  0.000031 (step -0.5000 Ne1=     37.0000)
                                                               Ne2=     36.0000
            Final RMS occupancy error   :  0.000000 (Ne1=     37.0000)
                                                     Ne2=     36.0000
            Final occupancy bounds spin 1: [  0.000,  1.000]
            Final occupancy bounds spin 2: [  0.000,  1.000]
================================================================================

................................................................................
<<<<<<<<<<<<<< LNV (Original version) density kernel optimisation >>>>>>>>>>>>>>
~~~~~~~~~~~~~~~~~~~~~~~~~~~~~~~~~~~~~~~~~~~~~~~~~~~~~~~~~~~~~~~~~~~~~~~~~~~~~~~~
   iter  |      energy (Eh)       | rms gradient |  commutator  |   dE (Eh)
      ideal mu1:      -0.969627062061
      ideal mu2:      -0.972742864899
             Q0:        -216.921711060977
             G0:      -0.000045133288
   RMS gradient:       0.000141804066
     Trial step:       0.428371967348
             Q1:        -216.921712782062
 Quadratic coef:       0.000017612751
 Linear coef   :      -0.000019333836
           Qmin:        -216.921716366753
Quadratic minimum step length (  0.235115831989) accepted
    Initial Ne1:      36.99999998
    Initial Ne2:      35.99999999
      Final Ne1:      37.00000000
      Final Ne2:      36.00000000

=================== Penalty functional idempotency correction ==================
 RMS occupancy error at iteration   1:  0.000000 (step -0.5000 Ne1=     37.0000)
                                                               Ne2=     36.0000
            Final RMS occupancy error   :  0.000000 (Ne1=     37.0000)
                                                     Ne2=     36.0000
            Final occupancy bounds spin 1: [  0.000,  1.000]
            Final occupancy bounds spin 2: [  0.000,  1.000]
================================================================================

    1        -2.169217110610E+02     1.4180E-04     9.2094E-05
      ideal mu1:      -0.969614772061
      ideal mu2:      -0.972730935363
             Q0:        -216.921715739240
             G0:      -0.000025278356
   RMS gradient:       0.000099205306
     Trial step:       0.317359467330
             Q1:        -216.921720236483
 Quadratic coef:       0.000003525082
 Linear coef   :      -0.000008022326
           Qmin:        -216.921720303510
Quadratic minimum step length (  0.361120805786) accepted
    Initial Ne1:      36.99999998
    Initial Ne2:      35.99999999
      Final Ne1:      37.00000000
      Final Ne2:      36.00000000

=================== Penalty functional idempotency correction ==================
 RMS occupancy error at iteration   1:  0.000001 (step -0.5000 Ne1=     37.0000)
                                                               Ne2=     36.0000
            Final RMS occupancy error   :  0.000000 (Ne1=     37.0000)
                                                     Ne2=     36.0000
            Final occupancy bounds spin 1: [  0.000,  1.000]
            Final occupancy bounds spin 2: [  0.000,  1.000]
================================================================================

    2        -2.169217157392E+02     9.9205E-05     6.4398E-05    -4.6783E-06
      ideal mu1:      -0.969627041366
      ideal mu2:      -0.972739081361
             Q0:        -216.921720728589
             G0:      -0.000049108917
   RMS gradient:       0.000107815448
     Trial step:       0.338533759862
             Q1:        -216.921730790730
 Quadratic coef:       0.000006562886
 Linear coef   :      -0.000016625026
           Qmin:        -216.921731257170
Quadratic minimum step length (  0.428784910862) accepted
    Initial Ne1:      36.99999997
    Initial Ne2:      35.99999999
      Final Ne1:      37.00000000
      Final Ne2:      36.00000000

=================== Penalty functional idempotency correction ==================
 RMS occupancy error at iteration   1:  0.000003 (step -0.5000 Ne1=     37.0000)
                                                               Ne2=     36.0000
            Final RMS occupancy error   :  0.000000 (Ne1=     37.0000)
                                                     Ne2=     36.0000
            Final occupancy bounds spin 1: [  0.000,  1.000]
            Final occupancy bounds spin 2: [  0.000,  1.000]
================================================================================

    3        -2.169217207286E+02     1.0782E-04     7.0058E-05    -4.9893E-06
      ideal mu1:      -0.969669024908
      ideal mu2:      -0.972772936941
             Q0:        -216.921733037678
             G0:      -0.000078507739
   RMS gradient:       0.000117769525
     Trial step:       0.380996283507
             Q1:        -216.921749819689
 Quadratic coef:       0.000013129145
 Linear coef   :      -0.000029911157
           Qmin:        -216.921750073770
Quadratic minimum step length (  0.433997768202) accepted
    Initial Ne1:      36.99999996
    Initial Ne2:      35.99999998
      Final Ne1:      37.00000000
      Final Ne2:      36.00000000

=================== Penalty functional idempotency correction ==================
 RMS occupancy error at iteration   1:  0.000010 (step -0.4999 Ne1=     37.0000)
                                                               Ne2=     36.0000
            Final RMS occupancy error   :  0.000000 (Ne1=     37.0000)
                                                     Ne2=     36.0000
            Final occupancy bounds spin 1: [ -0.000,  1.000]
            Final occupancy bounds spin 2: [ -0.000,  1.000]
================================================================================

    4        -2.169217330377E+02     1.1777E-04     7.6450E-05    -1.2309E-05
      ideal mu1:      -0.969702944583
      ideal mu2:      -0.972803279250
    5        -2.169217515336E+02     1.2612E-04     8.1882E-05    -1.8496E-05
Finished density kernel iterations (   5)

Writing density kernel to file "Fe_EtOH_3_LowSpin_NGWFSP.dkn" ... done


>>> Density kernel optimised for the current NGWF basis:
     ~~~~~~~~~~~~~~~~~~~~~~~~~~~~~~~~~~~~~~~~~~~~~~~~~~~~~~~~~~~
     Total energy                =  -2.16921751533609E+02  Eh
     Estimated bandgap (UP spin) =   9.9388E-03  Eh
     Estimated bandgap (DN spin) =   2.7973E-02  Eh
     RMS occupancy error         =   1.5611E-10
     [H,K] commutator            =   8.1882E-05
     UP spin occupancy bounds    = [ -0.000:  1.000]
     DN spin occupancy bounds    = [ -0.000:  1.000]
     ~~~~~~~~~~~~~~~~~~~~~~~~~~~~~~~~~~~~~~~~~~~~~~~~~~~~~~~~~~~




################################################################################
########################### NGWF CG iteration  038 #############################
################################################################################
****** Reciprocal space K.E. preconditioning with k_zero =  3.0000 a0^-1 *******

>>> Checking for convergence of NGWFs:   NOT CONVERGED
  ========================================================================
         NGWF RMS gradient =  2.3796E-06 >  2.0000E-06  | above tolerance
  ========================================================================

>>> Improving NGWFs using line search:
============ Calculation of NGWF S^-1 using Hotelling algorithm ================ 
     Iteration  |  Spin  |  Frobenius norm and Maximum abs value (of I-S*S_n^-1)
         1           1      0.23750269E-02     0.41330041E-03
         1           2      0.24941309E-02     0.42877300E-03
         2           1      0.12628214E-05     0.48217840E-06
         2           2      0.13558428E-05     0.51715762E-06
         3           1      0.74205718E-12     0.29687364E-12
         3           2      0.84338147E-12     0.33850700E-12
================================================================================
============ Calculation of NGWF S^-1 using Hotelling algorithm ================ 
     Iteration  |  Spin  |  Frobenius norm and Maximum abs value (of I-S*S_n^-1)
         1           1      0.11706625E-03     0.20354786E-04
         1           2      0.12293349E-03     0.21112819E-04
         2           1      0.30546309E-08     0.11668644E-08
         2           2      0.32805217E-08     0.12520014E-08
         3           1      0.67959005E-14     0.18873791E-14
         3           2      0.67235850E-14     0.19984014E-14
================================================================================
------------------------------- NGWF line search -------------------------------
RMS gradient                =       0.00000237956628
Trial step length           =               0.148766
Gradient along search dir.  =         -0.00002095367
Functional at step 0        =    -216.92175153360893
Functional at step 1        =    -216.92175301149882
Functional predicted        =    -216.92175301547175
Selected quadratic step     =               0.141442
Conjugate gradients coeff.  =               0.851581
--------------------------- NGWF line search finished --------------------------
                                               
Writing NGWFs to file "Fe_EtOH_3_LowSpin_NGWFSP.tightbox_ngwfs".... done

>>> Optimising kernel for current NGWFs:
   Initial electron number for spin 1:      37.00019725
   Initial electron number for spin 2:      36.00029308
     Final electron number for spin 1:      37.00000000
     Final electron number for spin 2:      36.00000000

=================== Penalty functional idempotency correction ==================
 RMS occupancy error at iteration   1:  0.000038 (step -0.5000 Ne1=     37.0000)
                                                               Ne2=     36.0000
            Final RMS occupancy error   :  0.000000 (Ne1=     37.0000)
                                                     Ne2=     36.0000
            Final occupancy bounds spin 1: [  0.000,  1.000]
            Final occupancy bounds spin 2: [  0.000,  1.000]
================================================================================

................................................................................
<<<<<<<<<<<<<< LNV (Original version) density kernel optimisation >>>>>>>>>>>>>>
~~~~~~~~~~~~~~~~~~~~~~~~~~~~~~~~~~~~~~~~~~~~~~~~~~~~~~~~~~~~~~~~~~~~~~~~~~~~~~~~
   iter  |      energy (Eh)       | rms gradient |  commutator  |   dE (Eh)
      ideal mu1:      -0.969672824608
      ideal mu2:      -0.972780935206
             Q0:        -216.921753212554
             G0:      -0.000044264137
   RMS gradient:       0.000140432037
     Trial step:       0.406634401810
             Q1:        -216.921757191713
 Quadratic coef:       0.000014020162
 Linear coef   :      -0.000017999321
           Qmin:        -216.921758989512
Quadratic minimum step length (  0.261022065421) accepted
    Initial Ne1:      36.99999992
    Initial Ne2:      35.99999999
      Final Ne1:      37.00000000
      Final Ne2:      36.00000000

=================== Penalty functional idempotency correction ==================
 RMS occupancy error at iteration   1:  0.000000 (step -0.5000 Ne1=     37.0000)
                                                               Ne2=     36.0000
            Final RMS occupancy error   :  0.000000 (Ne1=     37.0000)
                                                     Ne2=     36.0000
            Final occupancy bounds spin 1: [  0.000,  1.000]
            Final occupancy bounds spin 2: [  0.000,  1.000]
================================================================================

    1        -2.169217532126E+02     1.4043E-04     9.1146E-05
      ideal mu1:      -0.969674385460
      ideal mu2:      -0.972780412088
             Q0:        -216.921758435504
             G0:      -0.000025842678
   RMS gradient:       0.000099097048
     Trial step:       0.325792190563
             Q1:        -216.921763112783
 Quadratic coef:       0.000003742064
 Linear coef   :      -0.000008419343
           Qmin:        -216.921763171215
Quadratic minimum step length (  0.366503088055) accepted
    Initial Ne1:      36.99999995
    Initial Ne2:      35.99999999
      Final Ne1:      37.00000000
      Final Ne2:      36.00000000

=================== Penalty functional idempotency correction ==================
 RMS occupancy error at iteration   1:  0.000001 (step -0.5000 Ne1=     37.0000)
                                                               Ne2=     36.0000
            Final RMS occupancy error   :  0.000000 (Ne1=     37.0000)
                                                     Ne2=     36.0000
            Final occupancy bounds spin 1: [  0.000,  1.000]
            Final occupancy bounds spin 2: [  0.000,  1.000]
================================================================================

    2        -2.169217584355E+02     9.9097E-05     6.4282E-05    -5.2230E-06
      ideal mu1:      -0.969694423787
      ideal mu2:      -0.972795332405
             Q0:        -216.921763576540
             G0:      -0.000050962252
   RMS gradient:       0.000109139213
     Trial step:       0.345548612941
             Q1:        -216.921774293238
 Quadratic coef:       0.000006893237
 Linear coef   :      -0.000017609935
           Qmin:        -216.921774823426
Quadratic minimum step length (  0.441381061537) accepted
    Initial Ne1:      36.99999992
    Initial Ne2:      35.99999998
      Final Ne1:      37.00000000
      Final Ne2:      36.00000000

=================== Penalty functional idempotency correction ==================
 RMS occupancy error at iteration   1:  0.000003 (step -0.5000 Ne1=     37.0000)
                                                               Ne2=     36.0000
            Final RMS occupancy error   :  0.000000 (Ne1=     37.0000)
                                                     Ne2=     36.0000
            Final occupancy bounds spin 1: [  0.000,  1.000]
            Final occupancy bounds spin 2: [  0.000,  1.000]
================================================================================

    3        -2.169217635765E+02     1.0914E-04     7.0897E-05    -5.1410E-06
      ideal mu1:      -0.969744435038
      ideal mu2:      -0.972836570158
             Q0:        -216.921776815046
             G0:      -0.000063473445
   RMS gradient:       0.000105011713
     Trial step:       0.390536315331
             Q1:        -216.921790507188
 Quadratic coef:       0.000011096543
 Linear coef   :      -0.000024788685
           Qmin:        -216.921790658972
Quadratic minimum step length (  0.436211598986) accepted
    Initial Ne1:      36.99999992
    Initial Ne2:      35.99999998
      Final Ne1:      37.00000000
      Final Ne2:      36.00000000

=================== Penalty functional idempotency correction ==================
 RMS occupancy error at iteration   1:  0.000008 (step -0.5000 Ne1=     37.0000)
                                                               Ne2=     36.0000
            Final RMS occupancy error   :  0.000000 (Ne1=     37.0000)
                                                     Ne2=     36.0000
            Final occupancy bounds spin 1: [  0.000,  1.000]
            Final occupancy bounds spin 2: [  0.000,  1.000]
================================================================================

    4        -2.169217768150E+02     1.0501E-04     6.8095E-05    -1.3239E-05
      ideal mu1:      -0.969769675948
      ideal mu2:      -0.972860704463
    5        -2.169217916893E+02     1.3187E-04     8.5461E-05    -1.4874E-05
Finished density kernel iterations (   5)

Writing density kernel to file "Fe_EtOH_3_LowSpin_NGWFSP.dkn" ... done


>>> Density kernel optimised for the current NGWF basis:
     ~~~~~~~~~~~~~~~~~~~~~~~~~~~~~~~~~~~~~~~~~~~~~~~~~~~~~~~~~~~
     Total energy                =  -2.16921791689346E+02  Eh
     Estimated bandgap (UP spin) =   1.0094E-02  Eh
     Estimated bandgap (DN spin) =   2.8336E-02  Eh
     RMS occupancy error         =   1.1370E-09
     [H,K] commutator            =   8.5461E-05
     UP spin occupancy bounds    = [  0.000:  1.000]
     DN spin occupancy bounds    = [  0.000:  1.000]
     ~~~~~~~~~~~~~~~~~~~~~~~~~~~~~~~~~~~~~~~~~~~~~~~~~~~~~~~~~~~




################################################################################
########################### NGWF CG iteration  039 #############################
################################################################################
****** Reciprocal space K.E. preconditioning with k_zero =  3.0000 a0^-1 *******

>>> Checking for convergence of NGWFs:   NOT CONVERGED
  ========================================================================
         NGWF RMS gradient =  2.8517E-06 >  2.0000E-06  | above tolerance
  ========================================================================

>>> Improving NGWFs using line search:
============ Calculation of NGWF S^-1 using Hotelling algorithm ================ 
     Iteration  |  Spin  |  Frobenius norm and Maximum abs value (of I-S*S_n^-1)
         1           1      0.46017924E-02     0.79872411E-03
         1           2      0.48301615E-02     0.82818968E-03
         2           1      0.46789749E-05     0.17865866E-05
         2           2      0.50263490E-05     0.19172909E-05
         3           1      0.10010730E-10     0.40403236E-11
         3           2      0.11398352E-10     0.46118664E-11
         4           1      0.61090370E-14     0.17763568E-14
         4           2      0.58097800E-14     0.11102230E-14
================================================================================
============ Calculation of NGWF S^-1 using Hotelling algorithm ================ 
     Iteration  |  Spin  |  Frobenius norm and Maximum abs value (of I-S*S_n^-1)
         1           1      0.10130578E-02     0.17555161E-03
         1           2      0.10632431E-02     0.18196910E-03
         2           1      0.22526437E-06     0.86010487E-07
         2           2      0.24207131E-06     0.92360934E-07
         3           1      0.23691004E-13     0.94368957E-14
         3           2      0.26896248E-13     0.10658141E-13
================================================================================
------------------------------- NGWF line search -------------------------------
RMS gradient                =       0.00000285167530
Trial step length           =               0.145057
Gradient along search dir.  =         -0.00005425920
Functional at step 0        =    -216.92179168934635
Functional at step 1        =    -216.92179451705195
Functional predicted        =    -216.92179476033542
Selected quadratic step     =               0.113197
Conjugate gradients coeff.  =               1.436166
--------------------------- NGWF line search finished --------------------------
                                               
Writing NGWFs to file "Fe_EtOH_3_LowSpin_NGWFSP.tightbox_ngwfs".... done

>>> Optimising kernel for current NGWFs:
   Initial electron number for spin 1:      37.00031405
   Initial electron number for spin 2:      36.00046618
     Final electron number for spin 1:      37.00000000
     Final electron number for spin 2:      36.00000000

=================== Penalty functional idempotency correction ==================
 RMS occupancy error at iteration   1:  0.000060 (step -0.4999 Ne1=     37.0000)
                                                               Ne2=     36.0000
            Final RMS occupancy error   :  0.000000 (Ne1=     37.0000)
                                                     Ne2=     36.0000
            Final occupancy bounds spin 1: [  0.000,  1.000]
            Final occupancy bounds spin 2: [  0.000,  1.000]
================================================================================

................................................................................
<<<<<<<<<<<<<< LNV (Original version) density kernel optimisation >>>>>>>>>>>>>>
~~~~~~~~~~~~~~~~~~~~~~~~~~~~~~~~~~~~~~~~~~~~~~~~~~~~~~~~~~~~~~~~~~~~~~~~~~~~~~~~
   iter  |      energy (Eh)       | rms gradient |  commutator  |   dE (Eh)
      ideal mu1:      -0.969721542966
      ideal mu2:      -0.972824993180
             Q0:        -216.921795110140
             G0:      -0.000053299610
   RMS gradient:       0.000154099849
     Trial step:       0.412742620252
             Q1:        -216.921796714332
 Quadratic coef:       0.000020394829
 Linear coef   :      -0.000021999021
           Qmin:        -216.921801042488
Quadratic minimum step length (  0.222603816447) accepted
    Initial Ne1:      36.99999986
    Initial Ne2:      35.99999996
      Final Ne1:      37.00000000
      Final Ne2:      36.00000000

=================== Penalty functional idempotency correction ==================
 RMS occupancy error at iteration   1:  0.000000 (step -0.5000 Ne1=     37.0000)
                                                               Ne2=     36.0000
            Final RMS occupancy error   :  0.000000 (Ne1=     37.0000)
                                                     Ne2=     36.0000
            Final occupancy bounds spin 1: [  0.000,  1.000]
            Final occupancy bounds spin 2: [  0.000,  1.000]
================================================================================

    1        -2.169217951101E+02     1.5410E-04     9.9955E-05
      ideal mu1:      -0.969717313901
      ideal mu2:      -0.972818336794
             Q0:        -216.921800384597
             G0:      -0.000024839823
   RMS gradient:       0.000098952593
     Trial step:       0.303113976053
             Q1:        -216.921804380736
 Quadratic coef:       0.000003533158
 Linear coef   :      -0.000007529298
           Qmin:        -216.921804395903
Quadratic minimum step length (  0.322973851531) accepted
    Initial Ne1:      36.99999992
    Initial Ne2:      35.99999998
      Final Ne1:      37.00000000
      Final Ne2:      36.00000000

=================== Penalty functional idempotency correction ==================
 RMS occupancy error at iteration   1:  0.000000 (step -0.5000 Ne1=     37.0000)
                                                               Ne2=     36.0000
            Final RMS occupancy error   :  0.000000 (Ne1=     37.0000)
                                                     Ne2=     36.0000
            Final occupancy bounds spin 1: [  0.000,  1.000]
            Final occupancy bounds spin 2: [  0.000,  1.000]
================================================================================

    2        -2.169218003846E+02     9.8953E-05     6.4191E-05    -5.2745E-06
      ideal mu1:      -0.969743724879
      ideal mu2:      -0.972836968049
             Q0:        -216.921804580047
             G0:      -0.000045184167
   RMS gradient:       0.000104428260
     Trial step:       0.312886382411
             Q1:        -216.921812971337
 Quadratic coef:       0.000005746221
 Linear coef   :      -0.000014137511
           Qmin:        -216.921813275727
Quadratic minimum step length (  0.384899425520) accepted
    Initial Ne1:      36.99999989
    Initial Ne2:      35.99999997
      Final Ne1:      37.00000000
      Final Ne2:      36.00000000

=================== Penalty functional idempotency correction ==================
 RMS occupancy error at iteration   1:  0.000002 (step -0.5000 Ne1=     37.0000)
                                                               Ne2=     36.0000
            Final RMS occupancy error   :  0.000000 (Ne1=     37.0000)
                                                     Ne2=     36.0000
            Final occupancy bounds spin 1: [  0.000,  1.000]
            Final occupancy bounds spin 2: [  0.000,  1.000]
================================================================================

    3        -2.169218045800E+02     1.0443E-04     6.7829E-05    -4.1955E-06
      ideal mu1:      -0.969801344510
      ideal mu2:      -0.972883001281
             Q0:        -216.921814622079
             G0:      -0.000074617084
   RMS gradient:       0.000114508882
     Trial step:       0.347029953813
             Q1:        -216.921829616631
 Quadratic coef:       0.000010899811
 Linear coef   :      -0.000025894363
           Qmin:        -216.921830001200
Quadratic minimum step length (  0.412214478699) accepted
    Initial Ne1:      36.99999985
    Initial Ne2:      35.99999996
      Final Ne1:      37.00000000
      Final Ne2:      36.00000000

=================== Penalty functional idempotency correction ==================
 RMS occupancy error at iteration   1:  0.000008 (step -0.5000 Ne1=     37.0000)
                                                               Ne2=     36.0000
            Final RMS occupancy error   :  0.000000 (Ne1=     37.0000)
                                                     Ne2=     36.0000
            Final occupancy bounds spin 1: [  0.000,  1.000]
            Final occupancy bounds spin 2: [  0.000,  1.000]
================================================================================

    4        -2.169218146221E+02     1.1451E-04     7.4278E-05    -1.0042E-05
      ideal mu1:      -0.969844915157
      ideal mu2:      -0.972922592284
    5        -2.169218318048E+02     1.1252E-04     7.3024E-05    -1.7183E-05
Finished density kernel iterations (   5)

Writing density kernel to file "Fe_EtOH_3_LowSpin_NGWFSP.dkn" ... done


>>> Density kernel optimised for the current NGWF basis:
     ~~~~~~~~~~~~~~~~~~~~~~~~~~~~~~~~~~~~~~~~~~~~~~~~~~~~~~~~~~~
     Total energy                =  -2.16921831804809E+02  Eh
     Estimated bandgap (UP spin) =   1.0156E-02  Eh
     Estimated bandgap (DN spin) =   2.8749E-02  Eh
     RMS occupancy error         =   1.1213E-09
     [H,K] commutator            =   7.3024E-05
     UP spin occupancy bounds    = [  0.000:  1.000]
     DN spin occupancy bounds    = [  0.000:  1.000]
     ~~~~~~~~~~~~~~~~~~~~~~~~~~~~~~~~~~~~~~~~~~~~~~~~~~~~~~~~~~~




################################################################################
########################### NGWF CG iteration  040 #############################
################################################################################
****** Reciprocal space K.E. preconditioning with k_zero =  3.0000 a0^-1 *******

>>> Checking for convergence of NGWFs:   NOT CONVERGED
  ========================================================================
         NGWF RMS gradient =  2.2901E-06 >  2.0000E-06  | above tolerance
  ========================================================================

>>> Improving NGWFs using line search:
============ Calculation of NGWF S^-1 using Hotelling algorithm ================ 
     Iteration  |  Spin  |  Frobenius norm and Maximum abs value (of I-S*S_n^-1)
         1           1      0.37334739E-02     0.64584674E-03
         1           2      0.39269455E-02     0.66955168E-03
         2           1      0.30683454E-05     0.11706861E-05
         2           2      0.33005973E-05     0.12569941E-05
         3           1      0.42638434E-11     0.17288393E-11
         3           2      0.48737682E-11     0.19793056E-11
         4           1      0.57031789E-14     0.14432899E-14
         4           2      0.52731156E-14     0.11102230E-14
================================================================================
============ Calculation of NGWF S^-1 using Hotelling algorithm ================ 
     Iteration  |  Spin  |  Frobenius norm and Maximum abs value (of I-S*S_n^-1)
         1           1      0.10807199E-02     0.18671529E-03
         1           2      0.11366288E-02     0.19351977E-03
         2           1      0.25588981E-06     0.97605114E-07
         2           2      0.27531731E-06     0.10484998E-06
         3           1      0.30114921E-13     0.11990409E-13
         3           2      0.34424684E-13     0.14543922E-13
================================================================================
------------------------------- NGWF line search -------------------------------
RMS gradient                =       0.00000229007296
Trial step length           =               0.128141
Gradient along search dir.  =         -0.00003842518
Functional at step 0        =    -216.92183180480930
Functional at step 1        =    -216.92183326627068
Functional predicted        =    -216.92183355535329
Selected quadratic step     =               0.091114
Conjugate gradients coeff.  =               0.644909
--------------------------- NGWF line search finished --------------------------
                                               
Writing NGWFs to file "Fe_EtOH_3_LowSpin_NGWFSP.tightbox_ngwfs".... done

>>> Optimising kernel for current NGWFs:
   Initial electron number for spin 1:      37.00023367
   Initial electron number for spin 2:      36.00034642
     Final electron number for spin 1:      37.00000000
     Final electron number for spin 2:      36.00000000

=================== Penalty functional idempotency correction ==================
 RMS occupancy error at iteration   1:  0.000044 (step -0.4999 Ne1=     37.0000)
                                                               Ne2=     36.0000
            Final RMS occupancy error   :  0.000000 (Ne1=     37.0000)
                                                     Ne2=     36.0000
            Final occupancy bounds spin 1: [  0.000,  1.000]
            Final occupancy bounds spin 2: [  0.000,  1.000]
================================================================================

................................................................................
<<<<<<<<<<<<<< LNV (Original version) density kernel optimisation >>>>>>>>>>>>>>
~~~~~~~~~~~~~~~~~~~~~~~~~~~~~~~~~~~~~~~~~~~~~~~~~~~~~~~~~~~~~~~~~~~~~~~~~~~~~~~~
   iter  |      energy (Eh)       | rms gradient |  commutator  |   dE (Eh)
      ideal mu1:      -0.969808454153
      ideal mu2:      -0.972895585057
             Q0:        -216.921833639351
             G0:      -0.000038900276
   RMS gradient:       0.000131648688
     Trial step:       0.378220532896
             Q1:        -216.921838339003
 Quadratic coef:       0.000010013232
 Linear coef   :      -0.000014712883
           Qmin:        -216.921839043923
Quadratic minimum step length (  0.277868055435) accepted
    Initial Ne1:      36.99999989
    Initial Ne2:      35.99999997
      Final Ne1:      37.00000000
      Final Ne2:      36.00000000

=================== Penalty functional idempotency correction ==================
 RMS occupancy error at iteration   1:  0.000000 (step -0.5000 Ne1=     37.0000)
                                                               Ne2=     36.0000
            Final RMS occupancy error   :  0.000000 (Ne1=     37.0000)
                                                     Ne2=     36.0000
            Final occupancy bounds spin 1: [  0.000,  1.000]
            Final occupancy bounds spin 2: [  0.000,  1.000]
================================================================================

    1        -2.169218336394E+02     1.3165E-04     8.5407E-05
      ideal mu1:      -0.969789797651
      ideal mu2:      -0.972878795819
             Q0:        -216.921838624215
             G0:      -0.000025126228
   RMS gradient:       0.000095965492
     Trial step:       0.324184213066
             Q1:        -216.921843340922
 Quadratic coef:       0.000003428819
 Linear coef   :      -0.000008145527
           Qmin:        -216.921843461857
Quadratic minimum step length (  0.385067131600) accepted
    Initial Ne1:      36.99999992
    Initial Ne2:      35.99999998
      Final Ne1:      37.00000000
      Final Ne2:      36.00000000

=================== Penalty functional idempotency correction ==================
 RMS occupancy error at iteration   1:  0.000001 (step -0.5000 Ne1=     37.0000)
                                                               Ne2=     36.0000
            Final RMS occupancy error   :  0.000000 (Ne1=     37.0000)
                                                     Ne2=     36.0000
            Final occupancy bounds spin 1: [  0.000,  1.000]
            Final occupancy bounds spin 2: [  0.000,  1.000]
================================================================================

    2        -2.169218386242E+02     9.5965E-05     6.2236E-05    -4.9849E-06
      ideal mu1:      -0.969799118632
      ideal mu2:      -0.972885441325
             Q0:        -216.921844099582
             G0:      -0.000053074915
   RMS gradient:       0.000108289737
     Trial step:       0.353316692268
             Q1:        -216.921855525615
 Quadratic coef:       0.000007326221
 Linear coef   :      -0.000018752253
           Qmin:        -216.921856099187
Quadratic minimum step length (  0.452176121181) accepted
    Initial Ne1:      36.99999987
    Initial Ne2:      35.99999996
      Final Ne1:      37.00000000
      Final Ne2:      36.00000000

=================== Penalty functional idempotency correction ==================
 RMS occupancy error at iteration   1:  0.000004 (step -0.5000 Ne1=     37.0000)
                                                               Ne2=     36.0000
            Final RMS occupancy error   :  0.000000 (Ne1=     37.0000)
                                                     Ne2=     36.0000
            Final occupancy bounds spin 1: [  0.000,  1.000]
            Final occupancy bounds spin 2: [  0.000,  1.000]
================================================================================

    3        -2.169218440996E+02     1.0829E-04     7.0311E-05    -5.4754E-06
      ideal mu1:      -0.969845282407
      ideal mu2:      -0.972923909061
             Q0:        -216.921858228493
             G0:      -0.000054464993
   RMS gradient:       0.000095748189
     Trial step:       0.399701603022
             Q1:        -216.921870868013
 Quadratic coef:       0.000009130225
 Linear coef   :      -0.000021769745
           Qmin:        -216.921871205221
Quadratic minimum step length (  0.476516286507) accepted
    Initial Ne1:      36.99999989
    Initial Ne2:      35.99999996
      Final Ne1:      37.00000000
      Final Ne2:      36.00000000

=================== Penalty functional idempotency correction ==================
 RMS occupancy error at iteration   1:  0.000008 (step -0.5000 Ne1=     37.0000)
                                                               Ne2=     36.0000
            Final RMS occupancy error   :  0.000000 (Ne1=     37.0000)
                                                     Ne2=     36.0000
            Final occupancy bounds spin 1: [  0.000,  1.000]
            Final occupancy bounds spin 2: [  0.000,  1.000]
================================================================================

    4        -2.169218582285E+02     9.5748E-05     6.2067E-05    -1.4129E-05
      ideal mu1:      -0.969866462762
      ideal mu2:      -0.972944556547
    5        -2.169218728927E+02     1.2179E-04     7.8760E-05    -1.4664E-05
Finished density kernel iterations (   5)

Writing density kernel to file "Fe_EtOH_3_LowSpin_NGWFSP.dkn" ... done


>>> Density kernel optimised for the current NGWF basis:
     ~~~~~~~~~~~~~~~~~~~~~~~~~~~~~~~~~~~~~~~~~~~~~~~~~~~~~~~~~~~
     Total energy                =  -2.16921872892663E+02  Eh
     Estimated bandgap (UP spin) =   1.0413E-02  Eh
     Estimated bandgap (DN spin) =   2.9158E-02  Eh
     RMS occupancy error         =   1.1273E-09
     [H,K] commutator            =   7.8760E-05
     UP spin occupancy bounds    = [  0.000:  1.000]
     DN spin occupancy bounds    = [  0.000:  1.000]
     ~~~~~~~~~~~~~~~~~~~~~~~~~~~~~~~~~~~~~~~~~~~~~~~~~~~~~~~~~~~


================================================================================
           ---------------- ENERGY COMPONENTS (Eh) ----------------
           | Kinetic                    :       64.32215394816603 |
           | Core Hartree               :     -966.50127577593423 |
           | CoreHart (non-coul chg cor):        0.00155689502347
           | Hartree                    :      432.54607046937832 |
           | Exchange-correlation       :      -30.33101790251855 |
           | Ewald                      :      286.40959520493226 |
           | Dij0                       :       -0.28676502668714 |
           | Dijhartree                 :       10.88827926845773 |
           | Exc [AE core]              :     -113.51261282657846 |
           | Exc DC [AE core]           :      -48.26088681068324 |
           | Exc [PS core]              :      -24.44136446189335 |
           | Exc DC [PS core]           :      -28.85371672873922 |
           | Exc [Core]                 :      -75.10233528622905 |
           | Total [Sphere]             :       -3.36739883668545 |
           | Total                      :     -216.92187289266164 |
           --------------------------------------------------------
           ------ LOCAL ENERGY COMPONENTS FROM MATRIX TRACES ------
           | Core Hartree               :     -966.50127577593537 |
           | Hartree (Valence)          :      432.54607046937986 |
           --------------------------------------------------------
           Integrated compensation chrg.:       11.40484751507756
           Integrated density           :       72.99999932095210
           Integrated spin density      :        1.00000001715121
           Integrated |spin density|    :        2.57842560403207
           Local density approx. <S^2>  :        1.53921279344033
           Integrated density tr(KS)    :       73.00000000000000
           Integrated spin tr(KS)       :        1.00000000000000
================================================================================




################################################################################
########################### NGWF CG iteration  041 #############################
################################################################################
****** Reciprocal space K.E. preconditioning with k_zero =  3.0000 a0^-1 *******

>>> Checking for convergence of NGWFs:   NOT CONVERGED
  ========================================================================
         NGWF RMS gradient =  2.7545E-06 >  2.0000E-06  | above tolerance
  ========================================================================

>>> Improving NGWFs using line search:
============ Calculation of NGWF S^-1 using Hotelling algorithm ================ 
     Iteration  |  Spin  |  Frobenius norm and Maximum abs value (of I-S*S_n^-1)
         1           1      0.95214284E-03     0.16266904E-03
         1           2      0.99450816E-03     0.16866656E-03
         2           1      0.20011021E-06     0.75047023E-07
         2           2      0.21396353E-06     0.80378071E-07
         3           1      0.19970938E-13     0.76605389E-14
         3           2      0.22355088E-13     0.88817842E-14
================================================================================
============ Calculation of NGWF S^-1 using Hotelling algorithm ================ 
     Iteration  |  Spin  |  Frobenius norm and Maximum abs value (of I-S*S_n^-1)
         1           1      0.12124368E-02     0.20701900E-03
         1           2      0.12663996E-02     0.21462056E-03
         2           1      0.32317096E-06     0.12127582E-06
         2           2      0.34561157E-06     0.12993330E-06
         3           1      0.49246328E-13     0.19317881E-13
         3           2      0.55096003E-13     0.21316282E-13
================================================================================
------------------------------- NGWF line search -------------------------------
RMS gradient                =       0.00000275446716
Trial step length           =               0.108053
Gradient along search dir.  =         -0.00001665502
Functional at step 0        =    -216.92187289266258
Functional at step 1        =    -216.92187429630809
Functional predicted        =    -216.92187493736611
Selected quadratic step     =               0.245536
Conjugate gradients coeff.  =               0.000000
--------------------------- NGWF line search finished --------------------------
                                               
Writing NGWFs to file "Fe_EtOH_3_LowSpin_NGWFSP.tightbox_ngwfs".... done

>>> Optimising kernel for current NGWFs:
   Initial electron number for spin 1:      37.00018403
   Initial electron number for spin 2:      36.00027220
     Final electron number for spin 1:      37.00000000
     Final electron number for spin 2:      36.00000000

=================== Penalty functional idempotency correction ==================
 RMS occupancy error at iteration   1:  0.000036 (step -0.5000 Ne1=     37.0000)
                                                               Ne2=     36.0000
            Final RMS occupancy error   :  0.000000 (Ne1=     37.0000)
                                                     Ne2=     36.0000
            Final occupancy bounds spin 1: [  0.000,  1.000]
            Final occupancy bounds spin 2: [  0.000,  1.000]
================================================================================

................................................................................
<<<<<<<<<<<<<< LNV (Original version) density kernel optimisation >>>>>>>>>>>>>>
~~~~~~~~~~~~~~~~~~~~~~~~~~~~~~~~~~~~~~~~~~~~~~~~~~~~~~~~~~~~~~~~~~~~~~~~~~~~~~~~
   iter  |      energy (Eh)       | rms gradient |  commutator  |   dE (Eh)
      ideal mu1:      -0.969849721698
      ideal mu2:      -0.972933073206
             Q0:        -216.921875809888
             G0:      -0.000036284143
   RMS gradient:       0.000127144808
     Trial step:       0.436422185026
             Q1:        -216.921877885437
 Quadratic coef:       0.000013759656
 Linear coef   :      -0.000015835205
           Qmin:        -216.921880365847
Quadratic minimum step length (  0.251126726062) accepted
    Initial Ne1:      36.99999998
    Initial Ne2:      35.99999997
      Final Ne1:      37.00000000
      Final Ne2:      36.00000000

=================== Penalty functional idempotency correction ==================
 RMS occupancy error at iteration   1:  0.000000 (step -0.5000 Ne1=     37.0000)
                                                               Ne2=     36.0000
            Final RMS occupancy error   :  0.000000 (Ne1=     37.0000)
                                                     Ne2=     36.0000
            Final occupancy bounds spin 1: [  0.000,  1.000]
            Final occupancy bounds spin 2: [  0.000,  1.000]
================================================================================

    1        -2.169218758099E+02     1.2714E-04     8.2386E-05
      ideal mu1:      -0.969848264793
      ideal mu2:      -0.972929836302
             Q0:        -216.921879736224
             G0:      -0.000025741509
   RMS gradient:       0.000098260401
     Trial step:       0.331054790792
             Q1:        -216.921884389429
 Quadratic coef:       0.000003868646
 Linear coef   :      -0.000008521850
           Qmin:        -216.921884429206
Quadratic minimum step length (  0.364623643097) accepted
    Initial Ne1:      36.99999999
    Initial Ne2:      35.99999998
      Final Ne1:      37.00000000
      Final Ne2:      36.00000000

=================== Penalty functional idempotency correction ==================
 RMS occupancy error at iteration   1:  0.000001 (step -0.5000 Ne1=     37.0000)
                                                               Ne2=     36.0000
            Final RMS occupancy error   :  0.000000 (Ne1=     37.0000)
                                                     Ne2=     36.0000
            Final occupancy bounds spin 1: [  0.000,  1.000]
            Final occupancy bounds spin 2: [  0.000,  1.000]
================================================================================

    2        -2.169218797362E+02     9.8260E-05     6.3639E-05    -3.9263E-06
      ideal mu1:      -0.969868285668
      ideal mu2:      -0.972943893945
             Q0:        -216.921884768271
             G0:      -0.000049153942
   RMS gradient:       0.000106384431
     Trial step:       0.347434028102
             Q1:        -216.921894757063
 Quadratic coef:       0.000007088960
 Linear coef   :      -0.000017077752
           Qmin:        -216.921895053617
Quadratic minimum step length (  0.418495259641) accepted
    Initial Ne1:      36.99999998
    Initial Ne2:      35.99999997
      Final Ne1:      37.00000000
      Final Ne2:      36.00000000

=================== Penalty functional idempotency correction ==================
 RMS occupancy error at iteration   1:  0.000003 (step -0.5000 Ne1=     37.0000)
                                                               Ne2=     36.0000
            Final RMS occupancy error   :  0.000000 (Ne1=     37.0000)
                                                     Ne2=     36.0000
            Final occupancy bounds spin 1: [  0.000,  1.000]
            Final occupancy bounds spin 2: [  0.000,  1.000]
================================================================================

    3        -2.169218847683E+02     1.0638E-04     6.9105E-05    -5.0320E-06
      ideal mu1:      -0.969916835018
      ideal mu2:      -0.972983538158
             Q0:        -216.921896422664
             G0:      -0.000072785332
   RMS gradient:       0.000113314474
     Trial step:       0.381312855538
             Q1:        -216.921911444108
 Quadratic coef:       0.000012732539
 Linear coef   :      -0.000027753983
           Qmin:        -216.921911546976
Quadratic minimum step length (  0.415586818033) accepted
    Initial Ne1:      36.99999998
    Initial Ne2:      35.99999996
      Final Ne1:      37.00000000
      Final Ne2:      36.00000000

=================== Penalty functional idempotency correction ==================
 RMS occupancy error at iteration   1:  0.000009 (step -0.4999 Ne1=     37.0000)
                                                               Ne2=     36.0000
            Final RMS occupancy error   :  0.000000 (Ne1=     37.0000)
                                                     Ne2=     36.0000
            Final occupancy bounds spin 1: [ -0.000,  1.000]
            Final occupancy bounds spin 2: [ -0.000,  1.000]
================================================================================

    4        -2.169218964227E+02     1.1331E-04     7.3265E-05    -1.1654E-05
      ideal mu1:      -0.969950191223
      ideal mu2:      -0.973014945970
    5        -2.169219124099E+02     1.2221E-04     7.9187E-05    -1.5987E-05
Finished density kernel iterations (   5)

Writing density kernel to file "Fe_EtOH_3_LowSpin_NGWFSP.dkn" ... done


>>> Density kernel optimised for the current NGWF basis:
     ~~~~~~~~~~~~~~~~~~~~~~~~~~~~~~~~~~~~~~~~~~~~~~~~~~~~~~~~~~~
     Total energy                =  -2.16921912409869E+02  Eh
     Estimated bandgap (UP spin) =   1.0600E-02  Eh
     Estimated bandgap (DN spin) =   2.9511E-02  Eh
     RMS occupancy error         =   1.6339E-10
     [H,K] commutator            =   7.9187E-05
     UP spin occupancy bounds    = [ -0.000:  1.000]
     DN spin occupancy bounds    = [ -0.000:  1.000]
     ~~~~~~~~~~~~~~~~~~~~~~~~~~~~~~~~~~~~~~~~~~~~~~~~~~~~~~~~~~~




################################################################################
########################### NGWF CG iteration  042 #############################
################################################################################
****** Reciprocal space K.E. preconditioning with k_zero =  3.0000 a0^-1 *******

>>> Checking for convergence of NGWFs:   NOT CONVERGED
  ========================================================================
         NGWF RMS gradient =  2.3067E-06 >  2.0000E-06  | above tolerance
  ========================================================================

>>> Improving NGWFs using line search:
============ Calculation of NGWF S^-1 using Hotelling algorithm ================ 
     Iteration  |  Spin  |  Frobenius norm and Maximum abs value (of I-S*S_n^-1)
         1           1      0.23985063E-02     0.41282464E-03
         1           2      0.25282174E-02     0.42816015E-03
         2           1      0.12893546E-05     0.48838302E-06
         2           2      0.13873652E-05     0.52435900E-06
         3           1      0.77412629E-12     0.30808689E-12
         3           2      0.88458816E-12     0.35171865E-12
================================================================================
============ Calculation of NGWF S^-1 using Hotelling algorithm ================ 
     Iteration  |  Spin  |  Frobenius norm and Maximum abs value (of I-S*S_n^-1)
         1           1      0.61494964E-04     0.10576307E-04
         1           2      0.64818426E-04     0.10966935E-04
         2           1      0.84402308E-09     0.31983705E-09
         2           2      0.90839423E-09     0.34352643E-09
         3           1      0.64032152E-14     0.15543122E-14
         3           2      0.67645001E-14     0.17763568E-14
================================================================================
------------------------------- NGWF line search -------------------------------
RMS gradient                =       0.00000230669620
Trial step length           =               0.162883
Gradient along search dir.  =         -0.00001959324
Functional at step 0        =    -216.92191240986944
Functional at step 1        =    -216.92191396363401
Functional predicted        =    -216.92191396470807
Selected quadratic step     =               0.158712
Conjugate gradients coeff.  =               0.701303
--------------------------- NGWF line search finished --------------------------
                                               
Writing NGWFs to file "Fe_EtOH_3_LowSpin_NGWFSP.tightbox_ngwfs".... done

>>> Optimising kernel for current NGWFs:
   Initial electron number for spin 1:      37.00020416
   Initial electron number for spin 2:      36.00030207
     Final electron number for spin 1:      37.00000000
     Final electron number for spin 2:      36.00000000

=================== Penalty functional idempotency correction ==================
 RMS occupancy error at iteration   1:  0.000038 (step -0.5000 Ne1=     37.0000)
                                                               Ne2=     36.0000
            Final RMS occupancy error   :  0.000000 (Ne1=     37.0000)
                                                     Ne2=     36.0000
            Final occupancy bounds spin 1: [  0.000,  1.000]
            Final occupancy bounds spin 2: [  0.000,  1.000]
================================================================================

................................................................................
<<<<<<<<<<<<<< LNV (Original version) density kernel optimisation >>>>>>>>>>>>>>
~~~~~~~~~~~~~~~~~~~~~~~~~~~~~~~~~~~~~~~~~~~~~~~~~~~~~~~~~~~~~~~~~~~~~~~~~~~~~~~~
   iter  |      energy (Eh)       | rms gradient |  commutator  |   dE (Eh)
      ideal mu1:      -0.969920965067
      ideal mu2:      -0.972993449861
             Q0:        -216.921914165833
             G0:      -0.000044508651
   RMS gradient:       0.000140819375
     Trial step:       0.398081142869
             Q1:        -216.921917461860
 Quadratic coef:       0.000014422028
 Linear coef   :      -0.000017718055
           Qmin:        -216.921919607673
Quadratic minimum step length (  0.244529535748) accepted
    Initial Ne1:      36.99999991
    Initial Ne2:      35.99999996
      Final Ne1:      37.00000000
      Final Ne2:      36.00000000

=================== Penalty functional idempotency correction ==================
 RMS occupancy error at iteration   1:  0.000000 (step -0.5000 Ne1=     37.0000)
                                                               Ne2=     36.0000
            Final RMS occupancy error   :  0.000000 (Ne1=     37.0000)
                                                     Ne2=     36.0000
            Final occupancy bounds spin 1: [  0.000,  1.000]
            Final occupancy bounds spin 2: [  0.000,  1.000]
================================================================================

    1        -2.169219141658E+02     1.4082E-04     9.1257E-05
      ideal mu1:      -0.969909115960
      ideal mu2:      -0.972981812084
             Q0:        -216.921919089740
             G0:      -0.000023375099
   RMS gradient:       0.000095081948
     Trial step:       0.311997751684
             Q1:        -216.921922990917
 Quadratic coef:       0.000003391801
 Linear coef   :      -0.000007292978
           Qmin:        -216.921923010041
Quadratic minimum step length (  0.335425454066) accepted
    Initial Ne1:      36.99999995
    Initial Ne2:      35.99999998
      Final Ne1:      37.00000000
      Final Ne2:      36.00000000

=================== Penalty functional idempotency correction ==================
 RMS occupancy error at iteration   1:  0.000000 (step -0.5000 Ne1=     37.0000)
                                                               Ne2=     36.0000
            Final RMS occupancy error   :  0.000000 (Ne1=     37.0000)
                                                     Ne2=     36.0000
            Final occupancy bounds spin 1: [  0.000,  1.000]
            Final occupancy bounds spin 2: [  0.000,  1.000]
================================================================================

    2        -2.169219190897E+02     9.5082E-05     6.1576E-05    -4.9239E-06
      ideal mu1:      -0.969921854492
      ideal mu2:      -0.972990962428
             Q0:        -216.921923211228
             G0:      -0.000042777040
   RMS gradient:       0.000101540704
     Trial step:       0.323499594321
             Q1:        -216.921931447435
 Quadratic coef:       0.000005602148
 Linear coef   :      -0.000013838355
           Qmin:        -216.921931757060
Quadratic minimum step length (  0.399552274910) accepted
    Initial Ne1:      36.99999993
    Initial Ne2:      35.99999997
      Final Ne1:      37.00000000
      Final Ne2:      36.00000000

=================== Penalty functional idempotency correction ==================
 RMS occupancy error at iteration   1:  0.000002 (step -0.5000 Ne1=     37.0000)
                                                               Ne2=     36.0000
            Final RMS occupancy error   :  0.000000 (Ne1=     37.0000)
                                                     Ne2=     36.0000
            Final occupancy bounds spin 1: [  0.000,  1.000]
            Final occupancy bounds spin 2: [  0.000,  1.000]
================================================================================

    3        -2.169219232112E+02     1.0154E-04     6.5956E-05    -4.1215E-06
      ideal mu1:      -0.969961575525
      ideal mu2:      -0.973023907431
             Q0:        -216.921933096438
             G0:      -0.000058610987
   RMS gradient:       0.000101613933
     Trial step:       0.359520512410
             Q1:        -216.921944338304
 Quadratic coef:       0.000009829986
 Linear coef   :      -0.000021071852
           Qmin:        -216.921944389001
Quadratic minimum step length (  0.385339461074) accepted
    Initial Ne1:      36.99999993
    Initial Ne2:      35.99999997
      Final Ne1:      37.00000000
      Final Ne2:      36.00000000

=================== Penalty functional idempotency correction ==================
 RMS occupancy error at iteration   1:  0.000006 (step -0.5000 Ne1=     37.0000)
                                                               Ne2=     36.0000
            Final RMS occupancy error   :  0.000000 (Ne1=     37.0000)
                                                     Ne2=     36.0000
            Final occupancy bounds spin 1: [  0.000,  1.000]
            Final occupancy bounds spin 2: [  0.000,  1.000]
================================================================================

    4        -2.169219330964E+02     1.0161E-04     6.5724E-05    -9.8852E-06
      ideal mu1:      -0.969985629299
      ideal mu2:      -0.973046799767
    5        -2.169219449146E+02     1.1341E-04     7.3432E-05    -1.1818E-05
Finished density kernel iterations (   5)

Writing density kernel to file "Fe_EtOH_3_LowSpin_NGWFSP.dkn" ... done


>>> Density kernel optimised for the current NGWF basis:
     ~~~~~~~~~~~~~~~~~~~~~~~~~~~~~~~~~~~~~~~~~~~~~~~~~~~~~~~~~~~
     Total energy                =  -2.16921944914620E+02  Eh
     Estimated bandgap (UP spin) =   1.0765E-02  Eh
     Estimated bandgap (DN spin) =   2.9852E-02  Eh
     RMS occupancy error         =   5.1749E-10
     [H,K] commutator            =   7.3432E-05
     UP spin occupancy bounds    = [  0.000:  1.000]
     DN spin occupancy bounds    = [  0.000:  1.000]
     ~~~~~~~~~~~~~~~~~~~~~~~~~~~~~~~~~~~~~~~~~~~~~~~~~~~~~~~~~~~




################################################################################
########################### NGWF CG iteration  043 #############################
################################################################################
****** Reciprocal space K.E. preconditioning with k_zero =  3.0000 a0^-1 *******

>>> Checking for convergence of NGWFs:   NOT CONVERGED
  ========================================================================
         NGWF RMS gradient =  2.7706E-06 >  2.0000E-06  | above tolerance
  ========================================================================

>>> Improving NGWFs using line search:
============ Calculation of NGWF S^-1 using Hotelling algorithm ================ 
     Iteration  |  Spin  |  Frobenius norm and Maximum abs value (of I-S*S_n^-1)
         1           1      0.48326397E-02     0.83027106E-03
         1           2      0.50913716E-02     0.86069699E-03
         2           1      0.51712730E-05     0.19591897E-05
         2           2      0.55627521E-05     0.21043316E-05
         3           1      0.12238793E-10     0.49068527E-11
         3           2      0.14001369E-10     0.56201710E-11
         4           1      0.62041497E-14     0.19984014E-14
         4           2      0.67475321E-14     0.15543122E-14
================================================================================
============ Calculation of NGWF S^-1 using Hotelling algorithm ================ 
     Iteration  |  Spin  |  Frobenius norm and Maximum abs value (of I-S*S_n^-1)
         1           1      0.11357733E-02     0.19484735E-03
         1           2      0.11964741E-02     0.20191559E-03
         2           1      0.28387715E-06     0.10754558E-06
         2           2      0.30545327E-06     0.11558347E-06
         3           1      0.36791406E-13     0.14210855E-13
         3           2      0.42184914E-13     0.16764368E-13
================================================================================
------------------------------- NGWF line search -------------------------------
RMS gradient                =       0.00000277056998
Trial step length           =               0.160784
Gradient along search dir.  =         -0.00005137443
Functional at step 0        =    -216.92194491461953
Functional at step 1        =    -216.92194777935418
Functional predicted        =    -216.92194807610974
Selected quadratic step     =               0.123076
Conjugate gradients coeff.  =               1.442638
--------------------------- NGWF line search finished --------------------------
                                               
Writing NGWFs to file "Fe_EtOH_3_LowSpin_NGWFSP.tightbox_ngwfs".... done

>>> Optimising kernel for current NGWFs:
   Initial electron number for spin 1:      37.00032385
   Initial electron number for spin 2:      36.00047844
     Final electron number for spin 1:      37.00000000
     Final electron number for spin 2:      36.00000000

=================== Penalty functional idempotency correction ==================
 RMS occupancy error at iteration   1:  0.000060 (step -0.4999 Ne1=     37.0000)
                                                               Ne2=     36.0000
            Final RMS occupancy error   :  0.000000 (Ne1=     37.0000)
                                                     Ne2=     36.0000
            Final occupancy bounds spin 1: [  0.000,  1.000]
            Final occupancy bounds spin 2: [  0.000,  1.000]
================================================================================

................................................................................
<<<<<<<<<<<<<< LNV (Original version) density kernel optimisation >>>>>>>>>>>>>>
~~~~~~~~~~~~~~~~~~~~~~~~~~~~~~~~~~~~~~~~~~~~~~~~~~~~~~~~~~~~~~~~~~~~~~~~~~~~~~~~
   iter  |      energy (Eh)       | rms gradient |  commutator  |   dE (Eh)
      ideal mu1:      -0.969938025653
      ideal mu2:      -0.973011708690
             Q0:        -216.921948386283
             G0:      -0.000042934077
   RMS gradient:       0.000138306076
     Trial step:       0.372206180090
             Q1:        -216.921951895133
 Quadratic coef:       0.000012471479
 Linear coef   :      -0.000015980329
           Qmin:        -216.921953505381
Quadratic minimum step length (  0.238463185487) accepted
    Initial Ne1:      36.99999982
    Initial Ne2:      35.99999991
      Final Ne1:      37.00000000
      Final Ne2:      36.00000000

=================== Penalty functional idempotency correction ==================
 RMS occupancy error at iteration   1:  0.000000 (step -0.5000 Ne1=     37.0000)
                                                               Ne2=     36.0000
            Final RMS occupancy error   :  0.000000 (Ne1=     37.0000)
                                                     Ne2=     36.0000
            Final occupancy bounds spin 1: [  0.000,  1.000]
            Final occupancy bounds spin 2: [  0.000,  1.000]
================================================================================

    1        -2.169219483863E+02     1.3831E-04     8.9668E-05
      ideal mu1:      -0.969937702337
      ideal mu2:      -0.973008696260
             Q0:        -216.921953006177
             G0:      -0.000021336986
   RMS gradient:       0.000089974671
     Trial step:       0.297921921588
             Q1:        -216.921956276326
 Quadratic coef:       0.000003086607
 Linear coef   :      -0.000006356756
           Qmin:        -216.921956279055
Quadratic minimum step length (  0.306779768248) accepted
    Initial Ne1:      36.99999990
    Initial Ne2:      35.99999995
      Final Ne1:      37.00000000
      Final Ne2:      36.00000000

=================== Penalty functional idempotency correction ==================
 RMS occupancy error at iteration   1:  0.000000 (step -0.5000 Ne1=     37.0000)
                                                               Ne2=     36.0000
            Final RMS occupancy error   :  0.000000 (Ne1=     37.0000)
                                                     Ne2=     36.0000
            Final occupancy bounds spin 1: [  0.000,  1.000]
            Final occupancy bounds spin 2: [  0.000,  1.000]
================================================================================

    2        -2.169219530062E+02     8.9975E-05     5.8329E-05    -4.6199E-06
      ideal mu1:      -0.969963594630
      ideal mu2:      -0.973027799386
             Q0:        -216.921956351955
             G0:      -0.000039653109
   RMS gradient:       0.000096228836
     Trial step:       0.302318405098
             Q1:        -216.921963405913
 Quadratic coef:       0.000004933907
 Linear coef   :      -0.000011987865
           Qmin:        -216.921963633654
Quadratic minimum step length (  0.367270013542) accepted
    Initial Ne1:      36.99999986
    Initial Ne2:      35.99999993
      Final Ne1:      37.00000000
      Final Ne2:      36.00000000

=================== Penalty functional idempotency correction ==================
 RMS occupancy error at iteration   1:  0.000002 (step -0.5000 Ne1=     37.0000)
                                                               Ne2=     36.0000
            Final RMS occupancy error   :  0.000000 (Ne1=     37.0000)
                                                     Ne2=     36.0000
            Final occupancy bounds spin 1: [  0.000,  1.000]
            Final occupancy bounds spin 2: [  0.000,  1.000]
================================================================================

    3        -2.169219563520E+02     9.6229E-05     6.2501E-05    -3.3458E-06
      ideal mu1:      -0.970019426943
      ideal mu2:      -0.973073009211
             Q0:        -216.921964747526
             G0:      -0.000057836785
   RMS gradient:       0.000098480791
     Trial step:       0.333215372896
             Q1:        -216.921975545455
 Quadratic coef:       0.000008474176
 Linear coef   :      -0.000019272106
           Qmin:        -216.921975704758
Quadratic minimum step length (  0.378901853389) accepted
    Initial Ne1:      36.99999985
    Initial Ne2:      35.99999993
      Final Ne1:      37.00000000
      Final Ne2:      36.00000000

=================== Penalty functional idempotency correction ==================
 RMS occupancy error at iteration   1:  0.000005 (step -0.5000 Ne1=     37.0000)
                                                               Ne2=     36.0000
            Final RMS occupancy error   :  0.000000 (Ne1=     37.0000)
                                                     Ne2=     36.0000
            Final occupancy bounds spin 1: [  0.000,  1.000]
            Final occupancy bounds spin 2: [  0.000,  1.000]
================================================================================

    4        -2.169219647475E+02     9.8481E-05     6.3815E-05    -8.3956E-06
      ideal mu1:      -0.970053570639
      ideal mu2:      -0.973104709922
    5        -2.169219766952E+02     1.0063E-04     6.5264E-05    -1.1948E-05
Finished density kernel iterations (   5)

Writing density kernel to file "Fe_EtOH_3_LowSpin_NGWFSP.dkn" ... done


>>> Density kernel optimised for the current NGWF basis:
     ~~~~~~~~~~~~~~~~~~~~~~~~~~~~~~~~~~~~~~~~~~~~~~~~~~~~~~~~~~~
     Total energy                =  -2.16921976695161E+02  Eh
     Estimated bandgap (UP spin) =   1.0773E-02  Eh
     Estimated bandgap (DN spin) =   3.0247E-02  Eh
     RMS occupancy error         =   4.3924E-10
     [H,K] commutator            =   6.5264E-05
     UP spin occupancy bounds    = [  0.000:  1.000]
     DN spin occupancy bounds    = [  0.000:  1.000]
     ~~~~~~~~~~~~~~~~~~~~~~~~~~~~~~~~~~~~~~~~~~~~~~~~~~~~~~~~~~~




################################################################################
########################### NGWF CG iteration  044 #############################
################################################################################
****** Reciprocal space K.E. preconditioning with k_zero =  3.0000 a0^-1 *******

>>> Checking for convergence of NGWFs:   NOT CONVERGED
  ========================================================================
         NGWF RMS gradient =  2.2645E-06 >  2.0000E-06  | above tolerance
  ========================================================================

>>> Improving NGWFs using line search:
============ Calculation of NGWF S^-1 using Hotelling algorithm ================ 
     Iteration  |  Spin  |  Frobenius norm and Maximum abs value (of I-S*S_n^-1)
         1           1      0.40513574E-02     0.69316942E-03
         1           2      0.42750421E-02     0.71848549E-03
         2           1      0.36166262E-05     0.13685835E-05
         2           2      0.38977381E-05     0.14715290E-05
         3           1      0.59314487E-11     0.23872015E-11
         3           2      0.68144681E-11     0.27435831E-11
         4           1      0.64701758E-14     0.17923014E-14
         4           2      0.57366628E-14     0.12212453E-14
================================================================================
============ Calculation of NGWF S^-1 using Hotelling algorithm ================ 
     Iteration  |  Spin  |  Frobenius norm and Maximum abs value (of I-S*S_n^-1)
         1           1      0.12416350E-02     0.21218833E-03
         1           2      0.13100731E-02     0.21987492E-03
         2           1      0.33816300E-06     0.12793305E-06
         2           2      0.36451549E-06     0.13762079E-06
         3           1      0.51894316E-13     0.21094237E-13
         3           2      0.59488704E-13     0.23536728E-13
================================================================================
------------------------------- NGWF line search -------------------------------
RMS gradient                =       0.00000226454285
Trial step length           =               0.140672
Gradient along search dir.  =         -0.00003838502
Functional at step 0        =    -216.92197669516099
Functional at step 1        =    -216.92197820486172
Functional predicted        =    -216.92197856899142
Selected quadratic step     =               0.097633
Conjugate gradients coeff.  =               0.668071
--------------------------- NGWF line search finished --------------------------
                                               
Writing NGWFs to file "Fe_EtOH_3_LowSpin_NGWFSP.tightbox_ngwfs".... done

>>> Optimising kernel for current NGWFs:
   Initial electron number for spin 1:      37.00024776
   Initial electron number for spin 2:      36.00036515
     Final electron number for spin 1:      37.00000000
     Final electron number for spin 2:      36.00000000

=================== Penalty functional idempotency correction ==================
 RMS occupancy error at iteration   1:  0.000045 (step -0.4999 Ne1=     37.0000)
                                                               Ne2=     36.0000
            Final RMS occupancy error   :  0.000000 (Ne1=     37.0000)
                                                     Ne2=     36.0000
            Final occupancy bounds spin 1: [  0.000,  1.000]
            Final occupancy bounds spin 2: [  0.000,  1.000]
================================================================================

................................................................................
<<<<<<<<<<<<<< LNV (Original version) density kernel optimisation >>>>>>>>>>>>>>
~~~~~~~~~~~~~~~~~~~~~~~~~~~~~~~~~~~~~~~~~~~~~~~~~~~~~~~~~~~~~~~~~~~~~~~~~~~~~~~~
   iter  |      energy (Eh)       | rms gradient |  commutator  |   dE (Eh)
      ideal mu1:      -0.970014439850
      ideal mu2:      -0.973075615476
             Q0:        -216.921978642474
             G0:      -0.000033386913
   RMS gradient:       0.000121963064
     Trial step:       0.355325093918
             Q1:        -216.921982494708
 Quadratic coef:       0.000008010974
 Linear coef   :      -0.000011863208
           Qmin:        -216.921983034440
Quadratic minimum step length (  0.263095073106) accepted
    Initial Ne1:      36.99999987
    Initial Ne2:      35.99999994
      Final Ne1:      37.00000000
      Final Ne2:      36.00000000

=================== Penalty functional idempotency correction ==================
 RMS occupancy error at iteration   1:  0.000000 (step -0.5000 Ne1=     37.0000)
                                                               Ne2=     36.0000
            Final RMS occupancy error   :  0.000000 (Ne1=     37.0000)
                                                     Ne2=     36.0000
            Final occupancy bounds spin 1: [  0.000,  1.000]
            Final occupancy bounds spin 2: [  0.000,  1.000]
================================================================================

    1        -2.169219786425E+02     1.2196E-04     7.9085E-05
      ideal mu1:      -0.969995962312
      ideal mu2:      -0.973058742937
             Q0:        -216.921982689883
             G0:      -0.000021386194
   RMS gradient:       0.000088221962
     Trial step:       0.305751993552
             Q1:        -216.921986292027
 Quadratic coef:       0.000002936727
 Linear coef   :      -0.000006538871
           Qmin:        -216.921986329720
Quadratic minimum step length (  0.340391318869) accepted
    Initial Ne1:      36.99999991
    Initial Ne2:      35.99999996
      Final Ne1:      37.00000000
      Final Ne2:      36.00000000

=================== Penalty functional idempotency correction ==================
 RMS occupancy error at iteration   1:  0.000000 (step -0.5000 Ne1=     37.0000)
                                                               Ne2=     36.0000
            Final RMS occupancy error   :  0.000000 (Ne1=     37.0000)
                                                     Ne2=     36.0000
            Final occupancy bounds spin 1: [  0.000,  1.000]
            Final occupancy bounds spin 2: [  0.000,  1.000]
================================================================================

    2        -2.169219826899E+02     8.8222E-05     5.7187E-05    -4.0474E-06
      ideal mu1:      -0.970005105301
      ideal mu2:      -0.973065202128
             Q0:        -216.921986628914
             G0:      -0.000041851691
   RMS gradient:       0.000096771928
     Trial step:       0.322607074212
             Q1:        -216.921994668499
 Quadratic coef:       0.000005462066
 Linear coef   :      -0.000013501651
           Qmin:        -216.921994972579
Quadratic minimum step length (  0.398725340692) accepted
    Initial Ne1:      36.99999987
    Initial Ne2:      35.99999994
      Final Ne1:      37.00000000
      Final Ne2:      36.00000000

=================== Penalty functional idempotency correction ==================
 RMS occupancy error at iteration   1:  0.000002 (step -0.5000 Ne1=     37.0000)
                                                               Ne2=     36.0000
            Final RMS occupancy error   :  0.000000 (Ne1=     37.0000)
                                                     Ne2=     36.0000
            Final occupancy bounds spin 1: [  0.000,  1.000]
            Final occupancy bounds spin 2: [  0.000,  1.000]
================================================================================

    3        -2.169219866289E+02     9.6772E-05     6.2842E-05    -3.9390E-06
      ideal mu1:      -0.970044260179
      ideal mu2:      -0.973098013844
             Q0:        -216.921996304591
             G0:      -0.000049477125
   RMS gradient:       0.000090820244
     Trial step:       0.358652499747
             Q1:        -216.922005997958
 Quadratic coef:       0.000008051728
 Linear coef   :      -0.000017745095
           Qmin:        -216.922006081635
Quadratic minimum step length (  0.395214703863) accepted
    Initial Ne1:      36.99999989
    Initial Ne2:      35.99999995
      Final Ne1:      37.00000000
      Final Ne2:      36.00000000

=================== Penalty functional idempotency correction ==================
 RMS occupancy error at iteration   1:  0.000005 (step -0.5000 Ne1=     37.0000)
                                                               Ne2=     36.0000
            Final RMS occupancy error   :  0.000000 (Ne1=     37.0000)
                                                     Ne2=     36.0000
            Final occupancy bounds spin 1: [  0.000,  1.000]
            Final occupancy bounds spin 2: [  0.000,  1.000]
================================================================================

    4        -2.169219963046E+02     9.0820E-05     5.8807E-05    -9.6757E-06
      ideal mu1:      -0.970064099930
      ideal mu2:      -0.973117640555
    5        -2.169220067594E+02     1.0528E-04     6.8154E-05    -1.0455E-05
Finished density kernel iterations (   5)

Writing density kernel to file "Fe_EtOH_3_LowSpin_NGWFSP.dkn" ... done


>>> Density kernel optimised for the current NGWF basis:
     ~~~~~~~~~~~~~~~~~~~~~~~~~~~~~~~~~~~~~~~~~~~~~~~~~~~~~~~~~~~
     Total energy                =  -2.16922006759352E+02  Eh
     Estimated bandgap (UP spin) =   1.1071E-02  Eh
     Estimated bandgap (DN spin) =   3.3412E-02  Eh
     RMS occupancy error         =   4.1897E-10
     [H,K] commutator            =   6.8154E-05
     UP spin occupancy bounds    = [  0.000:  1.000]
     DN spin occupancy bounds    = [  0.000:  1.000]
     ~~~~~~~~~~~~~~~~~~~~~~~~~~~~~~~~~~~~~~~~~~~~~~~~~~~~~~~~~~~




################################################################################
########################### NGWF CG iteration  045 #############################
################################################################################
****** Reciprocal space K.E. preconditioning with k_zero =  3.0000 a0^-1 *******

>>> Checking for convergence of NGWFs:   NOT CONVERGED
  ========================================================================
         NGWF RMS gradient =  2.4751E-06 >  2.0000E-06  | above tolerance
  ========================================================================

>>> Improving NGWFs using line search:
============ Calculation of NGWF S^-1 using Hotelling algorithm ================ 
     Iteration  |  Spin  |  Frobenius norm and Maximum abs value (of I-S*S_n^-1)
         1           1      0.10274746E-02     0.17543438E-03
         1           2      0.10809419E-02     0.18193917E-03
         2           1      0.23586275E-06     0.88578920E-07
         2           2      0.25318355E-06     0.95025098E-07
         3           1      0.26535290E-13     0.97699626E-14
         3           2      0.30399321E-13     0.12212453E-13
================================================================================
============ Calculation of NGWF S^-1 using Hotelling algorithm ================ 
     Iteration  |  Spin  |  Frobenius norm and Maximum abs value (of I-S*S_n^-1)
         1           1      0.10043111E-02     0.17139338E-03
         1           2      0.10565696E-02     0.17772314E-03
         2           1      0.22455886E-06     0.84377229E-07
         2           2      0.24108452E-06     0.90544088E-07
         3           1      0.24195872E-13     0.91038288E-14
         3           2      0.27767798E-13     0.10769163E-13
================================================================================
------------------------------- NGWF line search -------------------------------
RMS gradient                =       0.00000247509635
Trial step length           =               0.117194
Gradient along search dir.  =         -0.00001344789
Functional at step 0        =    -216.92200675935169
Functional at step 1        =    -216.92200793672686
Functional predicted        =    -216.92200831705586
Selected quadratic step     =               0.231665
Conjugate gradients coeff.  =               0.000000
--------------------------- NGWF line search finished --------------------------
                                               
Writing NGWFs to file "Fe_EtOH_3_LowSpin_NGWFSP.tightbox_ngwfs".... done

>>> Optimising kernel for current NGWFs:
   Initial electron number for spin 1:      37.00017660
   Initial electron number for spin 2:      36.00025792
     Final electron number for spin 1:      37.00000000
     Final electron number for spin 2:      36.00000000

=================== Penalty functional idempotency correction ==================
 RMS occupancy error at iteration   1:  0.000033 (step -0.5000 Ne1=     37.0000)
                                                               Ne2=     36.0000
            Final RMS occupancy error   :  0.000000 (Ne1=     37.0000)
                                                     Ne2=     36.0000
            Final occupancy bounds spin 1: [  0.000,  1.000]
            Final occupancy bounds spin 2: [  0.000,  1.000]
================================================================================

................................................................................
<<<<<<<<<<<<<< LNV (Original version) density kernel optimisation >>>>>>>>>>>>>>
~~~~~~~~~~~~~~~~~~~~~~~~~~~~~~~~~~~~~~~~~~~~~~~~~~~~~~~~~~~~~~~~~~~~~~~~~~~~~~~~
   iter  |      energy (Eh)       | rms gradient |  commutator  |   dE (Eh)
      ideal mu1:      -0.970044403690
      ideal mu2:      -0.973103530285
             Q0:        -216.922008914033
             G0:      -0.000028771868
   RMS gradient:       0.000113220281
     Trial step:       0.376490028390
             Q1:        -216.922011993402
 Quadratic coef:       0.000007752952
 Linear coef   :      -0.000010832322
           Qmin:        -216.922012697727
Quadratic minimum step length (  0.263013429282) accepted
    Initial Ne1:      36.99999996
    Initial Ne2:      35.99999997
      Final Ne1:      37.00000000
      Final Ne2:      36.00000000

=================== Penalty functional idempotency correction ==================
 RMS occupancy error at iteration   1:  0.000000 (step -0.5000 Ne1=     37.0000)
                                                               Ne2=     36.0000
            Final RMS occupancy error   :  0.000000 (Ne1=     37.0000)
                                                     Ne2=     36.0000
            Final occupancy bounds spin 1: [  0.000,  1.000]
            Final occupancy bounds spin 2: [  0.000,  1.000]
================================================================================

    1        -2.169220089140E+02     1.1322E-04     7.3400E-05
      ideal mu1:      -0.970039761905
      ideal mu2:      -0.973098269084
             Q0:        -216.922012307141
             G0:      -0.000020208317
   RMS gradient:       0.000085219659
     Trial step:       0.314677507073
             Q1:        -216.922015733114
 Quadratic coef:       0.000002933130
 Linear coef   :      -0.000006359103
           Qmin:        -216.922015753817
Quadratic minimum step length (  0.341114520460) accepted
    Initial Ne1:      36.99999997
    Initial Ne2:      35.99999998
      Final Ne1:      37.00000000
      Final Ne2:      36.00000000

=================== Penalty functional idempotency correction ==================
 RMS occupancy error at iteration   1:  0.000000 (step -0.5000 Ne1=     37.0000)
                                                               Ne2=     36.0000
            Final RMS occupancy error   :  0.000000 (Ne1=     37.0000)
                                                     Ne2=     36.0000
            Final occupancy bounds spin 1: [  0.000,  1.000]
            Final occupancy bounds spin 2: [  0.000,  1.000]
================================================================================

    2        -2.169220123071E+02     8.5220E-05     5.5221E-05    -3.3931E-06
      ideal mu1:      -0.970054066843
      ideal mu2:      -0.973108741182
             Q0:        -216.922015970932
             G0:      -0.000039519060
   RMS gradient:       0.000093593130
     Trial step:       0.327629465898
             Q1:        -216.922023608466
 Quadratic coef:       0.000005310074
 Linear coef   :      -0.000012947608
           Qmin:        -216.922023863503
Quadratic minimum step length (  0.399431121656) accepted
    Initial Ne1:      36.99999996
    Initial Ne2:      35.99999997
      Final Ne1:      37.00000000
      Final Ne2:      36.00000000

=================== Penalty functional idempotency correction ==================
 RMS occupancy error at iteration   1:  0.000002 (step -0.5000 Ne1=     37.0000)
                                                               Ne2=     36.0000
            Final RMS occupancy error   :  0.000000 (Ne1=     37.0000)
                                                     Ne2=     36.0000
            Final occupancy bounds spin 1: [  0.000,  1.000]
            Final occupancy bounds spin 2: [  0.000,  1.000]
================================================================================

    3        -2.169220159709E+02     9.3593E-05     6.0784E-05    -3.6638E-06
      ideal mu1:      -0.970096216973
      ideal mu2:      -0.973143540048
             Q0:        -216.922025055820
             G0:      -0.000049557044
   RMS gradient:       0.000090485189
     Trial step:       0.361753237790
             Q1:        -216.922034738683
 Quadratic coef:       0.000008244559
 Linear coef   :      -0.000017927421
           Qmin:        -216.922034801413
Quadratic minimum step length (  0.393308050680) accepted
    Initial Ne1:      36.99999996
    Initial Ne2:      35.99999997
      Final Ne1:      37.00000000
      Final Ne2:      36.00000000

=================== Penalty functional idempotency correction ==================
 RMS occupancy error at iteration   1:  0.000005 (step -0.5000 Ne1=     37.0000)
                                                               Ne2=     36.0000
            Final RMS occupancy error   :  0.000000 (Ne1=     37.0000)
                                                     Ne2=     36.0000
            Final occupancy bounds spin 1: [  0.000,  1.000]
            Final occupancy bounds spin 2: [  0.000,  1.000]
================================================================================

    4        -2.169220250558E+02     9.0485E-05     5.8549E-05    -9.0849E-06
      ideal mu1:      -0.970119857077
      ideal mu2:      -0.973166083100
    5        -2.169220353768E+02     1.0151E-04     6.5723E-05    -1.0321E-05
Finished density kernel iterations (   5)

Writing density kernel to file "Fe_EtOH_3_LowSpin_NGWFSP.dkn" ... done


>>> Density kernel optimised for the current NGWF basis:
     ~~~~~~~~~~~~~~~~~~~~~~~~~~~~~~~~~~~~~~~~~~~~~~~~~~~~~~~~~~~
     Total energy                =  -2.16922035376802E+02  Eh
     Estimated bandgap (UP spin) =   1.1171E-02  Eh
     Estimated bandgap (DN spin) =   3.1019E-02  Eh
     RMS occupancy error         =   4.3478E-10
     [H,K] commutator            =   6.5723E-05
     UP spin occupancy bounds    = [  0.000:  1.000]
     DN spin occupancy bounds    = [  0.000:  1.000]
     ~~~~~~~~~~~~~~~~~~~~~~~~~~~~~~~~~~~~~~~~~~~~~~~~~~~~~~~~~~~


================================================================================
           ---------------- ENERGY COMPONENTS (Eh) ----------------
           | Kinetic                    :       64.32058065968346 |
           | Core Hartree               :     -966.48383143160424 |
           | CoreHart (non-coul chg cor):        0.00155689502347
           | Hartree                    :      432.52915410923856 |
           | Exchange-correlation       :      -30.33104047790455 |
           | Ewald                      :      286.40959520493226 |
           | Dij0                       :       -0.28584564560154 |
           | Dijhartree                 :       10.88796700871205 |
           | Exc [AE core]              :     -113.51188215876877 |
           | Exc DC [AE core]           :      -48.25997041626529 |
           | Exc [PS core]              :      -24.44093206828332 |
           | Exc DC [PS core]           :      -28.85313323679200 |
           | Exc [Core]                 :      -75.10233528622905 |
           | Total [Sphere]             :       -3.36649344114588 |
           | Total                      :     -216.92203537680032 |
           --------------------------------------------------------
           ------ LOCAL ENERGY COMPONENTS FROM MATRIX TRACES ------
           | Core Hartree               :     -966.48383143160413 |
           | Hartree (Valence)          :      432.52915410923816 |
           --------------------------------------------------------
           Integrated compensation chrg.:       11.40465478955977
           Integrated density           :       72.99999932088625
           Integrated spin density      :        1.00000001644967
           Integrated |spin density|    :        2.55589463119205
           Local density approx. <S^2>  :        1.52794730737129
           Integrated density tr(KS)    :       73.00000000000000
           Integrated spin tr(KS)       :        1.00000000000000
================================================================================




################################################################################
########################### NGWF CG iteration  046 #############################
################################################################################
****** Reciprocal space K.E. preconditioning with k_zero =  3.0000 a0^-1 *******

>>> Checking for convergence of NGWFs:   NOT CONVERGED
  ========================================================================
         NGWF RMS gradient =  2.1514E-06 >  2.0000E-06  | above tolerance
  ========================================================================

>>> Improving NGWFs using line search:
============ Calculation of NGWF S^-1 using Hotelling algorithm ================ 
     Iteration  |  Spin  |  Frobenius norm and Maximum abs value (of I-S*S_n^-1)
         1           1      0.25120233E-02     0.42813467E-03
         1           2      0.26561195E-02     0.44407600E-03
         2           1      0.14151538E-05     0.53269021E-06
         2           2      0.15271886E-05     0.57288013E-06
         3           1      0.93334771E-12     0.36848302E-12
         3           2      0.10746998E-11     0.42432724E-12
================================================================================
============ Calculation of NGWF S^-1 using Hotelling algorithm ================ 
     Iteration  |  Spin  |  Frobenius norm and Maximum abs value (of I-S*S_n^-1)
         1           1      0.19689262E-03     0.33535204E-04
         1           2      0.20817943E-03     0.34776091E-04
         2           1      0.86612985E-08     0.32615193E-08
         2           2      0.93488785E-08     0.35088443E-08
         3           1      0.54724029E-14     0.12569156E-14
         3           2      0.60853095E-14     0.13649267E-14
================================================================================
------------------------------- NGWF line search -------------------------------
RMS gradient                =       0.00000215140650
Trial step length           =               0.164772
Gradient along search dir.  =         -0.00001779138
Functional at step 0        =    -216.92203537680240
Functional at step 1        =    -216.92203671803998
Functional predicted        =    -216.92203672778984
Selected quadratic step     =               0.151870
Conjugate gradients coeff.  =               0.755546
--------------------------- NGWF line search finished --------------------------
                                               
Writing NGWFs to file "Fe_EtOH_3_LowSpin_NGWFSP.tightbox_ngwfs".... done

>>> Optimising kernel for current NGWFs:
   Initial electron number for spin 1:      37.00020434
   Initial electron number for spin 2:      36.00029838
     Final electron number for spin 1:      37.00000000
     Final electron number for spin 2:      36.00000000

=================== Penalty functional idempotency correction ==================
 RMS occupancy error at iteration   1:  0.000037 (step -0.5000 Ne1=     37.0000)
                                                               Ne2=     36.0000
            Final RMS occupancy error   :  0.000000 (Ne1=     37.0000)
                                                     Ne2=     36.0000
            Final occupancy bounds spin 1: [  0.000,  1.000]
            Final occupancy bounds spin 2: [  0.000,  1.000]
================================================================================

................................................................................
<<<<<<<<<<<<<< LNV (Original version) density kernel optimisation >>>>>>>>>>>>>>
~~~~~~~~~~~~~~~~~~~~~~~~~~~~~~~~~~~~~~~~~~~~~~~~~~~~~~~~~~~~~~~~~~~~~~~~~~~~~~~~
   iter  |      energy (Eh)       | rms gradient |  commutator  |   dE (Eh)
      ideal mu1:      -0.970091974469
      ideal mu2:      -0.973145515161
             Q0:        -216.922036885498
             G0:      -0.000032780849
   RMS gradient:       0.000120851013
     Trial step:       0.377200822881
             Q1:        -216.922039601600
 Quadratic coef:       0.000009648861
 Linear coef   :      -0.000012364963
           Qmin:        -216.922040846907
Quadratic minimum step length (  0.241690401074) accepted
    Initial Ne1:      36.99999991
    Initial Ne2:      35.99999996
      Final Ne1:      37.00000000
      Final Ne2:      36.00000000

=================== Penalty functional idempotency correction ==================
 RMS occupancy error at iteration   1:  0.000000 (step -0.5000 Ne1=     37.0000)
                                                               Ne2=     36.0000
            Final RMS occupancy error   :  0.000000 (Ne1=     37.0000)
                                                     Ne2=     36.0000
            Final occupancy bounds spin 1: [  0.000,  1.000]
            Final occupancy bounds spin 2: [  0.000,  1.000]
================================================================================

    1        -2.169220368855E+02     1.2085E-04     7.8279E-05
      ideal mu1:      -0.970080180945
      ideal mu2:      -0.973134153933
             Q0:        -216.922040450987
             G0:      -0.000018969784
   RMS gradient:       0.000084680992
     Trial step:       0.301936778428
             Q1:        -216.922043466079
 Quadratic coef:       0.000002712584
 Linear coef   :      -0.000005727675
           Qmin:        -216.922043474512
Quadratic minimum step length (  0.318772826349) accepted
    Initial Ne1:      36.99999994
    Initial Ne2:      35.99999997
      Final Ne1:      37.00000000
      Final Ne2:      36.00000000

=================== Penalty functional idempotency correction ==================
 RMS occupancy error at iteration   1:  0.000000 (step -0.5000 Ne1=     37.0000)
                                                               Ne2=     36.0000
            Final RMS occupancy error   :  0.000000 (Ne1=     37.0000)
                                                     Ne2=     36.0000
            Final occupancy bounds spin 1: [  0.000,  1.000]
            Final occupancy bounds spin 2: [  0.000,  1.000]
================================================================================

    2        -2.169220404510E+02     8.4681E-05     5.4837E-05    -3.5655E-06
      ideal mu1:      -0.970092498873
      ideal mu2:      -0.973143184332
             Q0:        -216.922043595455
             G0:      -0.000033771628
   RMS gradient:       0.000089123299
     Trial step:       0.310240616681
             Q1:        -216.922049608305
 Quadratic coef:       0.000004464480
 Linear coef   :      -0.000010477331
           Qmin:        -216.922049742556
Quadratic minimum step length (  0.364039394991) accepted
    Initial Ne1:      36.99999993
    Initial Ne2:      35.99999997
      Final Ne1:      37.00000000
      Final Ne2:      36.00000000

=================== Penalty functional idempotency correction ==================
 RMS occupancy error at iteration   1:  0.000001 (step -0.5000 Ne1=     37.0000)
                                                               Ne2=     36.0000
            Final RMS occupancy error   :  0.000000 (Ne1=     37.0000)
                                                     Ne2=     36.0000
            Final occupancy bounds spin 1: [  0.000,  1.000]
            Final occupancy bounds spin 2: [  0.000,  1.000]
================================================================================

    3        -2.169220435955E+02     8.9123E-05     5.7879E-05    -3.1445E-06
      ideal mu1:      -0.970128115550
      ideal mu2:      -0.973173007025
             Q0:        -216.922050483280
             G0:      -0.000047603510
   RMS gradient:       0.000091195798
     Trial step:       0.336065181770
             Q1:        -216.922059133009
 Quadratic coef:       0.000007348153
 Linear coef   :      -0.000015997882
           Qmin:        -216.922059190646
Quadratic minimum step length (  0.365828735604) accepted
    Initial Ne1:      36.99999992
    Initial Ne2:      35.99999996
      Final Ne1:      37.00000000
      Final Ne2:      36.00000000

=================== Penalty functional idempotency correction ==================
 RMS occupancy error at iteration   1:  0.000004 (step -0.5000 Ne1=     37.0000)
                                                               Ne2=     36.0000
            Final RMS occupancy error   :  0.000000 (Ne1=     37.0000)
                                                     Ne2=     36.0000
            Final occupancy bounds spin 1: [  0.000,  1.000]
            Final occupancy bounds spin 2: [  0.000,  1.000]
================================================================================

    4        -2.169220504833E+02     9.1196E-05     5.8986E-05    -6.8878E-06
      ideal mu1:      -0.970150013705
      ideal mu2:      -0.973194099417
    5        -2.169220597083E+02     9.2160E-05     5.9762E-05    -9.2250E-06
Finished density kernel iterations (   5)

Writing density kernel to file "Fe_EtOH_3_LowSpin_NGWFSP.dkn" ... done


>>> Density kernel optimised for the current NGWF basis:
     ~~~~~~~~~~~~~~~~~~~~~~~~~~~~~~~~~~~~~~~~~~~~~~~~~~~~~~~~~~~
     Total energy                =  -2.16922059708254E+02  Eh
     Estimated bandgap (UP spin) =   1.1276E-02  Eh
     Estimated bandgap (DN spin) =   3.1305E-02  Eh
     RMS occupancy error         =   2.5592E-10
     [H,K] commutator            =   5.9762E-05
     UP spin occupancy bounds    = [  0.000:  1.000]
     DN spin occupancy bounds    = [  0.000:  1.000]
     ~~~~~~~~~~~~~~~~~~~~~~~~~~~~~~~~~~~~~~~~~~~~~~~~~~~~~~~~~~~




################################################################################
########################### NGWF CG iteration  047 #############################
################################################################################
****** Reciprocal space K.E. preconditioning with k_zero =  3.0000 a0^-1 *******

>>> Checking for convergence of NGWFs:   NOT CONVERGED
  ========================================================================
         NGWF RMS gradient =  2.4831E-06 >  2.0000E-06  | above tolerance
  ========================================================================

>>> Improving NGWFs using line search:
============ Calculation of NGWF S^-1 using Hotelling algorithm ================ 
     Iteration  |  Spin  |  Frobenius norm and Maximum abs value (of I-S*S_n^-1)
         1           1      0.46041116E-02     0.78435912E-03
         1           2      0.48668721E-02     0.81370748E-03
         2           1      0.47087936E-05     0.17737401E-05
         2           2      0.50810345E-05     0.19085655E-05
         3           1      0.10191861E-10     0.40607517E-11
         3           2      0.11740711E-10     0.46742610E-11
         4           1      0.67671116E-14     0.19984014E-14
         4           2      0.62412212E-14     0.19984014E-14
================================================================================
============ Calculation of NGWF S^-1 using Hotelling algorithm ================ 
     Iteration  |  Spin  |  Frobenius norm and Maximum abs value (of I-S*S_n^-1)
         1           1      0.12621028E-02     0.21477112E-03
         1           2      0.13340268E-02     0.22285225E-03
         2           1      0.35205243E-06     0.13262038E-06
         2           2      0.37997292E-06     0.14277654E-06
         3           1      0.57389315E-13     0.23758773E-13
         3           2      0.65200692E-13     0.25757174E-13
================================================================================
------------------------------- NGWF line search -------------------------------
RMS gradient                =       0.00000248308768
Trial step length           =               0.158189
Gradient along search dir.  =         -0.00004109629
Functional at step 0        =    -216.92205970825356
Functional at step 1        =    -216.92206173411347
Functional predicted        =    -216.92206206923939
Selected quadratic step     =               0.114900
Conjugate gradients coeff.  =               1.332107
--------------------------- NGWF line search finished --------------------------
                                               
Writing NGWFs to file "Fe_EtOH_3_LowSpin_NGWFSP.tightbox_ngwfs".... done

>>> Optimising kernel for current NGWFs:
   Initial electron number for spin 1:      37.00029535
   Initial electron number for spin 2:      36.00043104
     Final electron number for spin 1:      37.00000000
     Final electron number for spin 2:      36.00000000

=================== Penalty functional idempotency correction ==================
 RMS occupancy error at iteration   1:  0.000053 (step -0.4999 Ne1=     37.0000)
                                                               Ne2=     36.0000
            Final RMS occupancy error   :  0.000000 (Ne1=     37.0000)
                                                     Ne2=     36.0000
            Final occupancy bounds spin 1: [  0.000,  1.000]
            Final occupancy bounds spin 2: [  0.000,  1.000]
================================================================================

................................................................................
<<<<<<<<<<<<<< LNV (Original version) density kernel optimisation >>>>>>>>>>>>>>
~~~~~~~~~~~~~~~~~~~~~~~~~~~~~~~~~~~~~~~~~~~~~~~~~~~~~~~~~~~~~~~~~~~~~~~~~~~~~~~~
   iter  |      energy (Eh)       | rms gradient |  commutator  |   dE (Eh)
      ideal mu1:      -0.970110164214
      ideal mu2:      -0.973164768579
             Q0:        -216.922062271647
             G0:      -0.000031718770
   RMS gradient:       0.000118877144
     Trial step:       0.350631288575
             Q1:        -216.922065584280
 Quadratic coef:       0.000007808960
 Linear coef   :      -0.000011121593
           Qmin:        -216.922066231516
Quadratic minimum step length (  0.249686149510) accepted
    Initial Ne1:      36.99999983
    Initial Ne2:      35.99999991
      Final Ne1:      37.00000000
      Final Ne2:      36.00000000

=================== Penalty functional idempotency correction ==================
 RMS occupancy error at iteration   1:  0.000000 (step -0.5000 Ne1=     37.0000)
                                                               Ne2=     36.0000
            Final RMS occupancy error   :  0.000000 (Ne1=     37.0000)
                                                     Ne2=     36.0000
            Final occupancy bounds spin 1: [  0.000,  1.000]
            Final occupancy bounds spin 2: [  0.000,  1.000]
================================================================================

    1        -2.169220622716E+02     1.1888E-04     7.7127E-05
      ideal mu1:      -0.970103838068
      ideal mu2:      -0.973157226710
             Q0:        -216.922065900406
             G0:      -0.000015962815
   RMS gradient:       0.000076755114
     Trial step:       0.295884734891
             Q1:        -216.922068345637
 Quadratic coef:       0.000002277922
 Linear coef   :      -0.000004723153
           Qmin:        -216.922068348709
Quadratic minimum step length (  0.306750785974) accepted
    Initial Ne1:      36.99999991
    Initial Ne2:      35.99999995
      Final Ne1:      37.00000000
      Final Ne2:      36.00000000

=================== Penalty functional idempotency correction ==================
 RMS occupancy error at iteration   1:  0.000000 (step -0.5000 Ne1=     37.0000)
                                                               Ne2=     36.0000
            Final RMS occupancy error   :  0.000000 (Ne1=     37.0000)
                                                     Ne2=     36.0000
            Final occupancy bounds spin 1: [  0.000,  1.000]
            Final occupancy bounds spin 2: [  0.000,  1.000]
================================================================================

    2        -2.169220659004E+02     7.6755E-05     4.9806E-05    -3.6288E-06
      ideal mu1:      -0.970123288031
      ideal mu2:      -0.973171667456
             Q0:        -216.922068420492
             G0:      -0.000031640513
   RMS gradient:       0.000083937043
     Trial step:       0.301268775325
             Q1:        -216.922074009407
 Quadratic coef:       0.000003943384
 Linear coef   :      -0.000009532299
           Qmin:        -216.922074181072
Quadratic minimum step length (  0.364126827661) accepted
    Initial Ne1:      36.99999987
    Initial Ne2:      35.99999993
      Final Ne1:      37.00000000
      Final Ne2:      36.00000000

=================== Penalty functional idempotency correction ==================
 RMS occupancy error at iteration   1:  0.000001 (step -0.5000 Ne1=     37.0000)
                                                               Ne2=     36.0000
            Final RMS occupancy error   :  0.000000 (Ne1=     37.0000)
                                                     Ne2=     36.0000
            Final occupancy bounds spin 1: [  0.000,  1.000]
            Final occupancy bounds spin 2: [  0.000,  1.000]
================================================================================

    3        -2.169220684205E+02     8.3937E-05     5.4512E-05    -2.5201E-06
      ideal mu1:      -0.970168362575
      ideal mu2:      -0.973208381531
             Q0:        -216.922075061388
             G0:      -0.000039426428
   RMS gradient:       0.000079528213
     Trial step:       0.331209968799
             Q1:        -216.922082398963
 Quadratic coef:       0.000005720851
 Linear coef   :      -0.000013058426
           Qmin:        -216.922082513185
Quadratic minimum step length (  0.378010251616) accepted
    Initial Ne1:      36.99999988
    Initial Ne2:      35.99999994
      Final Ne1:      37.00000000
      Final Ne2:      36.00000000

=================== Penalty functional idempotency correction ==================
 RMS occupancy error at iteration   1:  0.000003 (step -0.5000 Ne1=     37.0000)
                                                               Ne2=     36.0000
            Final RMS occupancy error   :  0.000000 (Ne1=     37.0000)
                                                     Ne2=     36.0000
            Final occupancy bounds spin 1: [  0.000,  1.000]
            Final occupancy bounds spin 2: [  0.000,  1.000]
================================================================================

    4        -2.169220750614E+02     7.9528E-05     5.1609E-05    -6.6409E-06
      ideal mu1:      -0.970186512358
      ideal mu2:      -0.973226509989
    5        -2.169220832435E+02     8.5621E-05     5.5546E-05    -8.1822E-06
Finished density kernel iterations (   5)

Writing density kernel to file "Fe_EtOH_3_LowSpin_NGWFSP.dkn" ... done


>>> Density kernel optimised for the current NGWF basis:
     ~~~~~~~~~~~~~~~~~~~~~~~~~~~~~~~~~~~~~~~~~~~~~~~~~~~~~~~~~~~
     Total energy                =  -2.16922083243541E+02  Eh
     Estimated bandgap (UP spin) =   1.1423E-02  Eh
     Estimated bandgap (DN spin) =   3.1308E-02  Eh
     RMS occupancy error         =   1.7709E-10
     [H,K] commutator            =   5.5546E-05
     UP spin occupancy bounds    = [  0.000:  1.000]
     DN spin occupancy bounds    = [  0.000:  1.000]
     ~~~~~~~~~~~~~~~~~~~~~~~~~~~~~~~~~~~~~~~~~~~~~~~~~~~~~~~~~~~




################################################################################
########################### NGWF CG iteration  048 #############################
################################################################################
****** Reciprocal space K.E. preconditioning with k_zero =  3.0000 a0^-1 *******

>>> Checking for convergence of NGWFs:   NOT CONVERGED
  ========================================================================
         NGWF RMS gradient =  2.1311E-06 >  2.0000E-06  | above tolerance
  ========================================================================

>>> Improving NGWFs using line search:
============ Calculation of NGWF S^-1 using Hotelling algorithm ================ 
     Iteration  |  Spin  |  Frobenius norm and Maximum abs value (of I-S*S_n^-1)
         1           1      0.40724648E-02     0.69016999E-03
         1           2      0.43057604E-02     0.71631467E-03
         2           1      0.36632490E-05     0.13765529E-05
         2           2      0.39556445E-05     0.14828125E-05
         3           1      0.61148363E-11     0.24409363E-11
         3           2      0.70595128E-11     0.28177460E-11
         4           1      0.59354859E-14     0.13322676E-14
         4           2      0.59111673E-14     0.17763568E-14
================================================================================
============ Calculation of NGWF S^-1 using Hotelling algorithm ================ 
     Iteration  |  Spin  |  Frobenius norm and Maximum abs value (of I-S*S_n^-1)
         1           1      0.13317856E-02     0.22547969E-03
         1           2      0.14079693E-02     0.23406018E-03
         2           1      0.39019216E-06     0.14660231E-06
         2           2      0.42140858E-06     0.15798787E-06
         3           1      0.69367086E-13     0.27866598E-13
         3           2      0.79815483E-13     0.31641356E-13
================================================================================
------------------------------- NGWF line search -------------------------------
RMS gradient                =       0.00000213110840
Trial step length           =               0.134818
Gradient along search dir.  =         -0.00003567714
Functional at step 0        =    -216.92208324354058
Functional at step 1        =    -216.92208448243537
Functional predicted        =    -216.92208486319913
Selected quadratic step     =               0.090795
Conjugate gradients coeff.  =               0.736592
--------------------------- NGWF line search finished --------------------------
                                               
Writing NGWFs to file "Fe_EtOH_3_LowSpin_NGWFSP.tightbox_ngwfs".... done

>>> Optimising kernel for current NGWFs:
   Initial electron number for spin 1:      37.00024318
   Initial electron number for spin 2:      36.00035400
     Final electron number for spin 1:      37.00000000
     Final electron number for spin 2:      36.00000000

=================== Penalty functional idempotency correction ==================
 RMS occupancy error at iteration   1:  0.000043 (step -0.4999 Ne1=     37.0000)
                                                               Ne2=     36.0000
            Final RMS occupancy error   :  0.000000 (Ne1=     37.0000)
                                                     Ne2=     36.0000
            Final occupancy bounds spin 1: [  0.000,  1.000]
            Final occupancy bounds spin 2: [  0.000,  1.000]
================================================================================

................................................................................
<<<<<<<<<<<<<< LNV (Original version) density kernel optimisation >>>>>>>>>>>>>>
~~~~~~~~~~~~~~~~~~~~~~~~~~~~~~~~~~~~~~~~~~~~~~~~~~~~~~~~~~~~~~~~~~~~~~~~~~~~~~~~
   iter  |      energy (Eh)       | rms gradient |  commutator  |   dE (Eh)
      ideal mu1:      -0.970154684851
      ideal mu2:      -0.973203161045
             Q0:        -216.922084934411
             G0:      -0.000025191240
   RMS gradient:       0.000105941219
     Trial step:       0.353837199350
             Q1:        -216.922087931699
 Quadratic coef:       0.000005916310
 Linear coef   :      -0.000008913598
           Qmin:        -216.922088291749
Quadratic minimum step length (  0.266548125112) accepted
    Initial Ne1:      36.99999987
    Initial Ne2:      35.99999994
      Final Ne1:      37.00000000
      Final Ne2:      36.00000000

=================== Penalty functional idempotency correction ==================
 RMS occupancy error at iteration   1:  0.000000 (step -0.5000 Ne1=     37.0000)
                                                               Ne2=     36.0000
            Final RMS occupancy error   :  0.000000 (Ne1=     37.0000)
                                                     Ne2=     36.0000
            Final occupancy bounds spin 1: [  0.000,  1.000]
            Final occupancy bounds spin 2: [  0.000,  1.000]
================================================================================

    1        -2.169220849344E+02     1.0594E-04     6.8717E-05
      ideal mu1:      -0.970142328172
      ideal mu2:      -0.973191276781
             Q0:        -216.922088021840
             G0:      -0.000016172063
   RMS gradient:       0.000076046988
     Trial step:       0.307106890319
             Q1:        -216.922090696747
 Quadratic coef:       0.000002291646
 Linear coef   :      -0.000004966552
           Qmin:        -216.922090712771
Quadratic minimum step length (  0.332787587657) accepted
    Initial Ne1:      36.99999992
    Initial Ne2:      35.99999996
      Final Ne1:      37.00000000
      Final Ne2:      36.00000000

=================== Penalty functional idempotency correction ==================
 RMS occupancy error at iteration   1:  0.000000 (step -0.5000 Ne1=     37.0000)
                                                               Ne2=     36.0000
            Final RMS occupancy error   :  0.000000 (Ne1=     37.0000)
                                                     Ne2=     36.0000
            Final occupancy bounds spin 1: [  0.000,  1.000]
            Final occupancy bounds spin 2: [  0.000,  1.000]
================================================================================

    2        -2.169220880218E+02     7.6047E-05     4.9309E-05    -3.0874E-06
      ideal mu1:      -0.970153947401
      ideal mu2:      -0.973199888772
             Q0:        -216.922090884584
             G0:      -0.000031816622
   RMS gradient:       0.000083507010
     Trial step:       0.319689476183
             Q1:        -216.922096845584
 Quadratic coef:       0.000004210439
 Linear coef   :      -0.000010171439
           Qmin:        -216.922097027540
Quadratic minimum step length (  0.386147597754) accepted
    Initial Ne1:      36.99999988
    Initial Ne2:      35.99999994
      Final Ne1:      37.00000000
      Final Ne2:      36.00000000

=================== Penalty functional idempotency correction ==================
 RMS occupancy error at iteration   1:  0.000002 (step -0.5000 Ne1=     37.0000)
                                                               Ne2=     36.0000
            Final RMS occupancy error   :  0.000000 (Ne1=     37.0000)
                                                     Ne2=     36.0000
            Final occupancy bounds spin 1: [  0.000,  1.000]
            Final occupancy bounds spin 2: [  0.000,  1.000]
================================================================================

    3        -2.169220908846E+02     8.3507E-05     5.4230E-05    -2.8627E-06
      ideal mu1:      -0.970189093040
      ideal mu2:      -0.973229536150
             Q0:        -216.922097922198
             G0:      -0.000035876451
   RMS gradient:       0.000076567477
     Trial step:       0.351350712615
             Q1:        -216.922104885434
 Quadratic coef:       0.000005641981
 Linear coef   :      -0.000012605217
           Qmin:        -216.922104962787
Quadratic minimum step length (  0.392490862736) accepted
    Initial Ne1:      36.99999990
    Initial Ne2:      35.99999995
      Final Ne1:      37.00000000
      Final Ne2:      36.00000000

=================== Penalty functional idempotency correction ==================
 RMS occupancy error at iteration   1:  0.000003 (step -0.5000 Ne1=     37.0000)
                                                               Ne2=     36.0000
            Final RMS occupancy error   :  0.000000 (Ne1=     37.0000)
                                                     Ne2=     36.0000
            Final occupancy bounds spin 1: [  0.000,  1.000]
            Final occupancy bounds spin 2: [  0.000,  1.000]
================================================================================

    4        -2.169220979222E+02     7.6567E-05     4.9605E-05    -7.0376E-06
      ideal mu1:      -0.970201192105
      ideal mu2:      -0.973242909381
    5        -2.169221055400E+02     8.8022E-05     5.7006E-05    -7.6178E-06
Finished density kernel iterations (   5)

Writing density kernel to file "Fe_EtOH_3_LowSpin_NGWFSP.dkn" ... done


>>> Density kernel optimised for the current NGWF basis:
     ~~~~~~~~~~~~~~~~~~~~~~~~~~~~~~~~~~~~~~~~~~~~~~~~~~~~~~~~~~~
     Total energy                =  -2.16922105539992E+02  Eh
     Estimated bandgap (UP spin) =   1.1582E-02  Eh
     Estimated bandgap (DN spin) =   3.1488E-02  Eh
     RMS occupancy error         =   1.8706E-10
     [H,K] commutator            =   5.7006E-05
     UP spin occupancy bounds    = [  0.000:  1.000]
     DN spin occupancy bounds    = [  0.000:  1.000]
     ~~~~~~~~~~~~~~~~~~~~~~~~~~~~~~~~~~~~~~~~~~~~~~~~~~~~~~~~~~~




################################################################################
########################### NGWF CG iteration  049 #############################
################################################################################
****** Reciprocal space K.E. preconditioning with k_zero =  3.0000 a0^-1 *******

>>> Checking for convergence of NGWFs:   NOT CONVERGED
  ========================================================================
         NGWF RMS gradient =  2.2705E-06 >  2.0000E-06  | above tolerance
  ========================================================================

>>> Improving NGWFs using line search:
============ Calculation of NGWF S^-1 using Hotelling algorithm ================ 
     Iteration  |  Spin  |  Frobenius norm and Maximum abs value (of I-S*S_n^-1)
         1           1      0.97068201E-03     0.16449488E-03
         1           2      0.10229251E-02     0.17103034E-03
         2           1      0.21125465E-06     0.78872303E-07
         2           2      0.22728132E-06     0.84849064E-07
         3           1      0.22056880E-13     0.86597396E-14
         3           2      0.24781392E-13     0.93258734E-14
================================================================================
============ Calculation of NGWF S^-1 using Hotelling algorithm ================ 
     Iteration  |  Spin  |  Frobenius norm and Maximum abs value (of I-S*S_n^-1)
         1           1      0.92992394E-03     0.15752195E-03
         1           2      0.97996852E-03     0.16379669E-03
         2           1      0.19328859E-06     0.72198452E-07
         2           2      0.20798003E-06     0.77689699E-07
         3           1      0.18331959E-13     0.64392935E-14
         3           2      0.20989021E-13     0.75495166E-14
================================================================================
------------------------------- NGWF line search -------------------------------
RMS gradient                =       0.00000227046380
Trial step length           =               0.110638
Gradient along search dir.  =         -0.00001131616
Functional at step 0        =    -216.92210553999192
Functional at step 1        =    -216.92210647218980
Functional predicted        =    -216.92210676535709
Selected quadratic step     =               0.216569
Conjugate gradients coeff.  =               0.000000
--------------------------- NGWF line search finished --------------------------
                                               
Writing NGWFs to file "Fe_EtOH_3_LowSpin_NGWFSP.tightbox_ngwfs".... done

>>> Optimising kernel for current NGWFs:
   Initial electron number for spin 1:      37.00016661
   Initial electron number for spin 2:      36.00024063
     Final electron number for spin 1:      37.00000000
     Final electron number for spin 2:      36.00000000

=================== Penalty functional idempotency correction ==================
 RMS occupancy error at iteration   1:  0.000030 (step -0.5000 Ne1=     37.0000)
                                                               Ne2=     36.0000
            Final RMS occupancy error   :  0.000000 (Ne1=     37.0000)
                                                     Ne2=     36.0000
            Final occupancy bounds spin 1: [  0.000,  1.000]
            Final occupancy bounds spin 2: [  0.000,  1.000]
================================================================================

................................................................................
<<<<<<<<<<<<<< LNV (Original version) density kernel optimisation >>>>>>>>>>>>>>
~~~~~~~~~~~~~~~~~~~~~~~~~~~~~~~~~~~~~~~~~~~~~~~~~~~~~~~~~~~~~~~~~~~~~~~~~~~~~~~~
   iter  |      energy (Eh)       | rms gradient |  commutator  |   dE (Eh)
      ideal mu1:      -0.970188386347
      ideal mu2:      -0.973234230912
             Q0:        -216.922107224423
             G0:      -0.000021526592
   RMS gradient:       0.000097932725
     Trial step:       0.371351510455
             Q1:        -216.922109650876
 Quadratic coef:       0.000005567480
 Linear coef   :      -0.000007993933
           Qmin:        -216.922110093897
Quadratic minimum step length (  0.266598089312) accepted
    Initial Ne1:      36.99999996
    Initial Ne2:      35.99999997
      Final Ne1:      37.00000000
      Final Ne2:      36.00000000

=================== Penalty functional idempotency correction ==================
 RMS occupancy error at iteration   1:  0.000000 (step -0.5000 Ne1=     37.0000)
                                                               Ne2=     36.0000
            Final RMS occupancy error   :  0.000000 (Ne1=     37.0000)
                                                     Ne2=     36.0000
            Final occupancy bounds spin 1: [  0.000,  1.000]
            Final occupancy bounds spin 2: [  0.000,  1.000]
================================================================================

    1        -2.169221072244E+02     9.7933E-05     6.3507E-05
      ideal mu1:      -0.970178096103
      ideal mu2:      -0.973224434040
             Q0:        -216.922109812961
             G0:      -0.000015215447
   RMS gradient:       0.000073654682
     Trial step:       0.314645202014
             Q1:        -216.922112384490
 Quadratic coef:       0.000002215938
 Linear coef   :      -0.000004787467
           Qmin:        -216.922112398755
Quadratic minimum step length (  0.339890711279) accepted
    Initial Ne1:      36.99999997
    Initial Ne2:      35.99999998
      Final Ne1:      37.00000000
      Final Ne2:      36.00000000

=================== Penalty functional idempotency correction ==================
 RMS occupancy error at iteration   1:  0.000000 (step -0.5000 Ne1=     37.0000)
                                                               Ne2=     36.0000
            Final RMS occupancy error   :  0.000000 (Ne1=     37.0000)
                                                     Ne2=     36.0000
            Final occupancy bounds spin 1: [  0.000,  1.000]
            Final occupancy bounds spin 2: [  0.000,  1.000]
================================================================================

    2        -2.169221098130E+02     7.3655E-05     4.7737E-05    -2.5885E-06
      ideal mu1:      -0.970184751116
      ideal mu2:      -0.973228745526
             Q0:        -216.922112556955
             G0:      -0.000029978390
   RMS gradient:       0.000081090192
     Trial step:       0.327024435651
             Q1:        -216.922118311437
 Quadratic coef:       0.000004049185
 Linear coef   :      -0.000009803666
           Qmin:        -216.922118490981
Quadratic minimum step length (  0.395886892973) accepted
    Initial Ne1:      36.99999996
    Initial Ne2:      35.99999997
      Final Ne1:      37.00000000
      Final Ne2:      36.00000000

=================== Penalty functional idempotency correction ==================
 RMS occupancy error at iteration   1:  0.000002 (step -0.5000 Ne1=     37.0000)
                                                               Ne2=     36.0000
            Final RMS occupancy error   :  0.000000 (Ne1=     37.0000)
                                                     Ne2=     36.0000
            Final occupancy bounds spin 1: [  0.000,  1.000]
            Final occupancy bounds spin 2: [  0.000,  1.000]
================================================================================

    3        -2.169221125570E+02     8.1090E-05     5.2660E-05    -2.7440E-06
      ideal mu1:      -0.970214402305
      ideal mu2:      -0.973253166564
             Q0:        -216.922119364139
             G0:      -0.000036011456
   RMS gradient:       0.000076736646
     Trial step:       0.359812017248
             Q1:        -216.922126372461
 Quadratic coef:       0.000005949033
 Linear coef   :      -0.000012957355
           Qmin:        -216.922126419615
Quadratic minimum step length (  0.391846207093) accepted
    Initial Ne1:      36.99999996
    Initial Ne2:      35.99999997
      Final Ne1:      37.00000000
      Final Ne2:      36.00000000

=================== Penalty functional idempotency correction ==================
 RMS occupancy error at iteration   1:  0.000004 (step -0.5000 Ne1=     37.0000)
                                                               Ne2=     36.0000
            Final RMS occupancy error   :  0.000000 (Ne1=     37.0000)
                                                     Ne2=     36.0000
            Final occupancy bounds spin 1: [  0.000,  1.000]
            Final occupancy bounds spin 2: [  0.000,  1.000]
================================================================================

    4        -2.169221193641E+02     7.6737E-05     4.9673E-05    -6.8072E-06
      ideal mu1:      -0.970230556738
      ideal mu2:      -0.973269128723
    5        -2.169221268524E+02     8.6596E-05     5.6072E-05    -7.4882E-06
Finished density kernel iterations (   5)

Writing density kernel to file "Fe_EtOH_3_LowSpin_NGWFSP.dkn" ... done


>>> Density kernel optimised for the current NGWF basis:
     ~~~~~~~~~~~~~~~~~~~~~~~~~~~~~~~~~~~~~~~~~~~~~~~~~~~~~~~~~~~
     Total energy                =  -2.16922126852383E+02  Eh
     Estimated bandgap (UP spin) =   1.1597E-02  Eh
     Estimated bandgap (DN spin) =   3.2513E-02  Eh
     RMS occupancy error         =   2.0286E-10
     [H,K] commutator            =   5.6072E-05
     UP spin occupancy bounds    = [  0.000:  1.000]
     DN spin occupancy bounds    = [  0.000:  1.000]
     ~~~~~~~~~~~~~~~~~~~~~~~~~~~~~~~~~~~~~~~~~~~~~~~~~~~~~~~~~~~




################################################################################
########################### NGWF CG iteration  050 #############################
################################################################################
****** Reciprocal space K.E. preconditioning with k_zero =  3.0000 a0^-1 *******

>>> Checking for convergence of NGWFs: 
           ........................................................
           |         *** NGWF optimisation converged ***          |
           | RMS NGWF gradient =    0.00000195836329              |
           | Criteria satisfied:                                  |
           | -> RMS NGWF gradient lower than set threshold.       |
           ========================================================

================================================================================
           ---------------- ENERGY COMPONENTS (Eh) ----------------
           | Kinetic                    :       64.31944323878844 |
           | Core Hartree               :     -966.47565106901357 |
           | CoreHart (non-coul chg cor):        0.00155689502347
           | Hartree                    :      432.52100112331277 |
           | Exchange-correlation       :      -30.33092486833320 |
           | Ewald                      :      286.40959520493226 |
           | Dij0                       :       -0.28520641957550 |
           | Dijhartree                 :       10.88842981253677 |
           | Exc [AE core]              :     -113.51174875389776 |
           | Exc DC [AE core]           :      -48.25978880053803 |
           | Exc [PS core]              :      -24.44059959263394 |
           | Exc DC [PS core]           :      -28.85268350081631 |
           | Exc [Core]                 :      -75.10233528622905 |
           | Total [Sphere]             :       -3.36559048207351 |
           | Total                      :     -216.92212685238684 |
           --------------------------------------------------------
           ------ LOCAL ENERGY COMPONENTS FROM MATRIX TRACES ------
           | Core Hartree               :     -966.47565106901357 |
           | Hartree (Valence)          :      432.52100112331203 |
           --------------------------------------------------------
           Integrated compensation chrg.:       11.40478691155884
           Integrated density           :       72.99999932085784
           Integrated spin density      :        1.00000001597408
           Integrated |spin density|    :        2.54186333306278
           Local density approx. <S^2>  :        1.52093165854426
           Integrated density tr(KS)    :       73.00000000000000
           Integrated spin tr(KS)       :        1.00000000000000
================================================================================

Calculating NGWF non self-consistent forces...done.

                        <<<<< CALCULATION SUMMARY >>>>>                         
|ITER|    RMS GRADIENT   |     TOTAL ENERGY    |   step   |     Epredicted              
   0     0.00120786594574   -213.96157786997514   1.216462   -215.90952023705825        
   1     0.00055274661107   -216.45138720100806   0.880960   -216.72387450939078        
   2     0.00024776646249   -216.79340364116507   0.797944   -216.84999760507498        
   3     0.00016382071065   -216.86780846896340   0.668215   -216.88775952278661        
   4     0.00008721320144   -216.89547786497036   0.801756   -216.90217126334522        
   5     0.00006134154307   -216.90652721857748   0.857199   -216.91008847866826        
   6     0.00004463212493   -216.91193075182309   0.961632   -216.91415217034000        
   7     0.00003289170157   -216.91573408693148   0.597965   -216.91655570609552        
   8     0.00002262195783   -216.91756938847138   0.563933   -216.91788614665367        
   9     0.00001640784994   -216.91863266363728   0.830851   -216.91889082781162        
  10     0.00001436718462   -216.91947045262771   0.524082   -216.91963904558682        
  11     0.00001177207387   -216.92004103365804   0.480637   -216.92016154305514        
  12     0.00001025670960   -216.92041858047537   0.635639   -216.92049197549227        
  13     0.00000882801314   -216.92065548502057   0.629763   -216.92072619490949        
  14     0.00000694305469   -216.92083406974393   0.484267   -216.92088311980157        
  15     0.00000526905200   -216.92095863156462   0.423771   -216.92098656774388        
  16     0.00000505293219   -216.92104099964948   0.579028   -216.92105722621343        
  17     0.00000435294335   -216.92109496842642   0.459254   -216.92111004964985        
  18     0.00000443744672   -216.92114350249926   0.305388   -216.92115961144594        
  19     0.00000394597064   -216.92118873108458   0.243207   -216.92120151047894        
  20     0.00000388415079   -216.92122551123225   0.654559   -216.92123635002380        
  21     0.00000364131910   -216.92125710921840   0.405711   -216.92126818273996        
  22     0.00000346217077   -216.92128870657575   0.272524   -216.92129857790007        
  23     0.00000324142343   -216.92131766238674   0.202812   -216.92132598374687        
  24     0.00000313642364   -216.92134357709122   0.525828   -216.92134925453945        
  25     0.00000307823205   -216.92136497428930   0.307715   -216.92137122272734        
  26     0.00000301432263   -216.92138716088436   0.208783   -216.92139310636517        
  27     0.00000290029758   -216.92140948143509   0.156673   -216.92141481020448        
  28     0.00000278710812   -216.92143185730544   0.459639   -216.92143577620894        
  29     0.00000260144858   -216.92145447514977   0.268674   -216.92145832278433        
  30     0.00000248944961   -216.92147843058905   0.179929   -216.92148188998408        
  31     0.00000228313152   -216.92150470462880   0.132346   -216.92150740693347        
  32     0.00000221034583   -216.92153342303328   0.260409   -216.92153481945496        
  33     0.00000231747636   -216.92156964537264   0.162366   -216.92157159192845        
  34     0.00000264855662   -216.92161724420370   0.110945   -216.92162002166683        
  35     0.00000306877392   -216.92166553214980   0.077918   -216.92166917299272        
  36     0.00000257860441   -216.92170891494692   0.209256   -216.92171044211963        
  37     0.00000237956628   -216.92175153360893   0.141442   -216.92175301547175        
  38     0.00000285167530   -216.92179168934635   0.113197   -216.92179476033542        
  39     0.00000229007296   -216.92183180480930   0.091114   -216.92183355535329        
  40     0.00000275446716   -216.92187289266258   0.245536   -216.92187493736611        
  41     0.00000230669620   -216.92191240986944   0.158712   -216.92191396470807        
  42     0.00000277056998   -216.92194491461953   0.123076   -216.92194807610974        
  43     0.00000226454285   -216.92197669516099   0.097633   -216.92197856899142        
  44     0.00000247509635   -216.92200675935169   0.231665   -216.92200831705586        
  45     0.00000215140650   -216.92203537680240   0.151870   -216.92203672778984        
  46     0.00000248308768   -216.92205970825356   0.114900   -216.92206206923939        
  47     0.00000213110840   -216.92208324354058   0.090795   -216.92208486319913        
  48     0.00000227046380   -216.92210553999192   0.216569   -216.92210676535709        
  49     0.00000195836329   -216.92212685238297  <-- CG                                 

======================== Writing density and potential =========================
Writing "Fe_EtOH_3_LowSpin_NGWFSP_ps_density.cube" ... done
Writing "Fe_EtOH_3_LowSpin_NGWFSP_ps_spindensity.cube" ... done
Writing "Fe_EtOH_3_LowSpin_NGWFSP_ae_density.cube" ... done
Writing "Fe_EtOH_3_LowSpin_NGWFSP_ae_spindensity.cube" ... done
Writing "Fe_EtOH_3_LowSpin_NGWFSP_potential.cube" ... done
Writing "Fe_EtOH_3_LowSpin_NGWFSP_electrostatic_potential.cube" ... done
================================================================================

    Mulliken Atomic Populations
    ---------------------------
Species  Ion    Total   Charge (e)    Spin (hbar)
=================================================
  Fe     1      15.040      0.960      0.86
  O      2       6.170     -0.170     -0.04
  O      3       6.191     -0.191     -0.02
  O      4       6.170     -0.170     -0.04
  H      5       0.636      0.364      0.00
  C      6       4.481     -0.481     -0.02
  H      7       0.639      0.361      0.00
  C      8       4.485     -0.485     -0.02
  H      9       0.636      0.364      0.00
  C     10       4.441     -0.441     -0.02
  H     11       0.609      0.391     -0.01
  H     12       0.579      0.421     -0.02
  C     13       5.192     -1.192     -0.02
  H     14       0.556      0.444     -0.01
  H     15       0.512      0.488     -0.00
  H     16       0.569      0.431     -0.00
  H     17       0.645      0.355     -0.01
  C     18       4.948     -0.948     -0.03
  H     19       0.637      0.363     -0.02
  H     20       0.620      0.380     -0.01
  H     21       0.637      0.363     -0.00
  H     22       0.587      0.413     -0.00
  H     23       0.602      0.398     -0.01
  H     24       0.585      0.415     -0.02
  C     25       5.203     -1.203     -0.03
  H     26       0.558      0.442     -0.01
  H     27       0.511      0.489     -0.00
  H     28       0.560      0.440     -0.01
=================================================

        Bond         Population      Spin       Length (bohr)
=============================================================
 O     3 -- H     7        0.69     -0.00      1.83852
 O     2 -- H     5        0.69      0.00      1.84087
 O     4 -- H     9        0.69     -0.00      1.84092
 C    18 -- H    22        0.74     -0.00      2.06751
 C    13 -- H    15        0.69     -0.00      2.06927
 C    25 -- H    27        0.69     -0.00      2.07100
 C     8 -- H    11        0.77     -0.01      2.07308
 C     6 -- H    23        0.77     -0.01      2.07493
 C    10 -- H    17        0.79     -0.01      2.07743
 C    13 -- H    16        0.71     -0.01      2.08015
 C    18 -- H    21        0.76     -0.01      2.08488
 C    25 -- H    26        0.71     -0.01      2.08527
 C    25 -- H    28        0.70     -0.01      2.08994
 C     8 -- H    12        0.73     -0.02      2.09335
 C    18 -- H    20        0.75     -0.01      2.09337
 C    13 -- H    14        0.70     -0.01      2.09365
 C     6 -- H    24        0.73     -0.02      2.09371
 C    10 -- H    19        0.77     -0.02      2.09795
 O     3 -- C    10        0.56      0.01      2.79617
 C     8 -- C    13        0.61      0.01      2.79735
 C    10 -- C    18        0.63      0.01      2.79777
 O     4 -- C     6        0.58      0.02      2.80208
 C     6 -- C    25        0.60      0.01      2.80439
 O     2 -- C     8        0.57      0.01      2.81715
 H    27 -- H    28       -0.07      0.00      3.30720
 H    20 -- H    21       -0.08      0.00      3.33460
 H    26 -- H    28       -0.08      0.00      3.33469
 H    17 -- H    19       -0.10      0.00      3.33915
 H    14 -- H    15       -0.07      0.00      3.34107
 H    14 -- H    16       -0.07      0.00      3.34239
 H    23 -- H    24       -0.08      0.01      3.34567
 H    21 -- H    22       -0.07     -0.00      3.34632
 H    11 -- H    12       -0.08      0.01      3.34662
 H    15 -- H    16       -0.06      0.00      3.36068
 H    20 -- H    22       -0.07      0.00      3.37139
 H    26 -- H    27       -0.05     -0.00      3.41293
 Fe    1 -- O     2        0.23      0.01      3.65656
 Fe    1 -- O     4        0.23      0.00      3.68315
 Fe    1 -- O     3        0.21     -0.00      3.69748
 C     6 -- H     9       -0.14      0.00      3.79978
 H     5 -- C     8       -0.14      0.00      3.80666
 H     7 -- C    10       -0.15      0.00      3.81203
 O     4 -- H    23       -0.09      0.00      3.90801
 O     2 -- H    12       -0.09      0.01      3.92008
 O     3 -- H    17       -0.09     -0.00      3.92144
 O     3 -- H    19       -0.10      0.00      3.92547
 O     2 -- H    11       -0.09      0.00      3.92988
 O     4 -- H    24       -0.09      0.00      3.94453
 C     6 -- H    27       -0.10      0.00      3.96186
 C    10 -- H    22       -0.10      0.00      3.96865
 C     8 -- H    15       -0.10      0.00      3.96910
 H    24 -- C    25       -0.13      0.01      4.04100
 C    18 -- H    19       -0.13      0.00      4.04838
 H    12 -- C    13       -0.12      0.01      4.05955
 C     6 -- H    26       -0.11      0.00      4.07272
 C    10 -- H    20       -0.11      0.00      4.07679
 C     8 -- H    14       -0.10      0.00      4.09245
 H    17 -- C    18       -0.12     -0.00      4.10425
 H    11 -- C    13       -0.13     -0.00      4.10430
 C     8 -- H    16       -0.10     -0.00      4.10952
 H    23 -- C    25       -0.12     -0.00      4.12105
 C    10 -- H    21       -0.10     -0.00      4.12584
 C     6 -- H    28       -0.09      0.00      4.15058
 H     5 -- H    16       -0.01      0.00      4.49034
 H     7 -- H    21       -0.01      0.00      4.57444
 H     9 -- C    25       -0.08     -0.00      4.61298
 H    19 -- H    22       -0.02      0.00      4.61580
 H    24 -- H    27       -0.02     -0.00      4.62581
 H    12 -- H    15       -0.02      0.00      4.63066
 H     7 -- C    18       -0.07     -0.00      4.64801
 H     9 -- H    28       -0.01     -0.00      4.65951
 H     5 -- C    13       -0.07      0.00      4.66392
 O     4 -- C    25       -0.14     -0.00      4.66988
 O     3 -- C    18       -0.13     -0.00      4.67658
 O     2 -- C    13       -0.13     -0.00      4.68110
 H    23 -- H    27       -0.02      0.00      4.69444
 H    17 -- H    22       -0.02     -0.00      4.71322
 H    11 -- H    15       -0.02     -0.00      4.73382
 H    24 -- H    28       -0.02      0.00      4.77395
 H     5 -- H    12       -0.00     -0.00      4.78741
 H    11 -- H    14       -0.03      0.00      4.79826
 H    17 -- H    20       -0.03      0.00      4.80991
 Fe    1 -- H     5       -0.16     -0.00      4.81199
 H    19 -- H    21       -0.03      0.00      4.82312
 H    12 -- H    16       -0.02      0.00      4.82914
 Fe    1 -- H     9       -0.15     -0.00      4.84025
 H    23 -- H    26       -0.02      0.00      4.86859
 H     9 -- H    24        0.00      0.00      4.88570
 Fe    1 -- H     7       -0.14     -0.00      4.88782
 H     7 -- H    19        0.00     -0.00      4.90201
 H     9 -- H    26       -0.01      0.00      4.92330
 H     7 -- H    20       -0.01     -0.00      5.07506
 O     4 -- H    26       -0.02     -0.00      5.18776
 O     2 -- H    16       -0.02      0.00      5.23027
 H     5 -- H    14       -0.01     -0.00      5.23945
 O     3 -- H    21       -0.02     -0.00      5.27329
 O     3 -- H    20       -0.01     -0.00      5.28081
 O     2 -- H    14       -0.01     -0.00      5.33273
 H     9 -- H    23        0.03     -0.00      5.33314
 H     7 -- H    17        0.03      0.00      5.35013
 O     4 -- H    28       -0.01     -0.00      5.35954
 H     5 -- H    11        0.03      0.00      5.37745
=============================================================


============== Orbital energy and occupancy information for spin 1 =============

      Total number of orbitals:      67
   Number of occupied orbitals:      37.000000000
   Occupancy sum (eigenvalues):      37.000000000
                 HOMO-LUMO gap:       0.011569575 Eh
                 Mid-gap level:      -0.530390107 Eh

                        Orbital | Energy (Eh) | Occupancy
                            1    -3.750608314   0.9999999
                        .......   ...........   .........
                           28    -0.589726252   0.9999998
                           29    -0.577854421   0.9999997
                           30    -0.577290331   0.9999984
                           31    -0.575309310   0.9999908
                           32    -0.573415525   0.9999751
                           33    -0.566895533   0.9999804
                           34    -0.554445105   0.9997986
                           35    -0.546079059   0.9995204
                           36    -0.541990019   0.9994836
                           37    -0.536174894   0.9981776
                        .......   --- gap ---   .........
                           38    -0.524605320   0.0018501
                           39    -0.522816305   0.0012284
                           40    -0.350349875   0.0000000
                           41    -0.304782314   0.0000000
                           42    -0.263466050   0.0000000
                           43    -0.258715530   0.0000000
                           44    -0.210380972   0.0000000
                           45    -0.198986488   0.0000000
                           46    -0.196358583   0.0000000
                           47    -0.188333625   0.0000000
                        .......   ...........   .........
                           67    -0.016898074   0.0000000

================================================================================

============== Orbital energy and occupancy information for spin 2 =============

      Total number of orbitals:      67
   Number of occupied orbitals:      36.000000000
   Occupancy sum (eigenvalues):      36.000000000
                 HOMO-LUMO gap:       0.031533766 Eh
                 Mid-gap level:      -0.504589882 Eh

                        Orbital | Energy (Eh) | Occupancy
                            1    -3.684908132   1.0000000
                        .......   ...........   .........
                           27    -0.596157619   0.9999997
                           28    -0.590981435   0.9999999
                           29    -0.579690116   1.0000000
                           30    -0.578252728   0.9999998
                           31    -0.575600468   0.9999999
                           32    -0.547636075   0.9999987
                           33    -0.546000217   0.9999977
                           34    -0.543030375   0.9999996
                           35    -0.522182134   0.9998036
                           36    -0.520356765   0.9993420
                        .......   --- gap ---   .........
                           37    -0.488822999   0.0002018
                           38    -0.483703305   0.0006179
                           39    -0.482390850   0.0000395
                           40    -0.336196223   0.0000000
                           41    -0.290388641   0.0000000
                           42    -0.261761918   0.0000000
                           43    -0.257334162   0.0000000
                           44    -0.208345076   0.0000000
                           45    -0.198557012   0.0000000
                           46    -0.196855096   0.0000000
                        .......   ...........   .........
                           67    -0.017653739   0.0000000

================================================================================

===================== Writing canonical molecular orbitals =====================
    Spin 1
| Orbital  Energy (eV)  Norm     |
| HOMO-5  -15.60343040  1.000000 | Writing "Fe_EtOH_3_LowSpin_NGWFSP_HOMO-5_UP.cube" ... done
| HOMO-4  -15.42601239  1.000000 | Writing "Fe_EtOH_3_LowSpin_NGWFSP_HOMO-4_UP.cube" ... done
| HOMO-3  -15.08721900  1.000000 | Writing "Fe_EtOH_3_LowSpin_NGWFSP_HOMO-3_UP.cube" ... done
| HOMO-2  -14.85956729  1.000000 | Writing "Fe_EtOH_3_LowSpin_NGWFSP_HOMO-2_UP.cube" ... done
| HOMO-1  -14.74829886  1.000000 | Writing "Fe_EtOH_3_LowSpin_NGWFSP_HOMO-1_UP.cube" ... done
| HOMO    -14.59006126  1.000000 | Writing "Fe_EtOH_3_LowSpin_NGWFSP_HOMO_UP.cube" ... done
| LUMO    -14.27523712  1.000000 | Writing "Fe_EtOH_3_LowSpin_NGWFSP_LUMO_UP.cube" ... done
| LUMO+1  -14.22655554  1.000000 | Writing "Fe_EtOH_3_LowSpin_NGWFSP_LUMO+1_UP.cube" ... done
| LUMO+2   -9.53350520  1.000000 | Writing "Fe_EtOH_3_LowSpin_NGWFSP_LUMO+2_UP.cube" ... done
| LUMO+3   -8.29354876  1.000000 | Writing "Fe_EtOH_3_LowSpin_NGWFSP_LUMO+3_UP.cube" ... done
| LUMO+4   -7.16927602  1.000000 | Writing "Fe_EtOH_3_LowSpin_NGWFSP_LUMO+4_UP.cube" ... done
| LUMO+5   -7.04000779  1.000000 | Writing "Fe_EtOH_3_LowSpin_NGWFSP_LUMO+5_UP.cube" ... done
================================================================================

===================== Writing canonical molecular orbitals =====================
    Spin 2
| Orbital  Energy (eV)  Norm     |
| HOMO-5  -15.66288572  1.000000 | Writing "Fe_EtOH_3_LowSpin_NGWFSP_HOMO-5_DN.cube" ... done
| HOMO-4  -14.90193585  1.000000 | Writing "Fe_EtOH_3_LowSpin_NGWFSP_HOMO-4_DN.cube" ... done
| HOMO-3  -14.85742189  1.000000 | Writing "Fe_EtOH_3_LowSpin_NGWFSP_HOMO-3_DN.cube" ... done
| HOMO-2  -14.77660839  1.000000 | Writing "Fe_EtOH_3_LowSpin_NGWFSP_HOMO-2_DN.cube" ... done
| HOMO-1  -14.20929887  1.000000 | Writing "Fe_EtOH_3_LowSpin_NGWFSP_HOMO-1_DN.cube" ... done
| HOMO    -14.15962808  1.000000 | Writing "Fe_EtOH_3_LowSpin_NGWFSP_HOMO_DN.cube" ... done
| LUMO    -13.30155064  1.000000 | Writing "Fe_EtOH_3_LowSpin_NGWFSP_LUMO_DN.cube" ... done
| LUMO+1  -13.16223666  1.000000 | Writing "Fe_EtOH_3_LowSpin_NGWFSP_LUMO+1_DN.cube" ... done
| LUMO+2  -13.12652295  1.000000 | Writing "Fe_EtOH_3_LowSpin_NGWFSP_LUMO+2_DN.cube" ... done
| LUMO+3   -9.14836474  1.000000 | Writing "Fe_EtOH_3_LowSpin_NGWFSP_LUMO+3_DN.cube" ... done
| LUMO+4   -7.90187699  1.000000 | Writing "Fe_EtOH_3_LowSpin_NGWFSP_LUMO+4_DN.cube" ... done
| LUMO+5   -7.12290423  1.000000 | Writing "Fe_EtOH_3_LowSpin_NGWFSP_LUMO+5_DN.cube" ... done
================================================================================
 
=============== Density of States (DOS) calculation for UP spin ================
Writing "Fe_EtOH_3_LowSpin_NGWFSP_UP_DOS.txt" ... done
================================================================================
 
============== Density of States (DOS) calculation for DOWN spin ===============
Writing "Fe_EtOH_3_LowSpin_NGWFSP_DN_DOS.txt" ... done
================================================================================
 
Writing bands to file "Fe_EtOH_3_LowSpin_NGWFSP.val_bands" ... done

================================= Core Density =================================
               Core den box size:   39 x  39 x  39
================================================================================
 
********************* Unconstrained **********************
********************** Ewald forces **********************
*                                                        *
* Element  Atom         Cartesian components (Eh/a)      *
* ------------------------------------------------------ *
*                       x            y            z      *
*                                                        *
*    Fe      1     -0.85798280  -0.22935268  -3.50225052 *
*    O       2     -3.60111071   3.43733173  -2.61480826 *
*    O       3     -1.70593776  -0.52521054   5.18045612 *
*    O       4      3.31358239  -3.28006855  -2.96764813 *
*    H       5     -2.25060495  -0.04795574  -1.74683851 *
*    C       6      4.38785759   0.68686560   0.70310143 *
*    H       7     -0.06266207   1.41061129   2.44579084 *
*    C       8      0.10223636   4.31616777   1.13687592 *
*    H       9      0.02898217  -1.76550493  -2.23925139 *
*    C      10     -1.44818738  -4.13207613   1.23376879 *
*    H      11      1.46599441   1.07871509   0.43489827 *
*    H      12     -0.86282802   1.02182210   1.39480771 *
*    C      13     -1.15308212   3.52061713  -2.24190729 *
*    H      14      0.54963016   0.47496306  -1.51874738 *
*    H      15     -0.01661315   1.79163105   0.07233453 *
*    H      16     -1.53291236   0.42590513  -0.69952263 *
*    H      17     -1.14484054  -1.25355640  -0.93153273 *
*    C      18     -2.42109487  -1.42151116   3.37398535 *
*    H      19      0.94058535  -1.57155649   0.52471442 *
*    H      20     -1.56953553   0.48112330   0.44125808 *
*    H      21      0.26539475   0.18731288   1.70070424 *
*    H      22     -0.73248727  -1.48398143   0.72757763 *
*    H      23      0.93255936   0.19946748   1.62171836 *
*    H      24      1.23645959   1.35201651  -0.60589308 *
*    C      25      3.48379350  -2.42808528  -0.97976454 *
*    H      26      0.22773250  -1.63910944   0.33318491 *
*    H      27      1.77490888  -0.09882626   0.25547277 *
*    H      28      0.65016253  -0.50775510  -1.53248491 *
*                                                        *
**********************************************************
TOTAL:              0.00000000  -0.00000000  -0.00000000
 
********************* Unconstrained **********************
***************** Local potential forces *****************
*                                                        *
* Element  Atom         Cartesian components (Eh/a)      *
* ------------------------------------------------------ *
*                       x            y            z      *
*                                                        *
*    Fe      1      0.85758769   0.23781639   3.58071779 *
*    O       2      3.98946854  -3.65365832   2.88172548 *
*    O       3      1.79048405   0.49496116  -5.68912640 *
*    O       4     -3.57600298   3.54178401   3.35464156 *
*    H       5      2.22126104   0.04285207   1.72607051 *
*    C       6     -4.15246242  -0.67570338  -0.65028708 *
*    H       7      0.06525697  -1.38909749  -2.41744681 *
*    C       8     -0.07601852  -4.07895462  -1.10356955 *
*    H       9     -0.03311871   1.74314867   2.21140832 *
*    C      10      1.35721501   3.91842839  -1.16695054 *
*    H      11     -1.44637634  -1.07676751  -0.43042156 *
*    H      12      0.85206437  -1.01923660  -1.37939183 *
*    C      13      1.13004201  -3.45018560   2.17135812 *
*    H      14     -0.54036330  -0.47691448   1.50691816 *
*    H      15      0.01712734  -1.77093343  -0.06499796 *
*    H      16      1.51406126  -0.42558788   0.69612369 *
*    H      17      1.13437671   1.24759847   0.91585266 *
*    C      18      2.36036818   1.40835505  -3.29642633 *
*    H      19     -0.92591547   1.56275622  -0.52318116 *
*    H      20      1.55491195  -0.47529421  -0.44249727 *
*    H      21     -0.25570679  -0.18353617  -1.68642002 *
*    H      22      0.72569794   1.46257598  -0.72375999 *
*    H      23     -0.93206307  -0.19733859  -1.60141732 *
*    H      24     -1.23246493  -1.33535583   0.59814947 *
*    C      25     -3.41709952   2.35658500   0.96037179 *
*    H      26     -0.22960411   1.62378877  -0.32494068 *
*    H      27     -1.75503149   0.10118567  -0.24800936 *
*    H      28     -0.64944988   0.50817180   1.51560443 *
*                                                        *
**********************************************************
TOTAL:              0.34824553   0.04144355   0.37009814
 
********************* Unconstrained **********************
************** Compensation density forces ***************
*                                                        *
* Element  Atom         Cartesian components (Eh/a)      *
* ------------------------------------------------------ *
*                       x            y            z      *
*                                                        *
*    Fe      1     -0.00298949  -0.00556848  -0.03614841 *
*    O       2     -0.05825320   0.03366406  -0.03966217 *
*    O       3     -0.01263576   0.00338104   0.07639366 *
*    O       4      0.04069315  -0.03836995  -0.05832431 *
*    H       5     -0.00870082  -0.00107838  -0.00689950 *
*    C       6     -0.00610568  -0.00021644  -0.00134254 *
*    H       7     -0.00005686   0.00643156   0.00916614 *
*    C       8     -0.00066061  -0.00610285  -0.00080137 *
*    H       9     -0.00063672  -0.00689129  -0.00887653 *
*    C      10      0.00237514   0.00552923  -0.00177785 *
*    H      11      0.00774404   0.00140947   0.00178794 *
*    H      12     -0.00389054   0.00175212   0.00645490 *
*    C      13      0.00073543  -0.00211406   0.00222939 *
*    H      14      0.00389677  -0.00061917  -0.00653767 *
*    H      15      0.00078766   0.00764977   0.00172073 *
*    H      16     -0.00738565  -0.00072870  -0.00210260 *
*    H      17     -0.00402989  -0.00301384  -0.00617584 *
*    C      18      0.00186752   0.00032533  -0.00240007 *
*    H      19      0.00594955  -0.00487370   0.00096376 *
*    H      20     -0.00625519   0.00425975  -0.00046355 *
*    H      21      0.00322435   0.00251908   0.00651820 *
*    H      22     -0.00237450  -0.00722552   0.00174668 *
*    H      23      0.00053855   0.00092039   0.00797499 *
*    H      24      0.00281534   0.00653773  -0.00309922 *
*    C      25     -0.00199097   0.00223836   0.00063458 *
*    H      26     -0.00220047  -0.00684142   0.00257917 *
*    H      27      0.00749192   0.00096435   0.00198099 *
*    H      28      0.00066311  -0.00107243  -0.00764418 *
*                                                        *
**********************************************************
TOTAL:             -0.03938383  -0.00713399  -0.06210469
 
********************* Unconstrained **********************
*************** Non-local potential forces ***************
*                                                        *
* Element  Atom         Cartesian components (Eh/a)      *
* ------------------------------------------------------ *
*                       x            y            z      *
*                                                        *
*    Fe      1      0.00134503  -0.00367407  -0.03306726 *
*    O       2     -0.31572936   0.16763453  -0.22133920 *
*    O       3     -0.06535341   0.03191244   0.40895723 *
*    O       4      0.20498488  -0.20672724  -0.31974015 *
*    H       5      0.02652495   0.00339810   0.02111395 *
*    C       6     -0.23433004  -0.00858081  -0.05309537 *
*    H       7     -0.00004894  -0.01982731  -0.02784516 *
*    C       8     -0.02114302  -0.23979950  -0.02819310 *
*    H       9      0.00215837   0.02104088   0.02685009 *
*    C      10      0.09542260   0.20628869  -0.07153360 *
*    H      11     -0.02372292  -0.00425397  -0.00560979 *
*    H      12      0.01202751  -0.00532371  -0.01974096 *
*    C      13      0.02253096  -0.07789545   0.05804816 *
*    H      14     -0.01186770   0.00198275   0.01959427 *
*    H      15     -0.00232672  -0.02339333  -0.00548499 *
*    H      16      0.02244653   0.00231973   0.00657446 *
*    H      17      0.01231606   0.00925663   0.01900448 *
*    C      18      0.05675263   0.03042491  -0.07455903 *
*    H      19     -0.01811480   0.01478173  -0.00299416 *
*    H      20      0.01906736  -0.01269843   0.00143998 *
*    H      21     -0.01001263  -0.00752045  -0.01966986 *
*    H      22      0.00744493   0.02225476  -0.00547945 *
*    H      23     -0.00172444  -0.00310133  -0.02440241 *
*    H      24     -0.00844075  -0.02005048   0.00948006 *
*    C      25     -0.07453529   0.06409316   0.01414840 *
*    H      26      0.00662830   0.02082159  -0.00790440 *
*    H      27     -0.02296907  -0.00317611  -0.00627213 *
*    H      28     -0.00197270   0.00317454   0.02297237 *
*                                                        *
**********************************************************
TOTAL:             -0.32264169  -0.03663775  -0.31874759
 
********************* Unconstrained **********************
************ NGWF non self-consistent forces *************
*                                                        *
* Element  Atom         Cartesian components (Eh/a)      *
* ------------------------------------------------------ *
*                       x            y            z      *
*                                                        *
*    Fe      1      0.00016914   0.00032393   0.00021503 *
*    O       2      0.00072485  -0.00024094  -0.00031327 *
*    O       3      0.00032630  -0.00026621  -0.00023360 *
*    O       4      0.00003962   0.00002707  -0.00012052 *
*    H       5      0.00005358  -0.00007539  -0.00001674 *
*    C       6      0.00010105  -0.00006645   0.00000399 *
*    H       7      0.00005248   0.00002574  -0.00001547 *
*    C       8      0.00009353   0.00001254   0.00003475 *
*    H       9     -0.00007147   0.00004117  -0.00001226 *
*    C      10      0.00004218  -0.00006818   0.00007923 *
*    H      11      0.00003542   0.00000284   0.00000421 *
*    H      12     -0.00003696   0.00002718   0.00000891 *
*    C      13     -0.00001699   0.00010403  -0.00016814 *
*    H      14      0.00000032   0.00004388  -0.00001392 *
*    H      15      0.00000983   0.00000834   0.00003714 *
*    H      16     -0.00002352   0.00004031  -0.00001466 *
*    H      17     -0.00002207  -0.00005584  -0.00001473 *
*    C      18     -0.00000540   0.00001984   0.00009014 *
*    H      19     -0.00001461  -0.00000598   0.00004959 *
*    H      20     -0.00001883  -0.00000504  -0.00000094 *
*    H      21      0.00003176  -0.00000685   0.00000587 *
*    H      22     -0.00000452  -0.00004051  -0.00001652 *
*    H      23      0.00005175  -0.00001769   0.00005887 *
*    H      24      0.00001628   0.00000859  -0.00001885 *
*    C      25      0.00021441  -0.00006665   0.00000232 *
*    H      26      0.00006535  -0.00003969  -0.00000513 *
*    H      27      0.00002404   0.00004423   0.00005562 *
*    H      28      0.00004930   0.00000765  -0.00001578 *
*                                                        *
**********************************************************
TOTAL:              0.00188684  -0.00021806  -0.00033485
 
********************* Unconstrained **********************
********************** NLCC forces ***********************
*                                                        *
* Element  Atom         Cartesian components (Eh/a)      *
* ------------------------------------------------------ *
*                       x            y            z      *
*                                                        *
*    Fe      1     -0.00000000  -0.00000000   0.00000000 *
*    O       2     -0.00000115  -0.00000213  -0.00000161 *
*    O       3      0.00000010   0.00000256   0.00000101 *
*    O       4     -0.00000216  -0.00000142  -0.00000123 *
*    H       5      0.00000000   0.00000000   0.00000000 *
*    C       6      0.01580569   0.00171950   0.00389432 *
*    H       7      0.00000000   0.00000000   0.00000000 *
*    C       8      0.00194078   0.01635411   0.00294074 *
*    H       9      0.00000000   0.00000000   0.00000000 *
*    C      10     -0.00597287  -0.01452824   0.00422173 *
*    H      11      0.00000000   0.00000000   0.00000000 *
*    H      12      0.00000000   0.00000000   0.00000000 *
*    C      13     -0.00109538   0.00450150  -0.00329330 *
*    H      14      0.00000000   0.00000000   0.00000000 *
*    H      15      0.00000000   0.00000000   0.00000000 *
*    H      16      0.00000000   0.00000000   0.00000000 *
*    H      17      0.00000000   0.00000000   0.00000000 *
*    C      18     -0.00305275  -0.00185027   0.00392921 *
*    H      19      0.00000000   0.00000000   0.00000000 *
*    H      20      0.00000000   0.00000000   0.00000000 *
*    H      21      0.00000000   0.00000000   0.00000000 *
*    H      22      0.00000000   0.00000000   0.00000000 *
*    H      23      0.00000000   0.00000000   0.00000000 *
*    H      24      0.00000000   0.00000000   0.00000000 *
*    C      25      0.00416996  -0.00333547  -0.00083009 *
*    H      26      0.00000000   0.00000000   0.00000000 *
*    H      27      0.00000000   0.00000000   0.00000000 *
*    H      28      0.00000000   0.00000000   0.00000000 *
*                                                        *
**********************************************************
TOTAL:              0.01179223   0.00286014   0.01086078
 
********************* Unconstrained **********************
****** Correction to ensure the total force is zero ******
*                                                        *
* Element  Atom         Cartesian components (Eh/a)      *
* ------------------------------------------------------ *
*                       x            y            z      *
*                                                        *
*    Fe      1      0.00000360  -0.00001121   0.00000815 *
*    O       2      0.00000360  -0.00001121   0.00000815 *
*    O       3      0.00000360  -0.00001121   0.00000815 *
*    O       4      0.00000360  -0.00001121   0.00000815 *
*    H       5      0.00000360  -0.00001121   0.00000815 *
*    C       6      0.00000360  -0.00001121   0.00000815 *
*    H       7      0.00000360  -0.00001121   0.00000815 *
*    C       8      0.00000360  -0.00001121   0.00000815 *
*    H       9      0.00000360  -0.00001121   0.00000815 *
*    C      10      0.00000360  -0.00001121   0.00000815 *
*    H      11      0.00000360  -0.00001121   0.00000815 *
*    H      12      0.00000360  -0.00001121   0.00000815 *
*    C      13      0.00000360  -0.00001121   0.00000815 *
*    H      14      0.00000360  -0.00001121   0.00000815 *
*    H      15      0.00000360  -0.00001121   0.00000815 *
*    H      16      0.00000360  -0.00001121   0.00000815 *
*    H      17      0.00000360  -0.00001121   0.00000815 *
*    C      18      0.00000360  -0.00001121   0.00000815 *
*    H      19      0.00000360  -0.00001121   0.00000815 *
*    H      20      0.00000360  -0.00001121   0.00000815 *
*    H      21      0.00000360  -0.00001121   0.00000815 *
*    H      22      0.00000360  -0.00001121   0.00000815 *
*    H      23      0.00000360  -0.00001121   0.00000815 *
*    H      24      0.00000360  -0.00001121   0.00000815 *
*    C      25      0.00000360  -0.00001121   0.00000815 *
*    H      26      0.00000360  -0.00001121   0.00000815 *
*    H      27      0.00000360  -0.00001121   0.00000815 *
*    H      28      0.00000360  -0.00001121   0.00000815 *
*                                                        *
**********************************************************
TOTAL:              0.00010092  -0.00031390   0.00022820

********************* Unconstrained **********************
************************* Forces *************************
*                                                        *
* Element  Atom         Cartesian components (Eh/a)      *
* ------------------------------------------------------ *
*                       x            y            z      *
*                                                        *
*    Fe      1     -0.00186683  -0.00046613   0.00947479 *
*    O       2      0.01510257  -0.01528229   0.00560912 *
*    O       3      0.00688713   0.00476924  -0.02354383 *
*    O       4     -0.01670150   0.01663272   0.00881538 *
*    H       5     -0.01146259  -0.00287055  -0.00656214 *
*    C       6      0.01086978   0.00400680   0.00228291 *
*    H       7      0.00254518   0.00813258   0.00965768 *
*    C       8      0.00645213   0.00766624   0.00729554 *
*    H       9     -0.00268276  -0.00817669  -0.00987362 *
*    C      10      0.00089829  -0.01643744  -0.00218409 *
*    H      11      0.00367821  -0.00090530   0.00066721 *
*    H      12     -0.00266004  -0.00097011   0.00214689 *
*    C      13     -0.00088250  -0.00498366  -0.01372492 *
*    H      14      0.00129985  -0.00055517   0.00122161 *
*    H      15     -0.00101144   0.00495118   0.00361760 *
*    H      16     -0.00381014   0.00193740   0.00106642 *
*    H      17     -0.00219613   0.00021781  -0.00285801 *
*    C      18     -0.00516108   0.01575250   0.00462743 *
*    H      19      0.00249363   0.00109057  -0.00043939 *
*    H      20     -0.00182663  -0.00262584  -0.00025556 *
*    H      21      0.00293505  -0.00124271   0.00114658 *
*    H      22     -0.00171981  -0.00642793   0.00007649 *
*    H      23     -0.00063425  -0.00008095   0.00394064 *
*    H      24     -0.00161086   0.00314530  -0.00137346 *
*    C      25     -0.00544429  -0.00858208  -0.00542941 *
*    H      26      0.00262518  -0.00139140   0.00292203 *
*    H      27      0.00442789   0.00018066   0.00323604 *
*    H      28     -0.00054404   0.00251526  -0.00155992 *
*                                                        *
**********************************************************
* TOTAL:            0.00000000   0.00000000  -0.00000000 *
**********************************************************
 
 
***********************************************************
********** Summary of Forces (values in Eh/a) *************
*                                                         *
* ---------------------- Minimum ------------------------ *
* Atom:        14, |F|min =    0.00186820                 *
* Components:     Fx|min       Fy|min       Fz|min        *
*               0.00129985  -0.00055517   0.00122161      *
*                                                         *
* ---------------------- Maximum ------------------------ *
* Atom:         4, |F|max =    0.02516542                 *
* Components:     Fx|max       Fy|max       Fz|max        *
*              -0.01670150   0.01663272   0.00881538      *
*                                                         *
* ---------------- Root Mean Square Force --------------- *
*                  |F|rms =    0.01170886                 *
* Components:     Fx|rms       Fy|rms       Fz|rms        *
*               0.00601852   0.00723476   0.00696657      *
***********************************************************
 

------------------------------ TIMING INFORMATION ------------------------------
AVERAGE TIME:    7242.851s on      6 proc(s)                                    
TOTAL TIME:      7242.852s on      6 proc(s)                                    
==================== AVERAGE TIMINGS FROM ALL PROCS (CUMULATIVE) =====================
|| TAG                                         #calls     cpu time   %total  Gflops ||
|| onetep.F90 main loop imbalance             :     1        0.00s   0.000%  ------ ||
|| sparse_spam3toblacs_real_fast_imbal        :     6        0.00s   0.000%  ------ ||
|| sparse_blacstospam3_real_fast_imbal        :    24        0.00s   0.000%  ------ ||
|| hash_table_free                            :    99        0.00s   0.000%  ------ ||
|| sparse_spam3toblacs_real_fast_B2           :    36        0.00s   0.000%  ------ ||
|| density_fftbox_interp_mult_imbal           : 13260        0.00s   0.000%  ------ ||
|| onetep.F90 final imbalance                 :     1        0.00s   0.000%  ------ ||
|| sw_bessel_init_cpu                         :     1        0.01s   0.000%  ------ || (1 procs only)
|| ewald_calculate_energy                     :     1        0.00s   0.000%  ------ ||
|| ewald_calculate_forces_recipspace          :     1        0.01s   0.000%  ------ ||
|| ewald_calculate_forces_realspace           :     1        0.01s   0.000%  ------ ||
|| sparse_set_to_garbage                      :  1182        0.01s   0.000%  ------ ||
|| sparse_blacstospam3_real_fast              :    24        0.02s   0.000%  ------ ||
|| sparse_spam3toblacs_real_fast_B1           :    36        0.02s   0.000%  ------ ||
|| paw_dij_hartree                            :   558        0.03s   0.000%  ------ ||
|| sparse_init                                :     1        0.03s   0.000%  ------ ||
|| sparse_spam3toblacs_real_fast              :     6        0.03s   0.000%  ------ ||
|| linalg_dgemv                               :    80        0.05s   0.001%  ------ ||
|| augmentation_density_forces                :     1        0.06s   0.001%  ------ ||
|| sw_init                                    :  1039        0.07s   0.001%  ------ ||
|| ewald_calculate_forces                     :     1        0.07s   0.001%  ------ ||
|| palser_mano_kernel_optimise_spam3_embed    :     2        0.08s   0.001%  ------ ||
|| paw_tcore_density                          :     1        0.11s   0.002%  ------ ||
|| basis_extract_function_from_box            :  2233        0.11s   0.002%  ------ ||
|| dense_eigensolve                           :     2        0.15s   0.002%  ------ ||
|| pseudo_make_structure_factor               :     1        0.18s   0.002%  ------ ||
|| sparse_embed_array_hotelling_invert        :    99        0.19s   0.003%  ------ ||
|| restart_kernel_write                       :    51        0.20s   0.003%  ------ ||
|| ngwfs_initialise_from_radial               :     2        0.25s   0.003%  ------ ||
|| paw_sphere_density_on_grid                 :     1        0.37s   0.005%  ------ ||
|| paw_tcore_hartree_on_grid                  :     1        0.38s   0.005%  ------ ||
|| paw_tcore_hartree_calc_forces              :     1        0.60s   0.008%  ------ ||
|| integrals_grad_spam3                       :     2        0.72s   0.010%  ------ ||
|| nonsc_forces_ngwfs_calc                    :     1        0.74s   0.010%  ------ ||
|| lnv_gradient_norm                          :   250        0.97s   0.013%  ------ ||
|| kernel_purify                              :   796        1.06s   0.015%  ------ ||
|| kernel_fix                                 :   250        1.26s   0.017%  ------ ||
|| paw_dataset_init                           :     4        1.80s   0.025%  ------ ||
|| sparse_trace                               : 20134        1.91s   0.026%  ------ ||
|| paw_species_calc_proj_prec_mat             :     1        2.85s   0.039%  ------ ||
|| function_ops_brappd_ketppd_spam3           :   198        3.27s   0.045%  ------ ||
|| paw_nlcc_calculate_forces                  :     1        3.50s   0.048%  ------ ||
|| sparse_product                             : 29048        4.65s   0.064%  ------ ||
|| projectors_func_grad_ovlp_box_spam3        :     6        4.80s   0.066%  ------ ||
|| aug_nl_calculate_forces                    :     1        4.94s   0.068%  ------ ||
|| eigenstates_calculate                      :     1        5.35s   0.074%  ------ ||
|| ngwf_gradient_coeffs                       :    50        5.72s   0.079%  ------ ||
|| energy_and_force_init_cell                 :     1        7.90s   0.109%  ------ ||
|| restart_ngwfs_tightbox_output              :    49        9.15s   0.126%  ------ ||
|| basis_copy_function_to_box                 : 21060       14.82s   0.205%  ------ ||
|| fourier_apply_box_pair                     :  3433       19.33s   0.267% 116.638 ||
|| forces_calculate                           :     1       20.74s   0.286%  ------ ||
|| basis_dot_function_with_box                : 786.8k      21.37s   0.295%  ------ ||
|| density_init_guess_real                    :     2       21.97s   0.303%  ------ ||
|| augmentation_screen_dij_spam3              :   528       22.31s   0.308%  ------ ||
|| cell_grid_extract_box_real                 : 16359       26.96s   0.372%  ------ ||
|| basis_add_function_to_box                  : 1.062M      30.41s   0.420%  ------ ||
|| integrals_kinetic_spam3                    :   198       32.17s   0.444%  ------ ||
|| density_batch_row_sums                     :  1020       35.34s   0.488%  ------ ||
|| aug_nonlocal_mat_spam3_embed_array         :   507       54.90s   0.758%  ------ ||
|| paw_dij_xc                                 :   558       59.34s   0.819%  ------ ||
|| cell_grid_deposit_box_real                 : 20761       63.00s   0.870%  ------ ||
|| aug_density_on_grid_spam3                  :   510       84.85s   1.171%  ------ ||
|| integrals_locpot_mat_els_batch             :   544      102.38s   1.413%  ------ ||
|| density_fftbox_deposit_to_cell             : 13260      102.60s   1.417%  ------ ||
|| projectors_init_fftbox_recip               :   405      108.04s   1.492%  ------ ||
|| properties_calculate                       :     1      121.53s   1.678%  ------ ||
|| projectors_func_ovlp_box_spam3             :   198      139.99s   1.933%  ------ ||
|| fourier_filter_cell                        :   644      149.78s   2.068%  21.806 ||
|| hamiltonian_energy_components              :    10      156.86s   2.166%  ------ ||
|| fourier_filter                             :  4380      164.39s   2.270%  ------ ||
|| hartree_on_grid_single                     :   509      198.03s   2.734%  ------ ||
|| fourier_interpolate_cell                   :  1020      216.57s   2.990%  23.886 ||
|| fourier_interpolate                        :  4380      272.65s   3.764%  ------ ||
|| projectors_gradient_batch                  :   100      618.30s   8.537%  ------ ||
|| projectors_grad_precond_batch              :   100      677.68s   9.357%  ------ ||
|| fourier_interpolate_product                : 11390      703.86s   9.718%  ------ ||
|| potential_apply_to_ngwf_batch              :   544      709.92s   9.802%  ------ ||
|| fourier_apply_box                          : 77298      751.85s  10.381% 191.488 ||
|| density_fftbox_interpolate_multiply        : 13260      757.89s  10.464%  ------ ||
|| fourier_apply_cell_forward                 :  4582      779.68s  10.765%  26.828 ||
|| integrals_locpot_dbl_grid                  :   544      814.22s  11.242%  ------ ||
|| fourier_apply_cell_backward                :  4582      818.03s  11.294%  25.570 ||
|| density_batch_interp_deposit               :  1020     1284.90s  17.740%  ------ ||
|| density_on_dbl_grid                        :  1020     1351.16s  18.655%  ------ ||
|| ngwf_gradient_build_batch                  :   100     1522.73s  21.024%  ------ ||
|| ngwf_gradient_batch                        :   100     1695.38s  23.408%  ------ ||
|| ngwf_gradient_lnv                          :    50     1735.48s  23.961%  ------ ||
|| xc_energy_potential                        :   509     1737.06s  23.983%  ------ ||
|| hamiltonian_lhxc_calculate                 :   497     3924.35s  54.182%  ------ ||
|| lnv_denskernel_optimise_cg                 :    50     4469.05s  61.703%  ------ ||
|| ngwf_cg_optimise                           :     1     7053.18s  97.381%  ------ ||
|| energy_and_forces                          :     1     7234.27s  99.882%  ------ ||
|| total_time                                 :     1     7242.85s 100.000%  ------ ||
======================================================================================
Overhead of generating timer report: 
- 0 ms averaging over threads,
- 1 ms ensuring consistency across MPI ranks,
- 8 ms printing in order.

Job completed: 24-10-2025 13:01 (+0100)

onetep_launcher: ONETEP seems to have finished correctly (zero exit code).
                 Brought to you by PID 242366 on nid002795.
