==================================================================================
It's Fri 24 Oct 2025 12:10:03 PM BST.
*** Starting onetep_launcher (node nid002973, PIDs 115739 115740 115741 115742 115743 115744)...
    - ONETEP arguments: Fe_H2O_6_LowSpin_NGWFSP.dat
    - Current directory: /mnt/lustre/a2fs-work3/work/e89/e89/phsmea/onetep_ali_PBE/Fe_H2O_6/LS/sp
    - Launcher executable directory: /mnt/lustre/a2fs-work3/work/e89/e89/phsmea/onetep_ali
    - (-e) ONETEP executable specified through command-line: /work/e89/e89/phsmea/onetep.archer2_2024_cray_2
      ... trying /work/e89/e89/phsmea/onetep.archer2_2024_cray_2
          -> looks OK
*** Setting up environment...
    - (-s) Process stack size: unlimited
    - (-t) OMP_NUM_THREADS: 8
    - (-o) OMP_STACKSIZE: 64M
    - (-c) Maximum core file size: 2048000
    - (-d) decfort_dump_flag: n
    - (-m) I_MPI_OFA_TRANSLATION_CACHE: 0
    - (-m) I_MPI_DAPL_TRANSLATION_CACHE: 0
    - (-m) I_MPI_DAPL_UD_TRANSLATION_CACHE: 0
*** Starting ONETEP...
    - /work/e89/e89/phsmea/onetep.archer2_2024_cray_2 Fe_H2O_6_LowSpin_NGWFSP.dat
=================================================================================
_________________________________________________________________________________
 +---------------------------------------------------------------+
 |                                                               |
 |        ####### #     # ####### ####### ####### ######         |
 |        #     # ##    # #          #    #       #     #        |
 |        #     # # #   # #          #    #       #     #        |
 |        #     # #  #  # #####      #    #####   ######         |
 |        #     # #   # # #          #    #       #              |
 |        #     # #    ## #          #    #       #              |
 |        ####### #     # #######    #    ####### #              |
 |                                                               |
 |        Linear-Scaling Ab Initio Total Energy Program          |
 |                                                               |
 |          Release for academic collaborators of ODG            |
 |                                             Version 7.3.0     |
 | Remote: git@github.com:Miesaz/onetep_mea.git                  |
 | Local branch: master                                          |
 | Commit ID: 4af45e89288c8df5499704252eec3e032ee3d0c8           |
 | Date: Tue Aug 6 11:28:44 2024 +0100                           |
 | Locally modified files:                                       |
 |   src/hubbard_build_mod.F90                                   |
 |   src/services_mod.F90                                        |
 |                                                               |
 +---------------------------------------------------------------+
 |                                                               |
 |  Authors:                                                     |
 |  Jacek Dziedzic, Peter D. Haynes, Nicholas D. M. Hine,        |
 |  Arash A. Mostofi, Mike C. Payne and Chris-Kriton Skylaris    |
 |                                                               |
 |  Contributors:                                                |
 |  J. Aarons, L. Andrinopoulos, P. W. Avraam, R. A. Bell,       |
 |  A. Bhandari, G. A. Bramley, R. J. Charlton, S. J. Clark,     |
 |  R. J. Clements, G. C. Constantinescu, F. Corsetti,           |
 |  N. Corsini, O. Dieguez, S. M. M. Dubois, K. K. B. Duff,      |
 |  J. M. Escartin, M. Escobar Azor, A. Greco,                   |
 |  H. Helal, Q. O. Hill, L. P. Lee, J.-H. Li,                   |
 |  T. Li, E. B. Linscott, G. Moynihan, D. D. O`Regan,           |
 |  O. K. Okan, E. Parkinson, M. J. S. Phipps,                   |
 |  C. J. Pickard, J. C. A. Prentice, M. I. J. Probert,          |
 |  L. E. Ratcliff, M. Robinson, A. Ruiz Serrano,                |
 |  M. dos Santos Dias, J. S. Spencer, E. W. Tait,               |
 |  G. Teobaldi, D. Turban, V. Vitale, K. A. Wilkinson,          |
 |  C. Weber, J. C. Womack, Chengcheng Xiao, N. Yeung,           |
 |  and T. J. Zuehlsdorff.                                       |
 |                                                               |
 |                                   Copyright (c) 2004-2025     |
 |                                                               |
 |  Please cite:                                                 |
 |  "The ONETEP linear-scaling density functional theory program"|
 |   J. Chem. Phys. 152(17) 174111 (2020)                        |
 |                                                               |
 |          in all publications arising from your use of ONETEP. |
 |                                                               |
 +---------------------------------------------------------------+
 |                                                               |
 |   ONETEP is based on developments described in the following  |
 |   publications:                                               |
 |                                                               |
 |  "Nonorthogonal generalized Wannier function pseudopotential  |
 |   plane-wave method".                                         |
 |   C.-K. Skylaris, A. A. Mostofi, P. D. Haynes, O. Dieguez,    |
 |   M. C. Payne.                                                |
 |   Phys. Rev. B 66 035119 (2002).                              |
 |                                                               |
 |  "Preconditioned iterative minimization for linear-scaling    |
 |   electronic structure calculations".                         |
 |   A. A. Mostofi, P. D. Haynes, C.-K. Skylaris, M. C. Payne.   |
 |   J. Chem. Phys. 119(17), pp.8842-8848 (2003).                |
 |                                                               |
 |  "Total-energy calculations on a real space grid with         |
 |   localized functions and a plane-wave basis".                |
 |   A. A. Mostofi, C.-K. Skylaris, P. D. Haynes, M. C. Payne.   |
 |   Comput. Phys. Commun. 147, pp.788-802 (2002).               |
 |                                                               |
 |  "Accurate kinetic energy evaluation in electronic structure  |
 |   calculations with localized functions on real space grids"  |
 |   C.-K. Skylaris, A. A. Mostofi, P. D. Haynes, C. J. Pickard, |
 |   M. C. Payne.                                                |
 |   Comput. Phys. Commun. 140, pp.315-322 (2001).               |
 |                                                               |
 |  "Accurate ionic forces and geometry optimization in linear-  |
 |   scaling density-functional theory with local orbitals"      |
 |   N. D. M. Hine, M. Robinson, P. D. Haynes, C.-K. Skylaris,   |
 |   M. C. Payne, and A. A. Mostofi.                             |
 |   Phys. Rev. B 83 195102 (2011).                              |
 |                                                               |
 +---------------------------------------------------------------+

Job started: 24-10-2025 12:10 (+0100)
 
Reading parameters from file "Fe_H2O_6_LowSpin_NGWFSP.dat" ...... done

If your calculation crashes here, before "Checking processes and threads..."
is displayed, then your stack size is insufficient.
If so, use "ulimit -s unlimited" at runtime.
You can disable this check with "check_stack_size F".

Checking processes and threads...
   Determining the default number of threads...
      No default threads set at compilation time: defaulting to 1.
      OpenMP library call suggests 8 threads.
      Hybrid MPI-OpenMP compilation detected.
      Number of MPI processes > 1.
      OMP_NUM_THREADS environment variable present and
      its value matches the one obtained from the OpenMP library call.
      Using this value as default.
      Default threads: 8
      Default applies to threads_max and threads_num_fftboxes.
      Settings in the input file override this default.
   ... done

   Running with 6 MPI processes.
   There are 6 MPI processes running on the same node as the root process.
   Each MPI process is using: 
               1 threads for simulation cell FFTs.
               1 threads for threaded FFT box operations.
               8 threads for loops over batched FFT box operations.
               8 threads in other parallel regions.
   MPI Interface: S1 (use mpi_f08) (-DMPI -DUSE_MPI_F08).
   MPI_ASYNC_PROTECTS_NONBLOCKING: Yes. MPI_SUBARRAYS_SUPPORTED: Yes.
   FFTW Interface: OMP-capable and MODERN. (-DUSE_MODERN_FFTW specified).
   GPU Interface: None.
   GPU FFT Backend: None.
... done

Basic input checks...... done

Reading geometry and species blocks from file "Fe_H2O_6_LowSpin_NGWFSP.dat" ...   
  Number of PPD points along a3 set to 1.  This is 
  the default value, it may have been provided also in the input file.
... done


--------------------------------------------------------------------------------
---------------------------------- INPUT FILE ----------------------------------
--------------------------------------------------------------------------------

charge : 3                                                                      
cutoff_energy : 800 eV                                                          
do_properties : T                                                               
edft : F                                                                        
fine_grid_scale : 4                                                             
forces_output_detail : VERBOSE                                                  
output_detail : VERBOSE                                                         
paw : T                                                                         
pseudo_path : ../../..                                                          
spin : 1                                                                        
task : SINGLEPOINT                                                              
write_denskern : T                                                              
write_forces : T                                                                
write_tightbox_ngwfs : T                                                        
xc_functional : pbe                                                             
ngwfs_spin_polarized : T                                                        
%BLOCK LATTICE_CART                                                             
ang                                                                             
24.26273295       0.00000000       0.00000000                                   
0.00000000      24.37834389       0.00000000                                    
0.00000000       0.00000000      24.49207180                                    
%ENDBLOCK LATTICE_CART                                                          
%BLOCK POSITIONS_ABS                                                            
ang                                                                             
Fe    12.131409    12.189430    12.246010                                       
O    10.852025    11.974546    10.809567                                        
O    13.409684    12.402138    13.683725                                        
O    12.703018    13.906702    11.545482                                        
O    11.558212    10.474108    12.948319                                        
O    10.764765    13.123292    13.250511                                        
O    13.495125    11.254929    11.237207                                        
H    10.736446    14.086048    13.386765                                        
H    12.308696    14.358703    10.779612                                        
H    10.000000    12.439837    10.746818                                        
H    10.752702    10.000000    12.679156                                        
H    13.274587    12.926097    14.492072                                        
H    14.170631    11.672698    10.675578                                        
H    11.953005    10.019251    13.712311                                        
H    10.093469    12.702583    13.815024                                        
H    10.990876    11.453445    10.000000                                        
H    13.527032    10.291203    11.108929                                        
H    13.511670    14.378344    11.809422                                        
H    14.262733    11.938399    13.743870                                        
%ENDBLOCK POSITIONS_ABS                                                         
%BLOCK SPECIES                                                                  
Fe Fe 26 -1 10.0                                                                
H H 1 -1 10.0                                                                   
O O 8 -1 10.0                                                                   
%ENDBLOCK SPECIES                                                               
%BLOCK SPECIES_ATOMIC_SET                                                       
Fe "SOLVE INIT SPIN=1"                                                          
H  "SOLVE"                                                                      
O  "SOLVE"                                                                      
%ENDBLOCK SPECIES_ATOMIC_SET                                                    
%BLOCK SPECIES_POT                                                              
Fe Fe.PBE-paw.abinit                                                            
H H.PBE-paw.abinit                                                              
O O.PBE-paw.abinit                                                              
%ENDBLOCK SPECIES_POT                                                           

--------------------------------------------------------------------------------
-------------------------------- END INPUT FILE --------------------------------
--------------------------------------------------------------------------------


 
 ESDF WARNING(1): "charge" (esdf_physical) has no units. Assume "e".
<<<<<<<<<<<<<<<<<<<<<<<<<<<<<<<<< Full system >>>>>>>>>>>>>>>>>>>>>>>>>>>>>>>>>>
<<<<<<<<<<<<<<<<<<<<<<<<<<< PAW Dataset information >>>>>>>>>>>>>>>>>>>>>>>>>>>
File: Fe.PBE-paw.abinit; rc = 2.12 bohr; shape type =  2; rshape = 1.81 bohr;
  Atomic number: 26;  ionic charge: 16.000000
    Partial Wave 1: l = 0
    Partial Wave 2: l = 0
    Partial Wave 3: l = 1
    Partial Wave 4: l = 1
    Partial Wave 5: l = 2
    Partial Wave 6: l = 2
  Core charge supplied for Nonlinear Core Corrections
File: O.PBE-paw.abinit; rc = 1.41 bohr; shape type =  2; rshape = 1.20 bohr;
  Atomic number:  8;  ionic charge:  6.000000
    Partial Wave 1: l = 0
    Partial Wave 2: l = 0
    Partial Wave 3: l = 1
    Partial Wave 4: l = 1
  Core charge supplied for Nonlinear Core Corrections
File: H.PBE-paw.abinit; rc = 0.90 bohr; shape type =  2; rshape = 0.80 bohr;
  Atomic number:  1;  ionic charge:  1.000000
    Partial Wave 1: l = 0
    Partial Wave 2: l = 0
    Partial Wave 3: l = 1
<<<<<<<<<<<<<<<<<<<<<<<<<<<<<<<<<<<<<<< >>>>>>>>>>>>>>>>>>>>>>>>>>>>>>>>>>>>>>>

-------------------------- Atom counting information ---------------------------
Symbol    Natoms    Nngwfs    Nprojs
  Fe         1        13        18
  O          6        24        48
  H         12        12        60
.......   ......    ......    ......
Totals:     19        49       126
--------------------------------------------------------------------------------

=============================== PSINC grid sizes ===============================
                      Simulation cell:   91 x  91 x  91
                              FFT-box:   91 x  91 x  91
                                  PPD:    7 x   7 x   1
Grid space d1=  0.503845280792a0 (KE cutoff=  29.92331Eh = 814.25466eV)
Grid space d2=  0.506246083152a0 (KE cutoff=  29.64017Eh = 806.54999eV)
Grid space d3=  0.508607782094a0 (KE cutoff=  29.36554Eh = 799.07702eV)
================================================================================

********************* Fourier parallelisation information **********************
       Coarse grid (whole simulation cell) dimensions:     91    91    91
          Real-space ('12') slabs/proc (min max mean):     15    16    15
         Recip-space ('23') slabs/proc (min max mean):      7     8     7
********************************************************************************

********************* Fourier parallelisation information **********************
       Double grid (whole simulation cell) dimensions:    182   182   182
          Real-space ('12') slabs/proc (min max mean):     30    31    30
         Recip-space ('23') slabs/proc (min max mean):     15    16    15
********************************************************************************

********************* Fourier parallelisation information **********************
         Fine grid (whole simulation cell) dimensions:    364   364   364
          Real-space ('12') slabs/proc (min max mean):     60    61    60
         Recip-space ('23') slabs/proc (min max mean):     30    31    30
********************************************************************************

Atom SCF Calculation for Fe : Z (AE atom) =  26 : Z (PS atom) =  16
Config String: 3s2.0 3p6.0 3d6.0 4s2.0 4p0.0 INIT SPIN=1
Orbitals (num,occ):  5     2.00 6.00 6.00 2.00 0.00
Orbitals   (num,l):  5        0    1    2    0    1
Real-space Grid (nr,dr,rmax): 1503    0.0066577896   10.0000000000
Spherical Bessel Basis (nsws,lmax,cutoff):   37    4  176.3967570603
Confining potential (l,width,scale):  0    3.0000000000  100.0000000000
Confining potential (l,width,scale):  1    3.0000000000  100.0000000000
Confining potential (l,width,scale):  2    3.0000000000  100.0000000000
  1       -111.4005172118  -52.5575611559   72.2164000725   -4.0901868950
  2       -116.6635475262  -20.5601904919   91.7007084249   -2.2962490369
  3       -121.6156136875  -23.2753453277   92.4544705195   -2.7706732816
  4       -123.0066153699  -21.4164712440   94.7136519632   -2.9394413820
  5       -123.8168122141  -22.6370400734   94.1384349420   -3.0798102909
  6       -123.9055073486  -21.7222843370   94.9342614757   -3.0846520419
  7       -124.0956886241  -22.4138747628   94.4617720360   -3.1224050559
  8       -124.0492758687  -21.8887017510   94.8692044073   -3.1096545890
  9       -124.1222324005  -22.2877514631   94.5777385101   -3.1254730624
 10       -124.0894611846  -22.0431086758   94.7620026738   -3.1177312036
 11       -124.1066906466  -22.1417456915   94.6895757605   -3.1215019185
 12       -124.1027421480  -22.1090398813   94.7144439268   -3.1205307857
 13       -124.1039552528  -22.1131641559   94.7116547863   -3.1207645739
 14       -124.1041718268  -22.1127261003   94.7121170471   -3.1207931979
 15       -124.1043563153  -22.1126782042   94.7122440208   -3.1208211382
 16       -124.1044853288  -22.1126702816   94.7123114748   -3.1208409484
 17       -124.1045734258  -22.1126674103   94.7123551926   -3.1208545095
 18       -124.1046334193  -22.1126657134   94.7123845864   -3.1208637603
 19       -124.1046742816  -22.1126645462   94.7124045128   -3.1208700757
 20       -124.1047021281  -22.1126636961   94.7124180731   -3.1208743926
 21       -124.1047211147  -22.1126630559   94.7124273290   -3.1208773473
 22       -124.1047340666  -22.1126625637   94.7124336643   -3.1208793718
 23       -124.1047429056  -22.1126621807   94.7124380116   -3.1208807606
 24       -124.1047489402  -22.1126618812   94.7124410017   -3.1208817142
 25       -124.1047530616  -22.1126616468   94.7124430628   -3.1208823696
 26       -124.1047558771  -22.1126614637   94.7124444863   -3.1208828204
 27       -124.1047578011  -22.1126613212   94.7124454714   -3.1208831306
 28       -124.1047591161  -22.1126612109   94.7124461541   -3.1208833444
 29       -124.1047600152  -22.1126611259   94.7124466281   -3.1208834917
 30       -124.1047606300  -22.1126610607   94.7124469575   -3.1208835933
 31       -124.1047610504  -22.1126610110   94.7124471869   -3.1208836634
 32       -124.1047613380  -22.1126609733   94.7124473467   -3.1208837118
 33       -124.1047615347  -22.1126609447   94.7124474583   -3.1208837453
 34       -124.1047616693  -22.1126609232   94.7124475361   -3.1208837684
 35       -124.1047617614  -22.1126609071   94.7124475906   -3.1208837843
Atom SCF converged after  35 iterations to a total energy of   -124.10476176
Adjusting orbital occupancies:
Orbitals (num,spin,occ):  5  1     1.00 3.00 3.50 1.00 0.00
Orbitals   (num,spin,l):  5  1        0    1    2    0    1
Orbitals (num,spin,occ):  5  2     1.00 3.00 3.00 0.50 0.00
Orbitals   (num,spin,l):  5  2        0    1    2    0    1

Atom SCF Calculation for H  : Z (AE atom) =   1 : Z (PS atom) =   1
Config String: 1s1.0
Orbitals (num,occ):  1     1.00
Orbitals   (num,l):  1        0
Real-space Grid (nr,dr,rmax): 1503    0.0066577896   10.0000000000
Spherical Bessel Basis (nsws,lmax,cutoff):   37    2  176.3967570603
Confining potential (l,width,scale):  0    3.0000000000  100.0000000000
  1         -0.3348525927   -0.2401819449    0.2820953128   -0.2388448411
  2         -0.4038948821   -0.2405504229    0.2866889240   -0.2416217444
  3         -0.4360732773   -0.2390089543    0.2890729861   -0.2443653791
  4         -0.4497314704   -0.2383264046    0.2899315599   -0.2456060208
  5         -0.4551901081   -0.2381357631    0.2901452306   -0.2460489407
  6         -0.4573594294   -0.2381000300    0.2901742710   -0.2461947705
  7         -0.4582326910   -0.2381004501    0.2901659451   -0.2462415077
  8         -0.4585900702   -0.2381055523    0.2901559649   -0.2462564278
  9         -0.4587384807   -0.2381092319    0.2901497571   -0.2462612174
 10         -0.4588008132   -0.2381112609    0.2901465144   -0.2462627659
 11         -0.4588272086   -0.2381122698    0.2901449456   -0.2462632682
 12         -0.4588384507   -0.2381127465    0.2901442163   -0.2462634302
 13         -0.4588432580   -0.2381129655    0.2901438848   -0.2462634814
 14         -0.4588453195   -0.2381130645    0.2901437362   -0.2462634968
 15         -0.4588462053   -0.2381131088    0.2901436700   -0.2462635011
 16         -0.4588465865   -0.2381131284    0.2901436407   -0.2462635020
 17         -0.4588467508   -0.2381131372    0.2901436278   -0.2462635020
 18         -0.4588468216   -0.2381131410    0.2901436222   -0.2462635019
Atom SCF converged after  18 iterations to a total energy of     -0.45884682

Atom SCF Calculation for O  : Z (AE atom) =   8 : Z (PS atom) =   6
Config String: 2s2.0 2p4.0
Orbitals (num,occ):  2     2.00 4.00
Orbitals   (num,l):  2        0    1
Real-space Grid (nr,dr,rmax): 1503    0.0066577896   10.0000000000
Spherical Bessel Basis (nsws,lmax,cutoff):   37    2  176.3967570603
Confining potential (l,width,scale):  0    3.0000000000  100.0000000000
Confining potential (l,width,scale):  1    3.0000000000  100.0000000000
  1         -8.3209332552   -7.4828484739   10.1554312602   -2.1270270195
  2        -15.1405599232   -3.0474882742   13.6590820486   -2.5134754209
  3        -15.5174094640   -3.1101891961   13.6243211040   -2.6472956001
  4        -15.7606118231   -3.0805775314   13.6668776248   -2.7100307789
  5        -15.8308896490   -3.0881936416   13.6633910567   -2.7338682066
  6        -15.8678540393   -3.0862312957   13.6673103078   -2.7443897972
  7        -15.8801393942   -3.0873360689   13.6669183555   -2.7485230919
  8        -15.8859601688   -3.0872977830   13.6672813272   -2.7502957173
  9        -15.8880580832   -3.0874730763   13.6672320183   -2.7510066526
 10        -15.8889924584   -3.0874981416   13.6672623218   -2.7513066537
 11        -15.8893459980   -3.0875277929   13.6672548500   -2.7514284384
 12        -15.8894977936   -3.0875355600   13.6672566096   -2.7514793465
 13        -15.8895569380   -3.0875407304   13.6672553199   -2.7515001537
 14        -15.8895817884   -3.0875424467   13.6672552475   -2.7515088021
 15        -15.8895916441   -3.0875433561   13.6672550136   -2.7515123499
 16        -15.8895957327   -3.0875436929   13.6672549605   -2.7515138192
 17        -15.8895973717   -3.0875438525   13.6672549179   -2.7515144231
 18        -15.8895980466   -3.0875439149   13.6672549044   -2.7515146726
 19        -15.8895983189   -3.0875439428   13.6672548968   -2.7515147752
 20        -15.8895984306   -3.0875439540   13.6672548940   -2.7515148175
 21        -15.8895984758   -3.0875439588   13.6672548927   -2.7515148349
Atom SCF converged after  21 iterations to a total energy of    -15.88959848

BC: Task: SINGLEPOINT
BC: +++++++++++++++ Summary of boundary conditions ++++++++++++++
BC: |       Component       |     Keyword     |   Periodicity   |
BC: |                       |                 |     X  Y  Z [1] |
BC: |-----------------------------------------------------------|
BC: | Ion-ion               | ion_ion_bc [2]  |     P  P  P     |
BC: | Local pseudopotential | pspot_bc [3]    |     P  P  P     |
BC: +++++++++++++++++++++++++++++++++++++++++++++++++++++++++++++
BC: P: Periodic, O: Open.
BC: [1] Not strictly along X, Y, Z but rather along lattice vectors A1, A2, A3.
BC: [2] Also affected by: pbc_correction_cutoff, cutoff_coulomb_type,
BC:     is_smeared_ion_rep, is_implicit_solvent, openbc_ion_ion.
BC: [3] Also affected by: is_smeared_ion_rep, is_implicit_solvent, openbc_pspot.

Determining parallel strategy ...
... using space-filling curve
... NGWF load balancing: max     13;  min      6;  average      8
... Projector load balancing: max     23;  min     18;  average     21
... done
Calculating Ewald energy ...
              Ewald: real-space energy =          276.146724
        Ewald: reciprocal-space energy =           32.367774
         Ewald: (sum_charge)**2 energy =           16.660578
         Ewald: (sum_charge**2) energy =           17.162568
                          Ewald energy =          274.691352
Basis initialisation ...
... NGWF spheres initialised
... Projector spheres initialised
... NGWF tight boxes initialised
... Projector tight boxes initialised
... Tight-boxes gathered
... NGWF basis size (local,global):        109551       419067
... PAW projector initialisation
... done

============================= Charge Augmentation ==============================
                           Aug box size:   35 x  35 x  35
================================================================================

========================== Sparse matrix information ===========================
                        Overlap matrix filling: 100.00%
                        Density kernel filling: 100.00% (known to be dense)
              NGWF-Proj overlap matrix filling: 100.00%
                    Aug Overlap matrix filling: 100.00%
                    Hamiltonian matrix filling: 100.00%
                  NGWF diagonal matrix filling:  11.54%
                             KS matrix filling: 100.00% 
                           KSKS matrix filling: 100.00% 
================================================================================

Sparse matrix initialisation ...
 done
NGWF initialisation ... done
============ Calculation of NGWF S^-1 using Hotelling algorithm ================ 
     Iteration  |  Spin  |  Frobenius norm and Maximum abs value (of I-S*S_n^-1)
         1           1      0.68132136E+01     0.98124401E+00
         1           2      0.68132136E+01     0.98124401E+00
         2           1      0.66497200E+01     0.96285851E+00
         2           2      0.66497200E+01     0.96285851E+00
         3           1      0.63748858E+01     0.92716444E+00
         3           2      0.63748858E+01     0.92716444E+00
         4           1      0.59569173E+01     0.85986097E+00
         4           2      0.59569173E+01     0.85986097E+00
         5           1      0.53761926E+01     0.74023155E+00
         5           2      0.53761926E+01     0.74023155E+00
         6           1      0.46478690E+01     0.66817405E+00
         6           2      0.46478690E+01     0.66817405E+00
         7           1      0.39088938E+01     0.62343020E+00
         7           2      0.39088938E+01     0.62343020E+00
         8           1      0.32971805E+01     0.57754967E+00
         8           2      0.32971805E+01     0.57754967E+00
         9           1      0.26921963E+01     0.52050613E+00
         9           2      0.26921963E+01     0.52050613E+00
        10           1      0.19617738E+01     0.43484804E+00
        10           2      0.19617738E+01     0.43484804E+00
        11           1      0.12227459E+01     0.31141641E+00
        11           2      0.12227459E+01     0.31141641E+00
        12           1      0.61454834E+00     0.17511602E+00
        12           2      0.61454834E+00     0.17511602E+00
        13           1      0.18586882E+00     0.57000746E-01
        13           2      0.18586882E+00     0.57000746E-01
        14           1      0.18119223E-01     0.60724371E-02
        14           2      0.18119223E-01     0.60724371E-02
        15           1      0.18979171E-03     0.69335732E-04
        15           2      0.18979171E-03     0.69335732E-04
        16           1      0.23967825E-07     0.91554007E-08
        16           2      0.23967825E-07     0.91554007E-08
        17           1      0.35415419E-14     0.88817842E-15
        17           2      0.35415419E-14     0.88817842E-15
================================================================================
Calculating core density ...
================================= Core Density =================================
               Core den box size:   39 x  39 x  39
================================================================================
 ... done
Density renormalisation, spin  1 ...
Target Charge:    31.000000000000 ; Input Charge:    32.500469241757
Density renormalisation, spin  2 ...
Target Charge:    30.000000000000 ; Input Charge:    31.500461367459
Density kernel initialisation
 
======= Optimisation of K by Palser-Manolopoulos canonical purification ======== 
         Iteration  |  Band structure energy |    c_n   
               1         -38.35266903749088    0.6155706
               2         -39.07407999410816    0.6090646
               3         -39.91535084385853    0.5999841
               4         -40.87851524182085    0.5885335
               5         -41.98724717969344    0.5751122
               6         -43.25772855456384    0.5629187
               7         -44.61463551573522    0.5668473
               8         -45.81272177852200    0.6237867
               9         -46.51358516461590    0.7602706
              10         -46.71711206027327    0.8583910
              11         -46.75234953201914    0.8716086
              12         -46.76638204767204    0.8630467
              13         -46.78072572780603    0.8505730
              14         -46.79673596530261    0.8342888
              15         -46.81472198079272    0.8127542
              16         -46.83499105744153    0.7840543
              17         -46.85774110863863    0.7459505
              18         -46.88278614975751    0.6966420
              19         -46.90899003461607    0.6368995
              20         -46.93340687160827    0.5740894
              21         -46.95108124915708    0.5247598
              22         -46.95857370846893    0.5031753
              23         -46.95967003971855    0.5000607
              24         -46.95969199742884    0.5000001
              25         -46.95969200724659    0.6133857
              26         -46.95969200724659    0.6133857
Termination criterion satisfied: band energy change below threshold.
Final occupancy bounds: [    0.00000000000000:    1.00000000000000]
Closest occupancy to 0.5:     1.00000000000000
================================================================================
 
======= Optimisation of K by Palser-Manolopoulos canonical purification ======== 
         Iteration  |  Band structure energy |    c_n   
               1         -37.26694516336815    0.5949345
               2         -38.07554464890697    0.5879691
               3         -39.01993815126470    0.5783265
               4         -40.09357650259264    0.5669829
               5         -41.31581035733476    0.5558174
               6         -42.67818544608583    0.5527318
               7         -44.02318971840207    0.5846885
               8         -45.01305624220593    0.6883983
               9         -45.42030863899661    0.7981717
              10         -45.50464317996665    0.8177221
              11         -45.53584726084149    0.8037794
              12         -45.56735880669501    0.7828752
              13         -45.60273020915987    0.7567825
              14         -45.64170142384410    0.7277357
              15         -45.68239533851005    0.7062746
              16         -45.71963962828376    0.7199285
              17         -45.74494170823905    0.7848485
              18         -45.75543420858945    0.8183340
              19         -45.76002067723370    0.8024550
              20         -45.76404050623881    0.7793277
              21         -45.76778679230917    0.7540146
              22         -45.77110482857493    0.7276415
              23         -45.77386092637791    0.7015707
              24         -45.77599682121485    0.6766178
              25         -45.77756527995535    0.6520459
              26         -45.77871142014357    0.6253201
              27         -45.77960048634712    0.5935169
              28         -45.78033263708720    0.5567755
              29         -45.78088496290846    0.5227443
              30         -45.78116243321402    0.5039144
              31         -45.78121700762348    0.5001201
              32         -45.78121877516437    0.5000001
              33         -45.78121877696887    0.5000001
Termination criterion satisfied: band energy change below threshold.
Final occupancy bounds: [    0.00000000000001:    1.00000000000000]
Closest occupancy to 0.5:     1.00000000000000
================================================================================

Writing density kernel to file "Fe_H2O_6_LowSpin_NGWFSP.dkn" ... done

>>> Optimising kernel for current NGWFs:
   Initial electron number for spin 1:      31.00000000
   Initial electron number for spin 2:      30.00000000
     Final electron number for spin 1:      31.00000000
     Final electron number for spin 2:      30.00000000

=================== Penalty functional idempotency correction ==================
 RMS occupancy error at iteration   1:  0.000000 (step -0.5000 Ne1=     31.0000)
                                                               Ne2=     30.0000
            Final RMS occupancy error   :  0.000000 (Ne1=     31.0000)
                                                     Ne2=     30.0000
            Final occupancy bounds spin 1: [ -0.000,  1.000]
            Final occupancy bounds spin 2: [  0.000,  1.000]
================================================================================

................................................................................
<<<<<<<<<<<<<< LNV (Original version) density kernel optimisation >>>>>>>>>>>>>>
~~~~~~~~~~~~~~~~~~~~~~~~~~~~~~~~~~~~~~~~~~~~~~~~~~~~~~~~~~~~~~~~~~~~~~~~~~~~~~~~
   iter  |      energy (Eh)       | rms gradient |  commutator  |   dE (Eh)
      ideal mu1:      -0.780106651894
      ideal mu2:      -0.792769895229
             Q0:        -225.567781206037
             G0:      -5.994236147911
   RMS gradient:       0.070661986420
    Initial Ne1:      31.00000000
    Initial Ne2:      30.00000000
      Final Ne1:      31.00000000
      Final Ne2:      30.00000000

=================== Penalty functional idempotency correction ==================
 RMS occupancy error at iteration   1:  0.001639 (step -0.4964 Ne1=     31.0000)
                                                               Ne2=     30.0000
 RMS occupancy error at iteration   2:  0.000002 (step -0.5000 Ne1=     31.0000)
                                                               Ne2=     30.0000
            Final RMS occupancy error   :  0.000000 (Ne1=     31.0000)
                                                     Ne2=     30.0000
            Final occupancy bounds spin 1: [  0.000,  1.000]
            Final occupancy bounds spin 2: [  0.000,  1.000]
================================================================================

    1        -2.255677812060E+02     7.0662E-02     4.0159E-02
      ideal mu1:      -0.876805823144
      ideal mu2:      -0.889562349497
             Q0:        -226.086097488125
             G0:      -5.546824830024
   RMS gradient:       0.051730688258
    Initial Ne1:      31.00000000
    Initial Ne2:      30.00000000
      Final Ne1:      31.00000000
      Final Ne2:      30.00000000

=================== Penalty functional idempotency correction ==================
 RMS occupancy error at iteration   1:  0.004398 (step -0.4905 Ne1=     31.0000)
                                                               Ne2=     30.0000
 RMS occupancy error at iteration   2:  0.000017 (step -0.5000 Ne1=     31.0000)
                                                               Ne2=     30.0000
            Final RMS occupancy error   :  0.000000 (Ne1=     31.0000)
                                                     Ne2=     30.0000
            Final occupancy bounds spin 1: [  0.000,  1.000]
            Final occupancy bounds spin 2: [  0.000,  1.000]
================================================================================

    2        -2.260860974881E+02     5.1731E-02     2.9401E-02    -5.1832E-01
      ideal mu1:      -0.999746090125
      ideal mu2:      -1.012328918021
             Q0:        -226.497927078615
             G0:      -1.536984931215
   RMS gradient:       0.026387025136
     Trial step:       0.500000000000
             Q1:        -226.150505933901
 Quadratic coef:       1.115913610322
 Linear coef   :      -0.768492465607
           Qmin:        -226.630235857770
Quadratic minimum step length (  0.172166657548) accepted
    Initial Ne1:      30.99999996
    Initial Ne2:      29.99999995
      Final Ne1:      31.00000000
      Final Ne2:      30.00000000

=================== Penalty functional idempotency correction ==================
 RMS occupancy error at iteration   1:  0.005523 (step -0.4879 Ne1=     31.0000)
                                                               Ne2=     30.0000
 RMS occupancy error at iteration   2:  0.000028 (step -0.5000 Ne1=     31.0000)
                                                               Ne2=     30.0000
            Final RMS occupancy error   :  0.000000 (Ne1=     31.0000)
                                                     Ne2=     30.0000
            Final occupancy bounds spin 1: [  0.000,  1.000]
            Final occupancy bounds spin 2: [  0.000,  1.000]
================================================================================

    3        -2.264979270786E+02     2.6387E-02     1.5002E-02    -4.1183E-01
      ideal mu1:      -1.116792265149
      ideal mu2:      -1.128547686755
             Q0:        -226.634384783088
             G0:      -0.107512067161
   RMS gradient:       0.009157478230
     Trial step:       0.293399605954
             Q1:        -226.651336208974
 Quadratic coef:       0.014592572254
 Linear coef   :      -0.031543998140
           Qmin:        -226.651431534705
Quadratic minimum step length (  0.317113270485) accepted
    Initial Ne1:      30.99999981
    Initial Ne2:      29.99999979
      Final Ne1:      31.00000000
      Final Ne2:      30.00000000

=================== Penalty functional idempotency correction ==================
 RMS occupancy error at iteration   1:  0.002069 (step -0.4955 Ne1=     31.0000)
                                                               Ne2=     30.0000
 RMS occupancy error at iteration   2:  0.000004 (step -0.5000 Ne1=     31.0000)
                                                               Ne2=     30.0000
            Final RMS occupancy error   :  0.000000 (Ne1=     31.0000)
                                                     Ne2=     30.0000
            Final occupancy bounds spin 1: [  0.000,  1.000]
            Final occupancy bounds spin 2: [  0.000,  1.000]
================================================================================

    4        -2.266343847831E+02     9.1575E-03     5.2136E-03    -1.3646E-01
      ideal mu1:      -1.153886717728
      ideal mu2:      -1.164211391812
    5        -2.266518928903E+02     5.2505E-03     2.9859E-03    -1.7508E-02
Finished density kernel iterations (   5)

Writing density kernel to file "Fe_H2O_6_LowSpin_NGWFSP.dkn" ... done


>>> Density kernel optimised for the current NGWF basis:
     ~~~~~~~~~~~~~~~~~~~~~~~~~~~~~~~~~~~~~~~~~~~~~~~~~~~~~~~~~~~
     Total energy                =  -2.26651892890307E+02  Eh
     Estimated bandgap (UP spin) =   5.6481E-02  Eh
     Estimated bandgap (DN spin) =   5.3759E-04  Eh
     RMS occupancy error         =   6.1201E-11
     [H,K] commutator            =   2.9859E-03
     UP spin occupancy bounds    = [  0.000:  1.000]
     DN spin occupancy bounds    = [  0.000:  1.000]
     ~~~~~~~~~~~~~~~~~~~~~~~~~~~~~~~~~~~~~~~~~~~~~~~~~~~~~~~~~~~




################################################################################
########################### NGWF CG iteration  001 #############################
################################################################################
****** Reciprocal space K.E. preconditioning with k_zero =  3.0000 a0^-1 *******

>>> Checking for convergence of NGWFs:   NOT CONVERGED
  ========================================================================
         NGWF RMS gradient =  9.6321E-04 >  2.0000E-06  | above tolerance
  ========================================================================

>>> Improving NGWFs using line search:
============ Calculation of NGWF S^-1 using Hotelling algorithm ================ 
     Iteration  |  Spin  |  Frobenius norm and Maximum abs value (of I-S*S_n^-1)
         1           1      0.11156312E-01     0.16272840E-02
         1           2      0.11275357E-01     0.16263528E-02
         2           1      0.13833704E-04     0.25996421E-05
         2           2      0.14011645E-04     0.26151121E-05
         3           1      0.46138544E-10     0.85977891E-11
         3           2      0.46880945E-10     0.87438945E-11
         4           1      0.41647995E-14     0.12212453E-14
         4           2      0.37886498E-14     0.88817842E-15
================================================================================
============ Calculation of NGWF S^-1 using Hotelling algorithm ================ 
     Iteration  |  Spin  |  Frobenius norm and Maximum abs value (of I-S*S_n^-1)
         1           1      0.10244912E+00     0.17901289E-01
         1           2      0.10325576E+00     0.17949712E-01
         2           1      0.16850787E-02     0.30881153E-03
         2           2      0.17005180E-02     0.31131563E-03
         3           1      0.65220949E-06     0.12234368E-06
         3           2      0.66547047E-06     0.12488690E-06
         4           1      0.10456663E-12     0.20428104E-13
         4           2      0.11060201E-12     0.22426505E-13
================================================================================
------------------------------- NGWF line search -------------------------------
RMS gradient                =       0.00096320867428
Trial step length           =               0.122474
Gradient along search dir.  =         -1.46785610898
Functional at step 0        =    -226.65189289030729
Functional at step 1        =    -226.82012630850286
Functional predicted        =    -227.35195368610459
Selected quadratic step     =               0.953855
Conjugate gradients coeff.  =               0.000000
--------------------------- NGWF line search finished --------------------------
                                               
Writing NGWFs to file "Fe_H2O_6_LowSpin_NGWFSP.tightbox_ngwfs".... done

>>> Optimising kernel for current NGWFs:
   Initial electron number for spin 1:      31.17526705
   Initial electron number for spin 2:      30.17574303
     Final electron number for spin 1:      31.00000000
     Final electron number for spin 2:      30.00000000

=================== Penalty functional idempotency correction ==================
 RMS occupancy error at iteration   1:  0.004476 (step -0.4912 Ne1=     31.0000)
                                                               Ne2=     30.0000
 RMS occupancy error at iteration   2:  0.000040 (step -0.5000 Ne1=     31.0000)
                                                               Ne2=     30.0000
            Final RMS occupancy error   :  0.000000 (Ne1=     31.0000)
                                                     Ne2=     30.0000
            Final occupancy bounds spin 1: [  0.000,  1.000]
            Final occupancy bounds spin 2: [  0.000,  1.000]
================================================================================

................................................................................
<<<<<<<<<<<<<< LNV (Original version) density kernel optimisation >>>>>>>>>>>>>>
~~~~~~~~~~~~~~~~~~~~~~~~~~~~~~~~~~~~~~~~~~~~~~~~~~~~~~~~~~~~~~~~~~~~~~~~~~~~~~~~
   iter  |      energy (Eh)       | rms gradient |  commutator  |   dE (Eh)
      ideal mu1:      -1.152525660063
      ideal mu2:      -1.162082756637
             Q0:        -227.343033646793
             G0:      -0.107125251130
   RMS gradient:       0.009446367653
     Trial step:       0.305026078562
             Q1:        -227.360240020459
 Quadratic coef:       0.015469621601
 Linear coef   :      -0.032675995267
           Qmin:        -227.360288766120
Quadratic minimum step length (  0.322148497107) accepted
    Initial Ne1:      30.99999976
    Initial Ne2:      29.99999980
      Final Ne1:      31.00000000
      Final Ne2:      30.00000000

=================== Penalty functional idempotency correction ==================
 RMS occupancy error at iteration   1:  0.000342 (step -0.4991 Ne1=     31.0000)
                                                               Ne2=     30.0000
            Final RMS occupancy error   :  0.000000 (Ne1=     31.0000)
                                                     Ne2=     30.0000
            Final occupancy bounds spin 1: [ -0.000,  1.000]
            Final occupancy bounds spin 2: [ -0.000,  1.000]
================================================================================

    1        -2.273430336468E+02     9.4464E-03     5.3680E-03
      ideal mu1:      -1.118679107982
      ideal mu2:      -1.128297701030
             Q0:        -227.360317049307
             G0:      -0.007941167575
   RMS gradient:       0.002551369638
     Trial step:       0.313470401772
             Q1:        -227.361978356420
 Quadratic coef:       0.000828013877
 Linear coef   :      -0.002489320990
           Qmin:        -227.362188007985
Quadratic minimum step length (  0.471204935494) accepted
    Initial Ne1:      31.00000666
    Initial Ne2:      30.00000716
      Final Ne1:      31.00000000
      Final Ne2:      30.00000000

=================== Penalty functional idempotency correction ==================
 RMS occupancy error at iteration   1:  0.000111 (step -0.4998 Ne1=     31.0000)
                                                               Ne2=     30.0000
            Final RMS occupancy error   :  0.000000 (Ne1=     31.0000)
                                                     Ne2=     30.0000
            Final occupancy bounds spin 1: [ -0.000,  1.000]
            Final occupancy bounds spin 2: [ -0.000,  1.000]
================================================================================

    2        -2.273603170493E+02     2.5514E-03     1.4503E-03    -1.7283E-02
      ideal mu1:      -1.114636263226
      ideal mu2:      -1.124555689319
             Q0:        -227.362194254061
             G0:      -0.005281751019
   RMS gradient:       0.002087930952
     Trial step:       0.384329026287
             Q1:        -227.362711389133
 Quadratic coef:       0.001512795154
 Linear coef   :      -0.002029930226
           Qmin:        -227.362875214850
Quadratic minimum step length (  0.257854179834) accepted
    Initial Ne1:      31.00000267
    Initial Ne2:      30.00000294
      Final Ne1:      31.00000000
      Final Ne2:      30.00000000

=================== Penalty functional idempotency correction ==================
 RMS occupancy error at iteration   1:  0.000077 (step -0.4998 Ne1=     31.0000)
                                                               Ne2=     30.0000
            Final RMS occupancy error   :  0.000000 (Ne1=     31.0000)
                                                     Ne2=     30.0000
            Final occupancy bounds spin 1: [ -0.000,  1.000]
            Final occupancy bounds spin 2: [ -0.000,  1.000]
================================================================================

    3        -2.273621942541E+02     2.0879E-03     1.1890E-03    -1.8772E-03
      ideal mu1:      -1.114215040691
      ideal mu2:      -1.124252164373
             Q0:        -227.362871346421
             G0:      -0.002541936591
   RMS gradient:       0.001444066053
     Trial step:       0.314802868252
             Q1:        -227.363494787483
 Quadratic coef:       0.000176767868
 Linear coef   :      -0.000800208930
           Qmin:        -227.363776961138
Quadratic minimum step length (  0.712539188335) accepted
    Initial Ne1:      31.00000436
    Initial Ne2:      30.00000477
      Final Ne1:      31.00000000
      Final Ne2:      30.00000000

=================== Penalty functional idempotency correction ==================
 RMS occupancy error at iteration   1:  0.000247 (step -0.4988 Ne1=     31.0000)
                                                               Ne2=     30.0000
 RMS occupancy error at iteration   2:  0.000000 (step -0.5000 Ne1=     31.0000)
                                                               Ne2=     30.0000
            Final RMS occupancy error   :  0.000000 (Ne1=     31.0000)
                                                     Ne2=     30.0000
            Final occupancy bounds spin 1: [  0.000,  1.000]
            Final occupancy bounds spin 2: [  0.000,  1.000]
================================================================================

    4        -2.273628713464E+02     1.4441E-03     8.2491E-04    -6.7709E-04
      ideal mu1:      -1.120455669546
      ideal mu2:      -1.130141705298
    5        -2.273638296164E+02     9.3489E-04     5.3365E-04    -9.5827E-04
Finished density kernel iterations (   5)

Writing density kernel to file "Fe_H2O_6_LowSpin_NGWFSP.dkn" ... done


>>> Density kernel optimised for the current NGWF basis:
     ~~~~~~~~~~~~~~~~~~~~~~~~~~~~~~~~~~~~~~~~~~~~~~~~~~~~~~~~~~~
     Total energy                =  -2.27363829616449E+02  Eh
     Estimated bandgap (UP spin) =   5.9347E-02  Eh
     Estimated bandgap (DN spin) =   1.2081E-02  Eh
     RMS occupancy error         =   1.1880E-12
     [H,K] commutator            =   5.3365E-04
     UP spin occupancy bounds    = [  0.000:  1.000]
     DN spin occupancy bounds    = [  0.000:  1.000]
     ~~~~~~~~~~~~~~~~~~~~~~~~~~~~~~~~~~~~~~~~~~~~~~~~~~~~~~~~~~~




################################################################################
########################### NGWF CG iteration  002 #############################
################################################################################
****** Reciprocal space K.E. preconditioning with k_zero =  3.0000 a0^-1 *******

>>> Checking for convergence of NGWFs:   NOT CONVERGED
  ========================================================================
         NGWF RMS gradient =  3.6329E-04 >  2.0000E-06  | above tolerance
  ========================================================================

>>> Improving NGWFs using line search:
============ Calculation of NGWF S^-1 using Hotelling algorithm ================ 
     Iteration  |  Spin  |  Frobenius norm and Maximum abs value (of I-S*S_n^-1)
         1           1      0.12573942E-01     0.24477584E-02
         1           2      0.12850287E-01     0.24656577E-02
         2           1      0.32288840E-04     0.65704578E-05
         2           2      0.32941604E-04     0.66306647E-05
         3           1      0.23401382E-09     0.49048543E-10
         3           2      0.24029510E-09     0.49902193E-10
         4           1      0.39220835E-14     0.88817842E-15
         4           2      0.36562645E-14     0.88817842E-15
================================================================================
============ Calculation of NGWF S^-1 using Hotelling algorithm ================ 
     Iteration  |  Spin  |  Frobenius norm and Maximum abs value (of I-S*S_n^-1)
         1           1      0.28724110E-01     0.59917329E-02
         1           2      0.29195100E-01     0.60281446E-02
         2           1      0.17554855E-03     0.38062723E-04
         2           2      0.17827918E-03     0.38372428E-04
         3           1      0.69673511E-08     0.15593190E-08
         3           2      0.71267317E-08     0.15829973E-08
         4           1      0.39818847E-14     0.11102230E-14
         4           2      0.37775373E-14     0.11102230E-14
================================================================================
------------------------------- NGWF line search -------------------------------
RMS gradient                =       0.00036328973092
Trial step length           =               0.341794
Gradient along search dir.  =         -0.20810689476
Functional at step 0        =    -227.36382961644910
Functional at step 1        =    -227.42249529564756
Functional predicted        =    -227.46531088090296
Selected quadratic step     =               0.975280
Conjugate gradients coeff.  =               0.142254
--------------------------- NGWF line search finished --------------------------
                                               
Writing NGWFs to file "Fe_H2O_6_LowSpin_NGWFSP.tightbox_ngwfs".... done

>>> Optimising kernel for current NGWFs:
   Initial electron number for spin 1:      31.09250865
   Initial electron number for spin 2:      30.09285832
     Final electron number for spin 1:      31.00000000
     Final electron number for spin 2:      30.00000000

=================== Penalty functional idempotency correction ==================
 RMS occupancy error at iteration   1:  0.002362 (step -0.4957 Ne1=     31.0000)
                                                               Ne2=     30.0000
 RMS occupancy error at iteration   2:  0.000008 (step -0.5000 Ne1=     31.0000)
                                                               Ne2=     30.0000
            Final RMS occupancy error   :  0.000000 (Ne1=     31.0000)
                                                     Ne2=     30.0000
            Final occupancy bounds spin 1: [  0.000,  1.000]
            Final occupancy bounds spin 2: [  0.000,  1.000]
================================================================================

................................................................................
<<<<<<<<<<<<<< LNV (Original version) density kernel optimisation >>>>>>>>>>>>>>
~~~~~~~~~~~~~~~~~~~~~~~~~~~~~~~~~~~~~~~~~~~~~~~~~~~~~~~~~~~~~~~~~~~~~~~~~~~~~~~~
   iter  |      energy (Eh)       | rms gradient |  commutator  |   dE (Eh)
      ideal mu1:      -1.123673513730
      ideal mu2:      -1.133528812846
             Q0:        -227.464228591560
             G0:      -0.013643510572
   RMS gradient:       0.003371180325
     Trial step:       0.473613112392
             Q1:        -227.465757398935
 Quadratic coef:       0.004932938131
 Linear coef   :      -0.006461745506
           Qmin:        -227.466344681093
Quadratic minimum step length (  0.310197221137) accepted
    Initial Ne1:      30.99999999
    Initial Ne2:      30.00000000
      Final Ne1:      31.00000000
      Final Ne2:      30.00000000

=================== Penalty functional idempotency correction ==================
 RMS occupancy error at iteration   1:  0.000035 (step -0.4999 Ne1=     31.0000)
                                                               Ne2=     30.0000
            Final RMS occupancy error   :  0.000000 (Ne1=     31.0000)
                                                     Ne2=     30.0000
            Final occupancy bounds spin 1: [ -0.000,  1.000]
            Final occupancy bounds spin 2: [ -0.000,  1.000]
================================================================================

    1        -2.274642285916E+02     3.3712E-03     1.9166E-03
      ideal mu1:      -1.114749573695
      ideal mu2:      -1.124383462107
             Q0:        -227.466319178150
             G0:      -0.000822796076
   RMS gradient:       0.000819323429
     Trial step:       0.383292931526
             Q1:        -227.466524502661
 Quadratic coef:       0.000110047409
 Linear coef   :      -0.000315371920
           Qmin:        -227.466545124968
Quadratic minimum step length (  0.549217053232) accepted
    Initial Ne1:      31.00000004
    Initial Ne2:      30.00000005
      Final Ne1:      31.00000000
      Final Ne2:      30.00000000

=================== Penalty functional idempotency correction ==================
 RMS occupancy error at iteration   1:  0.000014 (step -0.5000 Ne1=     31.0000)
                                                               Ne2=     30.0000
            Final RMS occupancy error   :  0.000000 (Ne1=     31.0000)
                                                     Ne2=     30.0000
            Final occupancy bounds spin 1: [  0.000,  1.000]
            Final occupancy bounds spin 2: [  0.000,  1.000]
================================================================================

    2        -2.274663191782E+02     8.1932E-04     4.6613E-04    -2.0906E-03
      ideal mu1:      -1.111951532869
      ideal mu2:      -1.121719327892
             Q0:        -227.466550067344
             G0:      -0.000702476175
   RMS gradient:       0.000738547914
     Trial step:       0.458814793111
             Q1:        -227.466667076252
 Quadratic coef:       0.000205297554
 Linear coef   :      -0.000322306461
           Qmin:        -227.466676568431
Quadratic minimum step length (  0.360157657896) accepted
    Initial Ne1:      30.99999996
    Initial Ne2:      29.99999995
      Final Ne1:      31.00000000
      Final Ne2:      30.00000000

=================== Penalty functional idempotency correction ==================
 RMS occupancy error at iteration   1:  0.000019 (step -0.4999 Ne1=     31.0000)
                                                               Ne2=     30.0000
            Final RMS occupancy error   :  0.000000 (Ne1=     31.0000)
                                                     Ne2=     30.0000
            Final occupancy bounds spin 1: [ -0.000,  1.000]
            Final occupancy bounds spin 2: [ -0.000,  1.000]
================================================================================

    3        -2.274665500673E+02     7.3855E-04     4.2066E-04    -2.3089E-04
      ideal mu1:      -1.112250918306
      ideal mu2:      -1.121995954699
             Q0:        -227.466674908937
             G0:      -0.000530472331
   RMS gradient:       0.000647922606
     Trial step:       0.406504195913
             Q1:        -227.466808465316
 Quadratic coef:       0.000082082849
 Linear coef   :      -0.000215639229
           Qmin:        -227.466816534981
Quadratic minimum step length (  0.533962041900) accepted
    Initial Ne1:      31.00000006
    Initial Ne2:      30.00000001
      Final Ne1:      31.00000000
      Final Ne2:      30.00000000

=================== Penalty functional idempotency correction ==================
 RMS occupancy error at iteration   1:  0.000053 (step -0.4997 Ne1=     31.0000)
                                                               Ne2=     30.0000
            Final RMS occupancy error   :  0.000000 (Ne1=     31.0000)
                                                     Ne2=     30.0000
            Final occupancy bounds spin 1: [ -0.000,  1.000]
            Final occupancy bounds spin 2: [ -0.000,  1.000]
================================================================================

    4        -2.274666749089E+02     6.4792E-04     3.6850E-04    -1.2484E-04
      ideal mu1:      -1.113615356789
      ideal mu2:      -1.123282343954
    5        -2.274668196736E+02     6.6230E-04     3.7618E-04    -1.4476E-04
Finished density kernel iterations (   5)

Writing density kernel to file "Fe_H2O_6_LowSpin_NGWFSP.dkn" ... done


>>> Density kernel optimised for the current NGWF basis:
     ~~~~~~~~~~~~~~~~~~~~~~~~~~~~~~~~~~~~~~~~~~~~~~~~~~~~~~~~~~~
     Total energy                =  -2.27466819673608E+02  Eh
     Estimated bandgap (UP spin) =   5.8073E-02  Eh
     Estimated bandgap (DN spin) =   1.3497E-02  Eh
     RMS occupancy error         =   1.1810E-08
     [H,K] commutator            =   3.7618E-04
     UP spin occupancy bounds    = [ -0.000:  1.000]
     DN spin occupancy bounds    = [ -0.000:  1.000]
     ~~~~~~~~~~~~~~~~~~~~~~~~~~~~~~~~~~~~~~~~~~~~~~~~~~~~~~~~~~~




################################################################################
########################### NGWF CG iteration  003 #############################
################################################################################
****** Reciprocal space K.E. preconditioning with k_zero =  3.0000 a0^-1 *******

>>> Checking for convergence of NGWFs:   NOT CONVERGED
  ========================================================================
         NGWF RMS gradient =  1.6259E-04 >  2.0000E-06  | above tolerance
  ========================================================================

>>> Improving NGWFs using line search:
============ Calculation of NGWF S^-1 using Hotelling algorithm ================ 
     Iteration  |  Spin  |  Frobenius norm and Maximum abs value (of I-S*S_n^-1)
         1           1      0.13458796E-01     0.22110335E-02
         1           2      0.13541837E-01     0.22200734E-02
         2           1      0.41689717E-04     0.67536732E-05
         2           2      0.41934945E-04     0.67880327E-05
         3           1      0.47039003E-09     0.78817963E-10
         3           2      0.47535014E-09     0.79603657E-10
         4           1      0.37515734E-14     0.88817842E-15
         4           2      0.41238257E-14     0.12212453E-14
================================================================================
============ Calculation of NGWF S^-1 using Hotelling algorithm ================ 
     Iteration  |  Spin  |  Frobenius norm and Maximum abs value (of I-S*S_n^-1)
         1           1      0.91150141E-02     0.15490603E-02
         1           2      0.91649220E-02     0.15548435E-02
         2           1      0.19555696E-04     0.32433732E-05
         2           2      0.19674625E-04     0.32593315E-05
         3           1      0.10375312E-09     0.17472721E-10
         3           2      0.10495044E-09     0.17636781E-10
         4           1      0.36856406E-14     0.88817842E-15
         4           2      0.39686611E-14     0.77715612E-15
================================================================================
------------------------------- NGWF line search -------------------------------
RMS gradient                =       0.00016259127443
Trial step length           =               0.577360
Gradient along search dir.  =         -0.04211391778
Functional at step 0        =    -227.46681967360752
Functional at step 1        =    -227.48351011525722
Functional predicted        =    -227.48620513714388
Selected quadratic step     =               0.920620
Conjugate gradients coeff.  =               0.200303
--------------------------- NGWF line search finished --------------------------
                                               
Writing NGWFs to file "Fe_H2O_6_LowSpin_NGWFSP.tightbox_ngwfs".... done

>>> Optimising kernel for current NGWFs:
   Initial electron number for spin 1:      31.02833222
   Initial electron number for spin 2:      30.02824104
     Final electron number for spin 1:      31.00000000
     Final electron number for spin 2:      30.00000000

=================== Penalty functional idempotency correction ==================
 RMS occupancy error at iteration   1:  0.000800 (step -0.4985 Ne1=     31.0000)
                                                               Ne2=     30.0000
 RMS occupancy error at iteration   2:  0.000001 (step -0.5000 Ne1=     31.0000)
                                                               Ne2=     30.0000
            Final RMS occupancy error   :  0.000000 (Ne1=     31.0000)
                                                     Ne2=     30.0000
            Final occupancy bounds spin 1: [  0.000,  1.000]
            Final occupancy bounds spin 2: [  0.000,  1.000]
================================================================================

................................................................................
<<<<<<<<<<<<<< LNV (Original version) density kernel optimisation >>>>>>>>>>>>>>
~~~~~~~~~~~~~~~~~~~~~~~~~~~~~~~~~~~~~~~~~~~~~~~~~~~~~~~~~~~~~~~~~~~~~~~~~~~~~~~~
   iter  |      energy (Eh)       | rms gradient |  commutator  |   dE (Eh)
      ideal mu1:      -1.118955512400
      ideal mu2:      -1.128365249900
             Q0:        -227.486171889209
             G0:      -0.001621588373
   RMS gradient:       0.001162222366
     Trial step:       0.465894634537
             Q1:        -227.486225847089
 Quadratic coef:       0.000701531443
 Linear coef   :      -0.000755489323
           Qmin:        -227.486375288544
Quadratic minimum step length (  0.250864323661) accepted
    Initial Ne1:      31.00000000
    Initial Ne2:      30.00000000
      Final Ne1:      31.00000000
      Final Ne2:      30.00000000

=================== Penalty functional idempotency correction ==================
 RMS occupancy error at iteration   1:  0.000003 (step -0.5000 Ne1=     31.0000)
                                                               Ne2=     30.0000
            Final RMS occupancy error   :  0.000000 (Ne1=     31.0000)
                                                     Ne2=     30.0000
            Final occupancy bounds spin 1: [  0.000,  1.000]
            Final occupancy bounds spin 2: [  0.000,  1.000]
================================================================================

    1        -2.274861718892E+02     1.1622E-03     6.6033E-04
      ideal mu1:      -1.115330196252
      ideal mu2:      -1.124837174557
             Q0:        -227.486368693049
             G0:      -0.000427666967
   RMS gradient:       0.000586113746
     Trial step:       0.341871821580
             Q1:        -227.486409384274
 Quadratic coef:       0.000105516060
 Linear coef   :      -0.000146207285
           Qmin:        -227.486419340719
Quadratic minimum step length (  0.236855654601) accepted
    Initial Ne1:      31.00000000
    Initial Ne2:      30.00000000
      Final Ne1:      31.00000000
      Final Ne2:      30.00000000

=================== Penalty functional idempotency correction ==================
 RMS occupancy error at iteration   1:  0.000002 (step -0.5000 Ne1=     31.0000)
                                                               Ne2=     30.0000
            Final RMS occupancy error   :  0.000000 (Ne1=     31.0000)
                                                     Ne2=     30.0000
            Final occupancy bounds spin 1: [  0.000,  1.000]
            Final occupancy bounds spin 2: [  0.000,  1.000]
================================================================================

    2        -2.274863686930E+02     5.8611E-04     3.3299E-04    -1.9680E-04
      ideal mu1:      -1.113858514632
      ideal mu2:      -1.123423422821
             Q0:        -227.486418131696
             G0:      -0.000091915630
   RMS gradient:       0.000269093448
     Trial step:       0.284559790009
             Q1:        -227.486435135798
 Quadratic coef:       0.000009151390
 Linear coef   :      -0.000026155492
           Qmin:        -227.486436820380
Quadratic minimum step length (  0.406648672614) accepted
    Initial Ne1:      31.00000000
    Initial Ne2:      30.00000000
      Final Ne1:      31.00000000
      Final Ne2:      30.00000000

=================== Penalty functional idempotency correction ==================
 RMS occupancy error at iteration   1:  0.000002 (step -0.5000 Ne1=     31.0000)
                                                               Ne2=     30.0000
            Final RMS occupancy error   :  0.000000 (Ne1=     31.0000)
                                                     Ne2=     30.0000
            Final occupancy bounds spin 1: [  0.000,  1.000]
            Final occupancy bounds spin 2: [  0.000,  1.000]
================================================================================

    3        -2.274864181317E+02     2.6909E-04     1.5316E-04    -4.9439E-05
      ideal mu1:      -1.113473557664
      ideal mu2:      -1.123066432847
             Q0:        -227.486436999346
             G0:      -0.000065596620
   RMS gradient:       0.000229900667
     Trial step:       0.340170340986
             Q1:        -227.486451925407
 Quadratic coef:       0.000007387963
 Linear coef   :      -0.000022314024
           Qmin:        -227.486453848228
Quadratic minimum step length (  0.513711904900) accepted
    Initial Ne1:      31.00000000
    Initial Ne2:      30.00000000
      Final Ne1:      31.00000000
      Final Ne2:      30.00000000

=================== Penalty functional idempotency correction ==================
 RMS occupancy error at iteration   1:  0.000004 (step -0.5000 Ne1=     31.0000)
                                                               Ne2=     30.0000
            Final RMS occupancy error   :  0.000000 (Ne1=     31.0000)
                                                     Ne2=     30.0000
            Final occupancy bounds spin 1: [  0.000,  1.000]
            Final occupancy bounds spin 2: [  0.000,  1.000]
================================================================================

    4        -2.274864369993E+02     2.2990E-04     1.3132E-04    -1.8868E-05
      ideal mu1:      -1.113586321362
      ideal mu2:      -1.123195618562
    5        -2.274864548169E+02     2.0352E-04     1.1661E-04    -1.7818E-05
Finished density kernel iterations (   5)

Writing density kernel to file "Fe_H2O_6_LowSpin_NGWFSP.dkn" ... done


>>> Density kernel optimised for the current NGWF basis:
     ~~~~~~~~~~~~~~~~~~~~~~~~~~~~~~~~~~~~~~~~~~~~~~~~~~~~~~~~~~~
     Total energy                =  -2.27486454816889E+02  Eh
     Estimated bandgap (UP spin) =   5.6665E-02  Eh
     Estimated bandgap (DN spin) =   1.4225E-02  Eh
     RMS occupancy error         =   1.5682E-10
     [H,K] commutator            =   1.1661E-04
     UP spin occupancy bounds    = [  0.000:  1.000]
     DN spin occupancy bounds    = [  0.000:  1.000]
     ~~~~~~~~~~~~~~~~~~~~~~~~~~~~~~~~~~~~~~~~~~~~~~~~~~~~~~~~~~~




################################################################################
########################### NGWF CG iteration  004 #############################
################################################################################
****** Reciprocal space K.E. preconditioning with k_zero =  3.0000 a0^-1 *******

>>> Checking for convergence of NGWFs:   NOT CONVERGED
  ========================================================================
         NGWF RMS gradient =  8.9392E-05 >  2.0000E-06  | above tolerance
  ========================================================================

>>> Improving NGWFs using line search:
============ Calculation of NGWF S^-1 using Hotelling algorithm ================ 
     Iteration  |  Spin  |  Frobenius norm and Maximum abs value (of I-S*S_n^-1)
         1           1      0.14409229E-01     0.20640553E-02
         1           2      0.14581058E-01     0.20662926E-02
         2           1      0.54517582E-04     0.84202893E-05
         2           2      0.54892213E-04     0.84426767E-05
         3           1      0.84829747E-09     0.13807466E-09
         3           2      0.85669710E-09     0.13900547E-09
         4           1      0.39428841E-14     0.88817842E-15
         4           2      0.37011156E-14     0.13322676E-14
================================================================================
============ Calculation of NGWF S^-1 using Hotelling algorithm ================ 
     Iteration  |  Spin  |  Frobenius norm and Maximum abs value (of I-S*S_n^-1)
         1           1      0.18299940E-03     0.27453302E-04
         1           2      0.18481216E-03     0.27479323E-04
         2           1      0.88158560E-08     0.13349877E-08
         2           2      0.88722549E-08     0.13385617E-08
         3           1      0.39351176E-14     0.88817842E-15
         3           2      0.35281239E-14     0.66613381E-15
================================================================================
------------------------------- NGWF line search -------------------------------
RMS gradient                =       0.00008939196886
Trial step length           =               0.729061
Gradient along search dir.  =         -0.01279232576
Functional at step 0        =    -227.48645481688931
Functional at step 1        =    -227.49117043759054
Functional predicted        =    -227.49117103379743
Selected quadratic step     =               0.737351
Conjugate gradients coeff.  =               0.302275
--------------------------- NGWF line search finished --------------------------
                                               
Writing NGWFs to file "Fe_H2O_6_LowSpin_NGWFSP.tightbox_ngwfs".... done

>>> Optimising kernel for current NGWFs:
   Initial electron number for spin 1:      31.00973078
   Initial electron number for spin 2:      30.00976837
     Final electron number for spin 1:      31.00000000
     Final electron number for spin 2:      30.00000000

=================== Penalty functional idempotency correction ==================
 RMS occupancy error at iteration   1:  0.000261 (step -0.4994 Ne1=     31.0000)
                                                               Ne2=     30.0000
            Final RMS occupancy error   :  0.000000 (Ne1=     31.0000)
                                                     Ne2=     30.0000
            Final occupancy bounds spin 1: [  0.000,  1.000]
            Final occupancy bounds spin 2: [  0.000,  1.000]
================================================================================

................................................................................
<<<<<<<<<<<<<< LNV (Original version) density kernel optimisation >>>>>>>>>>>>>>
~~~~~~~~~~~~~~~~~~~~~~~~~~~~~~~~~~~~~~~~~~~~~~~~~~~~~~~~~~~~~~~~~~~~~~~~~~~~~~~~
   iter  |      energy (Eh)       | rms gradient |  commutator  |   dE (Eh)
      ideal mu1:      -1.111916042304
      ideal mu2:      -1.121690758566
             Q0:        -227.491167018349
             G0:      -0.000639239530
   RMS gradient:       0.000729710725
     Trial step:       0.418030565698
             Q1:        -227.491220706674
 Quadratic coef:       0.000213533337
 Linear coef   :      -0.000267221662
           Qmin:        -227.491250620537
Quadratic minimum step length (  0.261567641197) accepted
    Initial Ne1:      30.99999604
    Initial Ne2:      29.99999760
      Final Ne1:      31.00000000
      Final Ne2:      30.00000000

=================== Penalty functional idempotency correction ==================
 RMS occupancy error at iteration   1:  0.000002 (step -0.5000 Ne1=     31.0000)
                                                               Ne2=     30.0000
            Final RMS occupancy error   :  0.000000 (Ne1=     31.0000)
                                                     Ne2=     30.0000
            Final occupancy bounds spin 1: [  0.000,  1.000]
            Final occupancy bounds spin 2: [  0.000,  1.000]
================================================================================

    1        -2.274911670183E+02     7.2971E-04     4.1557E-04
      ideal mu1:      -1.113011031269
      ideal mu2:      -1.122631458747
             Q0:        -227.491248450326
             G0:      -0.000139849516
   RMS gradient:       0.000334212825
     Trial step:       0.330670937668
             Q1:        -227.491268054529
 Quadratic coef:       0.000026639968
 Linear coef   :      -0.000046244171
           Qmin:        -227.491268519075
Quadratic minimum step length (  0.287004912180) accepted
    Initial Ne1:      30.99999909
    Initial Ne2:      29.99999945
      Final Ne1:      31.00000000
      Final Ne2:      30.00000000

=================== Penalty functional idempotency correction ==================
 RMS occupancy error at iteration   1:  0.000001 (step -0.5000 Ne1=     31.0000)
                                                               Ne2=     30.0000
            Final RMS occupancy error   :  0.000000 (Ne1=     31.0000)
                                                     Ne2=     30.0000
            Final occupancy bounds spin 1: [  0.000,  1.000]
            Final occupancy bounds spin 2: [  0.000,  1.000]
================================================================================

    2        -2.274912484503E+02     3.3421E-04     1.9052E-04    -8.1432E-05
      ideal mu1:      -1.113324346450
      ideal mu2:      -1.122877579577
             Q0:        -227.491268121564
             G0:      -0.000057731371
   RMS gradient:       0.000204831489
     Trial step:       0.308065225928
             Q1:        -227.491277345556
 Quadratic coef:       0.000008561036
 Linear coef   :      -0.000017785028
           Qmin:        -227.491277358390
Quadratic minimum step length (  0.319993310461) accepted
    Initial Ne1:      30.99999962
    Initial Ne2:      29.99999977
      Final Ne1:      31.00000000
      Final Ne2:      30.00000000

=================== Penalty functional idempotency correction ==================
 RMS occupancy error at iteration   1:  0.000001 (step -0.5000 Ne1=     31.0000)
                                                               Ne2=     30.0000
            Final RMS occupancy error   :  0.000000 (Ne1=     31.0000)
                                                     Ne2=     30.0000
            Final occupancy bounds spin 1: [  0.000,  1.000]
            Final occupancy bounds spin 2: [  0.000,  1.000]
================================================================================

    3        -2.274912681216E+02     2.0483E-04     1.1690E-04    -1.9671E-05
      ideal mu1:      -1.113575456757
      ideal mu2:      -1.123113451745
             Q0:        -227.491277423039
             G0:      -0.000036280406
   RMS gradient:       0.000157708408
     Trial step:       0.313972628556
             Q1:        -227.491284927721
 Quadratic coef:       0.000003886373
 Linear coef   :      -0.000011391054
           Qmin:        -227.491285769905
Quadratic minimum step length (  0.460130765325) accepted
    Initial Ne1:      30.99999967
    Initial Ne2:      29.99999980
      Final Ne1:      31.00000000
      Final Ne2:      30.00000000

=================== Penalty functional idempotency correction ==================
 RMS occupancy error at iteration   1:  0.000002 (step -0.5000 Ne1=     31.0000)
                                                               Ne2=     30.0000
            Final RMS occupancy error   :  0.000000 (Ne1=     31.0000)
                                                     Ne2=     30.0000
            Final occupancy bounds spin 1: [  0.000,  1.000]
            Final occupancy bounds spin 2: [  0.000,  1.000]
================================================================================

    4        -2.274912774230E+02     1.5771E-04     9.0017E-05    -9.3015E-06
      ideal mu1:      -1.113712484916
      ideal mu2:      -1.123250674589
    5        -2.274912867012E+02     1.2381E-04     7.0793E-05    -9.2781E-06
Finished density kernel iterations (   5)

Writing density kernel to file "Fe_H2O_6_LowSpin_NGWFSP.dkn" ... done


>>> Density kernel optimised for the current NGWF basis:
     ~~~~~~~~~~~~~~~~~~~~~~~~~~~~~~~~~~~~~~~~~~~~~~~~~~~~~~~~~~~
     Total energy                =  -2.27491286701156E+02  Eh
     Estimated bandgap (UP spin) =   5.6174E-02  Eh
     Estimated bandgap (DN spin) =   1.4519E-02  Eh
     RMS occupancy error         =   5.2427E-11
     [H,K] commutator            =   7.0793E-05
     UP spin occupancy bounds    = [  0.000:  1.000]
     DN spin occupancy bounds    = [  0.000:  1.000]
     ~~~~~~~~~~~~~~~~~~~~~~~~~~~~~~~~~~~~~~~~~~~~~~~~~~~~~~~~~~~




################################################################################
########################### NGWF CG iteration  005 #############################
################################################################################
****** Reciprocal space K.E. preconditioning with k_zero =  3.0000 a0^-1 *******

>>> Checking for convergence of NGWFs:   NOT CONVERGED
  ========================================================================
         NGWF RMS gradient =  5.1021E-05 >  2.0000E-06  | above tolerance
  ========================================================================

>>> Improving NGWFs using line search:
============ Calculation of NGWF S^-1 using Hotelling algorithm ================ 
     Iteration  |  Spin  |  Frobenius norm and Maximum abs value (of I-S*S_n^-1)
         1           1      0.65759433E-02     0.99123001E-03
         1           2      0.66290768E-02     0.99075878E-03
         2           1      0.11661912E-04     0.16911161E-05
         2           2      0.11712087E-04     0.16914751E-05
         3           1      0.41841478E-10     0.58728578E-11
         3           2      0.42203316E-10     0.58937299E-11
         4           1      0.36706135E-14     0.88817842E-15
         4           2      0.35898546E-14     0.88817842E-15
================================================================================
============ Calculation of NGWF S^-1 using Hotelling algorithm ================ 
     Iteration  |  Spin  |  Frobenius norm and Maximum abs value (of I-S*S_n^-1)
         1           1      0.16738637E-02     0.24623541E-03
         1           2      0.16863451E-02     0.24612198E-03
         2           1      0.75694222E-06     0.10852081E-06
         2           2      0.76017992E-06     0.10855233E-06
         3           1      0.17409118E-12     0.24546771E-13
         3           2      0.17570484E-12     0.25313085E-13
================================================================================
------------------------------- NGWF line search -------------------------------
RMS gradient                =       0.00005102127341
Trial step length           =               0.733194
Gradient along search dir.  =         -0.00411855910
Functional at step 0        =    -227.49128670115550
Functional at step 1        =    -227.49232475677346
Functional predicted        =    -227.49243708319653
Selected quadratic step     =               0.558633
Conjugate gradients coeff.  =               0.000000
--------------------------- NGWF line search finished --------------------------
                                               
Writing NGWFs to file "Fe_H2O_6_LowSpin_NGWFSP.tightbox_ngwfs".... done

>>> Optimising kernel for current NGWFs:
   Initial electron number for spin 1:      31.00019898
   Initial electron number for spin 2:      30.00023624
     Final electron number for spin 1:      31.00000000
     Final electron number for spin 2:      30.00000000

=================== Penalty functional idempotency correction ==================
 RMS occupancy error at iteration   1:  0.000060 (step -0.5000 Ne1=     31.0000)
                                                               Ne2=     30.0000
            Final RMS occupancy error   :  0.000000 (Ne1=     31.0000)
                                                     Ne2=     30.0000
            Final occupancy bounds spin 1: [  0.000,  1.000]
            Final occupancy bounds spin 2: [  0.000,  1.000]
================================================================================

................................................................................
<<<<<<<<<<<<<< LNV (Original version) density kernel optimisation >>>>>>>>>>>>>>
~~~~~~~~~~~~~~~~~~~~~~~~~~~~~~~~~~~~~~~~~~~~~~~~~~~~~~~~~~~~~~~~~~~~~~~~~~~~~~~~
   iter  |      energy (Eh)       | rms gradient |  commutator  |   dE (Eh)
      ideal mu1:      -1.115214069037
      ideal mu2:      -1.124652402041
             Q0:        -227.492439174042
             G0:      -0.000169062696
   RMS gradient:       0.000375269107
     Trial step:       0.380090075994
             Q1:        -227.492456532392
 Quadratic coef:       0.000046900703
 Linear coef   :      -0.000064259053
           Qmin:        -227.492461184511
Quadratic minimum step length (  0.260382327904) accepted
    Initial Ne1:      30.99999937
    Initial Ne2:      29.99999935
      Final Ne1:      31.00000000
      Final Ne2:      30.00000000

=================== Penalty functional idempotency correction ==================
 RMS occupancy error at iteration   1:  0.000001 (step -0.5000 Ne1=     31.0000)
                                                               Ne2=     30.0000
            Final RMS occupancy error   :  0.000000 (Ne1=     31.0000)
                                                     Ne2=     30.0000
            Final occupancy bounds spin 1: [  0.000,  1.000]
            Final occupancy bounds spin 2: [  0.000,  1.000]
================================================================================

    1        -2.274924391740E+02     3.7527E-04     2.1317E-04
      ideal mu1:      -1.114281140699
      ideal mu2:      -1.123794118106
             Q0:        -227.492461135687
             G0:      -0.000060128449
   RMS gradient:       0.000223258836
     Trial step:       0.314592973222
             Q1:        -227.492470236197
 Quadratic coef:       0.000009815477
 Linear coef   :      -0.000018915988
           Qmin:        -227.492470249217
Quadratic minimum step length (  0.303135376097) accepted
    Initial Ne1:      30.99999974
    Initial Ne2:      29.99999973
      Final Ne1:      31.00000000
      Final Ne2:      30.00000000

=================== Penalty functional idempotency correction ==================
 RMS occupancy error at iteration   1:  0.000001 (step -0.5000 Ne1=     31.0000)
                                                               Ne2=     30.0000
            Final RMS occupancy error   :  0.000000 (Ne1=     31.0000)
                                                     Ne2=     30.0000
            Final occupancy bounds spin 1: [  0.000,  1.000]
            Final occupancy bounds spin 2: [  0.000,  1.000]
================================================================================

    2        -2.274924611357E+02     2.2326E-04     1.2688E-04    -2.1962E-05
      ideal mu1:      -1.113780513438
      ideal mu2:      -1.123327335805
             Q0:        -227.492470248715
             G0:      -0.000020215839
   RMS gradient:       0.000129641198
     Trial step:       0.308811041343
             Q1:        -227.492473323277
 Quadratic coef:       0.000003168312
 Linear coef   :      -0.000006242874
           Qmin:        -227.492473323971
Quadratic minimum step length (  0.304242231722) accepted
    Initial Ne1:      30.99999991
    Initial Ne2:      29.99999991
      Final Ne1:      31.00000000
      Final Ne2:      30.00000000

=================== Penalty functional idempotency correction ==================
 RMS occupancy error at iteration   1:  0.000000 (step -0.5000 Ne1=     31.0000)
                                                               Ne2=     30.0000
            Final RMS occupancy error   :  0.000000 (Ne1=     31.0000)
                                                     Ne2=     30.0000
            Final occupancy bounds spin 1: [  0.000,  1.000]
            Final occupancy bounds spin 2: [  0.000,  1.000]
================================================================================

    3        -2.274924702487E+02     1.2964E-04     7.3960E-05    -9.1130E-06
      ideal mu1:      -1.113716703946
      ideal mu2:      -1.123264332484
             Q0:        -227.492473318202
             G0:      -0.000010924366
   RMS gradient:       0.000089890241
     Trial step:       0.306518124095
             Q1:        -227.492475626813
 Quadratic coef:       0.000001039905
 Linear coef   :      -0.000003348516
           Qmin:        -227.492476013776
Quadratic minimum step length (  0.493497619715) accepted
    Initial Ne1:      30.99999993
    Initial Ne2:      29.99999993
      Final Ne1:      31.00000000
      Final Ne2:      30.00000000

=================== Penalty functional idempotency correction ==================
 RMS occupancy error at iteration   1:  0.000001 (step -0.5000 Ne1=     31.0000)
                                                               Ne2=     30.0000
            Final RMS occupancy error   :  0.000000 (Ne1=     31.0000)
                                                     Ne2=     30.0000
            Final occupancy bounds spin 1: [  0.000,  1.000]
            Final occupancy bounds spin 2: [  0.000,  1.000]
================================================================================

    4        -2.274924733182E+02     8.9890E-05     5.1495E-05    -3.0695E-06
      ideal mu1:      -1.113870858568
      ideal mu2:      -1.123406132382
    5        -2.274924765338E+02     7.5210E-05     4.3073E-05    -3.2156E-06
Finished density kernel iterations (   5)

Writing density kernel to file "Fe_H2O_6_LowSpin_NGWFSP.dkn" ... done


>>> Density kernel optimised for the current NGWF basis:
     ~~~~~~~~~~~~~~~~~~~~~~~~~~~~~~~~~~~~~~~~~~~~~~~~~~~~~~~~~~~
     Total energy                =  -2.27492476533837E+02  Eh
     Estimated bandgap (UP spin) =   5.5894E-02  Eh
     Estimated bandgap (DN spin) =   1.4757E-02  Eh
     RMS occupancy error         =   4.9095E-12
     [H,K] commutator            =   4.3073E-05
     UP spin occupancy bounds    = [  0.000:  1.000]
     DN spin occupancy bounds    = [  0.000:  1.000]
     ~~~~~~~~~~~~~~~~~~~~~~~~~~~~~~~~~~~~~~~~~~~~~~~~~~~~~~~~~~~


================================================================================
           ---------------- ENERGY COMPONENTS (Eh) ----------------
           | Kinetic                    :       63.65933805517794 |
           | Core Hartree               :     -970.29798060817620 |
           | CoreHart (non-coul chg cor):        0.00182615377240
           | Hartree                    :      433.54728503148067 |
           | Exchange-correlation       :      -24.28296325669271 |
           | Ewald                      :      274.69135151602921 |
           | Dij0                       :        2.30364164983771 |
           | Dijhartree                 :       10.86257259853573 |
           | Exc [AE core]              :     -107.67331639685241 |
           | Exc DC [AE core]           :      -49.49809866636032 |
           | Exc [PS core]              :      -21.37771805041806 |
           | Exc DC [PS core]           :      -28.29097354007840 |
           | Exc [Core]                 :      -68.31987682640438 |
           | Total [Sphere]             :       -4.80950727165653 |
           | Total                      :     -227.49247653383759 |
           --------------------------------------------------------
           ------ LOCAL ENERGY COMPONENTS FROM MATRIX TRACES ------
           | Core Hartree               :     -970.29798060818064 |
           | Hartree (Valence)          :      433.54728503148033 |
           --------------------------------------------------------
           Integrated compensation chrg.:       12.45183477788087
           Integrated density           :       60.99999873837007
           Integrated spin density      :        0.99999999265341
           Integrated |spin density|    :        1.09473616669382
           Local density approx. <S^2>  :        0.79736808702025
           Integrated density tr(KS)    :       61.00000000000000
           Integrated spin tr(KS)       :        1.00000000000000
================================================================================




################################################################################
########################### NGWF CG iteration  006 #############################
################################################################################
****** Reciprocal space K.E. preconditioning with k_zero =  3.0000 a0^-1 *******

>>> Checking for convergence of NGWFs:   NOT CONVERGED
  ========================================================================
         NGWF RMS gradient =  3.0062E-05 >  2.0000E-06  | above tolerance
  ========================================================================

>>> Improving NGWFs using line search:
============ Calculation of NGWF S^-1 using Hotelling algorithm ================ 
     Iteration  |  Spin  |  Frobenius norm and Maximum abs value (of I-S*S_n^-1)
         1           1      0.75309356E-02     0.10988937E-02
         1           2      0.75719729E-02     0.10976203E-02
         2           1      0.15832138E-04     0.22187767E-05
         2           2      0.15896090E-04     0.22173134E-05
         3           1      0.77362799E-10     0.10460521E-10
         3           2      0.78003008E-10     0.10488055E-10
         4           1      0.37238069E-14     0.99920072E-15
         4           2      0.34577255E-14     0.88817842E-15
================================================================================
============ Calculation of NGWF S^-1 using Hotelling algorithm ================ 
     Iteration  |  Spin  |  Frobenius norm and Maximum abs value (of I-S*S_n^-1)
         1           1      0.40830734E-02     0.59941453E-03
         1           2      0.41031311E-02     0.59998165E-03
         2           1      0.46070990E-05     0.67685431E-06
         2           2      0.46263192E-05     0.67831557E-06
         3           1      0.63809939E-11     0.88129504E-12
         3           2      0.64277885E-11     0.88529184E-12
================================================================================
------------------------------- NGWF line search -------------------------------
RMS gradient                =       0.00003006192970
Trial step length           =               0.639990
Gradient along search dir.  =         -0.00145282257
Functional at step 0        =    -227.49247653383679
Functional at step 1        =    -227.49308955625810
Functional predicted        =    -227.49315882303648
Selected quadratic step     =               0.939260
Conjugate gradients coeff.  =               0.347161
--------------------------- NGWF line search finished --------------------------
                                               
Writing NGWFs to file "Fe_H2O_6_LowSpin_NGWFSP.tightbox_ngwfs".... done

>>> Optimising kernel for current NGWFs:
   Initial electron number for spin 1:      31.00076904
   Initial electron number for spin 2:      30.00079071
     Final electron number for spin 1:      31.00000000
     Final electron number for spin 2:      30.00000000

=================== Penalty functional idempotency correction ==================
 RMS occupancy error at iteration   1:  0.000123 (step -0.5000 Ne1=     31.0000)
                                                               Ne2=     30.0000
            Final RMS occupancy error   :  0.000000 (Ne1=     31.0000)
                                                     Ne2=     30.0000
            Final occupancy bounds spin 1: [  0.000,  1.000]
            Final occupancy bounds spin 2: [  0.000,  1.000]
================================================================================

................................................................................
<<<<<<<<<<<<<< LNV (Original version) density kernel optimisation >>>>>>>>>>>>>>
~~~~~~~~~~~~~~~~~~~~~~~~~~~~~~~~~~~~~~~~~~~~~~~~~~~~~~~~~~~~~~~~~~~~~~~~~~~~~~~~
   iter  |      energy (Eh)       | rms gradient |  commutator  |   dE (Eh)
      ideal mu1:      -1.113127187350
      ideal mu2:      -1.122745390235
             Q0:        -227.493156905368
             G0:      -0.000089993956
   RMS gradient:       0.000273795049
     Trial step:       0.388929254030
             Q1:        -227.493166545972
 Quadratic coef:       0.000025360679
 Linear coef   :      -0.000035001282
           Qmin:        -227.493168982034
Quadratic minimum step length (  0.268388373527) accepted
    Initial Ne1:      30.99999584
    Initial Ne2:      29.99999578
      Final Ne1:      31.00000000
      Final Ne2:      30.00000000

=================== Penalty functional idempotency correction ==================
 RMS occupancy error at iteration   1:  0.000000 (step -0.5000 Ne1=     31.0000)
                                                               Ne2=     30.0000
            Final RMS occupancy error   :  0.000000 (Ne1=     31.0000)
                                                     Ne2=     30.0000
            Final occupancy bounds spin 1: [  0.000,  1.000]
            Final occupancy bounds spin 2: [  0.000,  1.000]
================================================================================

    1        -2.274931569054E+02     2.7380E-04     1.5595E-04
      ideal mu1:      -1.113650747558
      ideal mu2:      -1.123212610725
             Q0:        -227.493168505335
             G0:      -0.000032665411
   RMS gradient:       0.000158162905
     Trial step:       0.323085267238
             Q1:        -227.493172101031
 Quadratic coef:       0.000006958018
 Linear coef   :      -0.000010553713
           Qmin:        -227.493172507224
Quadratic minimum step length (  0.245023033355) accepted
    Initial Ne1:      30.99999873
    Initial Ne2:      29.99999871
      Final Ne1:      31.00000000
      Final Ne2:      30.00000000

=================== Penalty functional idempotency correction ==================
 RMS occupancy error at iteration   1:  0.000000 (step -0.5000 Ne1=     31.0000)
                                                               Ne2=     30.0000
            Final RMS occupancy error   :  0.000000 (Ne1=     31.0000)
                                                     Ne2=     30.0000
            Final occupancy bounds spin 1: [  0.000,  1.000]
            Final occupancy bounds spin 2: [  0.000,  1.000]
================================================================================

    2        -2.274931685053E+02     1.5816E-04     9.0123E-05    -1.1600E-05
      ideal mu1:      -1.113842320245
      ideal mu2:      -1.123385130099
             Q0:        -227.493172230584
             G0:      -0.000011072826
   RMS gradient:       0.000086380250
     Trial step:       0.281359791390
             Q1:        -227.493173874687
 Quadratic coef:       0.000001471345
 Linear coef   :      -0.000003115448
           Qmin:        -227.493173879758
Quadratic minimum step length (  0.297877662263) accepted
    Initial Ne1:      30.99999954
    Initial Ne2:      29.99999953
      Final Ne1:      31.00000000
      Final Ne2:      30.00000000

=================== Penalty functional idempotency correction ==================
 RMS occupancy error at iteration   1:  0.000000 (step -0.5000 Ne1=     31.0000)
                                                               Ne2=     30.0000
            Final RMS occupancy error   :  0.000000 (Ne1=     31.0000)
                                                     Ne2=     30.0000
            Final occupancy bounds spin 1: [  0.000,  1.000]
            Final occupancy bounds spin 2: [  0.000,  1.000]
================================================================================

    3        -2.274931722306E+02     8.6380E-05     4.9362E-05    -3.7252E-06
      ideal mu1:      -1.113908127910
      ideal mu2:      -1.123448388753
             Q0:        -227.493173916892
             G0:      -0.000008473120
   RMS gradient:       0.000068529918
     Trial step:       0.289500944582
             Q1:        -227.493175314024
 Quadratic coef:       0.000001055844
 Linear coef   :      -0.000002452976
           Qmin:        -227.493175341604
Quadratic minimum step length (  0.336289751134) accepted
    Initial Ne1:      30.99999967
    Initial Ne2:      29.99999967
      Final Ne1:      31.00000000
      Final Ne2:      30.00000000

=================== Penalty functional idempotency correction ==================
 RMS occupancy error at iteration   1:  0.000000 (step -0.5000 Ne1=     31.0000)
                                                               Ne2=     30.0000
            Final RMS occupancy error   :  0.000000 (Ne1=     31.0000)
                                                     Ne2=     30.0000
            Final occupancy bounds spin 1: [  0.000,  1.000]
            Final occupancy bounds spin 2: [  0.000,  1.000]
================================================================================

    4        -2.274931739169E+02     6.8530E-05     3.9242E-05    -1.6863E-06
      ideal mu1:      -1.113943373675
      ideal mu2:      -1.123483277790
    5        -2.274931754529E+02     6.8770E-05     3.9334E-05    -1.5360E-06
Finished density kernel iterations (   5)

Writing density kernel to file "Fe_H2O_6_LowSpin_NGWFSP.dkn" ... done


>>> Density kernel optimised for the current NGWF basis:
     ~~~~~~~~~~~~~~~~~~~~~~~~~~~~~~~~~~~~~~~~~~~~~~~~~~~~~~~~~~~
     Total energy                =  -2.27493175452893E+02  Eh
     Estimated bandgap (UP spin) =   5.4680E-02  Eh
     Estimated bandgap (DN spin) =   1.4661E-02  Eh
     RMS occupancy error         =   1.0721E-12
     [H,K] commutator            =   3.9334E-05
     UP spin occupancy bounds    = [  0.000:  1.000]
     DN spin occupancy bounds    = [  0.000:  1.000]
     ~~~~~~~~~~~~~~~~~~~~~~~~~~~~~~~~~~~~~~~~~~~~~~~~~~~~~~~~~~~




################################################################################
########################### NGWF CG iteration  007 #############################
################################################################################
****** Reciprocal space K.E. preconditioning with k_zero =  3.0000 a0^-1 *******

>>> Checking for convergence of NGWFs:   NOT CONVERGED
  ========================================================================
         NGWF RMS gradient =  1.8124E-05 >  2.0000E-06  | above tolerance
  ========================================================================

>>> Improving NGWFs using line search:
============ Calculation of NGWF S^-1 using Hotelling algorithm ================ 
     Iteration  |  Spin  |  Frobenius norm and Maximum abs value (of I-S*S_n^-1)
         1           1      0.99785053E-02     0.14038458E-02
         1           2      0.10030894E-01     0.14052107E-02
         2           1      0.28019859E-04     0.39237271E-05
         2           2      0.28172118E-04     0.39348746E-05
         3           1      0.24531752E-09     0.32069680E-10
         3           2      0.24813552E-09     0.32336134E-10
         4           1      0.39354917E-14     0.12212453E-14
         4           2      0.42189667E-14     0.11102230E-14
================================================================================
============ Calculation of NGWF S^-1 using Hotelling algorithm ================ 
     Iteration  |  Spin  |  Frobenius norm and Maximum abs value (of I-S*S_n^-1)
         1           1      0.15091722E-02     0.22589230E-03
         1           2      0.15166371E-02     0.22601401E-03
         2           1      0.63247769E-06     0.93349713E-07
         2           2      0.63591698E-06     0.93543898E-07
         3           1      0.12134419E-12     0.17097435E-13
         3           2      0.12264012E-12     0.17097435E-13
================================================================================
------------------------------- NGWF line search -------------------------------
RMS gradient                =       0.00001812432348
Trial step length           =               0.775317
Gradient along search dir.  =         -0.00052985746
Functional at step 0        =    -227.49317545289250
Functional at step 1        =    -227.49340486140846
Functional predicted        =    -227.49340803797998
Selected quadratic step     =               0.877916
Conjugate gradients coeff.  =               0.363488
--------------------------- NGWF line search finished --------------------------
                                               
Writing NGWFs to file "Fe_H2O_6_LowSpin_NGWFSP.tightbox_ngwfs".... done

>>> Optimising kernel for current NGWFs:
   Initial electron number for spin 1:      31.00067001
   Initial electron number for spin 2:      30.00071375
     Final electron number for spin 1:      31.00000000
     Final electron number for spin 2:      30.00000000

=================== Penalty functional idempotency correction ==================
 RMS occupancy error at iteration   1:  0.000116 (step -0.4999 Ne1=     31.0000)
                                                               Ne2=     30.0000
            Final RMS occupancy error   :  0.000000 (Ne1=     31.0000)
                                                     Ne2=     30.0000
            Final occupancy bounds spin 1: [  0.000,  1.000]
            Final occupancy bounds spin 2: [  0.000,  1.000]
================================================================================

................................................................................
<<<<<<<<<<<<<< LNV (Original version) density kernel optimisation >>>>>>>>>>>>>>
~~~~~~~~~~~~~~~~~~~~~~~~~~~~~~~~~~~~~~~~~~~~~~~~~~~~~~~~~~~~~~~~~~~~~~~~~~~~~~~~
   iter  |      energy (Eh)       | rms gradient |  commutator  |   dE (Eh)
      ideal mu1:      -1.114303927235
      ideal mu2:      -1.123845265054
             Q0:        -227.493407821813
             G0:      -0.000021677397
   RMS gradient:       0.000134376239
     Trial step:       0.312019551642
             Q1:        -227.493411004475
 Quadratic coef:       0.000003581110
 Linear coef   :      -0.000006763772
           Qmin:        -227.493411015558
Quadratic minimum step length (  0.294661271006) accepted
    Initial Ne1:      30.99999574
    Initial Ne2:      29.99999575
      Final Ne1:      31.00000000
      Final Ne2:      30.00000000

=================== Penalty functional idempotency correction ==================
 RMS occupancy error at iteration   1:  0.000000 (step -0.5000 Ne1=     31.0000)
                                                               Ne2=     30.0000
            Final RMS occupancy error   :  0.000000 (Ne1=     31.0000)
                                                     Ne2=     30.0000
            Final occupancy bounds spin 1: [  0.000,  1.000]
            Final occupancy bounds spin 2: [  0.000,  1.000]
================================================================================

    1        -2.274934078218E+02     1.3438E-04     7.6520E-05
      ideal mu1:      -1.114122148283
      ideal mu2:      -1.123659316847
             Q0:        -227.493410933226
             G0:      -0.000009156184
   RMS gradient:       0.000072830280
     Trial step:       0.303216222629
             Q1:        -227.493412193083
 Quadratic coef:       0.000001516447
 Linear coef   :      -0.000002776304
           Qmin:        -227.493412203937
Quadratic minimum step length (  0.277563374099) accepted
    Initial Ne1:      30.99999882
    Initial Ne2:      29.99999882
      Final Ne1:      31.00000000
      Final Ne2:      30.00000000

=================== Penalty functional idempotency correction ==================
 RMS occupancy error at iteration   1:  0.000000 (step -0.5000 Ne1=     31.0000)
                                                               Ne2=     30.0000
            Final RMS occupancy error   :  0.000000 (Ne1=     31.0000)
                                                     Ne2=     30.0000
            Final occupancy bounds spin 1: [  0.000,  1.000]
            Final occupancy bounds spin 2: [  0.000,  1.000]
================================================================================

    2        -2.274934109332E+02     7.2830E-05     4.1619E-05    -3.1114E-06
      ideal mu1:      -1.114033472701
      ideal mu2:      -1.123570582885
             Q0:        -227.493412142236
             G0:      -0.000006585314
   RMS gradient:       0.000055872697
     Trial step:       0.290106390544
             Q1:        -227.493413235308
 Quadratic coef:       0.000000817369
 Linear coef   :      -0.000001910442
           Qmin:        -227.493413258557
Quadratic minimum step length (  0.339033522415) accepted
    Initial Ne1:      30.99999915
    Initial Ne2:      29.99999915
      Final Ne1:      31.00000000
      Final Ne2:      30.00000000

=================== Penalty functional idempotency correction ==================
 RMS occupancy error at iteration   1:  0.000000 (step -0.5000 Ne1=     31.0000)
                                                               Ne2=     30.0000
            Final RMS occupancy error   :  0.000000 (Ne1=     31.0000)
                                                     Ne2=     30.0000
            Final occupancy bounds spin 1: [  0.000,  1.000]
            Final occupancy bounds spin 2: [  0.000,  1.000]
================================================================================

    3        -2.274934121422E+02     5.5873E-05     3.2019E-05    -1.2090E-06
      ideal mu1:      -1.114001596855
      ideal mu2:      -1.123540472586
             Q0:        -227.493413350830
             G0:      -0.000006602236
   RMS gradient:       0.000052355416
     Trial step:       0.313617269073
             Q1:        -227.493414632738
 Quadratic coef:       0.000000788668
 Linear coef   :      -0.000002070575
           Qmin:        -227.493414709857
Quadratic minimum step length (  0.411686698437) accepted
    Initial Ne1:      30.99999910
    Initial Ne2:      29.99999910
      Final Ne1:      31.00000000
      Final Ne2:      30.00000000

=================== Penalty functional idempotency correction ==================
 RMS occupancy error at iteration   1:  0.000001 (step -0.5000 Ne1=     31.0000)
                                                               Ne2=     30.0000
            Final RMS occupancy error   :  0.000000 (Ne1=     31.0000)
                                                     Ne2=     30.0000
            Final occupancy bounds spin 1: [  0.000,  1.000]
            Final occupancy bounds spin 2: [  0.000,  1.000]
================================================================================

    4        -2.274934133508E+02     5.2355E-05     3.0009E-05    -1.2086E-06
      ideal mu1:      -1.114041337650
      ideal mu2:      -1.123581160410
    5        -2.274934148996E+02     5.6337E-05     3.2195E-05    -1.5487E-06
Finished density kernel iterations (   5)

Writing density kernel to file "Fe_H2O_6_LowSpin_NGWFSP.dkn" ... done


>>> Density kernel optimised for the current NGWF basis:
     ~~~~~~~~~~~~~~~~~~~~~~~~~~~~~~~~~~~~~~~~~~~~~~~~~~~~~~~~~~~
     Total energy                =  -2.27493414899568E+02  Eh
     Estimated bandgap (UP spin) =   5.4963E-02  Eh
     Estimated bandgap (DN spin) =   1.4593E-02  Eh
     RMS occupancy error         =   3.2558E-12
     [H,K] commutator            =   3.2195E-05
     UP spin occupancy bounds    = [  0.000:  1.000]
     DN spin occupancy bounds    = [  0.000:  1.000]
     ~~~~~~~~~~~~~~~~~~~~~~~~~~~~~~~~~~~~~~~~~~~~~~~~~~~~~~~~~~~




################################################################################
########################### NGWF CG iteration  008 #############################
################################################################################
****** Reciprocal space K.E. preconditioning with k_zero =  3.0000 a0^-1 *******

>>> Checking for convergence of NGWFs:   NOT CONVERGED
  ========================================================================
         NGWF RMS gradient =  1.0469E-05 >  2.0000E-06  | above tolerance
  ========================================================================

>>> Improving NGWFs using line search:
============ Calculation of NGWF S^-1 using Hotelling algorithm ================ 
     Iteration  |  Spin  |  Frobenius norm and Maximum abs value (of I-S*S_n^-1)
         1           1      0.95745916E-02     0.12953306E-02
         1           2      0.96334192E-02     0.13040411E-02
         2           1      0.26212288E-04     0.35292760E-05
         2           2      0.26418944E-04     0.35432484E-05
         3           1      0.22087583E-09     0.27813751E-10
         3           2      0.22471270E-09     0.28162805E-10
         4           1      0.39962264E-14     0.99920072E-15
         4           2      0.38730648E-14     0.77715612E-15
================================================================================
============ Calculation of NGWF S^-1 using Hotelling algorithm ================ 
     Iteration  |  Spin  |  Frobenius norm and Maximum abs value (of I-S*S_n^-1)
         1           1      0.21044241E-02     0.30032744E-03
         1           2      0.21168601E-02     0.30964217E-03
         2           1      0.12533707E-05     0.17490097E-06
         2           2      0.12629597E-05     0.17532172E-06
         3           1      0.49305245E-12     0.64503958E-13
         3           2      0.50122893E-12     0.65503158E-13
================================================================================
------------------------------- NGWF line search -------------------------------
RMS gradient                =       0.00001046862530
Trial step length           =               0.825023
Gradient along search dir.  =         -0.00018256132
Functional at step 0        =    -227.49341489956794
Functional at step 1        =    -227.49347131173369
Functional predicted        =    -227.49347510215563
Selected quadratic step     =               0.659533
Conjugate gradients coeff.  =               0.333623
--------------------------- NGWF line search finished --------------------------
                                               
Writing NGWFs to file "Fe_H2O_6_LowSpin_NGWFSP.tightbox_ngwfs".... done

>>> Optimising kernel for current NGWFs:
   Initial electron number for spin 1:      31.00052485
   Initial electron number for spin 2:      30.00056275
     Final electron number for spin 1:      31.00000000
     Final electron number for spin 2:      30.00000000

=================== Penalty functional idempotency correction ==================
 RMS occupancy error at iteration   1:  0.000083 (step -0.4999 Ne1=     31.0000)
                                                               Ne2=     30.0000
            Final RMS occupancy error   :  0.000000 (Ne1=     31.0000)
                                                     Ne2=     30.0000
            Final occupancy bounds spin 1: [  0.000,  1.000]
            Final occupancy bounds spin 2: [  0.000,  1.000]
================================================================================

................................................................................
<<<<<<<<<<<<<< LNV (Original version) density kernel optimisation >>>>>>>>>>>>>>
~~~~~~~~~~~~~~~~~~~~~~~~~~~~~~~~~~~~~~~~~~~~~~~~~~~~~~~~~~~~~~~~~~~~~~~~~~~~~~~~
   iter  |      energy (Eh)       | rms gradient |  commutator  |   dE (Eh)
      ideal mu1:      -1.114472007214
      ideal mu2:      -1.124005186980
             Q0:        -227.493474238008
             G0:      -0.000010879486
   RMS gradient:       0.000095196965
     Trial step:       0.359321663802
             Q1:        -227.493474987634
 Quadratic coef:       0.000003159609
 Linear coef   :      -0.000003909235
           Qmin:        -227.493475447186
Quadratic minimum step length (  0.222285857023) accepted
    Initial Ne1:      30.99999831
    Initial Ne2:      29.99999835
      Final Ne1:      31.00000000
      Final Ne2:      30.00000000

=================== Penalty functional idempotency correction ==================
 RMS occupancy error at iteration   1:  0.000000 (step -0.5000 Ne1=     31.0000)
                                                               Ne2=     30.0000
            Final RMS occupancy error   :  0.000000 (Ne1=     31.0000)
                                                     Ne2=     30.0000
            Final occupancy bounds spin 1: [  0.000,  1.000]
            Final occupancy bounds spin 2: [  0.000,  1.000]
================================================================================

    1        -2.274934742380E+02     9.5197E-05     5.4188E-05
      ideal mu1:      -1.114329545151
      ideal mu2:      -1.123861208261
             Q0:        -227.493475068526
             G0:      -0.000005489505
   RMS gradient:       0.000055061139
     Trial step:       0.282616567075
             Q1:        -227.493475222884
 Quadratic coef:       0.000001397067
 Linear coef   :      -0.000001551425
           Qmin:        -227.493475499236
Quadratic minimum step length (  0.156921022125) accepted
    Initial Ne1:      30.99999960
    Initial Ne2:      29.99999961
      Final Ne1:      31.00000000
      Final Ne2:      30.00000000

=================== Penalty functional idempotency correction ==================
 RMS occupancy error at iteration   1:  0.000000 (step -0.5000 Ne1=     31.0000)
                                                               Ne2=     30.0000
            Final RMS occupancy error   :  0.000000 (Ne1=     31.0000)
                                                     Ne2=     30.0000
            Final occupancy bounds spin 1: [  0.000,  1.000]
            Final occupancy bounds spin 2: [  0.000,  1.000]
================================================================================

    2        -2.274934750685E+02     5.5061E-05     3.1426E-05    -8.3052E-07
      ideal mu1:      -1.114260640202
      ideal mu2:      -1.123791758815
             Q0:        -227.493475273988
             G0:      -0.000004648496
   RMS gradient:       0.000044157855
     Trial step:       0.210590789388
             Q1:        -227.493475506567
 Quadratic coef:       0.000000746351
 Linear coef   :      -0.000000978930
           Qmin:        -227.493475594984
Quadratic minimum step length (  0.138107718369) accepted
    Initial Ne1:      30.99999977
    Initial Ne2:      29.99999978
      Final Ne1:      31.00000000
      Final Ne2:      30.00000000

=================== Penalty functional idempotency correction ==================
 RMS occupancy error at iteration   1:  0.000000 (step -0.5000 Ne1=     31.0000)
                                                               Ne2=     30.0000
            Final RMS occupancy error   :  0.000000 (Ne1=     31.0000)
                                                     Ne2=     30.0000
            Final occupancy bounds spin 1: [  0.000,  1.000]
            Final occupancy bounds spin 2: [  0.000,  1.000]
================================================================================

    3        -2.274934752740E+02     4.4158E-05     2.5249E-05    -2.0546E-07
      ideal mu1:      -1.114216868970
      ideal mu2:      -1.123747861927
             Q0:        -227.493475466847
             G0:      -0.000005402643
   RMS gradient:       0.000042316778
     Trial step:       0.170540943565
             Q1:        -227.493475864619
 Quadratic coef:       0.000000523600
 Linear coef   :      -0.000000921372
           Qmin:        -227.493475872178
Quadratic minimum step length (  0.150049234048) accepted
    Initial Ne1:      30.99999977
    Initial Ne2:      29.99999978
      Final Ne1:      31.00000000
      Final Ne2:      30.00000000

=================== Penalty functional idempotency correction ==================
 RMS occupancy error at iteration   1:  0.000000 (step -0.5000 Ne1=     31.0000)
                                                               Ne2=     30.0000
            Final RMS occupancy error   :  0.000000 (Ne1=     31.0000)
                                                     Ne2=     30.0000
            Final occupancy bounds spin 1: [  0.000,  1.000]
            Final occupancy bounds spin 2: [  0.000,  1.000]
================================================================================

    4        -2.274934754668E+02     4.2317E-05     2.4197E-05    -1.9286E-07
      ideal mu1:      -1.114185236420
      ideal mu2:      -1.123716448901
    5        -2.274934758271E+02     4.3781E-05     2.5010E-05    -3.6029E-07
Finished density kernel iterations (   5)

Writing density kernel to file "Fe_H2O_6_LowSpin_NGWFSP.dkn" ... done


>>> Density kernel optimised for the current NGWF basis:
     ~~~~~~~~~~~~~~~~~~~~~~~~~~~~~~~~~~~~~~~~~~~~~~~~~~~~~~~~~~~
     Total energy                =  -2.27493475827140E+02  Eh
     Estimated bandgap (UP spin) =   5.4645E-02  Eh
     Estimated bandgap (DN spin) =   1.4498E-02  Eh
     RMS occupancy error         =   3.9040E-14
     [H,K] commutator            =   2.5010E-05
     UP spin occupancy bounds    = [  0.000:  1.000]
     DN spin occupancy bounds    = [  0.000:  1.000]
     ~~~~~~~~~~~~~~~~~~~~~~~~~~~~~~~~~~~~~~~~~~~~~~~~~~~~~~~~~~~




################################################################################
########################### NGWF CG iteration  009 #############################
################################################################################
****** Reciprocal space K.E. preconditioning with k_zero =  3.0000 a0^-1 *******

>>> Checking for convergence of NGWFs:   NOT CONVERGED
  ========================================================================
         NGWF RMS gradient =  5.6949E-06 >  2.0000E-06  | above tolerance
  ========================================================================

>>> Improving NGWFs using line search:
============ Calculation of NGWF S^-1 using Hotelling algorithm ================ 
     Iteration  |  Spin  |  Frobenius norm and Maximum abs value (of I-S*S_n^-1)
         1           1      0.38978524E-02     0.52329717E-03
         1           2      0.39322553E-02     0.52218355E-03
         2           1      0.44010196E-05     0.54654192E-06
         2           2      0.44628961E-05     0.55385432E-06
         3           1      0.68591470E-11     0.77271523E-12
         3           2      0.70980712E-11     0.79514173E-12
================================================================================
============ Calculation of NGWF S^-1 using Hotelling algorithm ================ 
     Iteration  |  Spin  |  Frobenius norm and Maximum abs value (of I-S*S_n^-1)
         1           1      0.93454117E-03     0.12464320E-03
         1           2      0.94246205E-03     0.12437866E-03
         2           1      0.25341096E-06     0.31929638E-07
         2           2      0.25676201E-06     0.32288556E-07
         3           1      0.22681437E-13     0.37747583E-14
         3           2      0.23373545E-13     0.35527137E-14
================================================================================
------------------------------- NGWF line search -------------------------------
RMS gradient                =       0.00000569494440
Trial step length           =               0.737652
Gradient along search dir.  =         -0.00005131232
Functional at step 0        =    -227.49347582714017
Functional at step 1        =    -227.49348918047133
Functional predicted        =    -227.49349044783290
Selected quadratic step     =               0.569871
Conjugate gradients coeff.  =               0.000000
--------------------------- NGWF line search finished --------------------------
                                               
Writing NGWFs to file "Fe_H2O_6_LowSpin_NGWFSP.tightbox_ngwfs".... done

>>> Optimising kernel for current NGWFs:
   Initial electron number for spin 1:      31.00023765
   Initial electron number for spin 2:      30.00027470
     Final electron number for spin 1:      31.00000000
     Final electron number for spin 2:      30.00000000

=================== Penalty functional idempotency correction ==================
 RMS occupancy error at iteration   1:  0.000046 (step -0.5000 Ne1=     31.0000)
                                                               Ne2=     30.0000
            Final RMS occupancy error   :  0.000000 (Ne1=     31.0000)
                                                     Ne2=     30.0000
            Final occupancy bounds spin 1: [  0.000,  1.000]
            Final occupancy bounds spin 2: [  0.000,  1.000]
================================================================================

................................................................................
<<<<<<<<<<<<<< LNV (Original version) density kernel optimisation >>>>>>>>>>>>>>
~~~~~~~~~~~~~~~~~~~~~~~~~~~~~~~~~~~~~~~~~~~~~~~~~~~~~~~~~~~~~~~~~~~~~~~~~~~~~~~~
   iter  |      energy (Eh)       | rms gradient |  commutator  |   dE (Eh)
      ideal mu1:      -1.114228706843
      ideal mu2:      -1.123771702117
             Q0:        -227.493490879372
             G0:      -0.000005527412
   RMS gradient:       0.000067854682
     Trial step:       0.159967302771
             Q1:        -227.493491279271
 Quadratic coef:       0.000000484307
 Linear coef   :      -0.000000884205
           Qmin:        -227.493491282948
Quadratic minimum step length (  0.146027145166) accepted
    Initial Ne1:      30.99999965
    Initial Ne2:      29.99999966
      Final Ne1:      31.00000000
      Final Ne2:      30.00000000

=================== Penalty functional idempotency correction ==================
 RMS occupancy error at iteration   1:  0.000000 (step -0.5000 Ne1=     31.0000)
                                                               Ne2=     30.0000
            Final RMS occupancy error   :  0.000000 (Ne1=     31.0000)
                                                     Ne2=     30.0000
            Final occupancy bounds spin 1: [  0.000,  1.000]
            Final occupancy bounds spin 2: [  0.000,  1.000]
================================================================================

    1        -2.274934908794E+02     6.7855E-05     3.8702E-05
      ideal mu1:      -1.114241741543
      ideal mu2:      -1.123780120827
             Q0:        -227.493491255249
             G0:      -0.000005664454
   RMS gradient:       0.000052387026
     Trial step:       0.152838373923
             Q1:        -227.493491544759
 Quadratic coef:       0.000000576236
 Linear coef   :      -0.000000865746
           Qmin:        -227.493491580427
Quadratic minimum step length (  0.114813382683) accepted
    Initial Ne1:      30.99999984
    Initial Ne2:      29.99999984
      Final Ne1:      31.00000000
      Final Ne2:      30.00000000

=================== Penalty functional idempotency correction ==================
 RMS occupancy error at iteration   1:  0.000000 (step -0.5000 Ne1=     31.0000)
                                                               Ne2=     30.0000
            Final RMS occupancy error   :  0.000000 (Ne1=     31.0000)
                                                     Ne2=     30.0000
            Final occupancy bounds spin 1: [  0.000,  1.000]
            Final occupancy bounds spin 2: [  0.000,  1.000]
================================================================================

    2        -2.274934912552E+02     5.2387E-05     2.9924E-05    -3.7588E-07
      ideal mu1:      -1.114250380594
      ideal mu2:      -1.123784919459
             Q0:        -227.493491499813
             G0:      -0.000005532722
   RMS gradient:       0.000044879091
     Trial step:       0.132468451768
             Q1:        -227.493491742464
 Quadratic coef:       0.000000490260
 Linear coef   :      -0.000000732911
           Qmin:        -227.493491773728
Quadratic minimum step length (  0.099016479727) accepted
    Initial Ne1:      30.99999990
    Initial Ne2:      29.99999990
      Final Ne1:      31.00000000
      Final Ne2:      30.00000000

=================== Penalty functional idempotency correction ==================
 RMS occupancy error at iteration   1:  0.000000 (step -0.5000 Ne1=     31.0000)
                                                               Ne2=     30.0000
            Final RMS occupancy error   :  0.000000 (Ne1=     31.0000)
                                                     Ne2=     30.0000
            Final occupancy bounds spin 1: [  0.000,  1.000]
            Final occupancy bounds spin 2: [  0.000,  1.000]
================================================================================

    3        -2.274934914998E+02     4.4879E-05     2.5652E-05    -2.4456E-07
      ideal mu1:      -1.114254813211
      ideal mu2:      -1.123786714094
             Q0:        -227.493491699330
             G0:      -0.000005895346
   RMS gradient:       0.000041568373
     Trial step:       0.114527550262
             Q1:        -227.493491968103
 Quadratic coef:       0.000000406407
 Linear coef   :      -0.000000675180
           Qmin:        -227.493491979756
Quadratic minimum step length (  0.095134623085) accepted
    Initial Ne1:      30.99999991
    Initial Ne2:      29.99999992
      Final Ne1:      31.00000000
      Final Ne2:      30.00000000

=================== Penalty functional idempotency correction ==================
 RMS occupancy error at iteration   1:  0.000000 (step -0.5000 Ne1=     31.0000)
                                                               Ne2=     30.0000
            Final RMS occupancy error   :  0.000000 (Ne1=     31.0000)
                                                     Ne2=     30.0000
            Final occupancy bounds spin 1: [  0.000,  1.000]
            Final occupancy bounds spin 2: [  0.000,  1.000]
================================================================================

    4        -2.274934916993E+02     4.1568E-05     2.3761E-05    -1.9952E-07
      ideal mu1:      -1.114257370904
      ideal mu2:      -1.123787616606
    5        -2.274934919320E+02     4.0341E-05     2.3050E-05    -2.3269E-07
Finished density kernel iterations (   5)

Writing density kernel to file "Fe_H2O_6_LowSpin_NGWFSP.dkn" ... done


>>> Density kernel optimised for the current NGWF basis:
     ~~~~~~~~~~~~~~~~~~~~~~~~~~~~~~~~~~~~~~~~~~~~~~~~~~~~~~~~~~~
     Total energy                =  -2.27493491932024E+02  Eh
     Estimated bandgap (UP spin) =   5.3909E-02  Eh
     Estimated bandgap (DN spin) =   1.4510E-02  Eh
     RMS occupancy error         =   1.1558E-14
     [H,K] commutator            =   2.3050E-05
     UP spin occupancy bounds    = [  0.000:  1.000]
     DN spin occupancy bounds    = [  0.000:  1.000]
     ~~~~~~~~~~~~~~~~~~~~~~~~~~~~~~~~~~~~~~~~~~~~~~~~~~~~~~~~~~~




################################################################################
########################### NGWF CG iteration  010 #############################
################################################################################
****** Reciprocal space K.E. preconditioning with k_zero =  3.0000 a0^-1 *******

>>> Checking for convergence of NGWFs:   NOT CONVERGED
  ========================================================================
         NGWF RMS gradient =  2.7153E-06 >  2.0000E-06  | above tolerance
  ========================================================================

>>> Improving NGWFs using line search:
============ Calculation of NGWF S^-1 using Hotelling algorithm ================ 
     Iteration  |  Spin  |  Frobenius norm and Maximum abs value (of I-S*S_n^-1)
         1           1      0.41668831E-02     0.55630575E-03
         1           2      0.42046134E-02     0.55508569E-03
         2           1      0.49917555E-05     0.62444683E-06
         2           2      0.50622234E-05     0.63242297E-06
         3           1      0.87739043E-11     0.99886766E-12
         3           2      0.90772733E-11     0.10276224E-11
         4           1      0.37960529E-14     0.88817842E-15
         4           2      0.37695623E-14     0.88817842E-15
================================================================================
============ Calculation of NGWF S^-1 using Hotelling algorithm ================ 
     Iteration  |  Spin  |  Frobenius norm and Maximum abs value (of I-S*S_n^-1)
         1           1      0.12723852E-02     0.16871288E-03
         1           2      0.12835178E-02     0.16834394E-03
         2           1      0.46640960E-06     0.59073957E-07
         2           2      0.47264392E-06     0.59709020E-07
         3           1      0.75363065E-13     0.92148511E-14
         3           2      0.77729542E-13     0.95479180E-14
================================================================================
------------------------------- NGWF line search -------------------------------
RMS gradient                =       0.00000271526604
Trial step length           =               0.648356
Gradient along search dir.  =         -0.00001073374
Functional at step 0        =    -227.49349193202372
Functional at step 1        =    -227.49349398690339
Functional predicted        =    -227.49349440080761
Selected quadratic step     =               0.460004
Conjugate gradients coeff.  =               0.227324
--------------------------- NGWF line search finished --------------------------
                                               
Writing NGWFs to file "Fe_H2O_6_LowSpin_NGWFSP.tightbox_ngwfs".... done

>>> Optimising kernel for current NGWFs:
   Initial electron number for spin 1:      31.00015361
   Initial electron number for spin 2:      30.00019108
     Final electron number for spin 1:      31.00000000
     Final electron number for spin 2:      30.00000000

=================== Penalty functional idempotency correction ==================
 RMS occupancy error at iteration   1:  0.000044 (step -0.5000 Ne1=     31.0000)
                                                               Ne2=     30.0000
            Final RMS occupancy error   :  0.000000 (Ne1=     31.0000)
                                                     Ne2=     30.0000
            Final occupancy bounds spin 1: [  0.000,  1.000]
            Final occupancy bounds spin 2: [  0.000,  1.000]
================================================================================

................................................................................
<<<<<<<<<<<<<< LNV (Original version) density kernel optimisation >>>>>>>>>>>>>>
~~~~~~~~~~~~~~~~~~~~~~~~~~~~~~~~~~~~~~~~~~~~~~~~~~~~~~~~~~~~~~~~~~~~~~~~~~~~~~~~
   iter  |      energy (Eh)       | rms gradient |  commutator  |   dE (Eh)
      ideal mu1:      -1.114381322444
      ideal mu2:      -1.123911729352
             Q0:        -227.493494753763
             G0:      -0.000004375847
   RMS gradient:       0.000060374004
     Trial step:       0.104381680993
             Q1:        -227.493495005808
 Quadratic coef:       0.000000204714
 Linear coef   :      -0.000000456758
           Qmin:        -227.493495008544
Quadratic minimum step length (  0.116448439524) accepted
    Initial Ne1:      30.99999973
    Initial Ne2:      29.99999974
      Final Ne1:      31.00000000
      Final Ne2:      30.00000000

=================== Penalty functional idempotency correction ==================
 RMS occupancy error at iteration   1:  0.000000 (step -0.5000 Ne1=     31.0000)
                                                               Ne2=     30.0000
            Final RMS occupancy error   :  0.000000 (Ne1=     31.0000)
                                                     Ne2=     30.0000
            Final occupancy bounds spin 1: [  0.000,  1.000]
            Final occupancy bounds spin 2: [  0.000,  1.000]
================================================================================

    1        -2.274934947538E+02     6.0374E-05     3.4399E-05
      ideal mu1:      -1.114353777741
      ideal mu2:      -1.123884476718
             Q0:        -227.493495031358
             G0:      -0.000006222393
   RMS gradient:       0.000052722693
     Trial step:       0.110250096900
             Q1:        -227.493495359654
 Quadratic coef:       0.000000357724
 Linear coef   :      -0.000000686019
           Qmin:        -227.493495360260
Quadratic minimum step length (  0.105715314343) accepted
    Initial Ne1:      30.99999981
    Initial Ne2:      29.99999982
      Final Ne1:      31.00000000
      Final Ne2:      30.00000000

=================== Penalty functional idempotency correction ==================
 RMS occupancy error at iteration   1:  0.000000 (step -0.5000 Ne1=     31.0000)
                                                               Ne2=     30.0000
            Final RMS occupancy error   :  0.000000 (Ne1=     31.0000)
                                                     Ne2=     30.0000
            Final occupancy bounds spin 1: [  0.000,  1.000]
            Final occupancy bounds spin 2: [  0.000,  1.000]
================================================================================

    2        -2.274934950314E+02     5.2723E-05     3.0061E-05    -2.7760E-07
      ideal mu1:      -1.114317892797
      ideal mu2:      -1.123848911607
             Q0:        -227.493495348975
             G0:      -0.000005877806
   RMS gradient:       0.000044322421
     Trial step:       0.107958897966
             Q1:        -227.493495630291
 Quadratic coef:       0.000000353246
 Linear coef   :      -0.000000634561
           Qmin:        -227.493495633952
Quadratic minimum step length (  0.096967118579) accepted
    Initial Ne1:      30.99999988
    Initial Ne2:      29.99999988
      Final Ne1:      31.00000000
      Final Ne2:      30.00000000

=================== Penalty functional idempotency correction ==================
 RMS occupancy error at iteration   1:  0.000000 (step -0.5000 Ne1=     31.0000)
                                                               Ne2=     30.0000
            Final RMS occupancy error   :  0.000000 (Ne1=     31.0000)
                                                     Ne2=     30.0000
            Final occupancy bounds spin 1: [  0.000,  1.000]
            Final occupancy bounds spin 2: [  0.000,  1.000]
================================================================================

    3        -2.274934953490E+02     4.4322E-05     2.5300E-05    -3.1762E-07
      ideal mu1:      -1.114288819766
      ideal mu2:      -1.123820124306
             Q0:        -227.493495607969
             G0:      -0.000005635769
   RMS gradient:       0.000039511060
     Trial step:       0.102315508408
             Q1:        -227.493495875490
 Quadratic coef:       0.000000309105
 Linear coef   :      -0.000000576627
           Qmin:        -227.493495876889
Quadratic minimum step length (  0.095433325231) accepted
    Initial Ne1:      30.99999991
    Initial Ne2:      29.99999991
      Final Ne1:      31.00000000
      Final Ne2:      30.00000000

=================== Penalty functional idempotency correction ==================
 RMS occupancy error at iteration   1:  0.000000 (step -0.5000 Ne1=     31.0000)
                                                               Ne2=     30.0000
            Final RMS occupancy error   :  0.000000 (Ne1=     31.0000)
                                                     Ne2=     30.0000
            Final occupancy bounds spin 1: [  0.000,  1.000]
            Final occupancy bounds spin 2: [  0.000,  1.000]
================================================================================

    4        -2.274934956080E+02     3.9511E-05     2.2573E-05    -2.5899E-07
      ideal mu1:      -1.114267932121
      ideal mu2:      -1.123799432795
    5        -2.274934958609E+02     3.7802E-05     2.1599E-05    -2.5291E-07
Finished density kernel iterations (   5)

Writing density kernel to file "Fe_H2O_6_LowSpin_NGWFSP.dkn" ... done


>>> Density kernel optimised for the current NGWF basis:
     ~~~~~~~~~~~~~~~~~~~~~~~~~~~~~~~~~~~~~~~~~~~~~~~~~~~~~~~~~~~
     Total energy                =  -2.27493495860883E+02  Eh
     Estimated bandgap (UP spin) =   5.3929E-02  Eh
     Estimated bandgap (DN spin) =   1.4575E-02  Eh
     RMS occupancy error         =   7.5018E-15
     [H,K] commutator            =   2.1599E-05
     UP spin occupancy bounds    = [  0.000:  1.000]
     DN spin occupancy bounds    = [  0.000:  1.000]
     ~~~~~~~~~~~~~~~~~~~~~~~~~~~~~~~~~~~~~~~~~~~~~~~~~~~~~~~~~~~


================================================================================
           ---------------- ENERGY COMPONENTS (Eh) ----------------
           | Kinetic                    :       63.62857441794620 |
           | Core Hartree               :     -970.24796832137667 |
           | CoreHart (non-coul chg cor):        0.00182615377240
           | Hartree                    :      433.50297513156511 |
           | Exchange-correlation       :      -24.27755864693316 |
           | Ewald                      :      274.69135151602921 |
           | Dij0                       :        2.30966858235605 |
           | Dijhartree                 :       10.88333037497014 |
           | Exc [AE core]              :     -107.68367416471922 |
           | Exc DC [AE core]           :      -49.51018047954999 |
           | Exc [PS core]              :      -21.37992842287232 |
           | Exc DC [PS core]           :      -28.29365282178293 |
           | Exc [Core]                 :      -68.31987682640438 |
           | Total [Sphere]             :       -4.79086995811633 |
           | Total                      :     -227.49349586088562 |
           --------------------------------------------------------
           ------ LOCAL ENERGY COMPONENTS FROM MATRIX TRACES ------
           | Core Hartree               :     -970.24796832137383 |
           | Hartree (Valence)          :      433.50297513156454 |
           --------------------------------------------------------
           Integrated compensation chrg.:       12.45404570101733
           Integrated density           :       60.99999873961478
           Integrated spin density      :        0.99999999321784
           Integrated |spin density|    :        1.09981282792150
           Local density approx. <S^2>  :        0.79990641735176
           Integrated density tr(KS)    :       61.00000000000001
           Integrated spin tr(KS)       :        1.00000000000001
================================================================================




################################################################################
########################### NGWF CG iteration  011 #############################
################################################################################
****** Reciprocal space K.E. preconditioning with k_zero =  3.0000 a0^-1 *******

>>> Checking for convergence of NGWFs: 
           ........................................................
           |         *** NGWF optimisation converged ***          |
           | RMS NGWF gradient =    0.00000179779358              |
           | Criteria satisfied:                                  |
           | -> RMS NGWF gradient lower than set threshold.       |
           ========================================================

================================================================================
           ---------------- ENERGY COMPONENTS (Eh) ----------------
           | Kinetic                    :       63.62857441794620 |
           | Core Hartree               :     -970.24796832137645 |
           | CoreHart (non-coul chg cor):        0.00182615377240
           | Hartree                    :      433.50297513156511 |
           | Exchange-correlation       :      -24.27755864693316 |
           | Ewald                      :      274.69135151602921 |
           | Dij0                       :        2.30966858235605 |
           | Dijhartree                 :       10.88333037497014 |
           | Exc [AE core]              :     -107.68367416471922 |
           | Exc DC [AE core]           :      -49.51018047954999 |
           | Exc [PS core]              :      -21.37992842287232 |
           | Exc DC [PS core]           :      -28.29365282178293 |
           | Exc [Core]                 :      -68.31987682640438 |
           | Total [Sphere]             :       -4.79086995811633 |
           | Total                      :     -227.49349586088539 |
           --------------------------------------------------------
           ------ LOCAL ENERGY COMPONENTS FROM MATRIX TRACES ------
           | Core Hartree               :     -970.24796832137383 |
           | Hartree (Valence)          :      433.50297513156460 |
           --------------------------------------------------------
           Integrated compensation chrg.:       12.45404570101733
           Integrated density           :       60.99999873961478
           Integrated spin density      :        0.99999999321786
           Integrated |spin density|    :        1.09981282792151
           Local density approx. <S^2>  :        0.79990641735176
           Integrated density tr(KS)    :       61.00000000000001
           Integrated spin tr(KS)       :        1.00000000000001
================================================================================

Calculating NGWF non self-consistent forces...done.

                        <<<<< CALCULATION SUMMARY >>>>>                         
|ITER|    RMS GRADIENT   |     TOTAL ENERGY    |   step   |     Epredicted              
   0     0.00096320867428   -226.65189289030729   0.953855   -227.35195368610459        
   1     0.00036328973092   -227.36382961644910   0.975280   -227.46531088090296        
   2     0.00016259127443   -227.46681967360752   0.920620   -227.48620513714388        
   3     0.00008939196886   -227.48645481688931   0.737351   -227.49117103379743        
   4     0.00005102127341   -227.49128670115550   0.558633   -227.49243708319653        
   5     0.00003006192970   -227.49247653383679   0.939260   -227.49315882303648        
   6     0.00001812432348   -227.49317545289250   0.877916   -227.49340803797998        
   7     0.00001046862530   -227.49341489956794   0.659533   -227.49347510215563        
   8     0.00000569494440   -227.49347582714017   0.569871   -227.49349044783290        
   9     0.00000271526604   -227.49349193202372   0.460004   -227.49349440080761        
  10     0.00000179779358   -227.49349586088334  <-- CG                                 

======================== Writing density and potential =========================
Writing "Fe_H2O_6_LowSpin_NGWFSP_ps_density.cube" ... done
Writing "Fe_H2O_6_LowSpin_NGWFSP_ps_spindensity.cube" ... done
Writing "Fe_H2O_6_LowSpin_NGWFSP_ae_density.cube" ... done
Writing "Fe_H2O_6_LowSpin_NGWFSP_ae_spindensity.cube" ... done
Writing "Fe_H2O_6_LowSpin_NGWFSP_potential.cube" ... done
Writing "Fe_H2O_6_LowSpin_NGWFSP_electrostatic_potential.cube" ... done
================================================================================

    Mulliken Atomic Populations
    ---------------------------
Species  Ion    Total   Charge (e)    Spin (hbar)
=================================================
  Fe     1      14.657      1.343      0.45
  O      2       6.875     -0.875      0.01
  O      3       6.875     -0.875      0.01
  O      4       6.877     -0.877      0.01
  O      5       6.877     -0.877      0.01
  O      6       6.876     -0.876      0.01
  O      7       6.876     -0.876      0.01
  H      8       0.425      0.575     -0.00
  H      9       0.424      0.576     -0.00
  H     10       0.424      0.576     -0.00
  H     11       0.425      0.575     -0.00
  H     12       0.422      0.578     -0.00
  H     13       0.423      0.577     -0.00
  H     14       0.424      0.576     -0.00
  H     15       0.423      0.577     -0.00
  H     16       0.422      0.578     -0.00
  H     17       0.426      0.574     -0.00
  H     18       0.425      0.575     -0.00
  H     19       0.424      0.576     -0.00
=================================================

        Bond         Population      Spin       Length (bohr)
=============================================================
 O     4 -- H    18        0.54      0.00      1.83802
 O     5 -- H    11        0.54      0.00      1.83807
 O     3 -- H    12        0.54     -0.00      1.83820
 O     2 -- H    16        0.54     -0.00      1.83821
 O     7 -- H    17        0.54     -0.00      1.83823
 O     6 -- H     8        0.54     -0.00      1.83825
 O     7 -- H    13        0.54     -0.00      1.83825
 O     6 -- H    15        0.54     -0.00      1.83830
 O     4 -- H     9        0.54      0.00      1.83834
 O     3 -- H    19        0.54     -0.00      1.83835
 O     2 -- H    10        0.54     -0.00      1.83836
 O     5 -- H    14        0.54      0.00      1.83842
 H     9 -- H    18       -0.10     -0.00      2.99272
 H    11 -- H    14       -0.10     -0.00      2.99300
 H    13 -- H    17       -0.10     -0.00      2.99421
 H     8 -- H    15       -0.10     -0.00      2.99437
 H    12 -- H    19       -0.10     -0.00      2.99495
 H    10 -- H    16       -0.10     -0.00      2.99540
 Fe    1 -- O     3        0.17     -0.01      3.65761
 Fe    1 -- O     2        0.17     -0.01      3.65767
 Fe    1 -- O     6        0.17     -0.01      3.65887
 Fe    1 -- O     7        0.17     -0.01      3.65978
 Fe    1 -- O     5        0.17     -0.01      3.66632
 Fe    1 -- O     4        0.17     -0.01      3.66748
 Fe    1 -- H    17       -0.08     -0.00      4.94371
 Fe    1 -- H     8       -0.08     -0.00      4.94387
 Fe    1 -- H    19       -0.08     -0.00      4.94558
 Fe    1 -- H    10       -0.08     -0.00      4.94704
 Fe    1 -- H    15       -0.08     -0.00      4.95610
 Fe    1 -- H    11       -0.08     -0.00      4.95744
 Fe    1 -- H    16       -0.08     -0.00      4.95924
 Fe    1 -- H    18       -0.08     -0.00      4.95925
 Fe    1 -- H     9       -0.08     -0.00      4.95941
 Fe    1 -- H    14       -0.08     -0.00      4.96086
 Fe    1 -- H    13       -0.08     -0.00      4.96092
 Fe    1 -- H    12       -0.08     -0.00      4.96186
 O     4 -- O     6       -0.03      0.00      5.09795
 O     2 -- O     6       -0.03      0.00      5.10066
 O     5 -- O     7       -0.03      0.00      5.10199
 O     4 -- H     8       -0.01      0.00      5.10222
 O     5 -- H    17       -0.01      0.00      5.10333
 O     3 -- O     7       -0.02      0.00      5.10885
 O     6 -- H    10       -0.01      0.00      5.11291
 O     2 -- O     5       -0.02      0.00      5.11424
 O     3 -- O     4       -0.02      0.00      5.11804
 O     7 -- H    19       -0.01      0.00      5.11963
 O     2 -- H    11       -0.01      0.00      5.14202
 O     3 -- H    18       -0.01      0.00      5.15061
 O     3 -- O     5       -0.02      0.00      5.23903
 O     2 -- O     7       -0.02      0.00      5.23925
 O     2 -- O     4       -0.02      0.00      5.24411
 O     3 -- O     6       -0.02      0.00      5.24491
 O     5 -- O     6       -0.02      0.00      5.25706
 O     4 -- O     7       -0.02      0.00      5.26226
 O     3 -- H    14       -0.01      0.00      5.27802
 O     2 -- H     9       -0.01      0.00      5.28008
 O     7 -- H    16       -0.01      0.00      5.29169
 O     5 -- H    15       -0.01      0.00      5.29890
 O     6 -- H    12       -0.01      0.00      5.30457
 O     4 -- H    13       -0.01      0.00      5.31191
=============================================================


============== Orbital energy and occupancy information for spin 1 =============

      Total number of orbitals:      49
   Number of occupied orbitals:      31.000000000
   Occupancy sum (eigenvalues):      31.000000000
                 HOMO-LUMO gap:       0.053805508 Eh
                 Mid-gap level:      -0.534379864 Eh

                        Orbital | Energy (Eh) | Occupancy
                            1    -3.781849942   1.0000000
                        .......   ...........   .........
                           22    -0.749279159   1.0000000
                           23    -0.679642965   1.0000000
                           24    -0.652881831   0.9999998
                           25    -0.652244484   0.9999999
                           26    -0.644004379   1.0000000
                           27    -0.639199862   1.0000000
                           28    -0.637637362   1.0000000
                           29    -0.589674809   1.0000000
                           30    -0.561978434   0.9999855
                           31    -0.561282618   0.9999760
                        .......   --- gap ---   .........
                           32    -0.507477110   0.0000242
                           33    -0.505915878   0.0000147
                           34    -0.312643560   0.0000000
                           35    -0.258410417   0.0000000
                           36    -0.257820235   0.0000000
                           37    -0.257479407   0.0000000
                           38    -0.218943894   0.0000000
                           39    -0.218316822   0.0000000
                           40    -0.171625075   0.0000000
                           41    -0.171086277   0.0000000
                        .......   ...........   .........
                           49    -0.036181695   0.0000000

================================================================================

============== Orbital energy and occupancy information for spin 2 =============

      Total number of orbitals:      49
   Number of occupied orbitals:      30.000000000
   Occupancy sum (eigenvalues):      30.000000000
                 HOMO-LUMO gap:       0.013963602 Eh
                 Mid-gap level:      -0.536399458 Eh

                        Orbital | Energy (Eh) | Occupancy
                            1    -3.743289390   1.0000000
                        .......   ...........   .........
                           21    -0.752962296   1.0000000
                           22    -0.749014442   1.0000000
                           23    -0.661982043   0.9999995
                           24    -0.648105300   1.0000000
                           25    -0.647258911   1.0000000
                           26    -0.641520529   1.0000000
                           27    -0.636847350   1.0000000
                           28    -0.635593869   1.0000000
                           29    -0.544000976   0.9998267
                           30    -0.543381259   0.9999616
                        .......   --- gap ---   .........
                           31    -0.529417657   0.0001437
                           32    -0.486692789   0.0000386
                           33    -0.485079272   0.0000300
                           34    -0.311644859   0.0000000
                           35    -0.257545289   0.0000000
                           36    -0.257218249   0.0000000
                           37    -0.257039167   0.0000000
                           38    -0.218474935   0.0000000
                           39    -0.217881474   0.0000000
                           40    -0.171413373   0.0000000
                        .......   ...........   .........
                           49    -0.035522947   0.0000000

================================================================================

===================== Writing canonical molecular orbitals =====================
    Spin 1
| Orbital  Energy (eV)  Norm     |
| HOMO-5  -17.52425083  1.000000 | Writing "Fe_H2O_6_LowSpin_NGWFSP_HOMO-5_UP.cube" ... done
| HOMO-4  -17.39351328  1.000000 | Writing "Fe_H2O_6_LowSpin_NGWFSP_HOMO-4_UP.cube" ... done
| HOMO-3  -17.35099549  1.000000 | Writing "Fe_H2O_6_LowSpin_NGWFSP_HOMO-3_UP.cube" ... done
| HOMO-2  -16.04586801  1.000000 | Writing "Fe_H2O_6_LowSpin_NGWFSP_HOMO-2_UP.cube" ... done
| HOMO-1  -15.29221132  1.000000 | Writing "Fe_H2O_6_LowSpin_NGWFSP_HOMO-1_UP.cube" ... done
| HOMO    -15.27327720  1.000000 | Writing "Fe_H2O_6_LowSpin_NGWFSP_HOMO_UP.cube" ... done
| LUMO    -13.80915483  1.000000 | Writing "Fe_H2O_6_LowSpin_NGWFSP_LUMO_UP.cube" ... done
| LUMO+1  -13.76667155  1.000000 | Writing "Fe_H2O_6_LowSpin_NGWFSP_LUMO+1_UP.cube" ... done
| LUMO+2   -8.50746416  1.000000 | Writing "Fe_H2O_6_LowSpin_NGWFSP_LUMO+2_UP.cube" ... done
| LUMO+3   -7.03170523  1.000000 | Writing "Fe_H2O_6_LowSpin_NGWFSP_LUMO+3_UP.cube" ... done
| LUMO+4   -7.01564557  1.000000 | Writing "Fe_H2O_6_LowSpin_NGWFSP_LUMO+4_UP.cube" ... done
| LUMO+5   -7.00637117  1.000000 | Writing "Fe_H2O_6_LowSpin_NGWFSP_LUMO+5_UP.cube" ... done
================================================================================

===================== Writing canonical molecular orbitals =====================
    Spin 2
| Orbital  Energy (eV)  Norm     |
| HOMO-5  -17.61281116  1.000000 | Writing "Fe_H2O_6_LowSpin_NGWFSP_HOMO-5_DN.cube" ... done
| HOMO-4  -17.45666184  1.000000 | Writing "Fe_H2O_6_LowSpin_NGWFSP_HOMO-4_DN.cube" ... done
| HOMO-3  -17.32949816  1.000000 | Writing "Fe_H2O_6_LowSpin_NGWFSP_HOMO-3_DN.cube" ... done
| HOMO-2  -17.29538922  1.000000 | Writing "Fe_H2O_6_LowSpin_NGWFSP_HOMO-2_DN.cube" ... done
| HOMO-1  -14.80301978  1.000000 | Writing "Fe_H2O_6_LowSpin_NGWFSP_HOMO-1_DN.cube" ... done
| HOMO    -14.78615644  1.000000 | Writing "Fe_H2O_6_LowSpin_NGWFSP_HOMO_DN.cube" ... done
| LUMO    -14.40618748  1.000000 | Writing "Fe_H2O_6_LowSpin_NGWFSP_LUMO_DN.cube" ... done
| LUMO+1  -13.24358466  1.000000 | Writing "Fe_H2O_6_LowSpin_NGWFSP_LUMO+1_DN.cube" ... done
| LUMO+2  -13.19967863  1.000000 | Writing "Fe_H2O_6_LowSpin_NGWFSP_LUMO+2_DN.cube" ... done
| LUMO+3   -8.48028813  1.000000 | Writing "Fe_H2O_6_LowSpin_NGWFSP_LUMO+3_DN.cube" ... done
| LUMO+4   -7.00816390  1.000000 | Writing "Fe_H2O_6_LowSpin_NGWFSP_LUMO+4_DN.cube" ... done
| LUMO+5   -6.99926470  1.000000 | Writing "Fe_H2O_6_LowSpin_NGWFSP_LUMO+5_DN.cube" ... done
================================================================================
 
=============== Density of States (DOS) calculation for UP spin ================
Writing "Fe_H2O_6_LowSpin_NGWFSP_UP_DOS.txt" ... done
================================================================================
 
============== Density of States (DOS) calculation for DOWN spin ===============
Writing "Fe_H2O_6_LowSpin_NGWFSP_DN_DOS.txt" ... done
================================================================================
 
Writing bands to file "Fe_H2O_6_LowSpin_NGWFSP.val_bands" ... done

================================= Core Density =================================
               Core den box size:   39 x  39 x  39
================================================================================
 
********************* Unconstrained **********************
********************** Ewald forces **********************
*                                                        *
* Element  Atom         Cartesian components (Eh/a)      *
* ------------------------------------------------------ *
*                       x            y            z      *
*                                                        *
*    Fe      1      0.02682744   0.00838186  -0.00053372 *
*    O       2     -6.86503709  -1.23836295  -7.76696512 *
*    O       3      6.85265779   1.22024941   7.77539250 *
*    O       4      2.94978929   9.26284451  -3.71307387 *
*    O       5     -2.96174383  -9.25275153   3.74044265 *
*    O       6     -7.49159483   4.95972064   5.32975229 *
*    O       7      7.46052701  -4.94890826  -5.36428119 *
*    H       8     -0.83083995   2.77057604   0.88352547 *
*    H       9     -0.61118979   1.99575475  -2.18580580 *
*    H      10     -2.70207711   0.96953341  -0.95168477 *
*    H      11     -2.20150833  -2.05760197  -0.23621063 *
*    H      12      0.37489250   1.34113148   2.68596958 *
*    H      13      2.32702566   0.47537566  -1.87300872 *
*    H      14      0.61170648  -2.00044180   2.18209185 *
*    H      15     -2.32133407  -0.48075420   1.87935395 *
*    H      16     -0.36800457  -1.33592134  -2.68982470 *
*    H      17      0.83778903  -2.77294665  -0.86723305 *
*    H      18      2.20774632   2.05137657   0.22608392 *
*    H      19      2.70436806  -0.96725562   0.94600937 *
*                                                        *
**********************************************************
TOTAL:              0.00000000  -0.00000000   0.00000000
 
********************* Unconstrained **********************
***************** Local potential forces *****************
*                                                        *
* Element  Atom         Cartesian components (Eh/a)      *
* ------------------------------------------------------ *
*                       x            y            z      *
*                                                        *
*    Fe      1     -0.02709193  -0.00807811   0.00057319 *
*    O       2      7.19253851   1.23287475   8.21159300 *
*    O       3     -7.18498720  -1.22056015  -8.21567923 *
*    O       4     -3.19462192  -9.67312775   4.00866782 *
*    O       5      3.20137043   9.66884817  -4.02800850 *
*    O       6      7.78240804  -5.21826182  -5.73395186 *
*    O       7     -7.76124933   5.21061814   5.75581707 *
*    H       8      0.83080941  -2.73844889  -0.87936692 *
*    H       9      0.59747842  -1.98162875   2.16087156 *
*    H      10      2.67435237  -0.95349472   0.95049869 *
*    H      11      2.17467149   2.04300480   0.22674579 *
*    H      12     -0.38024575  -1.32346257  -2.65988663 *
*    H      13     -2.30519234  -0.46079111   1.85527091 *
*    H      14     -0.59797130   1.98630282  -2.15724045 *
*    H      15      2.29962280   0.46613286  -1.86149654 *
*    H      16      0.37343694   1.31838036   2.66368244 *
*    H      17     -0.83762575   2.74081608   0.86329284 *
*    H      18     -2.18079116  -2.03683700  -0.21677329 *
*    H      19     -2.67661945   0.95128956  -0.94485492 *
*                                                        *
**********************************************************
TOTAL:             -0.01970773   0.00357667  -0.00024500
 
********************* Unconstrained **********************
************** Compensation density forces ***************
*                                                        *
* Element  Atom         Cartesian components (Eh/a)      *
* ------------------------------------------------------ *
*                       x            y            z      *
*                                                        *
*    Fe      1      0.00013292  -0.00012874   0.00000704 *
*    O       2     -0.05002653   0.00124102  -0.06856023 *
*    O       3      0.05080453  -0.00029881   0.06785472 *
*    O       4      0.03811558   0.06240334  -0.04607651 *
*    O       5     -0.03727170  -0.06336910   0.04479109 *
*    O       6     -0.04404932   0.03960028   0.06290638 *
*    O       7      0.04565876  -0.04010405  -0.06085311 *
*    H       8     -0.00047976   0.01204610   0.00167239 *
*    H       9     -0.00454342   0.00527015  -0.00893247 *
*    H      10     -0.01001712   0.00533137  -0.00072625 *
*    H      11     -0.00934462  -0.00558142  -0.00318005 *
*    H      12     -0.00147840   0.00600344   0.00955310 *
*    H      13      0.00783790   0.00476547  -0.00642349 *
*    H      14      0.00454478  -0.00530086   0.00891238 *
*    H      15     -0.00779357  -0.00480351   0.00645028 *
*    H      16      0.00152188  -0.00597356  -0.00956424 *
*    H      17      0.00051859  -0.01207943  -0.00158025 *
*    H      18      0.00938162   0.00555861   0.00312677 *
*    H      19      0.01002812  -0.00531813   0.00069843 *
*                                                        *
**********************************************************
TOTAL:              0.00354025  -0.00073783   0.00007599
 
********************* Unconstrained **********************
*************** Non-local potential forces ***************
*                                                        *
* Element  Atom         Cartesian components (Eh/a)      *
* ------------------------------------------------------ *
*                       x            y            z      *
*                                                        *
*    Fe      1      0.00014159  -0.00002043  -0.00009120 *
*    O       2     -0.27262350   0.00419158  -0.36991781 *
*    O       3      0.27674252   0.00052608   0.36623071 *
*    O       4      0.20292374   0.34205622  -0.24603383 *
*    O       5     -0.19868630  -0.34707267   0.23938923 *
*    O       6     -0.24306741   0.21487381   0.33633096 *
*    O       7      0.25124725  -0.21759001  -0.32574212 *
*    H       8      0.00122921  -0.03487169  -0.00478795 *
*    H       9      0.01390056  -0.01594350   0.02691188 *
*    H      10      0.03017604  -0.01624990   0.00210624 *
*    H      11      0.02826702   0.01681978   0.00966974 *
*    H      12      0.00469035  -0.01838645  -0.02860458 *
*    H      13     -0.02377538  -0.01461920   0.01958810 *
*    H      14     -0.01390292   0.01603185  -0.02684871 *
*    H      15      0.02364260   0.01472625  -0.01966883 *
*    H      16     -0.00482038   0.01829667   0.02863966 *
*    H      17     -0.00134494   0.03492655   0.00451790 *
*    H      18     -0.02837694  -0.01674840  -0.00950168 *
*    H      19     -0.03020891   0.01620718  -0.00202185 *
*                                                        *
**********************************************************
TOTAL:              0.01615419  -0.00284628   0.00016587
 
********************* Unconstrained **********************
************ NGWF non self-consistent forces *************
*                                                        *
* Element  Atom         Cartesian components (Eh/a)      *
* ------------------------------------------------------ *
*                       x            y            z      *
*                                                        *
*    Fe      1      0.00000054  -0.00000019   0.00000022 *
*    O       2     -0.00039281  -0.00001492  -0.00040329 *
*    O       3      0.00039705   0.00001662   0.00040167 *
*    O       4      0.00023608   0.00042879  -0.00022952 *
*    O       5     -0.00023470  -0.00043113   0.00022391 *
*    O       6     -0.00033086   0.00030940   0.00033426 *
*    O       7      0.00033557  -0.00031222  -0.00032911 *
*    H       8      0.00003445   0.00000212  -0.00002167 *
*    H       9     -0.00002089  -0.00002917   0.00000022 *
*    H      10      0.00000226   0.00002089   0.00001995 *
*    H      11     -0.00000425   0.00002777  -0.00001119 *
*    H      12     -0.00004029   0.00002268  -0.00001882 *
*    H      13     -0.00000161   0.00003150   0.00000003 *
*    H      14      0.00002094   0.00002929  -0.00000020 *
*    H      15      0.00000186  -0.00003088   0.00000062 *
*    H      16      0.00004054  -0.00002249   0.00001855 *
*    H      17     -0.00003399  -0.00000182   0.00002202 *
*    H      18      0.00000456  -0.00002828   0.00001025 *
*    H      19     -0.00000216  -0.00002037  -0.00002002 *
*                                                        *
**********************************************************
TOTAL:              0.00001231  -0.00000242  -0.00000211
 
********************* Unconstrained **********************
********************** NLCC forces ***********************
*                                                        *
* Element  Atom         Cartesian components (Eh/a)      *
* ------------------------------------------------------ *
*                       x            y            z      *
*                                                        *
*    Fe      1     -0.00000000  -0.00000000   0.00000000 *
*    O       2     -0.00000194  -0.00000057  -0.00000175 *
*    O       3      0.00000192   0.00000051   0.00000178 *
*    O       4      0.00000038   0.00000282  -0.00000047 *
*    O       5     -0.00000043  -0.00000277   0.00000051 *
*    O       6     -0.00000235   0.00000132   0.00000075 *
*    O       7      0.00000228  -0.00000132  -0.00000084 *
*    H       8      0.00000000   0.00000000   0.00000000 *
*    H       9      0.00000000   0.00000000   0.00000000 *
*    H      10      0.00000000   0.00000000   0.00000000 *
*    H      11      0.00000000   0.00000000   0.00000000 *
*    H      12      0.00000000   0.00000000   0.00000000 *
*    H      13      0.00000000   0.00000000   0.00000000 *
*    H      14      0.00000000   0.00000000   0.00000000 *
*    H      15      0.00000000   0.00000000   0.00000000 *
*    H      16      0.00000000   0.00000000   0.00000000 *
*    H      17      0.00000000   0.00000000   0.00000000 *
*    H      18      0.00000000   0.00000000   0.00000000 *
*    H      19      0.00000000   0.00000000   0.00000000 *
*                                                        *
**********************************************************
TOTAL:             -0.00000014  -0.00000001  -0.00000002
 
********************* Unconstrained **********************
****** Correction to ensure the total force is zero ******
*                                                        *
* Element  Atom         Cartesian components (Eh/a)      *
* ------------------------------------------------------ *
*                       x            y            z      *
*                                                        *
*    Fe      1      0.00000006   0.00000052   0.00000028 *
*    O       2      0.00000006   0.00000052   0.00000028 *
*    O       3      0.00000006   0.00000052   0.00000028 *
*    O       4      0.00000006   0.00000052   0.00000028 *
*    O       5      0.00000006   0.00000052   0.00000028 *
*    O       6      0.00000006   0.00000052   0.00000028 *
*    O       7      0.00000006   0.00000052   0.00000028 *
*    H       8      0.00000006   0.00000052   0.00000028 *
*    H       9      0.00000006   0.00000052   0.00000028 *
*    H      10      0.00000006   0.00000052   0.00000028 *
*    H      11      0.00000006   0.00000052   0.00000028 *
*    H      12      0.00000006   0.00000052   0.00000028 *
*    H      13      0.00000006   0.00000052   0.00000028 *
*    H      14      0.00000006   0.00000052   0.00000028 *
*    H      15      0.00000006   0.00000052   0.00000028 *
*    H      16      0.00000006   0.00000052   0.00000028 *
*    H      17      0.00000006   0.00000052   0.00000028 *
*    H      18      0.00000006   0.00000052   0.00000028 *
*    H      19      0.00000006   0.00000052   0.00000028 *
*                                                        *
**********************************************************
TOTAL:              0.00000113   0.00000987   0.00000528

********************* Unconstrained **********************
************************* Forces *************************
*                                                        *
* Element  Atom         Cartesian components (Eh/a)      *
* ------------------------------------------------------ *
*                       x            y            z      *
*                                                        *
*    Fe      1      0.00001063   0.00015491  -0.00004418 *
*    O       2      0.00445669  -0.00007058   0.00574507 *
*    O       3     -0.00438333  -0.00006582  -0.00579758 *
*    O       4     -0.00355679  -0.00539156   0.00325390 *
*    O       5      0.00343352   0.00522149  -0.00316082 *
*    O       6      0.00336333  -0.00375587  -0.00462694 *
*    O       7     -0.00347840   0.00370280   0.00461098 *
*    H       8      0.00075342   0.00930420   0.00102161 *
*    H       9     -0.00437506   0.00342400  -0.00695433 *
*    H      10     -0.00756350   0.00514157   0.00021414 *
*    H      11     -0.00791863  -0.00333052  -0.00298607 *
*    H      12     -0.00218153   0.00530910   0.00701294 *
*    H      13      0.00589429   0.00476284  -0.00457289 *
*    H      14      0.00439805  -0.00337817   0.00691514 *
*    H      15     -0.00586033  -0.00472896   0.00463975 *
*    H      16      0.00217447  -0.00523984  -0.00704801 *
*    H      17     -0.00069700  -0.00928475  -0.00098025 *
*    H      18      0.00796445   0.00332202   0.00294625 *
*    H      19      0.00756572  -0.00509687  -0.00018871 *
*                                                        *
**********************************************************
* TOTAL:           -0.00000000   0.00000000  -0.00000000 *
**********************************************************
 
 
***********************************************************
********** Summary of Forces (values in Eh/a) *************
*                                                         *
* ---------------------- Minimum ------------------------ *
* Atom:         1, |F|min =    0.00016144                 *
* Components:     Fx|min       Fy|min       Fz|min        *
*               0.00001063   0.00015491  -0.00004418      *
*                                                         *
* ---------------------- Maximum ------------------------ *
* Atom:         8, |F|max =    0.00939039                 *
* Components:     Fx|max       Fy|max       Fz|max        *
*               0.00075342   0.00930420   0.00102161      *
*                                                         *
* ---------------- Root Mean Square Force --------------- *
*                  |F|rms =    0.00823336                 *
* Components:     Fx|rms       Fy|rms       Fz|rms        *
*               0.00484291   0.00489536   0.00451330      *
***********************************************************
 

------------------------------ TIMING INFORMATION ------------------------------
AVERAGE TIME:    1044.322s on      6 proc(s)                                    
TOTAL TIME:      1044.323s on      6 proc(s)                                    
==================== AVERAGE TIMINGS FROM ALL PROCS (CUMULATIVE) =====================
|| TAG                                         #calls     cpu time   %total  Gflops ||
|| onetep.F90 main loop imbalance             :     1        0.00s   0.000%  ------ ||
|| hash_table_free                            :    21        0.00s   0.000%  ------ ||
|| sparse_spam3toblacs_real_fast_imbal        :     6        0.00s   0.000%  ------ ||
|| sparse_spam3toblacs_real_fast_B2           :    36        0.00s   0.000%  ------ ||
|| sparse_blacstospam3_real_fast_imbal        :    24        0.00s   0.000%  ------ ||
|| density_fftbox_interp_mult_imbal           :  2990        0.00s   0.000%  ------ ||
|| ewald_calculate_forces_realspace           :     1        0.00s   0.000%  ------ ||
|| sparse_spam3toblacs_real_fast_B1           :    36        0.00s   0.000%  ------ ||
|| sparse_spam3toblacs_real_fast              :     6        0.00s   0.000%  ------ ||
|| onetep.F90 final imbalance                 :     1        0.00s   0.000%  ------ ||
|| sparse_set_to_garbage                      :   246        0.00s   0.000%  ------ ||
|| sw_bessel_init_cpu                         :     1        0.01s   0.001%  ------ || (1 procs only)
|| ewald_calculate_energy                     :     1        0.00s   0.000%  ------ ||
|| ewald_calculate_forces_recipspace          :     1        0.00s   0.000%  ------ ||
|| ewald_calculate_forces                     :     1        0.00s   0.000%  ------ ||
|| sparse_blacstospam3_real_fast              :    24        0.00s   0.000%  ------ ||
|| paw_dij_hartree                            :   124        0.01s   0.001%  ------ ||
|| basis_extract_function_from_box            :   359        0.02s   0.002%  ------ ||
|| restart_kernel_write                       :    12        0.03s   0.003%  ------ ||
|| sparse_init                                :     1        0.03s   0.003%  ------ ||
|| sparse_embed_array_hotelling_invert        :    21        0.04s   0.004%  ------ ||
|| linalg_dgemv                               :    65        0.04s   0.004%  ------ ||
|| augmentation_density_forces                :     1        0.04s   0.004%  ------ ||
|| sw_init                                    :   235        0.07s   0.006%  ------ ||
|| pseudo_make_structure_factor               :     1        0.07s   0.006%  ------ ||
|| palser_mano_kernel_optimise_spam3_embed    :     2        0.07s   0.007%  ------ ||
|| paw_tcore_density                          :     1        0.10s   0.010%  ------ ||
|| dense_eigensolve                           :     2        0.12s   0.012%  ------ ||
|| lnv_gradient_norm                          :    55        0.18s   0.017%  ------ ||
|| ngwfs_initialise_from_radial               :     2        0.18s   0.018%  ------ ||
|| kernel_purify                              :   174        0.21s   0.020%  ------ ||
|| kernel_fix                                 :    55        0.22s   0.022%  ------ ||
|| paw_sphere_density_on_grid                 :     1        0.24s   0.023%  ------ ||
|| paw_tcore_hartree_on_grid                  :     1        0.25s   0.023%  ------ ||
|| paw_tcore_hartree_calc_forces              :     1        0.32s   0.030%  ------ ||
|| integrals_grad_spam3                       :     2        0.36s   0.035%  ------ ||
|| nonsc_forces_ngwfs_calc                    :     1        0.36s   0.035%  ------ ||
|| function_ops_brappd_ketppd_spam3           :    42        0.44s   0.042%  ------ ||
|| sparse_trace                               :  4509        0.46s   0.044%  ------ ||
|| ngwf_gradient_coeffs                       :    11        1.24s   0.118%  ------ ||
|| paw_dataset_init                           :     3        1.29s   0.123%  ------ ||
|| paw_species_calc_proj_prec_mat             :     1        1.56s   0.150%  ------ ||
|| sparse_product                             :  6648        1.61s   0.154%  ------ ||
|| restart_ngwfs_tightbox_output              :    10        1.65s   0.158%  ------ ||
|| basis_copy_function_to_box                 :  3626        1.74s   0.167%  ------ ||
|| fourier_apply_box_pair                     :   557        1.80s   0.173% 136.300 ||
|| projectors_func_grad_ovlp_box_spam3        :     6        2.29s   0.219%  ------ ||
|| aug_nl_calculate_forces                    :     1        2.41s   0.231%  ------ ||
|| paw_nlcc_calculate_forces                  :     1        2.46s   0.235%  ------ ||
|| basis_dot_function_with_box                : 108.6k       2.51s   0.241%  ------ ||
|| cell_grid_extract_box_real                 :  3044        3.10s   0.297%  ------ ||
|| basis_add_function_to_box                  : 127.3k       3.27s   0.314%  ------ ||
|| eigenstates_calculate                      :     1        3.52s   0.337%  ------ ||
|| integrals_kinetic_spam3                    :    42        4.04s   0.387%  ------ ||
|| density_batch_row_sums                     :   230        4.43s   0.425%  ------ ||
|| augmentation_screen_dij_spam3              :   119        4.88s   0.467%  ------ ||
|| density_fftbox_deposit_to_cell             :  2990        5.70s   0.546%  ------ ||
|| energy_and_force_init_cell                 :     1        6.34s   0.607%  ------ ||
|| cell_grid_deposit_box_real                 :  4250        6.91s   0.661%  ------ ||
|| aug_nonlocal_mat_spam3_embed_array         :   112       12.04s   1.153%  ------ ||
|| forces_calculate                           :     1       12.56s   1.203%  ------ ||
|| density_init_guess_real                    :     2       12.60s   1.206%  ------ ||
|| paw_dij_xc                                 :   124       13.15s   1.259%  ------ ||
|| projectors_init_fftbox_recip               :    93       13.46s   1.289%  ------ ||
|| projectors_func_ovlp_box_spam3             :    42       14.28s   1.367%  ------ ||
|| fourier_filter                             :   746       16.04s   1.536%  ------ ||
|| aug_density_on_grid_spam3                  :   115       19.12s   1.831%  ------ ||
|| integrals_locpot_mat_els_batch             :   126       20.44s   1.957%  ------ ||
|| fourier_filter_cell                        :   148       23.36s   2.237%  21.734 ||
|| fourier_interpolate                        :   746       25.19s   2.412%  ------ ||
|| hamiltonian_energy_components              :     3       29.37s   2.812%  ------ ||
|| hartree_on_grid_single                     :   114       30.48s   2.918%  ------ ||
|| fourier_interpolate_cell                   :   230       35.36s   3.386%  22.313 ||
|| fourier_interpolate_product                :  1878       54.12s   5.183%  ------ ||
|| projectors_gradient_batch                  :    22       54.13s   5.184%  ------ ||
|| projectors_grad_precond_batch              :    22       58.67s   5.618%  ------ ||
|| density_fftbox_interpolate_multiply        :  2990       59.10s   5.659%  ------ ||
|| fourier_apply_box                          : 12561       64.17s   6.144% 253.091 ||
|| properties_calculate                       :     1       74.20s   7.105%  ------ ||
|| potential_apply_to_ngwf_batch              :   126       84.87s   8.127%  ------ ||
|| integrals_locpot_dbl_grid                  :   126      105.35s  10.088%  ------ ||
|| fourier_apply_cell_forward                 :  1027      120.53s  11.541%  26.318 ||
|| fourier_apply_cell_backward                :  1027      131.88s  12.628%  24.053 ||
|| density_batch_interp_deposit               :   230      134.87s  12.915%  ------ ||
|| ngwf_gradient_build_batch                  :    22      138.81s  13.292%  ------ ||
|| density_on_dbl_grid                        :   230      142.50s  13.645%  ------ ||
|| ngwf_gradient_batch                        :    22      172.16s  16.485%  ------ ||
|| ngwf_gradient_lnv                          :    11      178.54s  17.096%  ------ ||
|| xc_energy_potential                        :   114      274.34s  26.270%  ------ ||
|| hamiltonian_lhxc_calculate                 :   109      555.84s  53.225%  ------ ||
|| lnv_denskernel_optimise_cg                 :    11      620.76s  59.442%  ------ ||
|| ngwf_cg_optimise                           :     1      927.53s  88.816%  ------ ||
|| energy_and_forces                          :     1     1037.53s  99.350%  ------ ||
|| total_time                                 :     1     1044.32s 100.000%  ------ ||
======================================================================================
Overhead of generating timer report: 
- 0 ms averaging over threads,
- 0 ms ensuring consistency across MPI ranks,
- 0 ms printing in order.

Job completed: 24-10-2025 12:27 (+0100)

onetep_launcher: ONETEP seems to have finished correctly (zero exit code).
                 Brought to you by PID 115739 on nid002973.
