==================================================================================
It's Fri 24 Oct 2025 11:02:31 AM BST.
*** Starting onetep_launcher (node nid006729, PIDs 191525 191526 191527 191528 191529 191530)...
    - ONETEP arguments: Fe_H2O_6_HighSpin.dat
    - Current directory: /mnt/lustre/a2fs-work3/work/e89/e89/phsmea/onetep_ali_PBE/Fe_H2O_6/HS/nsp
    - Launcher executable directory: /mnt/lustre/a2fs-work3/work/e89/e89/phsmea/onetep_ali
    - (-e) ONETEP executable specified through command-line: /work/e89/e89/phsmea/onetep.archer2_2024_cray_2
      ... trying /work/e89/e89/phsmea/onetep.archer2_2024_cray_2
          -> looks OK
*** Setting up environment...
    - (-s) Process stack size: unlimited
    - (-t) OMP_NUM_THREADS: 8
    - (-o) OMP_STACKSIZE: 64M
    - (-c) Maximum core file size: 2048000
    - (-d) decfort_dump_flag: n
    - (-m) I_MPI_OFA_TRANSLATION_CACHE: 0
    - (-m) I_MPI_DAPL_TRANSLATION_CACHE: 0
    - (-m) I_MPI_DAPL_UD_TRANSLATION_CACHE: 0
*** Starting ONETEP...
    - /work/e89/e89/phsmea/onetep.archer2_2024_cray_2 Fe_H2O_6_HighSpin.dat
=================================================================================
_________________________________________________________________________________
 +---------------------------------------------------------------+
 |                                                               |
 |        ####### #     # ####### ####### ####### ######         |
 |        #     # ##    # #          #    #       #     #        |
 |        #     # # #   # #          #    #       #     #        |
 |        #     # #  #  # #####      #    #####   ######         |
 |        #     # #   # # #          #    #       #              |
 |        #     # #    ## #          #    #       #              |
 |        ####### #     # #######    #    ####### #              |
 |                                                               |
 |        Linear-Scaling Ab Initio Total Energy Program          |
 |                                                               |
 |          Release for academic collaborators of ODG            |
 |                                             Version 7.3.0     |
 | Remote: git@github.com:Miesaz/onetep_mea.git                  |
 | Local branch: master                                          |
 | Commit ID: 4af45e89288c8df5499704252eec3e032ee3d0c8           |
 | Date: Tue Aug 6 11:28:44 2024 +0100                           |
 | Locally modified files:                                       |
 |   src/hubbard_build_mod.F90                                   |
 |   src/services_mod.F90                                        |
 |                                                               |
 +---------------------------------------------------------------+
 |                                                               |
 |  Authors:                                                     |
 |  Jacek Dziedzic, Peter D. Haynes, Nicholas D. M. Hine,        |
 |  Arash A. Mostofi, Mike C. Payne and Chris-Kriton Skylaris    |
 |                                                               |
 |  Contributors:                                                |
 |  J. Aarons, L. Andrinopoulos, P. W. Avraam, R. A. Bell,       |
 |  A. Bhandari, G. A. Bramley, R. J. Charlton, S. J. Clark,     |
 |  R. J. Clements, G. C. Constantinescu, F. Corsetti,           |
 |  N. Corsini, O. Dieguez, S. M. M. Dubois, K. K. B. Duff,      |
 |  J. M. Escartin, M. Escobar Azor, A. Greco,                   |
 |  H. Helal, Q. O. Hill, L. P. Lee, J.-H. Li,                   |
 |  T. Li, E. B. Linscott, G. Moynihan, D. D. O`Regan,           |
 |  O. K. Okan, E. Parkinson, M. J. S. Phipps,                   |
 |  C. J. Pickard, J. C. A. Prentice, M. I. J. Probert,          |
 |  L. E. Ratcliff, M. Robinson, A. Ruiz Serrano,                |
 |  M. dos Santos Dias, J. S. Spencer, E. W. Tait,               |
 |  G. Teobaldi, D. Turban, V. Vitale, K. A. Wilkinson,          |
 |  C. Weber, J. C. Womack, Chengcheng Xiao, N. Yeung,           |
 |  and T. J. Zuehlsdorff.                                       |
 |                                                               |
 |                                   Copyright (c) 2004-2025     |
 |                                                               |
 |  Please cite:                                                 |
 |  "The ONETEP linear-scaling density functional theory program"|
 |   J. Chem. Phys. 152(17) 174111 (2020)                        |
 |                                                               |
 |          in all publications arising from your use of ONETEP. |
 |                                                               |
 +---------------------------------------------------------------+
 |                                                               |
 |   ONETEP is based on developments described in the following  |
 |   publications:                                               |
 |                                                               |
 |  "Nonorthogonal generalized Wannier function pseudopotential  |
 |   plane-wave method".                                         |
 |   C.-K. Skylaris, A. A. Mostofi, P. D. Haynes, O. Dieguez,    |
 |   M. C. Payne.                                                |
 |   Phys. Rev. B 66 035119 (2002).                              |
 |                                                               |
 |  "Preconditioned iterative minimization for linear-scaling    |
 |   electronic structure calculations".                         |
 |   A. A. Mostofi, P. D. Haynes, C.-K. Skylaris, M. C. Payne.   |
 |   J. Chem. Phys. 119(17), pp.8842-8848 (2003).                |
 |                                                               |
 |  "Total-energy calculations on a real space grid with         |
 |   localized functions and a plane-wave basis".                |
 |   A. A. Mostofi, C.-K. Skylaris, P. D. Haynes, M. C. Payne.   |
 |   Comput. Phys. Commun. 147, pp.788-802 (2002).               |
 |                                                               |
 |  "Accurate kinetic energy evaluation in electronic structure  |
 |   calculations with localized functions on real space grids"  |
 |   C.-K. Skylaris, A. A. Mostofi, P. D. Haynes, C. J. Pickard, |
 |   M. C. Payne.                                                |
 |   Comput. Phys. Commun. 140, pp.315-322 (2001).               |
 |                                                               |
 |  "Accurate ionic forces and geometry optimization in linear-  |
 |   scaling density-functional theory with local orbitals"      |
 |   N. D. M. Hine, M. Robinson, P. D. Haynes, C.-K. Skylaris,   |
 |   M. C. Payne, and A. A. Mostofi.                             |
 |   Phys. Rev. B 83 195102 (2011).                              |
 |                                                               |
 +---------------------------------------------------------------+

Job started: 24-10-2025 11:03 (+0100)
 
Reading parameters from file "Fe_H2O_6_HighSpin.dat" ...... done

If your calculation crashes here, before "Checking processes and threads..."
is displayed, then your stack size is insufficient.
If so, use "ulimit -s unlimited" at runtime.
You can disable this check with "check_stack_size F".

Checking processes and threads...
   Determining the default number of threads...
      No default threads set at compilation time: defaulting to 1.
      OpenMP library call suggests 8 threads.
      Hybrid MPI-OpenMP compilation detected.
      Number of MPI processes > 1.
      OMP_NUM_THREADS environment variable present and
      its value matches the one obtained from the OpenMP library call.
      Using this value as default.
      Default threads: 8
      Default applies to threads_max and threads_num_fftboxes.
      Settings in the input file override this default.
   ... done

   Running with 6 MPI processes.
   There are 6 MPI processes running on the same node as the root process.
   Each MPI process is using: 
               1 threads for simulation cell FFTs.
               1 threads for threaded FFT box operations.
               8 threads for loops over batched FFT box operations.
               8 threads in other parallel regions.
   MPI Interface: S1 (use mpi_f08) (-DMPI -DUSE_MPI_F08).
   MPI_ASYNC_PROTECTS_NONBLOCKING: Yes. MPI_SUBARRAYS_SUPPORTED: Yes.
   FFTW Interface: OMP-capable and MODERN. (-DUSE_MODERN_FFTW specified).
   GPU Interface: None.
   GPU FFT Backend: None.
... done

Basic input checks...... done

Reading geometry and species blocks from file "Fe_H2O_6_HighSpin.dat" ...   
  Number of PPD points along a3 set to 1.  This is 
  the default value, it may have been provided also in the input file.
... done


--------------------------------------------------------------------------------
---------------------------------- INPUT FILE ----------------------------------
--------------------------------------------------------------------------------

charge : 3                                                                      
cutoff_energy : 800 eV                                                          
do_properties : T                                                               
edft : F                                                                        
fine_grid_scale : 4                                                             
forces_output_detail : VERBOSE                                                  
output_detail : VERBOSE                                                         
paw : T                                                                         
pseudo_path : ../../..                                                          
spin : 5                                                                        
task : SINGLEPOINT                                                              
write_denskern : T                                                              
write_forces : T                                                                
write_tightbox_ngwfs : T                                                        
xc_functional : pbe                                                             
%BLOCK LATTICE_CART                                                             
ang                                                                             
24.26273295       0.00000000       0.00000000                                   
0.00000000      24.37834389       0.00000000                                    
0.00000000       0.00000000      24.49207180                                    
%ENDBLOCK LATTICE_CART                                                          
%BLOCK POSITIONS_ABS                                                            
ang                                                                             
Fe    12.250834    12.347183    12.383732                                       
O    10.917918    12.146968    10.856178                                        
O    13.583304    12.546579    13.912161                                        
O    12.887136    14.120729    11.605769                                        
O    11.615952    10.572827    13.160958                                        
O    10.850840    13.339989    13.478875                                        
O    13.651816    11.355466    11.289061                                        
H    10.696459    14.301039    13.481892                                        
H    12.560868    14.548886    10.794767                                        
H    10.000000    12.470494    10.843615                                        
H    10.918955    10.000000    12.795645                                        
H    13.422087    12.984112    14.766573                                        
H    14.297832    11.752416    10.678656                                        
H    11.941917    10.145878    13.972648                                        
H    10.207412    12.944405    14.092914                                        
H    11.081036    11.713610    10.000000                                        
H    13.803190    10.393971    11.281531                                        
H    13.581663    14.695076    11.973417                                        
H    14.500246    12.220359    13.925451                                        
%ENDBLOCK POSITIONS_ABS                                                         
%BLOCK SPECIES                                                                  
Fe Fe 26 -1 10.0                                                                
H H 1 -1 10.0                                                                   
O O 8 -1 10.0                                                                   
%ENDBLOCK SPECIES                                                               
%BLOCK SPECIES_ATOMIC_SET                                                       
Fe "SOLVE INIT SPIN=5"                                                          
H  "SOLVE"                                                                      
O  "SOLVE"                                                                      
%ENDBLOCK SPECIES_ATOMIC_SET                                                    
%BLOCK SPECIES_POT                                                              
Fe Fe.PBE-paw.abinit                                                            
H H.PBE-paw.abinit                                                              
O O.PBE-paw.abinit                                                              
%ENDBLOCK SPECIES_POT                                                           

--------------------------------------------------------------------------------
-------------------------------- END INPUT FILE --------------------------------
--------------------------------------------------------------------------------


 
 ESDF WARNING(1): "charge" (esdf_physical) has no units. Assume "e".
<<<<<<<<<<<<<<<<<<<<<<<<<<<<<<<<< Full system >>>>>>>>>>>>>>>>>>>>>>>>>>>>>>>>>>
<<<<<<<<<<<<<<<<<<<<<<<<<<< PAW Dataset information >>>>>>>>>>>>>>>>>>>>>>>>>>>
File: Fe.PBE-paw.abinit; rc = 2.12 bohr; shape type =  2; rshape = 1.81 bohr;
  Atomic number: 26;  ionic charge: 16.000000
    Partial Wave 1: l = 0
    Partial Wave 2: l = 0
    Partial Wave 3: l = 1
    Partial Wave 4: l = 1
    Partial Wave 5: l = 2
    Partial Wave 6: l = 2
  Core charge supplied for Nonlinear Core Corrections
File: O.PBE-paw.abinit; rc = 1.41 bohr; shape type =  2; rshape = 1.20 bohr;
  Atomic number:  8;  ionic charge:  6.000000
    Partial Wave 1: l = 0
    Partial Wave 2: l = 0
    Partial Wave 3: l = 1
    Partial Wave 4: l = 1
  Core charge supplied for Nonlinear Core Corrections
File: H.PBE-paw.abinit; rc = 0.90 bohr; shape type =  2; rshape = 0.80 bohr;
  Atomic number:  1;  ionic charge:  1.000000
    Partial Wave 1: l = 0
    Partial Wave 2: l = 0
    Partial Wave 3: l = 1
<<<<<<<<<<<<<<<<<<<<<<<<<<<<<<<<<<<<<<< >>>>>>>>>>>>>>>>>>>>>>>>>>>>>>>>>>>>>>>

-------------------------- Atom counting information ---------------------------
Symbol    Natoms    Nngwfs    Nprojs
  Fe         1        13        18
  O          6        24        48
  H         12        12        60
.......   ......    ......    ......
Totals:     19        49       126
--------------------------------------------------------------------------------

=============================== PSINC grid sizes ===============================
                      Simulation cell:   91 x  91 x  91
                              FFT-box:   91 x  91 x  91
                                  PPD:    7 x   7 x   1
Grid space d1=  0.503845280792a0 (KE cutoff=  29.92331Eh = 814.25466eV)
Grid space d2=  0.506246083152a0 (KE cutoff=  29.64017Eh = 806.54999eV)
Grid space d3=  0.508607782094a0 (KE cutoff=  29.36554Eh = 799.07702eV)
================================================================================

********************* Fourier parallelisation information **********************
       Coarse grid (whole simulation cell) dimensions:     91    91    91
          Real-space ('12') slabs/proc (min max mean):     15    16    15
         Recip-space ('23') slabs/proc (min max mean):      7     8     7
********************************************************************************

********************* Fourier parallelisation information **********************
       Double grid (whole simulation cell) dimensions:    182   182   182
          Real-space ('12') slabs/proc (min max mean):     30    31    30
         Recip-space ('23') slabs/proc (min max mean):     15    16    15
********************************************************************************

********************* Fourier parallelisation information **********************
         Fine grid (whole simulation cell) dimensions:    364   364   364
          Real-space ('12') slabs/proc (min max mean):     60    61    60
         Recip-space ('23') slabs/proc (min max mean):     30    31    30
********************************************************************************

Atom SCF Calculation for Fe : Z (AE atom) =  26 : Z (PS atom) =  16
Config String: 3s2.0 3p6.0 3d6.0 4s2.0 4p0.0 INIT SPIN=5
Orbitals (num,occ):  5     2.00 6.00 6.00 2.00 0.00
Orbitals   (num,l):  5        0    1    2    0    1
Real-space Grid (nr,dr,rmax): 1503    0.0066577896   10.0000000000
Spherical Bessel Basis (nsws,lmax,cutoff):   37    4  176.3967570603
Confining potential (l,width,scale):  0    3.0000000000  100.0000000000
Confining potential (l,width,scale):  1    3.0000000000  100.0000000000
Confining potential (l,width,scale):  2    3.0000000000  100.0000000000
  1       -111.4005172118  -52.5575611559   72.2164000725   -4.0901868950
  2       -116.6635475262  -20.5601904919   91.7007084249   -2.2962490369
  3       -121.6156136875  -23.2753453277   92.4544705195   -2.7706732816
  4       -123.0066153699  -21.4164712440   94.7136519632   -2.9394413820
  5       -123.8168122141  -22.6370400734   94.1384349420   -3.0798102909
  6       -123.9055073486  -21.7222843370   94.9342614757   -3.0846520419
  7       -124.0956886241  -22.4138747628   94.4617720360   -3.1224050559
  8       -124.0492758687  -21.8887017510   94.8692044073   -3.1096545890
  9       -124.1222324005  -22.2877514631   94.5777385101   -3.1254730624
 10       -124.0894611846  -22.0431086758   94.7620026738   -3.1177312036
 11       -124.1066906466  -22.1417456915   94.6895757605   -3.1215019185
 12       -124.1027421480  -22.1090398813   94.7144439268   -3.1205307857
 13       -124.1039552528  -22.1131641559   94.7116547863   -3.1207645739
 14       -124.1041718268  -22.1127261003   94.7121170471   -3.1207931979
 15       -124.1043563153  -22.1126782042   94.7122440208   -3.1208211382
 16       -124.1044853288  -22.1126702816   94.7123114748   -3.1208409484
 17       -124.1045734258  -22.1126674103   94.7123551926   -3.1208545095
 18       -124.1046334193  -22.1126657134   94.7123845864   -3.1208637603
 19       -124.1046742816  -22.1126645462   94.7124045128   -3.1208700757
 20       -124.1047021281  -22.1126636961   94.7124180731   -3.1208743926
 21       -124.1047211147  -22.1126630559   94.7124273290   -3.1208773473
 22       -124.1047340666  -22.1126625637   94.7124336643   -3.1208793718
 23       -124.1047429056  -22.1126621807   94.7124380116   -3.1208807606
 24       -124.1047489402  -22.1126618812   94.7124410017   -3.1208817142
 25       -124.1047530616  -22.1126616468   94.7124430628   -3.1208823696
 26       -124.1047558771  -22.1126614637   94.7124444863   -3.1208828204
 27       -124.1047578011  -22.1126613212   94.7124454714   -3.1208831306
 28       -124.1047591161  -22.1126612109   94.7124461541   -3.1208833444
 29       -124.1047600152  -22.1126611259   94.7124466281   -3.1208834917
 30       -124.1047606300  -22.1126610607   94.7124469575   -3.1208835933
 31       -124.1047610504  -22.1126610110   94.7124471869   -3.1208836634
 32       -124.1047613380  -22.1126609733   94.7124473467   -3.1208837118
 33       -124.1047615347  -22.1126609447   94.7124474583   -3.1208837453
 34       -124.1047616693  -22.1126609232   94.7124475361   -3.1208837684
 35       -124.1047617614  -22.1126609071   94.7124475906   -3.1208837843
Atom SCF converged after  35 iterations to a total energy of   -124.10476176
Adjusting orbital occupancies:
Orbitals (num,spin,occ):  5  1     1.00 3.00 5.00 1.00 0.50
Orbitals   (num,spin,l):  5  1        0    1    2    0    1
Orbitals (num,spin,occ):  5  2     1.00 3.00 1.50 0.00 0.00
Orbitals   (num,spin,l):  5  2        0    1    2    0    1

Atom SCF Calculation for H  : Z (AE atom) =   1 : Z (PS atom) =   1
Config String: 1s1.0
Orbitals (num,occ):  1     1.00
Orbitals   (num,l):  1        0
Real-space Grid (nr,dr,rmax): 1503    0.0066577896   10.0000000000
Spherical Bessel Basis (nsws,lmax,cutoff):   37    2  176.3967570603
Confining potential (l,width,scale):  0    3.0000000000  100.0000000000
  1         -0.3348525927   -0.2401819449    0.2820953128   -0.2388448411
  2         -0.4038948821   -0.2405504229    0.2866889240   -0.2416217444
  3         -0.4360732773   -0.2390089543    0.2890729861   -0.2443653791
  4         -0.4497314704   -0.2383264046    0.2899315599   -0.2456060208
  5         -0.4551901081   -0.2381357631    0.2901452306   -0.2460489407
  6         -0.4573594294   -0.2381000300    0.2901742710   -0.2461947705
  7         -0.4582326910   -0.2381004501    0.2901659451   -0.2462415077
  8         -0.4585900702   -0.2381055523    0.2901559649   -0.2462564278
  9         -0.4587384807   -0.2381092319    0.2901497571   -0.2462612174
 10         -0.4588008132   -0.2381112609    0.2901465144   -0.2462627659
 11         -0.4588272086   -0.2381122698    0.2901449456   -0.2462632682
 12         -0.4588384507   -0.2381127465    0.2901442163   -0.2462634302
 13         -0.4588432580   -0.2381129655    0.2901438848   -0.2462634814
 14         -0.4588453195   -0.2381130645    0.2901437362   -0.2462634968
 15         -0.4588462053   -0.2381131088    0.2901436700   -0.2462635011
 16         -0.4588465865   -0.2381131284    0.2901436407   -0.2462635020
 17         -0.4588467508   -0.2381131372    0.2901436278   -0.2462635020
 18         -0.4588468216   -0.2381131410    0.2901436222   -0.2462635019
Atom SCF converged after  18 iterations to a total energy of     -0.45884682

Atom SCF Calculation for O  : Z (AE atom) =   8 : Z (PS atom) =   6
Config String: 2s2.0 2p4.0
Orbitals (num,occ):  2     2.00 4.00
Orbitals   (num,l):  2        0    1
Real-space Grid (nr,dr,rmax): 1503    0.0066577896   10.0000000000
Spherical Bessel Basis (nsws,lmax,cutoff):   37    2  176.3967570603
Confining potential (l,width,scale):  0    3.0000000000  100.0000000000
Confining potential (l,width,scale):  1    3.0000000000  100.0000000000
  1         -8.3209332552   -7.4828484739   10.1554312602   -2.1270270195
  2        -15.1405599232   -3.0474882742   13.6590820486   -2.5134754209
  3        -15.5174094640   -3.1101891961   13.6243211040   -2.6472956001
  4        -15.7606118231   -3.0805775314   13.6668776248   -2.7100307789
  5        -15.8308896490   -3.0881936416   13.6633910567   -2.7338682066
  6        -15.8678540393   -3.0862312957   13.6673103078   -2.7443897972
  7        -15.8801393942   -3.0873360689   13.6669183555   -2.7485230919
  8        -15.8859601688   -3.0872977830   13.6672813272   -2.7502957173
  9        -15.8880580832   -3.0874730763   13.6672320183   -2.7510066526
 10        -15.8889924584   -3.0874981416   13.6672623218   -2.7513066537
 11        -15.8893459980   -3.0875277929   13.6672548500   -2.7514284384
 12        -15.8894977936   -3.0875355600   13.6672566096   -2.7514793465
 13        -15.8895569380   -3.0875407304   13.6672553199   -2.7515001537
 14        -15.8895817884   -3.0875424467   13.6672552475   -2.7515088021
 15        -15.8895916441   -3.0875433561   13.6672550136   -2.7515123499
 16        -15.8895957327   -3.0875436929   13.6672549605   -2.7515138192
 17        -15.8895973717   -3.0875438525   13.6672549179   -2.7515144231
 18        -15.8895980466   -3.0875439149   13.6672549044   -2.7515146726
 19        -15.8895983189   -3.0875439428   13.6672548968   -2.7515147752
 20        -15.8895984306   -3.0875439540   13.6672548940   -2.7515148175
 21        -15.8895984758   -3.0875439588   13.6672548927   -2.7515148349
Atom SCF converged after  21 iterations to a total energy of    -15.88959848

BC: Task: SINGLEPOINT
BC: +++++++++++++++ Summary of boundary conditions ++++++++++++++
BC: |       Component       |     Keyword     |   Periodicity   |
BC: |                       |                 |     X  Y  Z [1] |
BC: |-----------------------------------------------------------|
BC: | Ion-ion               | ion_ion_bc [2]  |     P  P  P     |
BC: | Local pseudopotential | pspot_bc [3]    |     P  P  P     |
BC: +++++++++++++++++++++++++++++++++++++++++++++++++++++++++++++
BC: P: Periodic, O: Open.
BC: [1] Not strictly along X, Y, Z but rather along lattice vectors A1, A2, A3.
BC: [2] Also affected by: pbc_correction_cutoff, cutoff_coulomb_type,
BC:     is_smeared_ion_rep, is_implicit_solvent, openbc_ion_ion.
BC: [3] Also affected by: is_smeared_ion_rep, is_implicit_solvent, openbc_pspot.

Determining parallel strategy ...
... using space-filling curve
... NGWF load balancing: max     13;  min      6;  average      8
... Projector load balancing: max     23;  min     18;  average     21
... done
Calculating Ewald energy ...
              Ewald: real-space energy =          259.628137
        Ewald: reciprocal-space energy =           32.055934
         Ewald: (sum_charge)**2 energy =           16.660578
         Ewald: (sum_charge**2) energy =           17.162568
                          Ewald energy =          257.860925
Basis initialisation ...
... NGWF spheres initialised
... Projector spheres initialised
... NGWF tight boxes initialised
... Projector tight boxes initialised
... Tight-boxes gathered
... NGWF basis size (local,global):        108823       418827
... PAW projector initialisation
... done

============================= Charge Augmentation ==============================
                           Aug box size:   35 x  35 x  35
================================================================================

========================== Sparse matrix information ===========================
                        Overlap matrix filling: 100.00%
                        Density kernel filling: 100.00% (known to be dense)
              NGWF-Proj overlap matrix filling: 100.00%
                    Aug Overlap matrix filling: 100.00%
                    Hamiltonian matrix filling: 100.00%
                  NGWF diagonal matrix filling:  11.54%
                             KS matrix filling: 100.00% 
                           KSKS matrix filling: 100.00% 
================================================================================

Sparse matrix initialisation ...
 done
NGWF initialisation ... done
============ Calculation of NGWF S^-1 using Hotelling algorithm ================ 
     Iteration  |  Spin  |  Frobenius norm and Maximum abs value (of I-S*S_n^-1)
         1           1      0.67929082E+01     0.97887379E+00
         2           1      0.66125599E+01     0.95821068E+00
         3           1      0.63112652E+01     0.91822820E+00
         4           1      0.58572169E+01     0.84334238E+00
         5           1      0.52353975E+01     0.71179717E+00
         6           1      0.44792031E+01     0.64186715E+00
         7           1      0.37487175E+01     0.58815717E+00
         8           1      0.31436456E+01     0.52993175E+00
         9           1      0.24895651E+01     0.45168604E+00
        10           1      0.16912875E+01     0.34234515E+00
        11           1      0.90771347E+00     0.21061481E+00
        12           1      0.33277018E+00     0.86298535E-01
        13           1      0.54347222E-01     0.14983737E-01
        14           1      0.15602979E-02     0.45347610E-03
        15           1      0.13617747E-05     0.41601780E-06
        16           1      0.10844505E-11     0.35260683E-12
================================================================================
Calculating core density ...
================================= Core Density =================================
               Core den box size:   39 x  39 x  39
================================================================================
 ... done
Density renormalisation, spin  1 ...
Target Charge:    33.000000000000 ; Input Charge:    34.500486880477
Density renormalisation, spin  2 ...
Target Charge:    28.000000000000 ; Input Charge:    29.500436689809
Density kernel initialisation
 
======= Optimisation of K by Palser-Manolopoulos canonical purification ======== 
         Iteration  |  Band structure energy |    c_n   
               1         -40.16754848603877    0.6572932
               2         -40.71829487273290    0.6519305
               3         -41.35259819377973    0.6445153
               4         -42.07866990159054    0.6346136
               5         -42.91977102973581    0.6213457
               6         -43.90839177105603    0.6035863
               7         -45.05839226153861    0.5817799
               8         -46.31640627429604    0.5613732
               9         -47.49674853261895    0.5556869
              10         -48.29575943210840    0.5796105
              11         -48.61784407612336    0.6095251
              12         -48.71515794887303    0.5797650
              13         -48.75560670580141    0.5256636
              14         -48.77040844955442    0.5026914
              15         -48.77210463764190    0.5000308
              16         -48.77212423430609    0.5000473
              17         -48.77212423689095    0.5000473
Termination criterion satisfied: band energy change below threshold.
Final occupancy bounds: [    0.00000000000000:    0.99999999999998]
Closest occupancy to 0.5:     0.99999999999998
================================================================================
 
======= Optimisation of K by Palser-Manolopoulos canonical purification ======== 
         Iteration  |  Band structure energy |    c_n   
               1         -34.65067626645182    0.5541605
               2         -35.62514307333981    0.5465116
               3         -36.75719926407528    0.5363120
               4         -38.00513697758954    0.5272967
               5         -39.36864973545793    0.5258334
               6         -40.74883944567449    0.5524133
               7         -41.81154210848318    0.6372968
               8         -42.29577080639100    0.7186226
               9         -42.42377386731856    0.7247928
              10         -42.49136043924965    0.7014475
              11         -42.56183242709105    0.6707023
              12         -42.63530849788435    0.6407162
              13         -42.70244479293906    0.6215194
              14         -42.75274035553200    0.6037491
              15         -42.78664449343783    0.5651189
              16         -42.81063610170982    0.5252269
              17         -42.82309929708296    0.5042340
              18         -42.82575810456649    0.5001271
              19         -42.82585977288457    0.5000002
              20         -42.82585991903805    0.5427353
              21         -42.82585991903838    0.5427353
Termination criterion satisfied: band energy change below threshold.
Final occupancy bounds: [    0.00000000000000:    0.99999999999996]
Closest occupancy to 0.5:     0.99999999999998
================================================================================

Writing density kernel to file "Fe_H2O_6_HighSpin.dkn" ... done

>>> Optimising kernel for current NGWFs:
   Initial electron number for spin 1:      33.00000000
   Initial electron number for spin 2:      28.00000000
     Final electron number for spin 1:      33.00000000
     Final electron number for spin 2:      28.00000000

=================== Penalty functional idempotency correction ==================
 RMS occupancy error at iteration   1:  0.000000 (step -0.5000 Ne1=     33.0000)
                                                               Ne2=     28.0000
            Final RMS occupancy error   :  0.000000 (Ne1=     33.0000)
                                                     Ne2=     28.0000
            Final occupancy bounds spin 1: [  0.000,  1.000]
            Final occupancy bounds spin 2: [ -0.000,  1.000]
================================================================================

................................................................................
<<<<<<<<<<<<<< LNV (Original version) density kernel optimisation >>>>>>>>>>>>>>
~~~~~~~~~~~~~~~~~~~~~~~~~~~~~~~~~~~~~~~~~~~~~~~~~~~~~~~~~~~~~~~~~~~~~~~~~~~~~~~~
   iter  |      energy (Eh)       | rms gradient |  commutator  |   dE (Eh)
      ideal mu1:      -0.847077108828
      ideal mu2:      -0.881596481733
             Q0:        -225.580474484360
             G0:      -6.361743888789
   RMS gradient:       0.072795914870
    Initial Ne1:      33.00000000
    Initial Ne2:      28.00000000
      Final Ne1:      33.00000000
      Final Ne2:      28.00000000

=================== Penalty functional idempotency correction ==================
 RMS occupancy error at iteration   1:  0.001683 (step -0.4965 Ne1=     33.0000)
                                                               Ne2=     28.0000
 RMS occupancy error at iteration   2:  0.000003 (step -0.5000 Ne1=     33.0000)
                                                               Ne2=     28.0000
            Final RMS occupancy error   :  0.000000 (Ne1=     33.0000)
                                                     Ne2=     28.0000
            Final occupancy bounds spin 1: [  0.000,  1.000]
            Final occupancy bounds spin 2: [  0.000,  1.000]
================================================================================

    1        -2.255804744844E+02     7.2796E-02     4.1847E-02
      ideal mu1:      -0.922152968340
      ideal mu2:      -0.965197447425
             Q0:        -226.125882977406
             G0:      -5.589675673734
   RMS gradient:       0.052159279844
    Initial Ne1:      33.00000000
    Initial Ne2:      28.00000000
      Final Ne1:      33.00000000
      Final Ne2:      28.00000000

=================== Penalty functional idempotency correction ==================
 RMS occupancy error at iteration   1:  0.004295 (step -0.4909 Ne1=     33.0000)
                                                               Ne2=     28.0000
 RMS occupancy error at iteration   2:  0.000018 (step -0.5000 Ne1=     33.0000)
                                                               Ne2=     28.0000
            Final RMS occupancy error   :  0.000000 (Ne1=     33.0000)
                                                     Ne2=     28.0000
            Final occupancy bounds spin 1: [  0.000,  1.000]
            Final occupancy bounds spin 2: [  0.000,  1.000]
================================================================================

    2        -2.261258829774E+02     5.2159E-02     2.9980E-02    -5.4541E-01
      ideal mu1:      -1.016302443114
      ideal mu2:      -1.067490567996
             Q0:        -226.534217642752
             G0:      -1.362504136920
   RMS gradient:       0.025184322250
     Trial step:       0.500000000000
             Q1:        -226.195919532555
 Quadratic coef:       1.019550178657
 Linear coef   :      -0.681252068460
           Qmin:        -226.648018902978
Quadratic minimum step length (  0.167047214233) accepted
    Initial Ne1:      32.99999995
    Initial Ne2:      27.99999994
      Final Ne1:      33.00000000
      Final Ne2:      28.00000000

=================== Penalty functional idempotency correction ==================
 RMS occupancy error at iteration   1:  0.004588 (step -0.4899 Ne1=     33.0000)
                                                               Ne2=     28.0000
 RMS occupancy error at iteration   2:  0.000022 (step -0.5000 Ne1=     33.0000)
                                                               Ne2=     28.0000
            Final RMS occupancy error   :  0.000000 (Ne1=     33.0000)
                                                     Ne2=     28.0000
            Final occupancy bounds spin 1: [  0.000,  1.000]
            Final occupancy bounds spin 2: [  0.000,  1.000]
================================================================================

    3        -2.265342176428E+02     2.5184E-02     1.4484E-02    -4.0833E-01
      ideal mu1:      -1.101703041169
      ideal mu2:      -1.156158247419
             Q0:        -226.651430788989
             G0:      -0.085726539081
   RMS gradient:       0.008206484894
     Trial step:       0.289004510547
             Q1:        -226.666291975758
 Quadratic coef:       0.009914169699
 Linear coef   :      -0.024775356468
           Qmin:        -226.666909096976
Quadratic minimum step length (  0.361108897029) accepted
    Initial Ne1:      32.99999986
    Initial Ne2:      27.99999983
      Final Ne1:      33.00000000
      Final Ne2:      28.00000000

=================== Penalty functional idempotency correction ==================
 RMS occupancy error at iteration   1:  0.001823 (step -0.4960 Ne1=     33.0000)
                                                               Ne2=     28.0000
 RMS occupancy error at iteration   2:  0.000004 (step -0.5000 Ne1=     33.0000)
                                                               Ne2=     28.0000
            Final RMS occupancy error   :  0.000000 (Ne1=     33.0000)
                                                     Ne2=     28.0000
            Final occupancy bounds spin 1: [  0.000,  1.000]
            Final occupancy bounds spin 2: [  0.000,  1.000]
================================================================================

    4        -2.266514307890E+02     8.2065E-03     4.7653E-03    -1.1721E-01
      ideal mu1:      -1.139306431080
      ideal mu2:      -1.188068304624
    5        -2.266672623042E+02     5.1607E-03     2.9582E-03    -1.5832E-02
Finished density kernel iterations (   5)

Writing density kernel to file "Fe_H2O_6_HighSpin.dkn" ... done


>>> Density kernel optimised for the current NGWF basis:
     ~~~~~~~~~~~~~~~~~~~~~~~~~~~~~~~~~~~~~~~~~~~~~~~~~~~~~~~~~~~
     Total energy                =  -2.26667262304156E+02  Eh
     Estimated bandgap (UP spin) =   2.8732E-01  Eh
     Estimated bandgap (DN spin) =   9.0134E-02  Eh
     RMS occupancy error         =   5.1159E-11
     [H,K] commutator            =   2.9582E-03
     UP spin occupancy bounds    = [  0.000:  1.000]
     DN spin occupancy bounds    = [  0.000:  1.000]
     ~~~~~~~~~~~~~~~~~~~~~~~~~~~~~~~~~~~~~~~~~~~~~~~~~~~~~~~~~~~




################################################################################
########################### NGWF CG iteration  001 #############################
################################################################################
****** Reciprocal space K.E. preconditioning with k_zero =  3.0000 a0^-1 *******

>>> Checking for convergence of NGWFs:   NOT CONVERGED
  ========================================================================
         NGWF RMS gradient =  9.7036E-04 >  2.0000E-06  | above tolerance
  ========================================================================

>>> Improving NGWFs using line search:
============ Calculation of NGWF S^-1 using Hotelling algorithm ================ 
     Iteration  |  Spin  |  Frobenius norm and Maximum abs value (of I-S*S_n^-1)
         1           1      0.11059526E-01     0.15909094E-02
         2           1      0.13479447E-04     0.25169144E-05
         3           1      0.43421576E-10     0.80699891E-11
         4           1      0.32194020E-14     0.77715612E-15
================================================================================
============ Calculation of NGWF S^-1 using Hotelling algorithm ================ 
     Iteration  |  Spin  |  Frobenius norm and Maximum abs value (of I-S*S_n^-1)
         1           1      0.10394445E+00     0.17965487E-01
         2           1      0.17554459E-02     0.31375288E-03
         3           1      0.73032200E-06     0.13105787E-06
         4           1      0.14093425E-12     0.26312286E-13
================================================================================
------------------------------- NGWF line search -------------------------------
RMS gradient                =       0.00097035608028
Trial step length           =               0.122474
Gradient along search dir.  =         -1.48972112944
Functional at step 0        =    -226.66726230415560
Functional at step 1        =    -226.83812480613108
Functional predicted        =    -227.38529702724745
Selected quadratic step     =               0.963985
Conjugate gradients coeff.  =               0.000000
--------------------------- NGWF line search finished --------------------------
                                               
Writing NGWFs to file "Fe_H2O_6_HighSpin.tightbox_ngwfs".... done

>>> Optimising kernel for current NGWFs:
   Initial electron number for spin 1:      33.18195146
   Initial electron number for spin 2:      28.17531539
     Final electron number for spin 1:      33.00000000
     Final electron number for spin 2:      28.00000000

=================== Penalty functional idempotency correction ==================
 RMS occupancy error at iteration   1:  0.004770 (step -0.4909 Ne1=     33.0000)
                                                               Ne2=     28.0000
 RMS occupancy error at iteration   2:  0.000052 (step -0.5001 Ne1=     33.0000)
                                                               Ne2=     28.0000
            Final RMS occupancy error   :  0.000000 (Ne1=     33.0000)
                                                     Ne2=     28.0000
            Final occupancy bounds spin 1: [  0.000,  1.000]
            Final occupancy bounds spin 2: [  0.000,  1.000]
================================================================================

................................................................................
<<<<<<<<<<<<<< LNV (Original version) density kernel optimisation >>>>>>>>>>>>>>
~~~~~~~~~~~~~~~~~~~~~~~~~~~~~~~~~~~~~~~~~~~~~~~~~~~~~~~~~~~~~~~~~~~~~~~~~~~~~~~~
   iter  |      energy (Eh)       | rms gradient |  commutator  |   dE (Eh)
      ideal mu1:      -1.124697406047
      ideal mu2:      -1.174900523025
             Q0:        -227.376034512859
             G0:      -0.123078275400
   RMS gradient:       0.010125340083
     Trial step:       0.323051234388
             Q1:        -227.394536634856
 Quadratic coef:       0.021258466798
 Linear coef   :      -0.039760588794
           Qmin:        -227.394625980865
Quadratic minimum step length (  0.302108035641) accepted
    Initial Ne1:      32.99999913
    Initial Ne2:      27.99999963
      Final Ne1:      33.00000000
      Final Ne2:      28.00000000

=================== Penalty functional idempotency correction ==================
 RMS occupancy error at iteration   1:  0.000321 (step -0.4992 Ne1=     33.0000)
                                                               Ne2=     28.0000
            Final RMS occupancy error   :  0.000000 (Ne1=     33.0000)
                                                     Ne2=     28.0000
            Final occupancy bounds spin 1: [ -0.000,  1.000]
            Final occupancy bounds spin 2: [ -0.000,  1.000]
================================================================================

    1        -2.273760345129E+02     1.0125E-02     5.8384E-03
      ideal mu1:      -1.104475071154
      ideal mu2:      -1.150629044534
             Q0:        -227.394618563400
             G0:      -0.008988511664
   RMS gradient:       0.002718859406
     Trial step:       0.312404183442
             Q1:        -227.395918007862
 Quadratic coef:       0.001508604184
 Linear coef   :      -0.002808048647
           Qmin:        -227.395925257575
Quadratic minimum step length (  0.290747617500) accepted
    Initial Ne1:      33.00000300
    Initial Ne2:      28.00000619
      Final Ne1:      33.00000000
      Final Ne2:      28.00000000

=================== Penalty functional idempotency correction ==================
 RMS occupancy error at iteration   1:  0.000063 (step -0.4999 Ne1=     33.0000)
                                                               Ne2=     28.0000
            Final RMS occupancy error   :  0.000000 (Ne1=     33.0000)
                                                     Ne2=     28.0000
            Final occupancy bounds spin 1: [ -0.000,  1.000]
            Final occupancy bounds spin 2: [ -0.000,  1.000]
================================================================================

    2        -2.273946185634E+02     2.7189E-03     1.5609E-03    -1.8584E-02
      ideal mu1:      -1.101108799585
      ideal mu2:      -1.148023608736
             Q0:        -227.395924819428
             G0:      -0.005047836407
   RMS gradient:       0.002038917740
     Trial step:       0.301381439430
             Q1:        -227.396723620106
 Quadratic coef:       0.000722523524
 Linear coef   :      -0.001521324202
           Qmin:        -227.396725633260
Quadratic minimum step length (  0.317289930865) accepted
    Initial Ne1:      33.00000199
    Initial Ne2:      28.00000407
      Final Ne1:      33.00000000
      Final Ne2:      28.00000000

=================== Penalty functional idempotency correction ==================
 RMS occupancy error at iteration   1:  0.000074 (step -0.4998 Ne1=     33.0000)
                                                               Ne2=     28.0000
            Final RMS occupancy error   :  0.000000 (Ne1=     33.0000)
                                                     Ne2=     28.0000
            Final occupancy bounds spin 1: [ -0.000,  1.000]
            Final occupancy bounds spin 2: [ -0.000,  1.000]
================================================================================

    3        -2.273959248194E+02     2.0389E-03     1.1668E-03    -1.3063E-03
      ideal mu1:      -1.102480172252
      ideal mu2:      -1.149362201437
             Q0:        -227.396726593629
             G0:      -0.000933395982
   RMS gradient:       0.000881352202
     Trial step:       0.309233400655
             Q1:        -227.396888238691
 Quadratic coef:       0.000126992152
 Linear coef   :      -0.000288637214
           Qmin:        -227.396890602664
Quadratic minimum step length (  0.351424344139) accepted
    Initial Ne1:      33.00000088
    Initial Ne2:      28.00000137
      Final Ne1:      33.00000000
      Final Ne2:      28.00000000

=================== Penalty functional idempotency correction ==================
 RMS occupancy error at iteration   1:  0.000024 (step -0.4999 Ne1=     33.0000)
                                                               Ne2=     28.0000
            Final RMS occupancy error   :  0.000000 (Ne1=     33.0000)
                                                     Ne2=     28.0000
            Final occupancy bounds spin 1: [ -0.000,  1.000]
            Final occupancy bounds spin 2: [ -0.000,  1.000]
================================================================================

    4        -2.273967265936E+02     8.8135E-04     5.0414E-04    -8.0177E-04
      ideal mu1:      -1.104380544182
      ideal mu2:      -1.150960905479
    5        -2.273968903014E+02     6.1298E-04     3.4807E-04    -1.6371E-04
Finished density kernel iterations (   5)

Writing density kernel to file "Fe_H2O_6_HighSpin.dkn" ... done


>>> Density kernel optimised for the current NGWF basis:
     ~~~~~~~~~~~~~~~~~~~~~~~~~~~~~~~~~~~~~~~~~~~~~~~~~~~~~~~~~~~
     Total energy                =  -2.27396890301429E+02  Eh
     Estimated bandgap (UP spin) =   2.9401E-01  Eh
     Estimated bandgap (DN spin) =   8.4101E-02  Eh
     RMS occupancy error         =   9.8882E-10
     [H,K] commutator            =   3.4807E-04
     UP spin occupancy bounds    = [ -0.000:  1.000]
     DN spin occupancy bounds    = [ -0.000:  1.000]
     ~~~~~~~~~~~~~~~~~~~~~~~~~~~~~~~~~~~~~~~~~~~~~~~~~~~~~~~~~~~




################################################################################
########################### NGWF CG iteration  002 #############################
################################################################################
****** Reciprocal space K.E. preconditioning with k_zero =  3.0000 a0^-1 *******

>>> Checking for convergence of NGWFs:   NOT CONVERGED
  ========================================================================
         NGWF RMS gradient =  3.7352E-04 >  2.0000E-06  | above tolerance
  ========================================================================

>>> Improving NGWFs using line search:
============ Calculation of NGWF S^-1 using Hotelling algorithm ================ 
     Iteration  |  Spin  |  Frobenius norm and Maximum abs value (of I-S*S_n^-1)
         1           1      0.12986885E-01     0.25788658E-02
         2           1      0.33781720E-04     0.69510629E-05
         3           1      0.25701402E-09     0.52722382E-10
         4           1      0.32638335E-14     0.66613381E-15
================================================================================
============ Calculation of NGWF S^-1 using Hotelling algorithm ================ 
     Iteration  |  Spin  |  Frobenius norm and Maximum abs value (of I-S*S_n^-1)
         1           1      0.29863211E-01     0.63126526E-02
         2           1      0.18712289E-03     0.40752011E-04
         3           1      0.79647962E-08     0.17346486E-08
         4           1      0.31563413E-14     0.77715612E-15
================================================================================
------------------------------- NGWF line search -------------------------------
RMS gradient                =       0.00037351794658
Trial step length           =               0.343604
Gradient along search dir.  =         -0.22064153687
Functional at step 0        =    -227.39689030142875
Functional at step 1        =    -227.45946265673277
Functional predicted        =    -227.50541088918507
Selected quadratic step     =               0.983682
Conjugate gradients coeff.  =               0.148170
--------------------------- NGWF line search finished --------------------------
                                               
Writing NGWFs to file "Fe_H2O_6_HighSpin.tightbox_ngwfs".... done

>>> Optimising kernel for current NGWFs:
   Initial electron number for spin 1:      33.10330512
   Initial electron number for spin 2:      28.09852653
     Final electron number for spin 1:      33.00000000
     Final electron number for spin 2:      28.00000000

=================== Penalty functional idempotency correction ==================
 RMS occupancy error at iteration   1:  0.002552 (step -0.4954 Ne1=     33.0000)
                                                               Ne2=     28.0000
 RMS occupancy error at iteration   2:  0.000011 (step -0.5000 Ne1=     33.0000)
                                                               Ne2=     28.0000
            Final RMS occupancy error   :  0.000000 (Ne1=     33.0000)
                                                     Ne2=     28.0000
            Final occupancy bounds spin 1: [  0.000,  1.000]
            Final occupancy bounds spin 2: [  0.000,  1.000]
================================================================================

................................................................................
<<<<<<<<<<<<<< LNV (Original version) density kernel optimisation >>>>>>>>>>>>>>
~~~~~~~~~~~~~~~~~~~~~~~~~~~~~~~~~~~~~~~~~~~~~~~~~~~~~~~~~~~~~~~~~~~~~~~~~~~~~~~~
   iter  |      energy (Eh)       | rms gradient |  commutator  |   dE (Eh)
      ideal mu1:      -1.112221556870
      ideal mu2:      -1.158597661689
             Q0:        -227.504117285484
             G0:      -0.016178408517
   RMS gradient:       0.003671020558
     Trial step:       0.329654584393
             Q1:        -227.506543274574
 Quadratic coef:       0.002907297446
 Linear coef   :      -0.005333286536
           Qmin:        -227.506563194941
Quadratic minimum step length (  0.302367127714) accepted
    Initial Ne1:      32.99999996
    Initial Ne2:      28.00000000
      Final Ne1:      33.00000000
      Final Ne2:      28.00000000

=================== Penalty functional idempotency correction ==================
 RMS occupancy error at iteration   1:  0.000041 (step -0.4999 Ne1=     33.0000)
                                                               Ne2=     28.0000
            Final RMS occupancy error   :  0.000000 (Ne1=     33.0000)
                                                     Ne2=     28.0000
            Final occupancy bounds spin 1: [ -0.000,  1.000]
            Final occupancy bounds spin 2: [ -0.000,  1.000]
================================================================================

    1        -2.275041172855E+02     3.6710E-03     2.1123E-03
      ideal mu1:      -1.102417639790
      ideal mu2:      -1.148016165672
             Q0:        -227.506557295836
             G0:      -0.000447199866
   RMS gradient:       0.000602341231
     Trial step:       0.315716185554
             Q1:        -227.506629624729
 Quadratic coef:       0.000068859344
 Linear coef   :      -0.000141188236
           Qmin:        -227.506629668433
Quadratic minimum step length (  0.323670027799) accepted
    Initial Ne1:      33.00000003
    Initial Ne2:      28.00000002
      Final Ne1:      33.00000000
      Final Ne2:      28.00000000

=================== Penalty functional idempotency correction ==================
 RMS occupancy error at iteration   1:  0.000003 (step -0.5000 Ne1=     33.0000)
                                                               Ne2=     28.0000
            Final RMS occupancy error   :  0.000000 (Ne1=     33.0000)
                                                     Ne2=     28.0000
            Final occupancy bounds spin 1: [  0.000,  1.000]
            Final occupancy bounds spin 2: [  0.000,  1.000]
================================================================================

    2        -2.275065572958E+02     6.0234E-04     3.5235E-04    -2.4400E-03
      ideal mu1:      -1.101420028938
      ideal mu2:      -1.147129893104
             Q0:        -227.506629770558
             G0:      -0.000245599079
   RMS gradient:       0.000439806881
     Trial step:       0.319668369650
             Q1:        -227.506657054845
 Quadratic coef:       0.000051225970
 Linear coef   :      -0.000078510257
           Qmin:        -227.506659852274
Quadratic minimum step length (  0.244966036206) accepted
    Initial Ne1:      33.00000001
    Initial Ne2:      28.00000001
      Final Ne1:      33.00000000
      Final Ne2:      28.00000000

=================== Penalty functional idempotency correction ==================
 RMS occupancy error at iteration   1:  0.000003 (step -0.5000 Ne1=     33.0000)
                                                               Ne2=     28.0000
            Final RMS occupancy error   :  0.000000 (Ne1=     33.0000)
                                                     Ne2=     28.0000
            Final occupancy bounds spin 1: [  0.000,  1.000]
            Final occupancy bounds spin 2: [  0.000,  1.000]
================================================================================

    3        -2.275066297706E+02     4.3981E-04     2.6462E-04    -7.2475E-05
      ideal mu1:      -1.100715538709
      ideal mu2:      -1.146625716200
             Q0:        -227.506659586333
             G0:      -0.000020602969
   RMS gradient:       0.000129034305
     Trial step:       0.279835475617
             Q1:        -227.506664677055
 Quadratic coef:       0.000000674719
 Linear coef   :      -0.000005765442
           Qmin:        -227.506671902683
Quadratic minimum step length (  1.195589806778) accepted
    Initial Ne1:      33.00000000
    Initial Ne2:      28.00000000
      Final Ne1:      33.00000000
      Final Ne2:      28.00000000

=================== Penalty functional idempotency correction ==================
 RMS occupancy error at iteration   1:  0.000002 (step -0.5000 Ne1=     33.0000)
                                                               Ne2=     28.0000
            Final RMS occupancy error   :  0.000000 (Ne1=     33.0000)
                                                     Ne2=     28.0000
            Final occupancy bounds spin 1: [  0.000,  1.000]
            Final occupancy bounds spin 2: [  0.000,  1.000]
================================================================================

    4        -2.275066595863E+02     1.2903E-04     7.5260E-05    -2.9816E-05
      ideal mu1:      -1.101130547772
      ideal mu2:      -1.147096109627
    5        -2.275066624057E+02     2.6900E-04     1.5144E-04    -2.8194E-06
Finished density kernel iterations (   5)

Writing density kernel to file "Fe_H2O_6_HighSpin.dkn" ... done


>>> Density kernel optimised for the current NGWF basis:
     ~~~~~~~~~~~~~~~~~~~~~~~~~~~~~~~~~~~~~~~~~~~~~~~~~~~~~~~~~~~
     Total energy                =  -2.27506662405724E+02  Eh
     Estimated bandgap (UP spin) =   2.9680E-01  Eh
     Estimated bandgap (DN spin) =   8.3689E-02  Eh
     RMS occupancy error         =   2.5431E-11
     [H,K] commutator            =   1.5144E-04
     UP spin occupancy bounds    = [  0.000:  1.000]
     DN spin occupancy bounds    = [  0.000:  1.000]
     ~~~~~~~~~~~~~~~~~~~~~~~~~~~~~~~~~~~~~~~~~~~~~~~~~~~~~~~~~~~




################################################################################
########################### NGWF CG iteration  003 #############################
################################################################################
****** Reciprocal space K.E. preconditioning with k_zero =  3.0000 a0^-1 *******

>>> Checking for convergence of NGWFs:   NOT CONVERGED
  ========================================================================
         NGWF RMS gradient =  1.7915E-04 >  2.0000E-06  | above tolerance
  ========================================================================

>>> Improving NGWFs using line search:
============ Calculation of NGWF S^-1 using Hotelling algorithm ================ 
     Iteration  |  Spin  |  Frobenius norm and Maximum abs value (of I-S*S_n^-1)
         1           1      0.13720672E-01     0.25209085E-02
         2           1      0.45600626E-04     0.82197307E-05
         3           1      0.58513112E-09     0.10432277E-09
         4           1      0.35564418E-14     0.11102230E-14
================================================================================
============ Calculation of NGWF S^-1 using Hotelling algorithm ================ 
     Iteration  |  Spin  |  Frobenius norm and Maximum abs value (of I-S*S_n^-1)
         1           1      0.65656076E-02     0.12212695E-02
         2           1      0.10436726E-04     0.19021188E-05
         3           1      0.30426534E-10     0.55085936E-11
         4           1      0.34511784E-14     0.99920072E-15
================================================================================
------------------------------- NGWF line search -------------------------------
RMS gradient                =       0.00017915361378
Trial step length           =               0.581375
Gradient along search dir.  =         -0.05117524841
Functional at step 0        =    -227.50666240572417
Functional at step 1        =    -227.52594432339336
Functional predicted        =    -227.52779836846332
Selected quadratic step     =               0.826023
Conjugate gradients coeff.  =               0.230053
--------------------------- NGWF line search finished --------------------------
                                               
Writing NGWFs to file "Fe_H2O_6_HighSpin.tightbox_ngwfs".... done

>>> Optimising kernel for current NGWFs:
   Initial electron number for spin 1:      33.03193339
   Initial electron number for spin 2:      28.02943980
     Final electron number for spin 1:      33.00000000
     Final electron number for spin 2:      28.00000000

=================== Penalty functional idempotency correction ==================
 RMS occupancy error at iteration   1:  0.000816 (step -0.4984 Ne1=     33.0000)
                                                               Ne2=     28.0000
 RMS occupancy error at iteration   2:  0.000001 (step -0.5000 Ne1=     33.0000)
                                                               Ne2=     28.0000
            Final RMS occupancy error   :  0.000000 (Ne1=     33.0000)
                                                     Ne2=     28.0000
            Final occupancy bounds spin 1: [  0.000,  1.000]
            Final occupancy bounds spin 2: [  0.000,  1.000]
================================================================================

................................................................................
<<<<<<<<<<<<<< LNV (Original version) density kernel optimisation >>>>>>>>>>>>>>
~~~~~~~~~~~~~~~~~~~~~~~~~~~~~~~~~~~~~~~~~~~~~~~~~~~~~~~~~~~~~~~~~~~~~~~~~~~~~~~~
   iter  |      energy (Eh)       | rms gradient |  commutator  |   dE (Eh)
      ideal mu1:      -1.092989070098
      ideal mu2:      -1.142515605871
             Q0:        -227.527761329488
             G0:      -0.005765790734
   RMS gradient:       0.002191534721
     Trial step:       0.578418915858
             Q1:        -227.527387292490
 Quadratic coef:       0.003709079424
 Linear coef   :      -0.003335042425
           Qmin:        -227.528511010656
Quadratic minimum step length (  0.260044529058) accepted
    Initial Ne1:      33.00000000
    Initial Ne2:      28.00000000
      Final Ne1:      33.00000000
      Final Ne2:      28.00000000

=================== Penalty functional idempotency correction ==================
 RMS occupancy error at iteration   1:  0.000015 (step -0.4999 Ne1=     33.0000)
                                                               Ne2=     28.0000
            Final RMS occupancy error   :  0.000000 (Ne1=     33.0000)
                                                     Ne2=     28.0000
            Final occupancy bounds spin 1: [ -0.000,  1.000]
            Final occupancy bounds spin 2: [ -0.000,  1.000]
================================================================================

    1        -2.275277613295E+02     2.1915E-03     1.3102E-03
      ideal mu1:      -1.095995522710
      ideal mu2:      -1.143531279146
             Q0:        -227.528504723621
             G0:      -0.001499716647
   RMS gradient:       0.001114666963
     Trial step:       0.387833307714
             Q1:        -227.528671667610
 Quadratic coef:       0.000414696078
 Linear coef   :      -0.000581640068
           Qmin:        -227.528708671274
Quadratic minimum step length (  0.271981582584) accepted
    Initial Ne1:      33.00000001
    Initial Ne2:      28.00000000
      Final Ne1:      33.00000000
      Final Ne2:      28.00000000

=================== Penalty functional idempotency correction ==================
 RMS occupancy error at iteration   1:  0.000014 (step -0.4999 Ne1=     33.0000)
                                                               Ne2=     28.0000
            Final RMS occupancy error   :  0.000000 (Ne1=     33.0000)
                                                     Ne2=     28.0000
            Final occupancy bounds spin 1: [ -0.000,  1.000]
            Final occupancy bounds spin 2: [  0.000,  1.000]
================================================================================

    2        -2.275285047236E+02     1.1147E-03     6.5357E-04    -7.4339E-04
      ideal mu1:      -1.097106363801
      ideal mu2:      -1.143895368402
             Q0:        -227.528707438249
             G0:      -0.000438161046
   RMS gradient:       0.000599942587
     Trial step:       0.324782260616
             Q1:        -227.528778190193
 Quadratic coef:       0.000071554991
 Linear coef   :      -0.000142306935
           Qmin:        -227.528778192446
Quadratic minimum step length (  0.322959777363) accepted
    Initial Ne1:      33.00000000
    Initial Ne2:      28.00000000
      Final Ne1:      33.00000000
      Final Ne2:      28.00000000

=================== Penalty functional idempotency correction ==================
 RMS occupancy error at iteration   1:  0.000009 (step -0.5000 Ne1=     33.0000)
                                                               Ne2=     28.0000
            Final RMS occupancy error   :  0.000000 (Ne1=     33.0000)
                                                     Ne2=     28.0000
            Final occupancy bounds spin 1: [  0.000,  1.000]
            Final occupancy bounds spin 2: [  0.000,  1.000]
================================================================================

    3        -2.275287074382E+02     5.9994E-04     3.4560E-04    -2.0271E-04
      ideal mu1:      -1.098487962350
      ideal mu2:      -1.144949318069
             Q0:        -227.528778215563
             G0:      -0.000152907750
   RMS gradient:       0.000363288640
     Trial step:       0.323869737055
             Q1:        -227.528808587042
 Quadratic coef:       0.000019150714
 Linear coef   :      -0.000049522193
           Qmin:        -227.528810230657
Quadratic minimum step length (  0.418750437727) accepted
    Initial Ne1:      33.00000001
    Initial Ne2:      27.99999995
      Final Ne1:      33.00000000
      Final Ne2:      28.00000000

=================== Penalty functional idempotency correction ==================
 RMS occupancy error at iteration   1:  0.000007 (step -0.5000 Ne1=     33.0000)
                                                               Ne2=     28.0000
            Final RMS occupancy error   :  0.000000 (Ne1=     33.0000)
                                                     Ne2=     28.0000
            Final occupancy bounds spin 1: [  0.000,  1.000]
            Final occupancy bounds spin 2: [  0.000,  1.000]
================================================================================

    4        -2.275287782156E+02     3.6329E-04     2.0580E-04    -7.0777E-05
      ideal mu1:      -1.099474164293
      ideal mu2:      -1.145810810519
    5        -2.275288094648E+02     2.2142E-04     1.2655E-04    -3.1249E-05
Finished density kernel iterations (   5)

Writing density kernel to file "Fe_H2O_6_HighSpin.dkn" ... done


>>> Density kernel optimised for the current NGWF basis:
     ~~~~~~~~~~~~~~~~~~~~~~~~~~~~~~~~~~~~~~~~~~~~~~~~~~~~~~~~~~~
     Total energy                =  -2.27528809464769E+02  Eh
     Estimated bandgap (UP spin) =   2.9122E-01  Eh
     Estimated bandgap (DN spin) =   8.9840E-02  Eh
     RMS occupancy error         =   3.6222E-10
     [H,K] commutator            =   1.2655E-04
     UP spin occupancy bounds    = [  0.000:  1.000]
     DN spin occupancy bounds    = [  0.000:  1.000]
     ~~~~~~~~~~~~~~~~~~~~~~~~~~~~~~~~~~~~~~~~~~~~~~~~~~~~~~~~~~~




################################################################################
########################### NGWF CG iteration  004 #############################
################################################################################
****** Reciprocal space K.E. preconditioning with k_zero =  3.0000 a0^-1 *******

>>> Checking for convergence of NGWFs:   NOT CONVERGED
  ========================================================================
         NGWF RMS gradient =  1.0918E-04 >  2.0000E-06  | above tolerance
  ========================================================================

>>> Improving NGWFs using line search:
============ Calculation of NGWF S^-1 using Hotelling algorithm ================ 
     Iteration  |  Spin  |  Frobenius norm and Maximum abs value (of I-S*S_n^-1)
         1           1      0.15246352E-01     0.23484098E-02
         2           1      0.62538368E-04     0.97943573E-05
         3           1      0.11846809E-08     0.18816104E-09
         4           1      0.37083669E-14     0.88817842E-15
================================================================================
============ Calculation of NGWF S^-1 using Hotelling algorithm ================ 
     Iteration  |  Spin  |  Frobenius norm and Maximum abs value (of I-S*S_n^-1)
         1           1      0.64891452E-03     0.98039890E-04
         2           1      0.11244790E-06     0.17380508E-07
         3           1      0.54113190E-14     0.15543122E-14
================================================================================
------------------------------- NGWF line search -------------------------------
RMS gradient                =       0.00010917933579
Trial step length           =               0.692986
Gradient along search dir.  =         -0.01977597676
Functional at step 0        =    -227.52880946476935
Functional at step 1        =    -227.53591261598825
Functional predicted        =    -227.53592215336636
Selected quadratic step     =               0.719326
Conjugate gradients coeff.  =               0.371390
--------------------------- NGWF line search finished --------------------------
                                               
Writing NGWFs to file "Fe_H2O_6_HighSpin.tightbox_ngwfs".... done

>>> Optimising kernel for current NGWFs:
   Initial electron number for spin 1:      33.01423109
   Initial electron number for spin 2:      28.01280338
     Final electron number for spin 1:      33.00000000
     Final electron number for spin 2:      28.00000000

=================== Penalty functional idempotency correction ==================
 RMS occupancy error at iteration   1:  0.000370 (step -0.4992 Ne1=     33.0000)
                                                               Ne2=     28.0000
 RMS occupancy error at iteration   2:  0.000000 (step -0.5000 Ne1=     33.0000)
                                                               Ne2=     28.0000
            Final RMS occupancy error   :  0.000000 (Ne1=     33.0000)
                                                     Ne2=     28.0000
            Final occupancy bounds spin 1: [  0.000,  1.000]
            Final occupancy bounds spin 2: [  0.000,  1.000]
================================================================================

................................................................................
<<<<<<<<<<<<<< LNV (Original version) density kernel optimisation >>>>>>>>>>>>>>
~~~~~~~~~~~~~~~~~~~~~~~~~~~~~~~~~~~~~~~~~~~~~~~~~~~~~~~~~~~~~~~~~~~~~~~~~~~~~~~~
   iter  |      energy (Eh)       | rms gradient |  commutator  |   dE (Eh)
      ideal mu1:      -1.103247173412
      ideal mu2:      -1.148444936356
             Q0:        -227.535911698006
             G0:      -0.000556209199
   RMS gradient:       0.000680672181
     Trial step:       0.368267014757
             Q1:        -227.535967069564
 Quadratic coef:       0.000149461944
 Linear coef   :      -0.000204833501
           Qmin:        -227.535981877683
Quadratic minimum step length (  0.252349930185) accepted
    Initial Ne1:      33.00000000
    Initial Ne2:      28.00000000
      Final Ne1:      33.00000000
      Final Ne2:      28.00000000

=================== Penalty functional idempotency correction ==================
 RMS occupancy error at iteration   1:  0.000001 (step -0.5000 Ne1=     33.0000)
                                                               Ne2=     28.0000
            Final RMS occupancy error   :  0.000000 (Ne1=     33.0000)
                                                     Ne2=     28.0000
            Final occupancy bounds spin 1: [  0.000,  1.000]
            Final occupancy bounds spin 2: [  0.000,  1.000]
================================================================================

    1        -2.275359116980E+02     6.8067E-04     3.9805E-04
      ideal mu1:      -1.101231978400
      ideal mu2:      -1.146836779697
             Q0:        -227.535980481284
             G0:      -0.000168642220
   RMS gradient:       0.000367023894
     Trial step:       0.304847757846
             Q1:        -227.536004789628
 Quadratic coef:       0.000027101858
 Linear coef   :      -0.000051410203
           Qmin:        -227.536004861613
Quadratic minimum step length (  0.289136722721) accepted
    Initial Ne1:      33.00000000
    Initial Ne2:      28.00000000
      Final Ne1:      33.00000000
      Final Ne2:      28.00000000

=================== Penalty functional idempotency correction ==================
 RMS occupancy error at iteration   1:  0.000001 (step -0.5000 Ne1=     33.0000)
                                                               Ne2=     28.0000
            Final RMS occupancy error   :  0.000000 (Ne1=     33.0000)
                                                     Ne2=     28.0000
            Final occupancy bounds spin 1: [  0.000,  1.000]
            Final occupancy bounds spin 2: [  0.000,  1.000]
================================================================================

    2        -2.275359804813E+02     3.6702E-04     2.1571E-04    -6.8783E-05
      ideal mu1:      -1.100118851001
      ideal mu2:      -1.145905042216
             Q0:        -227.536004712735
             G0:      -0.000048181670
   RMS gradient:       0.000189512293
     Trial step:       0.296888331923
             Q1:        -227.536011743295
 Quadratic coef:       0.000007274016
 Linear coef   :      -0.000014304576
           Qmin:        -227.536011745332
Quadratic minimum step length (  0.291919991389) accepted
    Initial Ne1:      33.00000000
    Initial Ne2:      28.00000000
      Final Ne1:      33.00000000
      Final Ne2:      28.00000000

=================== Penalty functional idempotency correction ==================
 RMS occupancy error at iteration   1:  0.000001 (step -0.5000 Ne1=     33.0000)
                                                               Ne2=     28.0000
            Final RMS occupancy error   :  0.000000 (Ne1=     33.0000)
                                                     Ne2=     28.0000
            Final occupancy bounds spin 1: [  0.000,  1.000]
            Final occupancy bounds spin 2: [  0.000,  1.000]
================================================================================

    3        -2.275360047127E+02     1.8951E-04     1.1065E-04    -2.4231E-05
      ideal mu1:      -1.099849505347
      ideal mu2:      -1.145729005223
             Q0:        -227.536011748635
             G0:      -0.000011501344
   RMS gradient:       0.000099390171
     Trial step:       0.294393680806
             Q1:        -227.536014703216
 Quadratic coef:       0.000000431342
 Linear coef   :      -0.000003385923
           Qmin:        -227.536018393289
Quadratic minimum step length (  1.155456852692) accepted
    Initial Ne1:      33.00000000
    Initial Ne2:      28.00000000
      Final Ne1:      33.00000000
      Final Ne2:      28.00000000

=================== Penalty functional idempotency correction ==================
 RMS occupancy error at iteration   1:  0.000002 (step -0.5000 Ne1=     33.0000)
                                                               Ne2=     28.0000
            Final RMS occupancy error   :  0.000000 (Ne1=     33.0000)
                                                     Ne2=     28.0000
            Final occupancy bounds spin 1: [  0.000,  1.000]
            Final occupancy bounds spin 2: [  0.000,  1.000]
================================================================================

    4        -2.275360117486E+02     9.9390E-05     5.6870E-05    -7.0359E-06
      ideal mu1:      -1.099915232851
      ideal mu2:      -1.145945230808
    5        -2.275360088719E+02     2.4723E-04     1.3824E-04     2.8767E-06
Finished density kernel iterations (   5)

Writing density kernel to file "Fe_H2O_6_HighSpin.dkn" ... done


>>> Density kernel optimised for the current NGWF basis:
     ~~~~~~~~~~~~~~~~~~~~~~~~~~~~~~~~~~~~~~~~~~~~~~~~~~~~~~~~~~~
     Total energy                =  -2.27536008871940E+02  Eh
     Estimated bandgap (UP spin) =   2.9113E-01  Eh
     Estimated bandgap (DN spin) =   8.9040E-02  Eh
     RMS occupancy error         =   5.1153E-11
     [H,K] commutator            =   1.3824E-04
     UP spin occupancy bounds    = [  0.000:  1.000]
     DN spin occupancy bounds    = [  0.000:  1.000]
     ~~~~~~~~~~~~~~~~~~~~~~~~~~~~~~~~~~~~~~~~~~~~~~~~~~~~~~~~~~~




################################################################################
########################### NGWF CG iteration  005 #############################
################################################################################
****** Reciprocal space K.E. preconditioning with k_zero =  3.0000 a0^-1 *******

>>> Checking for convergence of NGWFs:   NOT CONVERGED
  ========================================================================
         NGWF RMS gradient =  6.3249E-05 >  2.0000E-06  | above tolerance
  ========================================================================

>>> Improving NGWFs using line search:
============ Calculation of NGWF S^-1 using Hotelling algorithm ================ 
     Iteration  |  Spin  |  Frobenius norm and Maximum abs value (of I-S*S_n^-1)
         1           1      0.67010175E-02     0.10047431E-02
         2           1      0.12432533E-04     0.16804366E-05
         3           1      0.51219519E-10     0.62169553E-11
         4           1      0.36286789E-14     0.88817842E-15
================================================================================
============ Calculation of NGWF S^-1 using Hotelling algorithm ================ 
     Iteration  |  Spin  |  Frobenius norm and Maximum abs value (of I-S*S_n^-1)
         1           1      0.98497838E-03     0.14515525E-03
         2           1      0.27124888E-06     0.36633217E-07
         3           1      0.24459472E-13     0.34416914E-14
================================================================================
------------------------------- NGWF line search -------------------------------
RMS gradient                =       0.00006324944335
Trial step length           =               0.706033
Gradient along search dir.  =         -0.00632930654
Functional at step 0        =    -227.53600887194034
Functional at step 1        =    -227.53788333762122
Functional predicted        =    -227.53793326243891
Selected quadratic step     =               0.608089
Conjugate gradients coeff.  =               0.000000
--------------------------- NGWF line search finished --------------------------
                                               
Writing NGWFs to file "Fe_H2O_6_HighSpin.tightbox_ngwfs".... done

>>> Optimising kernel for current NGWFs:
   Initial electron number for spin 1:      33.00107144
   Initial electron number for spin 2:      28.00106115
     Final electron number for spin 1:      33.00000000
     Final electron number for spin 2:      28.00000000

=================== Penalty functional idempotency correction ==================
 RMS occupancy error at iteration   1:  0.000131 (step -0.4999 Ne1=     33.0000)
                                                               Ne2=     28.0000
            Final RMS occupancy error   :  0.000000 (Ne1=     33.0000)
                                                     Ne2=     28.0000
            Final occupancy bounds spin 1: [  0.000,  1.000]
            Final occupancy bounds spin 2: [  0.000,  1.000]
================================================================================

................................................................................
<<<<<<<<<<<<<< LNV (Original version) density kernel optimisation >>>>>>>>>>>>>>
~~~~~~~~~~~~~~~~~~~~~~~~~~~~~~~~~~~~~~~~~~~~~~~~~~~~~~~~~~~~~~~~~~~~~~~~~~~~~~~~
   iter  |      energy (Eh)       | rms gradient |  commutator  |   dE (Eh)
      ideal mu1:      -1.097167569677
      ideal mu2:      -1.144166292030
             Q0:        -227.537935060813
             G0:      -0.000418113567
   RMS gradient:       0.000590154942
     Trial step:       0.583231682847
             Q1:        -227.537908583408
 Quadratic coef:       0.000270334484
 Linear coef   :      -0.000243857080
           Qmin:        -227.537990054052
Quadratic minimum step length (  0.263054074254) accepted
    Initial Ne1:      32.99999787
    Initial Ne2:      27.99999764
      Final Ne1:      33.00000000
      Final Ne2:      28.00000000

=================== Penalty functional idempotency correction ==================
 RMS occupancy error at iteration   1:  0.000001 (step -0.5000 Ne1=     33.0000)
                                                               Ne2=     28.0000
            Final RMS occupancy error   :  0.000000 (Ne1=     33.0000)
                                                     Ne2=     28.0000
            Final occupancy bounds spin 1: [  0.000,  1.000]
            Final occupancy bounds spin 2: [  0.000,  1.000]
================================================================================

    1        -2.275379350608E+02     5.9015E-04     3.5354E-04
      ideal mu1:      -1.098454510922
      ideal mu2:      -1.144902880709
             Q0:        -227.537989789890
             G0:      -0.000137463322
   RMS gradient:       0.000337750444
     Trial step:       0.391690528870
             Q1:        -227.538012421775
 Quadratic coef:       0.000031211197
 Linear coef   :      -0.000053843081
           Qmin:        -227.538013011344
Quadratic minimum step length (  0.337856720598) accepted
    Initial Ne1:      32.99999910
    Initial Ne2:      27.99999901
      Final Ne1:      33.00000000
      Final Ne2:      28.00000000

=================== Penalty functional idempotency correction ==================
 RMS occupancy error at iteration   1:  0.000002 (step -0.5000 Ne1=     33.0000)
                                                               Ne2=     28.0000
            Final RMS occupancy error   :  0.000000 (Ne1=     33.0000)
                                                     Ne2=     28.0000
            Final occupancy bounds spin 1: [  0.000,  1.000]
            Final occupancy bounds spin 2: [  0.000,  1.000]
================================================================================

    2        -2.275379897899E+02     3.3775E-04     2.0085E-04    -5.4729E-05
      ideal mu1:      -1.099283123040
      ideal mu2:      -1.145409545217
             Q0:        -227.538013015629
             G0:      -0.000047394292
   RMS gradient:       0.000198851009
     Trial step:       0.363779160444
             Q1:        -227.538018684788
 Quadratic coef:       0.000011571897
 Linear coef   :      -0.000017241056
           Qmin:        -227.538019437524
Quadratic minimum step length (  0.270998651433) accepted
    Initial Ne1:      32.99999975
    Initial Ne2:      27.99999972
      Final Ne1:      33.00000000
      Final Ne2:      28.00000000

=================== Penalty functional idempotency correction ==================
 RMS occupancy error at iteration   1:  0.000001 (step -0.5000 Ne1=     33.0000)
                                                               Ne2=     28.0000
            Final RMS occupancy error   :  0.000000 (Ne1=     33.0000)
                                                     Ne2=     28.0000
            Final occupancy bounds spin 1: [  0.000,  1.000]
            Final occupancy bounds spin 2: [  0.000,  1.000]
================================================================================

    3        -2.275380130156E+02     1.9885E-04     1.1585E-04    -2.3226E-05
      ideal mu1:      -1.099631887195
      ideal mu2:      -1.145679327005
             Q0:        -227.538019564710
             G0:      -0.000012137044
   RMS gradient:       0.000103582575
     Trial step:       0.313980352729
             Q1:        -227.538022293433
 Quadratic coef:       0.000001082071
 Linear coef   :      -0.000003810793
           Qmin:        -227.538022919885
Quadratic minimum step length (  0.552881725852) accepted
    Initial Ne1:      32.99999986
    Initial Ne2:      27.99999985
      Final Ne1:      33.00000000
      Final Ne2:      28.00000000

=================== Penalty functional idempotency correction ==================
 RMS occupancy error at iteration   1:  0.000001 (step -0.5000 Ne1=     33.0000)
                                                               Ne2=     28.0000
            Final RMS occupancy error   :  0.000000 (Ne1=     33.0000)
                                                     Ne2=     28.0000
            Final occupancy bounds spin 1: [  0.000,  1.000]
            Final occupancy bounds spin 2: [  0.000,  1.000]
================================================================================

    4        -2.275380195647E+02     1.0358E-04     5.9170E-05    -6.5491E-06
      ideal mu1:      -1.099758040194
      ideal mu2:      -1.145822128539
    5        -2.275380225975E+02     8.1503E-05     4.6216E-05    -3.0328E-06
Finished density kernel iterations (   5)

Writing density kernel to file "Fe_H2O_6_HighSpin.dkn" ... done


>>> Density kernel optimised for the current NGWF basis:
     ~~~~~~~~~~~~~~~~~~~~~~~~~~~~~~~~~~~~~~~~~~~~~~~~~~~~~~~~~~~
     Total energy                =  -2.27538022597515E+02  Eh
     Estimated bandgap (UP spin) =   2.8959E-01  Eh
     Estimated bandgap (DN spin) =   8.9748E-02  Eh
     RMS occupancy error         =   5.1308E-12
     [H,K] commutator            =   4.6216E-05
     UP spin occupancy bounds    = [  0.000:  1.000]
     DN spin occupancy bounds    = [  0.000:  1.000]
     ~~~~~~~~~~~~~~~~~~~~~~~~~~~~~~~~~~~~~~~~~~~~~~~~~~~~~~~~~~~


================================================================================
           ---------------- ENERGY COMPONENTS (Eh) ----------------
           | Kinetic                    :       63.27958250129252 |
           | Core Hartree               :     -936.31269810443155 |
           | CoreHart (non-coul chg cor):        0.00182615377240
           | Hartree                    :      416.52133633045162 |
           | Exchange-correlation       :      -24.21443894853894 |
           | Ewald                      :      257.86092542490553 |
           | Dij0                       :        2.45808192144754 |
           | Dijhartree                 :       10.97920166810351 |
           | Exc [AE core]              :     -107.70570177655081 |
           | Exc DC [AE core]           :      -49.53829358043174 |
           | Exc [PS core]              :      -21.27581155940317 |
           | Exc DC [PS core]           :      -28.14943488934782 |
           | Exc [Core]                 :      -68.31987682640438 |
           | Total [Sphere]             :       -4.67272980119220 |
           | Total                      :     -227.53802259751296 |
           --------------------------------------------------------
           ------ LOCAL ENERGY COMPONENTS FROM MATRIX TRACES ------
           | Core Hartree               :     -936.31269810443166 |
           | Hartree (Valence)          :      416.52133633045264 |
           --------------------------------------------------------
           Integrated compensation chrg.:       12.44935988948384
           Integrated density           :       60.99999874660765
           Integrated spin density      :        4.99999995984172
           Integrated |spin density|    :        5.00000161477642
           Local density approx. <S^2>  :        8.75000082746690
           Integrated density tr(KS)    :       61.00000000000000
           Integrated spin tr(KS)       :        5.00000000000000
================================================================================




################################################################################
########################### NGWF CG iteration  006 #############################
################################################################################
****** Reciprocal space K.E. preconditioning with k_zero =  3.0000 a0^-1 *******

>>> Checking for convergence of NGWFs:   NOT CONVERGED
  ========================================================================
         NGWF RMS gradient =  3.9921E-05 >  2.0000E-06  | above tolerance
  ========================================================================

>>> Improving NGWFs using line search:
============ Calculation of NGWF S^-1 using Hotelling algorithm ================ 
     Iteration  |  Spin  |  Frobenius norm and Maximum abs value (of I-S*S_n^-1)
         1           1      0.83966823E-02     0.12037888E-02
         2           1      0.20374615E-04     0.26691149E-05
         3           1      0.13818221E-09     0.17113866E-10
         4           1      0.31009331E-14     0.66613381E-15
================================================================================
============ Calculation of NGWF S^-1 using Hotelling algorithm ================ 
     Iteration  |  Spin  |  Frobenius norm and Maximum abs value (of I-S*S_n^-1)
         1           1      0.51447246E-02     0.70990018E-03
         2           1      0.76313033E-05     0.10699823E-05
         3           1      0.18986481E-10     0.25085489E-11
         4           1      0.35239864E-14     0.88817842E-15
================================================================================
------------------------------- NGWF line search -------------------------------
RMS gradient                =       0.00003992096740
Trial step length           =               0.655233
Gradient along search dir.  =         -0.00259765934
Functional at step 0        =    -227.53802259751484
Functional at step 1        =    -227.53916979918205
Functional predicted        =    -227.53932787848072
Selected quadratic step     =               1.004967
Conjugate gradients coeff.  =               0.398372
--------------------------- NGWF line search finished --------------------------
                                               
Writing NGWFs to file "Fe_H2O_6_HighSpin.tightbox_ngwfs".... done

>>> Optimising kernel for current NGWFs:
   Initial electron number for spin 1:      33.00193518
   Initial electron number for spin 2:      28.00183748
     Final electron number for spin 1:      33.00000000
     Final electron number for spin 2:      28.00000000

=================== Penalty functional idempotency correction ==================
 RMS occupancy error at iteration   1:  0.000250 (step -0.4999 Ne1=     33.0000)
                                                               Ne2=     28.0000
 RMS occupancy error at iteration   2:  0.000000 (step -0.5000 Ne1=     33.0000)
                                                               Ne2=     28.0000
            Final RMS occupancy error   :  0.000000 (Ne1=     33.0000)
                                                     Ne2=     28.0000
            Final occupancy bounds spin 1: [  0.000,  1.000]
            Final occupancy bounds spin 2: [  0.000,  1.000]
================================================================================

................................................................................
<<<<<<<<<<<<<< LNV (Original version) density kernel optimisation >>>>>>>>>>>>>>
~~~~~~~~~~~~~~~~~~~~~~~~~~~~~~~~~~~~~~~~~~~~~~~~~~~~~~~~~~~~~~~~~~~~~~~~~~~~~~~~
   iter  |      energy (Eh)       | rms gradient |  commutator  |   dE (Eh)
      ideal mu1:      -1.100632769685
      ideal mu2:      -1.146375568871
             Q0:        -227.539325420293
             G0:      -0.000065584348
   RMS gradient:       0.000233732456
     Trial step:       0.416646131988
             Q1:        -227.539333374387
 Quadratic coef:       0.000019371371
 Linear coef   :      -0.000027325465
           Qmin:        -227.539335056692
Quadratic minimum step length (  0.293862767570) accepted
    Initial Ne1:      33.00000000
    Initial Ne2:      28.00000000
      Final Ne1:      33.00000000
      Final Ne2:      28.00000000

=================== Penalty functional idempotency correction ==================
 RMS occupancy error at iteration   1:  0.000000 (step -0.5000 Ne1=     33.0000)
                                                               Ne2=     28.0000
            Final RMS occupancy error   :  0.000000 (Ne1=     33.0000)
                                                     Ne2=     28.0000
            Final occupancy bounds spin 1: [  0.000,  1.000]
            Final occupancy bounds spin 2: [  0.000,  1.000]
================================================================================

    1        -2.275393254203E+02     2.3373E-04     1.3447E-04
      ideal mu1:      -1.100202516758
      ideal mu2:      -1.146052048784
             Q0:        -227.539334887216
             G0:      -0.000025078818
   RMS gradient:       0.000141583648
     Trial step:       0.349909681837
             Q1:        -227.539339512604
 Quadratic coef:       0.000004149933
 Linear coef   :      -0.000008775321
           Qmin:        -227.539339526222
Quadratic minimum step length (  0.369954107054) accepted
    Initial Ne1:      33.00000000
    Initial Ne2:      28.00000000
      Final Ne1:      33.00000000
      Final Ne2:      28.00000000

=================== Penalty functional idempotency correction ==================
 RMS occupancy error at iteration   1:  0.000000 (step -0.5000 Ne1=     33.0000)
                                                               Ne2=     28.0000
            Final RMS occupancy error   :  0.000000 (Ne1=     33.0000)
                                                     Ne2=     28.0000
            Final occupancy bounds spin 1: [  0.000,  1.000]
            Final occupancy bounds spin 2: [  0.000,  1.000]
================================================================================

    2        -2.275393348872E+02     1.4158E-04     8.1473E-05    -9.4669E-06
      ideal mu1:      -1.100032549655
      ideal mu2:      -1.145905298071
             Q0:        -227.539339547402
             G0:      -0.000005780148
   RMS gradient:       0.000066531141
     Trial step:       0.359792334400
             Q1:        -227.539340191272
 Quadratic coef:       0.000001435783
 Linear coef   :      -0.000002079653
           Qmin:        -227.539340300468
Quadratic minimum step length (  0.260569763696) accepted
    Initial Ne1:      33.00000000
    Initial Ne2:      28.00000000
      Final Ne1:      33.00000000
      Final Ne2:      28.00000000

=================== Penalty functional idempotency correction ==================
 RMS occupancy error at iteration   1:  0.000000 (step -0.5000 Ne1=     33.0000)
                                                               Ne2=     28.0000
            Final RMS occupancy error   :  0.000000 (Ne1=     33.0000)
                                                     Ne2=     28.0000
            Final occupancy bounds spin 1: [  0.000,  1.000]
            Final occupancy bounds spin 2: [  0.000,  1.000]
================================================================================

    3        -2.275393395474E+02     6.6531E-05     3.9532E-05    -4.6602E-06
      ideal mu1:      -1.100034960980
      ideal mu2:      -1.145915485650
             Q0:        -227.539340339110
             G0:      -0.000001405242
   RMS gradient:       0.000037033953
     Trial step:       0.306187856641
             Q1:        -227.539340785620
 Quadratic coef:      -0.000000016243
 Linear coef   :      -0.000000430268
         Quadratic fit unsuccessful: proceeding to cubic fit
             Q2:        -227.539340879729
  Cubic LS coeff:       0.511681815588
Predicted energy:    -227.539340923161
Cubic minimum step length accepted
    Initial Ne1:      33.00000000
    Initial Ne2:      28.00000000
      Final Ne1:      33.00000000
      Final Ne2:      28.00000000

=================== Penalty functional idempotency correction ==================
 RMS occupancy error at iteration   1:  0.000000 (step -0.5000 Ne1=     33.0000)
                                                               Ne2=     28.0000
            Final RMS occupancy error   :  0.000000 (Ne1=     33.0000)
                                                     Ne2=     28.0000
            Final occupancy bounds spin 1: [  0.000,  1.000]
            Final occupancy bounds spin 2: [  0.000,  1.000]
================================================================================

    4        -2.275393403391E+02     3.7034E-05     2.1801E-05    -7.9171E-07
      ideal mu1:      -1.100075716480
      ideal mu2:      -1.145960248370
    5        -2.275393408877E+02     2.9109E-05     1.7338E-05    -5.4856E-07
Finished density kernel iterations (   5)

Writing density kernel to file "Fe_H2O_6_HighSpin.dkn" ... done


>>> Density kernel optimised for the current NGWF basis:
     ~~~~~~~~~~~~~~~~~~~~~~~~~~~~~~~~~~~~~~~~~~~~~~~~~~~~~~~~~~~
     Total energy                =  -2.27539340887670E+02  Eh
     Estimated bandgap (UP spin) =   2.8859E-01  Eh
     Estimated bandgap (DN spin) =   8.9227E-02  Eh
     RMS occupancy error         =   4.8503E-14
     [H,K] commutator            =   1.7338E-05
     UP spin occupancy bounds    = [  0.000:  1.000]
     DN spin occupancy bounds    = [  0.000:  1.000]
     ~~~~~~~~~~~~~~~~~~~~~~~~~~~~~~~~~~~~~~~~~~~~~~~~~~~~~~~~~~~




################################################################################
########################### NGWF CG iteration  007 #############################
################################################################################
****** Reciprocal space K.E. preconditioning with k_zero =  3.0000 a0^-1 *******

>>> Checking for convergence of NGWFs:   NOT CONVERGED
  ========================================================================
         NGWF RMS gradient =  3.0481E-05 >  2.0000E-06  | above tolerance
  ========================================================================

>>> Improving NGWFs using line search:
============ Calculation of NGWF S^-1 using Hotelling algorithm ================ 
     Iteration  |  Spin  |  Frobenius norm and Maximum abs value (of I-S*S_n^-1)
         1           1      0.14148869E-01     0.19807895E-02
         2           1      0.58093808E-04     0.83052142E-05
         3           1      0.11068889E-08     0.14918766E-09
         4           1      0.35420935E-14     0.88817842E-15
================================================================================
============ Calculation of NGWF S^-1 using Hotelling algorithm ================ 
     Iteration  |  Spin  |  Frobenius norm and Maximum abs value (of I-S*S_n^-1)
         1           1      0.41807770E-02     0.64155131E-03
         2           1      0.49888726E-05     0.75976978E-06
         3           1      0.79507705E-11     0.11368684E-11
         4           1      0.36522275E-14     0.88817842E-15
================================================================================
------------------------------- NGWF line search -------------------------------
RMS gradient                =       0.00003048135529
Trial step length           =               0.811473
Gradient along search dir.  =         -0.00148491915
Functional at step 0        =    -227.53934088767039
Functional at step 1        =    -227.54006486594855
Functional predicted        =    -227.54009555338521
Selected quadratic step     =               1.016440
Conjugate gradients coeff.  =               0.582997
--------------------------- NGWF line search finished --------------------------
                                               
Writing NGWFs to file "Fe_H2O_6_HighSpin.tightbox_ngwfs".... done

>>> Optimising kernel for current NGWFs:
   Initial electron number for spin 1:      33.00252445
   Initial electron number for spin 2:      28.00230958
     Final electron number for spin 1:      33.00000000
     Final electron number for spin 2:      28.00000000

=================== Penalty functional idempotency correction ==================
 RMS occupancy error at iteration   1:  0.000302 (step -0.4998 Ne1=     33.0000)
                                                               Ne2=     28.0000
 RMS occupancy error at iteration   2:  0.000001 (step -0.5000 Ne1=     33.0000)
                                                               Ne2=     28.0000
            Final RMS occupancy error   :  0.000000 (Ne1=     33.0000)
                                                     Ne2=     28.0000
            Final occupancy bounds spin 1: [  0.000,  1.000]
            Final occupancy bounds spin 2: [  0.000,  1.000]
================================================================================

................................................................................
<<<<<<<<<<<<<< LNV (Original version) density kernel optimisation >>>>>>>>>>>>>>
~~~~~~~~~~~~~~~~~~~~~~~~~~~~~~~~~~~~~~~~~~~~~~~~~~~~~~~~~~~~~~~~~~~~~~~~~~~~~~~~
   iter  |      energy (Eh)       | rms gradient |  commutator  |   dE (Eh)
      ideal mu1:      -1.099050058120
      ideal mu2:      -1.145561402890
             Q0:        -227.540092648465
             G0:      -0.000139818757
   RMS gradient:       0.000341272769
     Trial step:       0.395816571655
             Q1:        -227.540114468651
 Quadratic coef:       0.000033522396
 Linear coef   :      -0.000055342581
           Qmin:        -227.540115489921
Quadratic minimum step length (  0.326729492630) accepted
    Initial Ne1:      33.00000000
    Initial Ne2:      28.00000000
      Final Ne1:      33.00000000
      Final Ne2:      28.00000000

=================== Penalty functional idempotency correction ==================
 RMS occupancy error at iteration   1:  0.000001 (step -0.5000 Ne1=     33.0000)
                                                               Ne2=     28.0000
            Final RMS occupancy error   :  0.000000 (Ne1=     33.0000)
                                                     Ne2=     28.0000
            Final occupancy bounds spin 1: [  0.000,  1.000]
            Final occupancy bounds spin 2: [  0.000,  1.000]
================================================================================

    1        -2.275400926485E+02     3.4127E-04     2.0364E-04
      ideal mu1:      -1.099722339047
      ideal mu2:      -1.145860740279
             Q0:        -227.540115289585
             G0:      -0.000057288195
   RMS gradient:       0.000214122647
     Trial step:       0.359617779915
             Q1:        -227.540121615533
 Quadratic coef:       0.000014275906
 Linear coef   :      -0.000020601853
           Qmin:        -227.540122722325
Quadratic minimum step length (  0.259485909372) accepted
    Initial Ne1:      33.00000000
    Initial Ne2:      28.00000000
      Final Ne1:      33.00000000
      Final Ne2:      28.00000000

=================== Penalty functional idempotency correction ==================
 RMS occupancy error at iteration   1:  0.000001 (step -0.5000 Ne1=     33.0000)
                                                               Ne2=     28.0000
            Final RMS occupancy error   :  0.000000 (Ne1=     33.0000)
                                                     Ne2=     28.0000
            Final occupancy bounds spin 1: [  0.000,  1.000]
            Final occupancy bounds spin 2: [  0.000,  1.000]
================================================================================

    2        -2.275401152896E+02     2.1412E-04     1.2284E-04    -2.2641E-05
      ideal mu1:      -1.099964942987
      ideal mu2:      -1.145987948182
             Q0:        -227.540122692656
             G0:      -0.000013993570
   RMS gradient:       0.000107391980
     Trial step:       0.305476262004
             Q1:        -227.540125403282
 Quadratic coef:       0.000001564077
 Linear coef   :      -0.000004274703
           Qmin:        -227.540125613402
Quadratic minimum step length (  0.417441234369) accepted
    Initial Ne1:      33.00000000
    Initial Ne2:      28.00000000
      Final Ne1:      33.00000000
      Final Ne2:      28.00000000

=================== Penalty functional idempotency correction ==================
 RMS occupancy error at iteration   1:  0.000000 (step -0.5000 Ne1=     33.0000)
                                                               Ne2=     28.0000
            Final RMS occupancy error   :  0.000000 (Ne1=     33.0000)
                                                     Ne2=     28.0000
            Final occupancy bounds spin 1: [  0.000,  1.000]
            Final occupancy bounds spin 2: [  0.000,  1.000]
================================================================================

    3        -2.275401226927E+02     1.0739E-04     6.1030E-05    -7.4031E-06
      ideal mu1:      -1.100226672124
      ideal mu2:      -1.146212164549
             Q0:        -227.540125403345
             G0:      -0.000007082467
   RMS gradient:       0.000089968012
     Trial step:       0.357097168683
             Q1:        -227.540126646694
 Quadratic coef:       0.000001285779
 Linear coef   :      -0.000002529129
           Qmin:        -227.540126647044
Quadratic minimum step length (  0.351205177495) accepted
    Initial Ne1:      33.00000000
    Initial Ne2:      28.00000000
      Final Ne1:      33.00000000
      Final Ne2:      28.00000000

=================== Penalty functional idempotency correction ==================
 RMS occupancy error at iteration   1:  0.000000 (step -0.5000 Ne1=     33.0000)
                                                               Ne2=     28.0000
            Final RMS occupancy error   :  0.000000 (Ne1=     33.0000)
                                                     Ne2=     28.0000
            Final occupancy bounds spin 1: [  0.000,  1.000]
            Final occupancy bounds spin 2: [  0.000,  1.000]
================================================================================

    4        -2.275401254033E+02     8.9968E-05     5.0486E-05    -2.7107E-06
      ideal mu1:      -1.100346913358
      ideal mu2:      -1.146320096151
    5        -2.275401266518E+02     5.0252E-05     2.8903E-05    -1.2484E-06
Finished density kernel iterations (   5)

Writing density kernel to file "Fe_H2O_6_HighSpin.dkn" ... done


>>> Density kernel optimised for the current NGWF basis:
     ~~~~~~~~~~~~~~~~~~~~~~~~~~~~~~~~~~~~~~~~~~~~~~~~~~~~~~~~~~~
     Total energy                =  -2.27540126651787E+02  Eh
     Estimated bandgap (UP spin) =   2.8638E-01  Eh
     Estimated bandgap (DN spin) =   9.0010E-02  Eh
     RMS occupancy error         =   8.6536E-13
     [H,K] commutator            =   2.8903E-05
     UP spin occupancy bounds    = [  0.000:  1.000]
     DN spin occupancy bounds    = [  0.000:  1.000]
     ~~~~~~~~~~~~~~~~~~~~~~~~~~~~~~~~~~~~~~~~~~~~~~~~~~~~~~~~~~~




################################################################################
########################### NGWF CG iteration  008 #############################
################################################################################
****** Reciprocal space K.E. preconditioning with k_zero =  3.0000 a0^-1 *******

>>> Checking for convergence of NGWFs:   NOT CONVERGED
  ========================================================================
         NGWF RMS gradient =  1.9262E-05 >  2.0000E-06  | above tolerance
  ========================================================================

>>> Improving NGWFs using line search:
============ Calculation of NGWF S^-1 using Hotelling algorithm ================ 
     Iteration  |  Spin  |  Frobenius norm and Maximum abs value (of I-S*S_n^-1)
         1           1      0.13552764E-01     0.19050227E-02
         2           1      0.53057756E-04     0.76243717E-05
         3           1      0.91765649E-09     0.12495416E-09
         4           1      0.37510269E-14     0.99920072E-15
================================================================================
============ Calculation of NGWF S^-1 using Hotelling algorithm ================ 
     Iteration  |  Spin  |  Frobenius norm and Maximum abs value (of I-S*S_n^-1)
         1           1      0.11330693E-02     0.17040866E-03
         2           1      0.36633520E-06     0.55082215E-07
         3           1      0.42955558E-13     0.64392935E-14
================================================================================
------------------------------- NGWF line search -------------------------------
RMS gradient                =       0.00001926236328
Trial step length           =               0.908192
Gradient along search dir.  =         -0.00061847219
Functional at step 0        =    -227.54012665178678
Functional at step 1        =    -227.54042681012942
Functional predicted        =    -227.54042823622413
Selected quadratic step     =               0.975256
Conjugate gradients coeff.  =               0.399347
--------------------------- NGWF line search finished --------------------------
                                               
Writing NGWFs to file "Fe_H2O_6_HighSpin.tightbox_ngwfs".... done

>>> Optimising kernel for current NGWFs:
   Initial electron number for spin 1:      33.00254406
   Initial electron number for spin 2:      28.00249446
     Final electron number for spin 1:      33.00000000
     Final electron number for spin 2:      28.00000000

=================== Penalty functional idempotency correction ==================
 RMS occupancy error at iteration   1:  0.000251 (step -0.4998 Ne1=     33.0000)
                                                               Ne2=     28.0000
 RMS occupancy error at iteration   2:  0.000000 (step -0.5000 Ne1=     33.0000)
                                                               Ne2=     28.0000
            Final RMS occupancy error   :  0.000000 (Ne1=     33.0000)
                                                     Ne2=     28.0000
            Final occupancy bounds spin 1: [  0.000,  1.000]
            Final occupancy bounds spin 2: [  0.000,  1.000]
================================================================================

................................................................................
<<<<<<<<<<<<<< LNV (Original version) density kernel optimisation >>>>>>>>>>>>>>
~~~~~~~~~~~~~~~~~~~~~~~~~~~~~~~~~~~~~~~~~~~~~~~~~~~~~~~~~~~~~~~~~~~~~~~~~~~~~~~~
   iter  |      energy (Eh)       | rms gradient |  commutator  |   dE (Eh)
      ideal mu1:      -1.100367606043
      ideal mu2:      -1.146591090045
             Q0:        -227.540425582916
             G0:      -0.000067018115
   RMS gradient:       0.000236273504
     Trial step:       0.354138919790
             Q1:        -227.540434989148
 Quadratic coef:       0.000014327491
 Linear coef   :      -0.000023733723
           Qmin:        -227.540435411741
Quadratic minimum step length (  0.293318442945) accepted
    Initial Ne1:      33.00000000
    Initial Ne2:      28.00000000
      Final Ne1:      33.00000000
      Final Ne2:      28.00000000

=================== Penalty functional idempotency correction ==================
 RMS occupancy error at iteration   1:  0.000000 (step -0.5000 Ne1=     33.0000)
                                                               Ne2=     28.0000
            Final RMS occupancy error   :  0.000000 (Ne1=     33.0000)
                                                     Ne2=     28.0000
            Final occupancy bounds spin 1: [  0.000,  1.000]
            Final occupancy bounds spin 2: [  0.000,  1.000]
================================================================================

    1        -2.275404255829E+02     2.3627E-04     1.3789E-04
      ideal mu1:      -1.100321887389
      ideal mu2:      -1.146380676163
             Q0:        -227.540435063208
             G0:      -0.000013774483
   RMS gradient:       0.000098988230
     Trial step:       0.322297186676
             Q1:        -227.540436469729
 Quadratic coef:       0.000003032956
 Linear coef   :      -0.000004439477
           Qmin:        -227.540436687775
Quadratic minimum step length (  0.235880631320) accepted
    Initial Ne1:      33.00000000
    Initial Ne2:      28.00000000
      Final Ne1:      33.00000000
      Final Ne2:      28.00000000

=================== Penalty functional idempotency correction ==================
 RMS occupancy error at iteration   1:  0.000000 (step -0.5000 Ne1=     33.0000)
                                                               Ne2=     28.0000
            Final RMS occupancy error   :  0.000000 (Ne1=     33.0000)
                                                     Ne2=     28.0000
            Final occupancy bounds spin 1: [  0.000,  1.000]
            Final occupancy bounds spin 2: [  0.000,  1.000]
================================================================================

    2        -2.275404350632E+02     9.8988E-05     5.6679E-05    -9.4803E-06
      ideal mu1:      -1.100252680790
      ideal mu2:      -1.146404092742
             Q0:        -227.540436574382
             G0:      -0.000007572369
   RMS gradient:       0.000070874805
     Trial step:       0.275723890633
             Q1:        -227.540437278878
 Quadratic coef:       0.000001383387
 Linear coef   :      -0.000002087883
           Qmin:        -227.540437362169
Quadratic minimum step length (  0.208068747776) accepted
    Initial Ne1:      33.00000000
    Initial Ne2:      28.00000000
      Final Ne1:      33.00000000
      Final Ne2:      28.00000000

=================== Penalty functional idempotency correction ==================
 RMS occupancy error at iteration   1:  0.000000 (step -0.5000 Ne1=     33.0000)
                                                               Ne2=     28.0000
            Final RMS occupancy error   :  0.000000 (Ne1=     33.0000)
                                                     Ne2=     28.0000
            Final occupancy bounds spin 1: [  0.000,  1.000]
            Final occupancy bounds spin 2: [  0.000,  1.000]
================================================================================

    3        -2.275404365744E+02     7.0875E-05     4.0601E-05    -1.5112E-06
      ideal mu1:      -1.100350714010
      ideal mu2:      -1.146353948754
             Q0:        -227.540437234029
             G0:      -0.000003535806
   RMS gradient:       0.000048094146
     Trial step:       0.239519361756
             Q1:        -227.540437910816
 Quadratic coef:       0.000000170107
 Linear coef   :      -0.000000846894
           Qmin:        -227.540438288113
Quadratic minimum step length (  0.596233522099) accepted
    Initial Ne1:      33.00000000
    Initial Ne2:      28.00000000
      Final Ne1:      33.00000000
      Final Ne2:      28.00000000

=================== Penalty functional idempotency correction ==================
 RMS occupancy error at iteration   1:  0.000000 (step -0.5000 Ne1=     33.0000)
                                                               Ne2=     28.0000
            Final RMS occupancy error   :  0.000000 (Ne1=     33.0000)
                                                     Ne2=     28.0000
            Final occupancy bounds spin 1: [  0.000,  1.000]
            Final occupancy bounds spin 2: [  0.000,  1.000]
================================================================================

    4        -2.275404372340E+02     4.8094E-05     2.8062E-05    -6.5965E-07
      ideal mu1:      -1.100568048183
      ideal mu2:      -1.146537028082
    5        -2.275404375887E+02     9.2908E-05     5.1695E-05    -3.5472E-07
Finished density kernel iterations (   5)

Writing density kernel to file "Fe_H2O_6_HighSpin.dkn" ... done


>>> Density kernel optimised for the current NGWF basis:
     ~~~~~~~~~~~~~~~~~~~~~~~~~~~~~~~~~~~~~~~~~~~~~~~~~~~~~~~~~~~
     Total energy                =  -2.27540437588747E+02  Eh
     Estimated bandgap (UP spin) =   2.8502E-01  Eh
     Estimated bandgap (DN spin) =   9.0581E-02  Eh
     RMS occupancy error         =   2.2618E-13
     [H,K] commutator            =   5.1695E-05
     UP spin occupancy bounds    = [  0.000:  1.000]
     DN spin occupancy bounds    = [  0.000:  1.000]
     ~~~~~~~~~~~~~~~~~~~~~~~~~~~~~~~~~~~~~~~~~~~~~~~~~~~~~~~~~~~




################################################################################
########################### NGWF CG iteration  009 #############################
################################################################################
****** Reciprocal space K.E. preconditioning with k_zero =  3.0000 a0^-1 *******

>>> Checking for convergence of NGWFs:   NOT CONVERGED
  ========================================================================
         NGWF RMS gradient =  1.4102E-05 >  2.0000E-06  | above tolerance
  ========================================================================

>>> Improving NGWFs using line search:
============ Calculation of NGWF S^-1 using Hotelling algorithm ================ 
     Iteration  |  Spin  |  Frobenius norm and Maximum abs value (of I-S*S_n^-1)
         1           1      0.44171876E-02     0.56740717E-03
         2           1      0.48813837E-05     0.66988683E-06
         3           1      0.83321814E-11     0.98498987E-12
================================================================================
============ Calculation of NGWF S^-1 using Hotelling algorithm ================ 
     Iteration  |  Spin  |  Frobenius norm and Maximum abs value (of I-S*S_n^-1)
         1           1      0.21251771E-02     0.27488034E-03
         2           1      0.11545818E-05     0.15775361E-06
         3           1      0.46167693E-12     0.55733196E-13
================================================================================
------------------------------- NGWF line search -------------------------------
RMS gradient                =       0.00001410206089
Trial step length           =               0.941127
Gradient along search dir.  =         -0.00031463562
Functional at step 0        =    -227.54043758874747
Functional at step 1        =    -227.54045609880927
Functional predicted        =    -227.54051655285022
Selected quadratic step     =               0.501940
Conjugate gradients coeff.  =               0.000000
--------------------------- NGWF line search finished --------------------------
                                               
Writing NGWFs to file "Fe_H2O_6_HighSpin.tightbox_ngwfs".... done

>>> Optimising kernel for current NGWFs:
   Initial electron number for spin 1:      33.00038730
   Initial electron number for spin 2:      28.00047841
     Final electron number for spin 1:      33.00000000
     Final electron number for spin 2:      28.00000000

=================== Penalty functional idempotency correction ==================
 RMS occupancy error at iteration   1:  0.000061 (step -0.5000 Ne1=     33.0000)
                                                               Ne2=     28.0000
            Final RMS occupancy error   :  0.000000 (Ne1=     33.0000)
                                                     Ne2=     28.0000
            Final occupancy bounds spin 1: [  0.000,  1.000]
            Final occupancy bounds spin 2: [  0.000,  1.000]
================================================================================

................................................................................
<<<<<<<<<<<<<< LNV (Original version) density kernel optimisation >>>>>>>>>>>>>>
~~~~~~~~~~~~~~~~~~~~~~~~~~~~~~~~~~~~~~~~~~~~~~~~~~~~~~~~~~~~~~~~~~~~~~~~~~~~~~~~
   iter  |      energy (Eh)       | rms gradient |  commutator  |   dE (Eh)
      ideal mu1:      -1.100724881626
      ideal mu2:      -1.146679557716
             Q0:        -227.540518726744
             G0:      -0.000005270420
   RMS gradient:       0.000066258491
     Trial step:       0.377901406018
             Q1:        -227.540518348534
 Quadratic coef:       0.000002369910
 Linear coef   :      -0.000001991699
           Qmin:        -227.540519145206
Quadratic minimum step length (  0.158796328578) accepted
    Initial Ne1:      32.99999943
    Initial Ne2:      27.99999946
      Final Ne1:      33.00000000
      Final Ne2:      28.00000000

=================== Penalty functional idempotency correction ==================
 RMS occupancy error at iteration   1:  0.000000 (step -0.5000 Ne1=     33.0000)
                                                               Ne2=     28.0000
            Final RMS occupancy error   :  0.000000 (Ne1=     33.0000)
                                                     Ne2=     28.0000
            Final occupancy bounds spin 1: [  0.000,  1.000]
            Final occupancy bounds spin 2: [  0.000,  1.000]
================================================================================

    1        -2.275405187267E+02     6.6258E-05     3.6901E-05
      ideal mu1:      -1.100627867533
      ideal mu2:      -1.146591549932
             Q0:        -227.540518967099
             G0:      -0.000001812741
   RMS gradient:       0.000033971341
     Trial step:       0.244968071063
             Q1:        -227.540518828568
 Quadratic coef:       0.000000582595
 Linear coef   :      -0.000000444064
           Qmin:        -227.540519051718
Quadratic minimum step length (  0.093359370072) accepted
    Initial Ne1:      32.99999991
    Initial Ne2:      27.99999992
      Final Ne1:      33.00000000
      Final Ne2:      28.00000000

=================== Penalty functional idempotency correction ==================
 RMS occupancy error at iteration   1:  0.000000 (step -0.5000 Ne1=     33.0000)
                                                               Ne2=     28.0000
            Final RMS occupancy error   :  0.000000 (Ne1=     33.0000)
                                                     Ne2=     28.0000
            Final occupancy bounds spin 1: [  0.000,  1.000]
            Final occupancy bounds spin 2: [ -0.000,  1.000]
================================================================================

    2        -2.275405189671E+02     3.3971E-05     1.9400E-05    -2.4036E-07
      ideal mu1:      -1.100586410251
      ideal mu2:      -1.146552758198
             Q0:        -227.540518954176
             G0:      -0.000001604337
   RMS gradient:       0.000026321881
     Trial step:       0.151228518481
             Q1:        -227.540518852249
 Quadratic coef:       0.000000344548
 Linear coef   :      -0.000000242622
           Qmin:        -227.540518996887
Quadratic minimum step length (  0.053245511693) accepted
    Initial Ne1:      32.99999997
    Initial Ne2:      27.99999997
      Final Ne1:      33.00000000
      Final Ne2:      28.00000000

=================== Penalty functional idempotency correction ==================
 RMS occupancy error at iteration   1:  0.000000 (step -0.5000 Ne1=     33.0000)
                                                               Ne2=     28.0000
            Final RMS occupancy error   :  0.000000 (Ne1=     33.0000)
                                                     Ne2=     28.0000
            Final occupancy bounds spin 1: [ -0.000,  1.000]
            Final occupancy bounds spin 2: [  0.000,  1.000]
================================================================================

    3        -2.275405189542E+02     2.6322E-05     1.5088E-05     1.2924E-08
      ideal mu1:      -1.100562727488
      ideal mu2:      -1.146530534889
             Q0:        -227.540518936190
             G0:      -0.000001291882
   RMS gradient:       0.000020790680
     Trial step:       0.089734273548
             Q1:        -227.540518883482
 Quadratic coef:       0.000000168634
 Linear coef   :      -0.000000115926
           Qmin:        -227.540518956113
Quadratic minimum step length (  0.030843552080) accepted
    Initial Ne1:      32.99999999
    Initial Ne2:      27.99999999
      Final Ne1:      33.00000000
      Final Ne2:      28.00000000

=================== Penalty functional idempotency correction ==================
 RMS occupancy error at iteration   1:  0.000000 (step -0.5000 Ne1=     33.0000)
                                                               Ne2=     28.0000
            Final RMS occupancy error   :  0.000000 (Ne1=     33.0000)
                                                     Ne2=     28.0000
            Final occupancy bounds spin 1: [ -0.000,  1.000]
            Final occupancy bounds spin 2: [ -0.000,  1.000]
================================================================================

    4        -2.275405189362E+02     2.0791E-05     1.2087E-05     1.7986E-08
      ideal mu1:      -1.100550264579
      ideal mu2:      -1.146518931919
    5        -2.275405189242E+02     1.7849E-05     1.0509E-05     1.2001E-08
Finished density kernel iterations (   5)

Writing density kernel to file "Fe_H2O_6_HighSpin.dkn" ... done


>>> Density kernel optimised for the current NGWF basis:
     ~~~~~~~~~~~~~~~~~~~~~~~~~~~~~~~~~~~~~~~~~~~~~~~~~~~~~~~~~~~
     Total energy                =  -2.27540518924189E+02  Eh
     Estimated bandgap (UP spin) =   2.8489E-01  Eh
     Estimated bandgap (DN spin) =   9.0656E-02  Eh
     RMS occupancy error         =   2.2191E-16
     [H,K] commutator            =   1.0509E-05
     UP spin occupancy bounds    = [ -0.000:  1.000]
     DN spin occupancy bounds    = [  0.000:  1.000]
     ~~~~~~~~~~~~~~~~~~~~~~~~~~~~~~~~~~~~~~~~~~~~~~~~~~~~~~~~~~~




################################################################################
########################### NGWF CG iteration  010 #############################
################################################################################
****** Reciprocal space K.E. preconditioning with k_zero =  3.0000 a0^-1 *******

>>> Checking for convergence of NGWFs:   NOT CONVERGED
  ========================================================================
         NGWF RMS gradient =  8.4253E-06 >  2.0000E-06  | above tolerance
  ========================================================================

>>> Improving NGWFs using line search:
============ Calculation of NGWF S^-1 using Hotelling algorithm ================ 
     Iteration  |  Spin  |  Frobenius norm and Maximum abs value (of I-S*S_n^-1)
         1           1      0.42296953E-02     0.54683517E-03
         2           1      0.46459678E-05     0.64942991E-06
         3           1      0.74636866E-11     0.91260333E-12
================================================================================
============ Calculation of NGWF S^-1 using Hotelling algorithm ================ 
     Iteration  |  Spin  |  Frobenius norm and Maximum abs value (of I-S*S_n^-1)
         1           1      0.44405476E-02     0.57817805E-03
         2           1      0.53981066E-05     0.75624992E-06
         3           1      0.96869983E-11     0.12668755E-11
         4           1      0.32274566E-14     0.11102230E-14
================================================================================
------------------------------- NGWF line search -------------------------------
RMS gradient                =       0.00000842528559
Trial step length           =               0.687306
Gradient along search dir.  =         -0.00010850666
Functional at step 0        =    -227.54051892418931
Functional at step 1        =    -227.54057419297789
Functional predicted        =    -227.54059093619730
Selected quadratic step     =               1.327329
Conjugate gradients coeff.  =               0.356947
--------------------------- NGWF line search finished --------------------------
                                               
Writing NGWFs to file "Fe_H2O_6_HighSpin.tightbox_ngwfs".... done

>>> Optimising kernel for current NGWFs:
   Initial electron number for spin 1:      33.00139774
   Initial electron number for spin 2:      28.00172109
     Final electron number for spin 1:      33.00000000
     Final electron number for spin 2:      28.00000000

=================== Penalty functional idempotency correction ==================
 RMS occupancy error at iteration   1:  0.000221 (step -0.4999 Ne1=     33.0000)
                                                               Ne2=     28.0000
 RMS occupancy error at iteration   2:  0.000000 (step -0.5000 Ne1=     33.0000)
                                                               Ne2=     28.0000
            Final RMS occupancy error   :  0.000000 (Ne1=     33.0000)
                                                     Ne2=     28.0000
            Final occupancy bounds spin 1: [  0.000,  1.000]
            Final occupancy bounds spin 2: [  0.000,  1.000]
================================================================================

................................................................................
<<<<<<<<<<<<<< LNV (Original version) density kernel optimisation >>>>>>>>>>>>>>
~~~~~~~~~~~~~~~~~~~~~~~~~~~~~~~~~~~~~~~~~~~~~~~~~~~~~~~~~~~~~~~~~~~~~~~~~~~~~~~~
   iter  |      energy (Eh)       | rms gradient |  commutator  |   dE (Eh)
      ideal mu1:      -1.100650027396
      ideal mu2:      -1.146677025502
             Q0:        -227.540578355260
             G0:      -0.000029753137
   RMS gradient:       0.000157429203
     Trial step:       0.052609160224
             Q1:        -227.540579601507
 Quadratic coef:       0.000000319041
 Linear coef   :      -0.000001565288
           Qmin:        -227.540580275173
Quadratic minimum step length (  0.129056184222) accepted
    Initial Ne1:      33.00000000
    Initial Ne2:      28.00000000
      Final Ne1:      33.00000000
      Final Ne2:      28.00000000

=================== Penalty functional idempotency correction ==================
 RMS occupancy error at iteration   1:  0.000000 (step -0.5000 Ne1=     33.0000)
                                                               Ne2=     28.0000
            Final RMS occupancy error   :  0.000000 (Ne1=     33.0000)
                                                     Ne2=     28.0000
            Final occupancy bounds spin 1: [  0.000,  1.000]
            Final occupancy bounds spin 2: [  0.000,  1.000]
================================================================================

    1        -2.275405783553E+02     1.5743E-04     9.0243E-05
      ideal mu1:      -1.100616465594
      ideal mu2:      -1.146616147045
             Q0:        -227.540581002745
             G0:      -0.000023513622
   RMS gradient:       0.000109291140
     Trial step:       0.082398649708
             Q1:        -227.540582314415
 Quadratic coef:       0.000000625821
 Linear coef   :      -0.000001937491
           Qmin:        -227.540582502323
Quadratic minimum step length (  0.127549671458) accepted
    Initial Ne1:      33.00000000
    Initial Ne2:      28.00000000
      Final Ne1:      33.00000000
      Final Ne2:      28.00000000

=================== Penalty functional idempotency correction ==================
 RMS occupancy error at iteration   1:  0.000000 (step -0.5000 Ne1=     33.0000)
                                                               Ne2=     28.0000
            Final RMS occupancy error   :  0.000000 (Ne1=     33.0000)
                                                     Ne2=     28.0000
            Final occupancy bounds spin 1: [  0.000,  1.000]
            Final occupancy bounds spin 2: [  0.000,  1.000]
================================================================================

    2        -2.275405810027E+02     1.0929E-04     6.2629E-05    -2.6475E-06
      ideal mu1:      -1.100564949764
      ideal mu2:      -1.146540111307
             Q0:        -227.540582804220
             G0:      -0.000013613238
   RMS gradient:       0.000076598029
     Trial step:       0.102517904284
             Q1:        -227.540583631960
 Quadratic coef:       0.000000567861
 Linear coef   :      -0.000001395601
           Qmin:        -227.540583661693
Quadratic minimum step length (  0.125976385779) accepted
    Initial Ne1:      33.00000000
    Initial Ne2:      28.00000000
      Final Ne1:      33.00000000
      Final Ne2:      28.00000000

=================== Penalty functional idempotency correction ==================
 RMS occupancy error at iteration   1:  0.000000 (step -0.5000 Ne1=     33.0000)
                                                               Ne2=     28.0000
            Final RMS occupancy error   :  0.000000 (Ne1=     33.0000)
                                                     Ne2=     28.0000
            Final occupancy bounds spin 1: [  0.000,  1.000]
            Final occupancy bounds spin 2: [  0.000,  1.000]
================================================================================

    3        -2.275405828042E+02     7.6598E-05     4.3821E-05    -1.8015E-06
      ideal mu1:      -1.100515857465
      ideal mu2:      -1.146479537884
             Q0:        -227.540583749267
             G0:      -0.000006094698
   RMS gradient:       0.000049641873
     Trial step:       0.113643455858
             Q1:        -227.540584161894
 Quadratic coef:       0.000000279996
 Linear coef   :      -0.000000692623
           Qmin:        -227.540584177600
Quadratic minimum step length (  0.140559344297) accepted
    Initial Ne1:      33.00000000
    Initial Ne2:      28.00000000
      Final Ne1:      33.00000000
      Final Ne2:      28.00000000

=================== Penalty functional idempotency correction ==================
 RMS occupancy error at iteration   1:  0.000000 (step -0.5000 Ne1=     33.0000)
                                                               Ne2=     28.0000
            Final RMS occupancy error   :  0.000000 (Ne1=     33.0000)
                                                     Ne2=     28.0000
            Final occupancy bounds spin 1: [  0.000,  1.000]
            Final occupancy bounds spin 2: [  0.000,  1.000]
================================================================================

    4        -2.275405837493E+02     4.9642E-05     2.8442E-05    -9.4505E-07
      ideal mu1:      -1.100488936757
      ideal mu2:      -1.146451333699
    5        -2.275405842165E+02     3.2840E-05     1.8887E-05    -4.6728E-07
Finished density kernel iterations (   5)

Writing density kernel to file "Fe_H2O_6_HighSpin.dkn" ... done


>>> Density kernel optimised for the current NGWF basis:
     ~~~~~~~~~~~~~~~~~~~~~~~~~~~~~~~~~~~~~~~~~~~~~~~~~~~~~~~~~~~
     Total energy                =  -2.27540584216549E+02  Eh
     Estimated bandgap (UP spin) =   2.8394E-01  Eh
     Estimated bandgap (DN spin) =   9.0708E-02  Eh
     RMS occupancy error         =   1.4867E-14
     [H,K] commutator            =   1.8887E-05
     UP spin occupancy bounds    = [  0.000:  1.000]
     DN spin occupancy bounds    = [  0.000:  1.000]
     ~~~~~~~~~~~~~~~~~~~~~~~~~~~~~~~~~~~~~~~~~~~~~~~~~~~~~~~~~~~


================================================================================
           ---------------- ENERGY COMPONENTS (Eh) ----------------
           | Kinetic                    :       63.29152789564890 |
           | Core Hartree               :     -936.28937638646266 |
           | CoreHart (non-coul chg cor):        0.00182615377240
           | Hartree                    :      416.50795620380336 |
           | Exchange-correlation       :      -24.22330630658139 |
           | Ewald                      :      257.86092542490553 |
           | Dij0                       :        2.44991243769775 |
           | Dijhartree                 :       10.95189405588136 |
           | Exc [AE core]              :     -107.70696860753799 |
           | Exc DC [AE core]           :      -49.54237194486802 |
           | Exc [PS core]              :      -21.29697423969055 |
           | Exc DC [PS core]           :      -28.17731242525173 |
           | Exc [Core]                 :      -68.31987682640438 |
           | Total [Sphere]             :       -4.68831104786395 |
           | Total                      :     -227.54058421655023 |
           --------------------------------------------------------
           ------ LOCAL ENERGY COMPONENTS FROM MATRIX TRACES ------
           | Core Hartree               :     -936.28937638646289 |
           | Hartree (Valence)          :      416.50795620380200 |
           --------------------------------------------------------
           Integrated compensation chrg.:       12.43492341115427
           Integrated density           :       60.99999874855171
           Integrated spin density      :        4.99999996190809
           Integrated |spin density|    :        5.00000048780332
           Local density approx. <S^2>  :        8.75000026294698
           Integrated density tr(KS)    :       61.00000000000000
           Integrated spin tr(KS)       :        5.00000000000000
================================================================================




################################################################################
########################### NGWF CG iteration  011 #############################
################################################################################
****** Reciprocal space K.E. preconditioning with k_zero =  3.0000 a0^-1 *******

>>> Checking for convergence of NGWFs:   NOT CONVERGED
  ========================================================================
         NGWF RMS gradient =  7.1777E-06 >  2.0000E-06  | above tolerance
  ========================================================================

>>> Improving NGWFs using line search:
============ Calculation of NGWF S^-1 using Hotelling algorithm ================ 
     Iteration  |  Spin  |  Frobenius norm and Maximum abs value (of I-S*S_n^-1)
         1           1      0.94881419E-02     0.11776458E-02
         2           1      0.25125699E-04     0.36857255E-05
         3           1      0.20489812E-09     0.28629321E-10
         4           1      0.34965205E-14     0.99920072E-15
================================================================================
============ Calculation of NGWF S^-1 using Hotelling algorithm ================ 
     Iteration  |  Spin  |  Frobenius norm and Maximum abs value (of I-S*S_n^-1)
         1           1      0.34842009E-02     0.46493796E-03
         2           1      0.34208065E-05     0.51058983E-06
         3           1      0.37161636E-11     0.53723692E-12
================================================================================
------------------------------- NGWF line search -------------------------------
RMS gradient                =       0.00000717772651
Trial step length           =               0.955134
Gradient along search dir.  =         -0.00006149304
Functional at step 0        =    -227.54058421654901
Functional at step 1        =    -227.54059856296587
Functional predicted        =    -227.54060364589350
Selected quadratic step     =               0.631920
Conjugate gradients coeff.  =               0.725779
--------------------------- NGWF line search finished --------------------------
                                               
Writing NGWFs to file "Fe_H2O_6_HighSpin.tightbox_ngwfs".... done

>>> Optimising kernel for current NGWFs:
   Initial electron number for spin 1:      33.00088603
   Initial electron number for spin 2:      28.00110069
     Final electron number for spin 1:      33.00000000
     Final electron number for spin 2:      28.00000000

=================== Penalty functional idempotency correction ==================
 RMS occupancy error at iteration   1:  0.000149 (step -0.4999 Ne1=     33.0000)
                                                               Ne2=     28.0000
            Final RMS occupancy error   :  0.000000 (Ne1=     33.0000)
                                                     Ne2=     28.0000
            Final occupancy bounds spin 1: [  0.000,  1.000]
            Final occupancy bounds spin 2: [  0.000,  1.000]
================================================================================

................................................................................
<<<<<<<<<<<<<< LNV (Original version) density kernel optimisation >>>>>>>>>>>>>>
~~~~~~~~~~~~~~~~~~~~~~~~~~~~~~~~~~~~~~~~~~~~~~~~~~~~~~~~~~~~~~~~~~~~~~~~~~~~~~~~
   iter  |      energy (Eh)       | rms gradient |  commutator  |   dE (Eh)
      ideal mu1:      -1.100360313578
      ideal mu2:      -1.146391179709
             Q0:        -227.540603250350
             G0:      -0.000012889731
   RMS gradient:       0.000103619346
     Trial step:       0.126386904539
             Q1:        -227.540604621313
 Quadratic coef:       0.000000258131
 Linear coef   :      -0.000001629093
           Qmin:        -227.540605820698
Quadratic minimum step length (  0.398820987362) accepted
    Initial Ne1:      32.99999264
    Initial Ne2:      27.99999254
      Final Ne1:      33.00000000
      Final Ne2:      28.00000000

=================== Penalty functional idempotency correction ==================
 RMS occupancy error at iteration   1:  0.000000 (step -0.5000 Ne1=     33.0000)
                                                               Ne2=     28.0000
            Final RMS occupancy error   :  0.000000 (Ne1=     33.0000)
                                                     Ne2=     28.0000
            Final occupancy bounds spin 1: [  0.000,  1.000]
            Final occupancy bounds spin 2: [  0.000,  1.000]
================================================================================

    1        -2.275406032504E+02     1.0362E-04     5.9515E-05
      ideal mu1:      -1.100507040877
      ideal mu2:      -1.146477477659
             Q0:        -227.540606127941
             G0:      -0.000008950089
   RMS gradient:       0.000079654970
     Trial step:       0.224512249238
             Q1:        -227.540607290153
 Quadratic coef:       0.000000847192
 Linear coef   :      -0.000002009405
           Qmin:        -227.540607319438
Quadratic minimum step length (  0.266253652259) accepted
    Initial Ne1:      32.99999710
    Initial Ne2:      27.99999706
      Final Ne1:      33.00000000
      Final Ne2:      28.00000000

=================== Penalty functional idempotency correction ==================
 RMS occupancy error at iteration   1:  0.000000 (step -0.5000 Ne1=     33.0000)
                                                               Ne2=     28.0000
            Final RMS occupancy error   :  0.000000 (Ne1=     33.0000)
                                                     Ne2=     28.0000
            Final occupancy bounds spin 1: [  0.000,  1.000]
            Final occupancy bounds spin 2: [  0.000,  1.000]
================================================================================

    2        -2.275406061279E+02     7.9655E-05     4.5430E-05    -2.8776E-06
      ideal mu1:      -1.100524503616
      ideal mu2:      -1.146489736383
             Q0:        -227.540607324147
             G0:      -0.000001405578
   RMS gradient:       0.000033722891
     Trial step:       0.244493775660
             Q1:        -227.540607549345
 Quadratic coef:       0.000000118457
 Linear coef   :      -0.000000343655
           Qmin:        -227.540607573390
Quadratic minimum step length (  0.354648685475) accepted
    Initial Ne1:      32.99999931
    Initial Ne2:      27.99999930
      Final Ne1:      33.00000000
      Final Ne2:      28.00000000

=================== Penalty functional idempotency correction ==================
 RMS occupancy error at iteration   1:  0.000000 (step -0.5000 Ne1=     33.0000)
                                                               Ne2=     28.0000
            Final RMS occupancy error   :  0.000000 (Ne1=     33.0000)
                                                     Ne2=     28.0000
            Final occupancy bounds spin 1: [  0.000,  1.000]
            Final occupancy bounds spin 2: [  0.000,  1.000]
================================================================================

    3        -2.275406073241E+02     3.3723E-05     1.9203E-05    -1.1962E-06
      ideal mu1:      -1.100545783785
      ideal mu2:      -1.146510902533
             Q0:        -227.540607556861
             G0:      -0.000000625277
   RMS gradient:       0.000025838232
     Trial step:       0.294464592345
             Q1:        -227.540607679419
 Quadratic coef:       0.000000061563
 Linear coef   :      -0.000000184122
           Qmin:        -227.540607694527
Quadratic minimum step length (  0.440337859903) accepted
    Initial Ne1:      32.99999949
    Initial Ne2:      27.99999949
      Final Ne1:      33.00000000
      Final Ne2:      28.00000000

=================== Penalty functional idempotency correction ==================
 RMS occupancy error at iteration   1:  0.000000 (step -0.5000 Ne1=     33.0000)
                                                               Ne2=     28.0000
            Final RMS occupancy error   :  0.000000 (Ne1=     33.0000)
                                                     Ne2=     28.0000
            Final occupancy bounds spin 1: [  0.000,  1.000]
            Final occupancy bounds spin 2: [  0.000,  1.000]
================================================================================

    4        -2.275406075569E+02     2.5838E-05     1.4470E-05    -2.3271E-07
      ideal mu1:      -1.100544908437
      ideal mu2:      -1.146516358048
    5        -2.275406076705E+02     2.0045E-05     1.1134E-05    -1.1359E-07
Finished density kernel iterations (   5)

Writing density kernel to file "Fe_H2O_6_HighSpin.dkn" ... done


>>> Density kernel optimised for the current NGWF basis:
     ~~~~~~~~~~~~~~~~~~~~~~~~~~~~~~~~~~~~~~~~~~~~~~~~~~~~~~~~~~~
     Total energy                =  -2.27540607670453E+02  Eh
     Estimated bandgap (UP spin) =   2.8325E-01  Eh
     Estimated bandgap (DN spin) =   9.0935E-02  Eh
     RMS occupancy error         =   1.3253E-14
     [H,K] commutator            =   1.1134E-05
     UP spin occupancy bounds    = [  0.000:  1.000]
     DN spin occupancy bounds    = [  0.000:  1.000]
     ~~~~~~~~~~~~~~~~~~~~~~~~~~~~~~~~~~~~~~~~~~~~~~~~~~~~~~~~~~~




################################################################################
########################### NGWF CG iteration  012 #############################
################################################################################
****** Reciprocal space K.E. preconditioning with k_zero =  3.0000 a0^-1 *******

>>> Checking for convergence of NGWFs:   NOT CONVERGED
  ========================================================================
         NGWF RMS gradient =  4.2527E-06 >  2.0000E-06  | above tolerance
  ========================================================================

>>> Improving NGWFs using line search:
============ Calculation of NGWF S^-1 using Hotelling algorithm ================ 
     Iteration  |  Spin  |  Frobenius norm and Maximum abs value (of I-S*S_n^-1)
         1           1      0.57725511E-02     0.69084008E-03
         2           1      0.90703148E-05     0.13329467E-05
         3           1      0.26894098E-10     0.36790571E-11
         4           1      0.31947117E-14     0.66613381E-15
================================================================================
============ Calculation of NGWF S^-1 using Hotelling algorithm ================ 
     Iteration  |  Spin  |  Frobenius norm and Maximum abs value (of I-S*S_n^-1)
         1           1      0.22835737E-02     0.28050303E-03
         2           1      0.14380407E-05     0.21287794E-06
         3           1      0.66419410E-12     0.93813846E-13
================================================================================
------------------------------- NGWF line search -------------------------------
RMS gradient                =       0.00000425266493
Trial step length           =               0.776897
Gradient along search dir.  =         -0.00003181886
Functional at step 0        =    -227.54060767045337
Functional at step 1        =    -227.54061257309178
Functional predicted        =    -227.54061537932114
Selected quadratic step     =               0.484547
Conjugate gradients coeff.  =               0.351033
--------------------------- NGWF line search finished --------------------------
                                               
Writing NGWFs to file "Fe_H2O_6_HighSpin.tightbox_ngwfs".... done

>>> Optimising kernel for current NGWFs:
   Initial electron number for spin 1:      33.00054984
   Initial electron number for spin 2:      28.00068784
     Final electron number for spin 1:      33.00000000
     Final electron number for spin 2:      28.00000000

=================== Penalty functional idempotency correction ==================
 RMS occupancy error at iteration   1:  0.000093 (step -0.4999 Ne1=     33.0000)
                                                               Ne2=     28.0000
            Final RMS occupancy error   :  0.000000 (Ne1=     33.0000)
                                                     Ne2=     28.0000
            Final occupancy bounds spin 1: [  0.000,  1.000]
            Final occupancy bounds spin 2: [  0.000,  1.000]
================================================================================

................................................................................
<<<<<<<<<<<<<< LNV (Original version) density kernel optimisation >>>>>>>>>>>>>>
~~~~~~~~~~~~~~~~~~~~~~~~~~~~~~~~~~~~~~~~~~~~~~~~~~~~~~~~~~~~~~~~~~~~~~~~~~~~~~~~
   iter  |      energy (Eh)       | rms gradient |  commutator  |   dE (Eh)
      ideal mu1:      -1.100497146372
      ideal mu2:      -1.146477920368
             Q0:        -227.540614038092
             G0:      -0.000002221002
   RMS gradient:       0.000043012369
     Trial step:       0.360088750741
             Q1:        -227.540614548103
 Quadratic coef:       0.000000289747
 Linear coef   :      -0.000000799758
           Qmin:        -227.540614589964
Quadratic minimum step length (  0.496957297577) accepted
    Initial Ne1:      32.99999651
    Initial Ne2:      27.99999633
      Final Ne1:      33.00000000
      Final Ne2:      28.00000000

=================== Penalty functional idempotency correction ==================
 RMS occupancy error at iteration   1:  0.000000 (step -0.5000 Ne1=     33.0000)
                                                               Ne2=     28.0000
            Final RMS occupancy error   :  0.000000 (Ne1=     33.0000)
                                                     Ne2=     28.0000
            Final occupancy bounds spin 1: [  0.000,  1.000]
            Final occupancy bounds spin 2: [  0.000,  1.000]
================================================================================

    1        -2.275406140381E+02     4.3012E-05     2.4583E-05
      ideal mu1:      -1.100563164762
      ideal mu2:      -1.146524470961
             Q0:        -227.540614594355
             G0:      -0.000001145908
   RMS gradient:       0.000030457919
     Trial step:       0.423023323773
             Q1:        -227.540614640520
 Quadratic coef:       0.000000438581
 Linear coef   :      -0.000000484746
           Qmin:        -227.540614728298
Quadratic minimum step length (  0.233775034151) accepted
    Initial Ne1:      32.99999918
    Initial Ne2:      27.99999913
      Final Ne1:      33.00000000
      Final Ne2:      28.00000000

=================== Penalty functional idempotency correction ==================
 RMS occupancy error at iteration   1:  0.000000 (step -0.5000 Ne1=     33.0000)
                                                               Ne2=     28.0000
            Final RMS occupancy error   :  0.000000 (Ne1=     33.0000)
                                                     Ne2=     28.0000
            Final occupancy bounds spin 1: [  0.000,  1.000]
            Final occupancy bounds spin 2: [  0.000,  1.000]
================================================================================

    2        -2.275406145944E+02     3.0458E-05     1.6425E-05    -5.5626E-07
      ideal mu1:      -1.100563662762
      ideal mu2:      -1.146526599545
             Q0:        -227.540614742852
             G0:      -0.000000250003
   RMS gradient:       0.000015544346
     Trial step:       0.314471448564
             Q1:        -227.540614787718
 Quadratic coef:       0.000000033753
 Linear coef   :      -0.000000078619
           Qmin:        -227.540614788633
Quadratic minimum step length (  0.366240264965) accepted
    Initial Ne1:      32.99999966
    Initial Ne2:      27.99999965
      Final Ne1:      33.00000000
      Final Ne2:      28.00000000

=================== Penalty functional idempotency correction ==================
 RMS occupancy error at iteration   1:  0.000000 (step -0.5000 Ne1=     33.0000)
                                                               Ne2=     28.0000
            Final RMS occupancy error   :  0.000000 (Ne1=     33.0000)
                                                     Ne2=     28.0000
            Final occupancy bounds spin 1: [  0.000,  1.000]
            Final occupancy bounds spin 2: [  0.000,  1.000]
================================================================================

    3        -2.275406147429E+02     1.5544E-05     8.5885E-06    -1.4850E-07
      ideal mu1:      -1.100566013822
      ideal mu2:      -1.146529762508
             Q0:        -227.540614787949
             G0:      -0.000000086621
   RMS gradient:       0.000008907773
     Trial step:       0.339370161691
             Q1:        -227.540614800478
 Quadratic coef:       0.000000016868
 Linear coef   :      -0.000000029396
           Qmin:        -227.540614800757
Quadratic minimum step length (  0.295723220328) accepted
    Initial Ne1:      32.99999991
    Initial Ne2:      27.99999991
      Final Ne1:      33.00000000
      Final Ne2:      28.00000000

=================== Penalty functional idempotency correction ==================
 RMS occupancy error at iteration   1:  0.000000 (step -0.5000 Ne1=     33.0000)
                                                               Ne2=     28.0000
            Final RMS occupancy error   :  0.000000 (Ne1=     33.0000)
                                                     Ne2=     28.0000
            Final occupancy bounds spin 1: [  0.000,  1.000]
            Final occupancy bounds spin 2: [  0.000,  1.000]
================================================================================

    4        -2.275406147879E+02     8.9078E-06     4.9162E-06    -4.5097E-08
      ideal mu1:      -1.100562528207
      ideal mu2:      -1.146527583383
    5        -2.275406148008E+02     4.1504E-06     2.3771E-06    -1.2863E-08
Finished density kernel iterations (   5)

Writing density kernel to file "Fe_H2O_6_HighSpin.dkn" ... done


>>> Density kernel optimised for the current NGWF basis:
     ~~~~~~~~~~~~~~~~~~~~~~~~~~~~~~~~~~~~~~~~~~~~~~~~~~~~~~~~~~~
     Total energy                =  -2.27540614800812E+02  Eh
     Estimated bandgap (UP spin) =   2.8291E-01  Eh
     Estimated bandgap (DN spin) =   9.0900E-02  Eh
     RMS occupancy error         =   3.4543E-16
     [H,K] commutator            =   2.3771E-06
     UP spin occupancy bounds    = [  0.000:  1.000]
     DN spin occupancy bounds    = [ -0.000:  1.000]
     ~~~~~~~~~~~~~~~~~~~~~~~~~~~~~~~~~~~~~~~~~~~~~~~~~~~~~~~~~~~




################################################################################
########################### NGWF CG iteration  013 #############################
################################################################################
****** Reciprocal space K.E. preconditioning with k_zero =  3.0000 a0^-1 *******

>>> Checking for convergence of NGWFs:   NOT CONVERGED
  ========================================================================
         NGWF RMS gradient =  2.4870E-06 >  2.0000E-06  | above tolerance
  ========================================================================

>>> Improving NGWFs using line search:
============ Calculation of NGWF S^-1 using Hotelling algorithm ================ 
     Iteration  |  Spin  |  Frobenius norm and Maximum abs value (of I-S*S_n^-1)
         1           1      0.20632814E-02     0.22539597E-03
         2           1      0.10106793E-05     0.15173296E-06
         3           1      0.35534794E-12     0.43742787E-13
================================================================================
============ Calculation of NGWF S^-1 using Hotelling algorithm ================ 
     Iteration  |  Spin  |  Frobenius norm and Maximum abs value (of I-S*S_n^-1)
         1           1      0.60415048E-03     0.65739202E-04
         2           1      0.88494790E-07     0.13177413E-07
         3           1      0.44980503E-14     0.99920072E-15
================================================================================
------------------------------- NGWF line search -------------------------------
RMS gradient                =       0.00000248704941
Trial step length           =               0.613550
Gradient along search dir.  =         -0.00000978614
Functional at step 0        =    -227.54061480081165
Functional at step 1        =    -227.54061659245403
Functional predicted        =    -227.54061694029008
Selected quadratic step     =               0.437247
Conjugate gradients coeff.  =               0.000000
--------------------------- NGWF line search finished --------------------------
                                               
Writing NGWFs to file "Fe_H2O_6_HighSpin.tightbox_ngwfs".... done

>>> Optimising kernel for current NGWFs:
   Initial electron number for spin 1:      33.00032108
   Initial electron number for spin 2:      28.00039338
     Final electron number for spin 1:      33.00000000
     Final electron number for spin 2:      28.00000000

=================== Penalty functional idempotency correction ==================
 RMS occupancy error at iteration   1:  0.000048 (step -0.5000 Ne1=     33.0000)
                                                               Ne2=     28.0000
            Final RMS occupancy error   :  0.000000 (Ne1=     33.0000)
                                                     Ne2=     28.0000
            Final occupancy bounds spin 1: [  0.000,  1.000]
            Final occupancy bounds spin 2: [  0.000,  1.000]
================================================================================

................................................................................
<<<<<<<<<<<<<< LNV (Original version) density kernel optimisation >>>>>>>>>>>>>>
~~~~~~~~~~~~~~~~~~~~~~~~~~~~~~~~~~~~~~~~~~~~~~~~~~~~~~~~~~~~~~~~~~~~~~~~~~~~~~~~
   iter  |      energy (Eh)       | rms gradient |  commutator  |   dE (Eh)
      ideal mu1:      -1.100534045572
      ideal mu2:      -1.146507221832
             Q0:        -227.540616575225
             G0:      -0.000000684298
   RMS gradient:       0.000023874900
     Trial step:       0.316795891858
             Q1:        -227.540616729434
 Quadratic coef:       0.000000062573
 Linear coef   :      -0.000000216783
           Qmin:        -227.540616762983
Quadratic minimum step length (  0.548761942949) accepted
    Initial Ne1:      32.99999903
    Initial Ne2:      27.99999896
      Final Ne1:      33.00000000
      Final Ne2:      28.00000000

=================== Penalty functional idempotency correction ==================
 RMS occupancy error at iteration   1:  0.000000 (step -0.5000 Ne1=     33.0000)
                                                               Ne2=     28.0000
            Final RMS occupancy error   :  0.000000 (Ne1=     33.0000)
                                                     Ne2=     28.0000
            Final occupancy bounds spin 1: [  0.000,  1.000]
            Final occupancy bounds spin 2: [  0.000,  1.000]
================================================================================

    1        -2.275406165752E+02     2.3875E-05     1.3675E-05
      ideal mu1:      -1.100567596243
      ideal mu2:      -1.146530161182
             Q0:        -227.540616773541
             G0:      -0.000000158478
   RMS gradient:       0.000010793677
     Trial step:       0.416947873402
             Q1:        -227.540616809498
 Quadratic coef:       0.000000030120
 Linear coef   :      -0.000000066077
           Qmin:        -227.540616809781
Quadratic minimum step length (  0.457348633768) accepted
    Initial Ne1:      32.99999984
    Initial Ne2:      27.99999982
      Final Ne1:      33.00000000
      Final Ne2:      28.00000000

=================== Penalty functional idempotency correction ==================
 RMS occupancy error at iteration   1:  0.000000 (step -0.5000 Ne1=     33.0000)
                                                               Ne2=     28.0000
            Final RMS occupancy error   :  0.000000 (Ne1=     33.0000)
                                                     Ne2=     28.0000
            Final occupancy bounds spin 1: [  0.000,  1.000]
            Final occupancy bounds spin 2: [  0.000,  1.000]
================================================================================

    2        -2.275406167735E+02     1.0794E-05     6.0259E-06    -1.9832E-07
      ideal mu1:      -1.100562847471
      ideal mu2:      -1.146528794301
             Q0:        -227.540616808381
             G0:      -0.000000089276
   RMS gradient:       0.000012124606
     Trial step:       0.436681279943
             Q1:        -227.540616800352
 Quadratic coef:       0.000000047014
 Linear coef   :      -0.000000038985
           Qmin:        -227.540616816463
Quadratic minimum step length (  0.181055275066) accepted
    Initial Ne1:      32.99999992
    Initial Ne2:      27.99999991
      Final Ne1:      33.00000000
      Final Ne2:      28.00000000

=================== Penalty functional idempotency correction ==================
 RMS occupancy error at iteration   1:  0.000000 (step -0.5000 Ne1=     33.0000)
                                                               Ne2=     28.0000
            Final RMS occupancy error   :  0.000000 (Ne1=     33.0000)
                                                     Ne2=     28.0000
            Final occupancy bounds spin 1: [  0.000,  1.000]
            Final occupancy bounds spin 2: [  0.000,  1.000]
================================================================================

    3        -2.275406168084E+02     1.2125E-05     6.5778E-06    -3.4840E-08
      ideal mu1:      -1.100566458801
      ideal mu2:      -1.146531994189
             Q0:        -227.540616817396
             G0:      -0.000000076981
   RMS gradient:       0.000008177669
     Trial step:       0.281182234959
             Q1:        -227.540616809108
 Quadratic coef:       0.000000029934
 Linear coef   :      -0.000000021646
           Qmin:        -227.540616821309
Quadratic minimum step length (  0.101664667690) accepted
    Initial Ne1:      32.99999998
    Initial Ne2:      27.99999998
      Final Ne1:      33.00000000
      Final Ne2:      28.00000000

=================== Penalty functional idempotency correction ==================
 RMS occupancy error at iteration   1:  0.000000 (step -0.5000 Ne1=     33.0000)
                                                               Ne2=     28.0000
            Final RMS occupancy error   :  0.000000 (Ne1=     33.0000)
                                                     Ne2=     28.0000
            Final occupancy bounds spin 1: [ -0.000,  1.000]
            Final occupancy bounds spin 2: [  0.000,  1.000]
================================================================================

    4        -2.275406168174E+02     8.1777E-06     4.4562E-06    -9.0154E-09
      ideal mu1:      -1.100569060687
      ideal mu2:      -1.146533742695
    5        -2.275406168198E+02     4.7310E-06     2.6424E-06    -2.4291E-09
Finished density kernel iterations (   5)

Writing density kernel to file "Fe_H2O_6_HighSpin.dkn" ... done


>>> Density kernel optimised for the current NGWF basis:
     ~~~~~~~~~~~~~~~~~~~~~~~~~~~~~~~~~~~~~~~~~~~~~~~~~~~~~~~~~~~
     Total energy                =  -2.27540616819825E+02  Eh
     Estimated bandgap (UP spin) =   2.8273E-01  Eh
     Estimated bandgap (DN spin) =   9.0761E-02  Eh
     RMS occupancy error         =   2.5073E-16
     [H,K] commutator            =   2.6424E-06
     UP spin occupancy bounds    = [ -0.000:  1.000]
     DN spin occupancy bounds    = [  0.000:  1.000]
     ~~~~~~~~~~~~~~~~~~~~~~~~~~~~~~~~~~~~~~~~~~~~~~~~~~~~~~~~~~~




################################################################################
########################### NGWF CG iteration  014 #############################
################################################################################
****** Reciprocal space K.E. preconditioning with k_zero =  3.0000 a0^-1 *******

>>> Checking for convergence of NGWFs: 
           ........................................................
           |         *** NGWF optimisation converged ***          |
           | RMS NGWF gradient =    0.00000145361172              |
           | Criteria satisfied:                                  |
           | -> RMS NGWF gradient lower than set threshold.       |
           ========================================================

================================================================================
           ---------------- ENERGY COMPONENTS (Eh) ----------------
           | Kinetic                    :       63.28596044869486 |
           | Core Hartree               :     -936.28115519763242 |
           | CoreHart (non-coul chg cor):        0.00182615377240
           | Hartree                    :      416.50117237502468 |
           | Exchange-correlation       :      -24.22159150336259 |
           | Ewald                      :      257.86092542490553 |
           | Dij0                       :        2.45220794536939 |
           | Dijhartree                 :       10.95355360742008 |
           | Exc [AE core]              :     -107.70668228634712 |
           | Exc DC [AE core]           :      -49.54170070968915 |
           | Exc [PS core]              :      -21.29511553969726 |
           | Exc DC [PS core]           :      -28.17476042953276 |
           | Exc [Core]                 :      -68.31987682640438 |
           | Total [Sphere]             :       -4.68592836745601 |
           | Total                      :     -227.54061681982597 |
           --------------------------------------------------------
           ------ LOCAL ENERGY COMPONENTS FROM MATRIX TRACES ------
           | Core Hartree               :     -936.28115519763173 |
           | Hartree (Valence)          :      416.50117237502502 |
           --------------------------------------------------------
           Integrated compensation chrg.:       12.43578045727942
           Integrated density           :       60.99999874846750
           Integrated spin density      :        4.99999996202036
           Integrated |spin density|    :        5.00000043582294
           Local density approx. <S^2>  :        8.75000023690082
           Integrated density tr(KS)    :       61.00000000000000
           Integrated spin tr(KS)       :        5.00000000000000
================================================================================

Calculating NGWF non self-consistent forces...done.

                        <<<<< CALCULATION SUMMARY >>>>>                         
|ITER|    RMS GRADIENT   |     TOTAL ENERGY    |   step   |     Epredicted              
   0     0.00097035608028   -226.66726230415560   0.963985   -227.38529702724745        
   1     0.00037351794658   -227.39689030142875   0.983682   -227.50541088918507        
   2     0.00017915361378   -227.50666240572417   0.826023   -227.52779836846332        
   3     0.00010917933579   -227.52880946476935   0.719326   -227.53592215336636        
   4     0.00006324944335   -227.53600887194034   0.608089   -227.53793326243891        
   5     0.00003992096740   -227.53802259751484   1.004967   -227.53932787848072        
   6     0.00003048135529   -227.53934088767039   1.016440   -227.54009555338521        
   7     0.00001926236328   -227.54012665178678   0.975256   -227.54042823622413        
   8     0.00001410206089   -227.54043758874747   0.501940   -227.54051655285022        
   9     0.00000842528559   -227.54051892418931   1.327329   -227.54059093619730        
  10     0.00000717772651   -227.54058421654901   0.631920   -227.54060364589350        
  11     0.00000425266493   -227.54060767045337   0.484547   -227.54061537932114        
  12     0.00000248704941   -227.54061480081165   0.437247   -227.54061694029008        
  13     0.00000145361172   -227.54061681982523  <-- CG                                 

======================== Writing density and potential =========================
Writing "Fe_H2O_6_HighSpin_ps_density.cube" ... done
Writing "Fe_H2O_6_HighSpin_ps_spindensity.cube" ... done
Writing "Fe_H2O_6_HighSpin_ae_density.cube" ... done
Writing "Fe_H2O_6_HighSpin_ae_spindensity.cube" ... done
Writing "Fe_H2O_6_HighSpin_potential.cube" ... done
Writing "Fe_H2O_6_HighSpin_electrostatic_potential.cube" ... done
================================================================================

    Mulliken Atomic Populations
    ---------------------------
Species  Ion    Total   Charge (e)    Spin (hbar)
=================================================
  Fe     1      14.466      1.534      2.07
  O      2       6.920     -0.920      0.07
  O      3       6.920     -0.920      0.07
  O      4       6.920     -0.920      0.07
  O      5       6.921     -0.921      0.07
  O      6       6.921     -0.921      0.07
  O      7       6.920     -0.920      0.07
  H      8       0.418      0.582      0.00
  H      9       0.418      0.582      0.00
  H     10       0.418      0.582      0.00
  H     11       0.418      0.582      0.00
  H     12       0.418      0.582      0.00
  H     13       0.417      0.583      0.00
  H     14       0.418      0.582      0.00
  H     15       0.418      0.582      0.00
  H     16       0.418      0.582      0.00
  H     17       0.418      0.582      0.00
  H     18       0.418      0.582      0.00
  H     19       0.418      0.582      0.00
=================================================

        Bond         Population      Spin       Length (bohr)
=============================================================
 O     3 -- H    19        0.52     -0.00      1.83933
 O     5 -- H    14        0.52     -0.00      1.83933
 O     5 -- H    11        0.52     -0.00      1.83934
 O     2 -- H    10        0.52     -0.00      1.83936
 O     4 -- H    18        0.52     -0.00      1.83936
 O     7 -- H    17        0.52     -0.00      1.83940
 O     3 -- H    12        0.52     -0.00      1.83940
 O     2 -- H    16        0.52     -0.00      1.83940
 O     6 -- H     8        0.52     -0.00      1.83941
 O     4 -- H     9        0.52     -0.00      1.83945
 O     7 -- H    13        0.52     -0.00      1.83945
 O     6 -- H    15        0.52     -0.00      1.83948
 H     9 -- H    18       -0.10      0.00      2.95946
 H     8 -- H    15       -0.10      0.00      2.95968
 H    11 -- H    14       -0.10      0.00      2.95974
 H    10 -- H    16       -0.10      0.00      2.95982
 H    12 -- H    19       -0.10      0.00      2.95984
 H    13 -- H    17       -0.10      0.00      2.96000
 Fe    1 -- O     7        0.17     -0.05      3.84714
 Fe    1 -- O     6        0.17     -0.05      3.84734
 Fe    1 -- O     2        0.17     -0.05      3.84974
 Fe    1 -- O     3        0.17     -0.05      3.85028
 Fe    1 -- O     5        0.17     -0.05      3.85221
 Fe    1 -- O     4        0.17     -0.05      3.85225
 Fe    1 -- H     8       -0.06     -0.00      5.15434
 Fe    1 -- H    17       -0.06     -0.00      5.15438
 Fe    1 -- H    13       -0.06     -0.00      5.15838
 Fe    1 -- H    16       -0.06     -0.00      5.15865
 Fe    1 -- H    18       -0.06     -0.00      5.15866
 Fe    1 -- H    19       -0.06     -0.00      5.15893
 Fe    1 -- H    11       -0.06     -0.00      5.15893
 Fe    1 -- H    10       -0.06     -0.00      5.15913
 Fe    1 -- H    15       -0.06     -0.00      5.15918
 Fe    1 -- H    12       -0.06     -0.00      5.15983
 Fe    1 -- H    14       -0.06     -0.00      5.16342
 Fe    1 -- H     9       -0.06     -0.00      5.16432
 O     5 -- O     7       -0.02     -0.00      5.43153
 O     4 -- O     6       -0.02     -0.00      5.43262
 O     2 -- O     5       -0.02     -0.00      5.43676
 O     3 -- O     4       -0.02     -0.00      5.43836
 O     3 -- O     6       -0.02     -0.00      5.43887
 O     2 -- O     7       -0.02     -0.00      5.44033
 O     3 -- O     7       -0.02     -0.00      5.44559
 O     2 -- O     6       -0.02     -0.00      5.44633
 O     3 -- O     5       -0.02     -0.00      5.45423
 O     4 -- O     7       -0.02     -0.00      5.45464
 O     2 -- O     4       -0.02     -0.00      5.45586
 O     5 -- O     6       -0.02     -0.00      5.45855
 O     5 -- H    17       -0.01      0.00      5.46005
 O     4 -- H     8       -0.01      0.00      5.46108
 O     2 -- H    11       -0.01      0.00      5.46749
 O     3 -- H    18       -0.01      0.00      5.46872
 O     6 -- H    12       -0.01      0.00      5.47568
 O     7 -- H    16       -0.01      0.00      5.47657
 O     7 -- H    19       -0.01      0.00      5.48295
 O     6 -- H    10       -0.01      0.00      5.48494
 O     4 -- H    13       -0.01      0.00      5.49599
 O     3 -- H    14       -0.01      0.00      5.49685
 O     2 -- H     9       -0.01      0.00      5.50046
 O     5 -- H    15       -0.01      0.00      5.50196
=============================================================


============== Orbital energy and occupancy information for spin 1 =============

      Total number of orbitals:      49
   Number of occupied orbitals:      33.000000000
   Occupancy sum (eigenvalues):      33.000000000
                 HOMO-LUMO gap:       0.282582553 Eh
                 Mid-gap level:      -0.462721023 Eh

                        Orbital | Energy (Eh) | Occupancy
                            1    -3.902530399   1.0000000
                        .......   ...........   .........
                           24    -0.711969422   1.0000000
                           25    -0.711866798   1.0000000
                           26    -0.630984135   1.0000000
                           27    -0.630828981   1.0000000
                           28    -0.630558448   1.0000000
                           29    -0.619408435   1.0000000
                           30    -0.619281387   1.0000000
                           31    -0.619210924   1.0000000
                           32    -0.604265147   1.0000000
                           33    -0.604012300   1.0000000
                        .......   --- gap ---   .........
                           34    -0.321429746   0.0000000
                           35    -0.262276325   0.0000000
                           36    -0.262182442   0.0000000
                           37    -0.262126405   0.0000000
                           38    -0.222149279   0.0000000
                           39    -0.222079668   0.0000000
                           40    -0.170443149   0.0000000
                           41    -0.170267609   0.0000000
                           42    -0.170155992   0.0000000
                           43    -0.169796488   0.0000000
                        .......   ...........   .........
                           49    -0.084110081   0.0000000

================================================================================

============== Orbital energy and occupancy information for spin 2 =============

      Total number of orbitals:      49
   Number of occupied orbitals:      28.000000000
   Occupancy sum (eigenvalues):      28.000000000
                 HOMO-LUMO gap:       0.090456281 Eh
                 Mid-gap level:      -0.576857012 Eh

                        Orbital | Energy (Eh) | Occupancy
                            1    -3.724268433   1.0000000
                        .......   ...........   .........
                           19    -0.751102326   1.0000000
                           20    -0.736260301   1.0000000
                           21    -0.735865431   1.0000000
                           22    -0.735570102   1.0000000
                           23    -0.634119285   1.0000000
                           24    -0.633841121   1.0000000
                           25    -0.633640022   1.0000000
                           26    -0.622504600   1.0000000
                           27    -0.622355274   1.0000000
                           28    -0.622085152   1.0000000
                        .......   --- gap ---   .........
                           29    -0.531628872   0.0000000
                           30    -0.531577313   0.0000000
                           31    -0.531491277   0.0000000
                           32    -0.480663727   0.0000000
                           33    -0.480400674   0.0000000
                           34    -0.312421468   0.0000000
                           35    -0.257694713   0.0000000
                           36    -0.257631854   0.0000000
                           37    -0.257527278   0.0000000
                           38    -0.218376954   0.0000000
                        .......   ...........   .........
                           49    -0.070364677   0.0000000

================================================================================

===================== Writing canonical molecular orbitals =====================
    Spin 1
| Orbital  Energy (eV)  Norm     |
| HOMO-5  -17.15836844  1.000000 | Writing "Fe_H2O_6_HighSpin_HOMO-5_UP.cube" ... done
| HOMO-4  -16.85496115  1.000000 | Writing "Fe_H2O_6_HighSpin_HOMO-4_UP.cube" ... done
| HOMO-3  -16.85150399  1.000000 | Writing "Fe_H2O_6_HighSpin_HOMO-3_UP.cube" ... done
| HOMO-2  -16.84958661  1.000000 | Writing "Fe_H2O_6_HighSpin_HOMO-2_UP.cube" ... done
| HOMO-1  -16.44289132  1.000000 | Writing "Fe_H2O_6_HighSpin_HOMO-1_UP.cube" ... done
| HOMO    -16.43601100  1.000000 | Writing "Fe_H2O_6_HighSpin_HOMO_UP.cube" ... done
| LUMO     -8.74654845  1.000000 | Writing "Fe_H2O_6_HighSpin_LUMO_UP.cube" ... done
| LUMO+1   -7.13690197  1.000000 | Writing "Fe_H2O_6_HighSpin_LUMO+1_UP.cube" ... done
| LUMO+2   -7.13434727  1.000000 | Writing "Fe_H2O_6_HighSpin_LUMO+2_UP.cube" ... done
| LUMO+3   -7.13282241  1.000000 | Writing "Fe_H2O_6_HighSpin_LUMO+3_UP.cube" ... done
| LUMO+4   -6.04498947  1.000000 | Writing "Fe_H2O_6_HighSpin_LUMO+4_UP.cube" ... done
| LUMO+5   -6.04309525  1.000000 | Writing "Fe_H2O_6_HighSpin_LUMO+5_UP.cube" ... done
================================================================================

===================== Writing canonical molecular orbitals =====================
    Spin 2
| Orbital  Energy (eV)  Norm     |
| HOMO-5  -17.25526374  1.000000 | Writing "Fe_H2O_6_HighSpin_HOMO-5_DN.cube" ... done
| HOMO-4  -17.24769453  1.000000 | Writing "Fe_H2O_6_HighSpin_HOMO-4_DN.cube" ... done
| HOMO-3  -17.24222234  1.000000 | Writing "Fe_H2O_6_HighSpin_HOMO-3_DN.cube" ... done
| HOMO-2  -16.93921210  1.000000 | Writing "Fe_H2O_6_HighSpin_HOMO-2_DN.cube" ... done
| HOMO-1  -16.93514872  1.000000 | Writing "Fe_H2O_6_HighSpin_HOMO-1_DN.cube" ... done
| HOMO    -16.92779834  1.000000 | Writing "Fe_H2O_6_HighSpin_HOMO_DN.cube" ... done
| LUMO    -14.46635770  1.000000 | Writing "Fe_H2O_6_HighSpin_LUMO_DN.cube" ... done
| LUMO+1  -14.46495472  1.000000 | Writing "Fe_H2O_6_HighSpin_LUMO+1_DN.cube" ... done
| LUMO+2  -14.46261356  1.000000 | Writing "Fe_H2O_6_HighSpin_LUMO+2_DN.cube" ... done
| LUMO+3  -13.07952554  1.000000 | Writing "Fe_H2O_6_HighSpin_LUMO+3_DN.cube" ... done
| LUMO+4  -13.07236751  1.000000 | Writing "Fe_H2O_6_HighSpin_LUMO+4_DN.cube" ... done
| LUMO+5   -8.50142073  1.000000 | Writing "Fe_H2O_6_HighSpin_LUMO+5_DN.cube" ... done
================================================================================
 
=============== Density of States (DOS) calculation for UP spin ================
Writing "Fe_H2O_6_HighSpin_UP_DOS.txt" ... done
================================================================================
 
============== Density of States (DOS) calculation for DOWN spin ===============
Writing "Fe_H2O_6_HighSpin_DN_DOS.txt" ... done
================================================================================
 
Writing bands to file "Fe_H2O_6_HighSpin.val_bands" ... done

================================= Core Density =================================
               Core den box size:   39 x  39 x  39
================================================================================
 
********************* Unconstrained **********************
********************** Ewald forces **********************
*                                                        *
* Element  Atom         Cartesian components (Eh/a)      *
* ------------------------------------------------------ *
*                       x            y            z      *
*                                                        *
*    Fe      1     -0.00553619   0.00204920   0.00037884 *
*    O       2     -6.01032872  -0.89752203  -6.88730164 *
*    O       3      6.00405377   0.89145058   6.89168750 *
*    O       4      2.85390668   7.98111345  -3.51472144 *
*    O       5     -2.84439731  -7.98917719   3.50568050 *
*    O       6     -6.32330429   4.46798054   4.95617331 *
*    O       7      6.32889191  -4.46564130  -4.95440452 *
*    H       8     -1.02517204   2.68265143   0.53117114 *
*    H       9     -0.44761230   1.82558203  -2.23454058 *
*    H      10     -2.74456370   0.64875463  -0.75707368 *
*    H      11     -1.90476122  -2.16231099  -0.46743324 *
*    H      12      0.26446541   1.09939263   2.69241366 *
*    H      13      2.15207332   0.44069358  -1.92538297 *
*    H      14      0.44741604  -1.82397974   2.23605133 *
*    H      15     -2.14524521  -0.43751540   1.93349716 *
*    H      16     -0.26064105  -1.09032381  -2.69647713 *
*    H      17      1.01865854  -2.68329565  -0.54150824 *
*    H      18      1.89983151   2.16548419   0.47230440 *
*    H      19      2.74226485  -0.65538616   0.75948559 *
*                                                        *
**********************************************************
TOTAL:             -0.00000000  -0.00000000   0.00000000
 
********************* Unconstrained **********************
***************** Local potential forces *****************
*                                                        *
* Element  Atom         Cartesian components (Eh/a)      *
* ------------------------------------------------------ *
*                       x            y            z      *
*                                                        *
*    Fe      1      0.00554747  -0.00208908  -0.00035264 *
*    O       2      6.44345445   0.95915062   7.38690034 *
*    O       3     -6.43821450  -0.95474090  -7.39037484 *
*    O       4     -3.06778452  -8.55594775   3.77080185 *
*    O       5      3.06130003   8.56142248  -3.76485112 *
*    O       6      6.78244048  -4.79217279  -5.30869144 *
*    O       7     -6.78746176   4.78930928   5.30787691 *
*    H       8      1.02007965  -2.65068754  -0.53111447 *
*    H       9      0.43673992  -1.81166734   2.20783681 *
*    H      10      2.71419966  -0.63793213   0.75668027 *
*    H      11      1.88192276   2.14354506   0.45537071 *
*    H      12     -0.26994384  -1.08497265  -2.66425976 *
*    H      13     -2.13092518  -0.42755835   1.90541038 *
*    H      14     -0.43652471   1.81002762  -2.20930337 *
*    H      15      2.12417092   0.42440363  -1.91342012 *
*    H      16      0.26614408   1.07602823   2.66827347 *
*    H      17     -1.01363735   2.65129251   0.54131586 *
*    H      18     -1.87702341  -2.14669637  -0.46017814 *
*    H      19     -2.71194584   0.64451196  -0.75905711 *
*                                                        *
**********************************************************
TOTAL:              0.00253833  -0.00477351  -0.00113643
 
********************* Unconstrained **********************
************** Compensation density forces ***************
*                                                        *
* Element  Atom         Cartesian components (Eh/a)      *
* ------------------------------------------------------ *
*                       x            y            z      *
*                                                        *
*    Fe      1     -0.00001364   0.00002894  -0.00001838 *
*    O       2     -0.06757359  -0.00959345  -0.07796690 *
*    O       3      0.06773718   0.00986032   0.07781974 *
*    O       4      0.03340798   0.08966550  -0.03999274 *
*    O       5     -0.03389593  -0.08924740   0.04048259 *
*    O       6     -0.07169087   0.05058175   0.05502443 *
*    O       7      0.07160069  -0.05050843  -0.05517716 *
*    H       8     -0.00189017   0.01186068  -0.00001014 *
*    H       9     -0.00380021   0.00484777  -0.00946746 *
*    H      10     -0.01089093   0.00387368  -0.00017396 *
*    H      11     -0.00804543  -0.00658341  -0.00419492 *
*    H      12     -0.00194246   0.00506021   0.01002276 *
*    H      13      0.00745629   0.00461035  -0.00697404 *
*    H      14      0.00381035  -0.00484849   0.00947249 *
*    H      15     -0.00744080  -0.00459561   0.00702121 *
*    H      16      0.00194398  -0.00498497  -0.01004580 *
*    H      17      0.00184690  -0.01188520  -0.00004596 *
*    H      18      0.00804201   0.00660816   0.00422979 *
*    H      19      0.01085412  -0.00385834   0.00018371 *
*                                                        *
**********************************************************
TOTAL:             -0.00048453   0.00089205   0.00018925
 
********************* Unconstrained **********************
*************** Non-local potential forces ***************
*                                                        *
* Element  Atom         Cartesian components (Eh/a)      *
* ------------------------------------------------------ *
*                       x            y            z      *
*                                                        *
*    Fe      1     -0.00003215   0.00007964   0.00003076 *
*    O       2     -0.36336627  -0.05164150  -0.41921211 *
*    O       3      0.36422564   0.05305087   0.41840619 *
*    O       4      0.17953260   0.48233049  -0.21494105 *
*    O       5     -0.18208308  -0.48006713   0.21753033 *
*    O       6     -0.38557660   0.27167707   0.29599908 *
*    O       7      0.38506666  -0.27123658  -0.29679531 *
*    H       8      0.00549257  -0.03455915   0.00003217 *
*    H       9      0.01156543  -0.01480406   0.02853851 *
*    H      10      0.03250999  -0.01160229   0.00033050 *
*    H      11      0.02442216   0.01994650   0.01289258 *
*    H      12      0.00587801  -0.01539632  -0.03008882 *
*    H      13     -0.02256002  -0.01406277   0.02127558 *
*    H      14     -0.01157297   0.01478192  -0.02856431 *
*    H      15      0.02248461   0.01401471  -0.02140931 *
*    H      16     -0.00592537   0.01522702   0.03014986 *
*    H      17     -0.00537716   0.03459521   0.00013216 *
*    H      18     -0.02436295  -0.02000743  -0.01297946 *
*    H      19     -0.03244885   0.01165326  -0.00035809 *
*                                                        *
**********************************************************
TOTAL:             -0.00212774   0.00397946   0.00096927
 
********************* Unconstrained **********************
************ NGWF non self-consistent forces *************
*                                                        *
* Element  Atom         Cartesian components (Eh/a)      *
* ------------------------------------------------------ *
*                       x            y            z      *
*                                                        *
*    Fe      1      0.00004617  -0.00006550  -0.00000693 *
*    O       2      0.00136274   0.00017621   0.00160890 *
*    O       3     -0.00134436  -0.00019652  -0.00160859 *
*    O       4     -0.00064697  -0.00186032   0.00080323 *
*    O       5      0.00063317   0.00185515  -0.00080069 *
*    O       6      0.00145912  -0.00096877  -0.00110085 *
*    O       7     -0.00146142   0.00099046   0.00110740 *
*    H       8      0.00003432   0.00003707  -0.00002233 *
*    H       9     -0.00003003  -0.00001258  -0.00001599 *
*    H      10     -0.00001925   0.00001803   0.00004404 *
*    H      11     -0.00002297   0.00001673  -0.00003926 *
*    H      12     -0.00003493   0.00001870   0.00000158 *
*    H      13     -0.00000328   0.00004288  -0.00001239 *
*    H      14      0.00002831   0.00001482   0.00001695 *
*    H      15      0.00000483  -0.00004088   0.00001137 *
*    H      16      0.00003853  -0.00002407  -0.00000133 *
*    H      17     -0.00003455  -0.00003706   0.00002360 *
*    H      18      0.00001823  -0.00001771   0.00003808 *
*    H      19      0.00002323  -0.00002452  -0.00004349 *
*                                                        *
**********************************************************
TOTAL:              0.00005089  -0.00007788   0.00000329
 
********************* Unconstrained **********************
********************** NLCC forces ***********************
*                                                        *
* Element  Atom         Cartesian components (Eh/a)      *
* ------------------------------------------------------ *
*                       x            y            z      *
*                                                        *
*    Fe      1     -0.00000000   0.00000000  -0.00000000 *
*    O       2     -0.00000032  -0.00000007  -0.00000037 *
*    O       3      0.00000031   0.00000006   0.00000037 *
*    O       4      0.00000015   0.00000049  -0.00000016 *
*    O       5     -0.00000014  -0.00000051   0.00000015 *
*    O       6     -0.00000034   0.00000021   0.00000029 *
*    O       7      0.00000035  -0.00000021  -0.00000029 *
*    H       8      0.00000000   0.00000000   0.00000000 *
*    H       9      0.00000000   0.00000000   0.00000000 *
*    H      10      0.00000000   0.00000000   0.00000000 *
*    H      11      0.00000000   0.00000000   0.00000000 *
*    H      12      0.00000000   0.00000000   0.00000000 *
*    H      13      0.00000000   0.00000000   0.00000000 *
*    H      14      0.00000000   0.00000000   0.00000000 *
*    H      15      0.00000000   0.00000000   0.00000000 *
*    H      16      0.00000000   0.00000000   0.00000000 *
*    H      17      0.00000000   0.00000000   0.00000000 *
*    H      18      0.00000000   0.00000000   0.00000000 *
*    H      19      0.00000000   0.00000000   0.00000000 *
*                                                        *
**********************************************************
TOTAL:              0.00000002  -0.00000002  -0.00000000
 
********************* Unconstrained **********************
****** Correction to ensure the total force is zero ******
*                                                        *
* Element  Atom         Cartesian components (Eh/a)      *
* ------------------------------------------------------ *
*                       x            y            z      *
*                                                        *
*    Fe      1      0.00000121  -0.00000106  -0.00000134 *
*    O       2      0.00000121  -0.00000106  -0.00000134 *
*    O       3      0.00000121  -0.00000106  -0.00000134 *
*    O       4      0.00000121  -0.00000106  -0.00000134 *
*    O       5      0.00000121  -0.00000106  -0.00000134 *
*    O       6      0.00000121  -0.00000106  -0.00000134 *
*    O       7      0.00000121  -0.00000106  -0.00000134 *
*    H       8      0.00000121  -0.00000106  -0.00000134 *
*    H       9      0.00000121  -0.00000106  -0.00000134 *
*    H      10      0.00000121  -0.00000106  -0.00000134 *
*    H      11      0.00000121  -0.00000106  -0.00000134 *
*    H      12      0.00000121  -0.00000106  -0.00000134 *
*    H      13      0.00000121  -0.00000106  -0.00000134 *
*    H      14      0.00000121  -0.00000106  -0.00000134 *
*    H      15      0.00000121  -0.00000106  -0.00000134 *
*    H      16      0.00000121  -0.00000106  -0.00000134 *
*    H      17      0.00000121  -0.00000106  -0.00000134 *
*    H      18      0.00000121  -0.00000106  -0.00000134 *
*    H      19      0.00000121  -0.00000106  -0.00000134 *
*                                                        *
**********************************************************
TOTAL:              0.00002303  -0.00002011  -0.00002538

********************* Unconstrained **********************
************************* Forces *************************
*                                                        *
* Element  Atom         Cartesian components (Eh/a)      *
* ------------------------------------------------------ *
*                       x            y            z      *
*                                                        *
*    Fe      1      0.00001287   0.00000215   0.00003032 *
*    O       2      0.00354951   0.00056872   0.00402688 *
*    O       3     -0.00354075  -0.00057665  -0.00407096 *
*    O       4     -0.00158286  -0.00469919   0.00194836 *
*    O       5      0.00155796   0.00478434  -0.00195958 *
*    O       6      0.00332871  -0.00290305  -0.00259650 *
*    O       7     -0.00336235   0.00291216   0.00260569 *
*    H       8     -0.00145445   0.00930144   0.00005503 *
*    H       9     -0.00313597   0.00394477  -0.00765005 *
*    H      10     -0.00876303   0.00311087  -0.00019417 *
*    H      11     -0.00648349  -0.00538717  -0.00340547 *
*    H      12     -0.00157659   0.00410151   0.00808809 *
*    H      13      0.00604234   0.00372463  -0.00568477 *
*    H      14      0.00315824  -0.00400493   0.00767176 *
*    H      15     -0.00602444  -0.00373462   0.00569898 *
*    H      16      0.00156140  -0.00407865  -0.00810227 *
*    H      17      0.00145760  -0.00933125  -0.00008393 *
*    H      18      0.00650660   0.00536979   0.00341333 *
*    H      19      0.00874872  -0.00310487   0.00020927 *
*                                                        *
**********************************************************
* TOTAL:            0.00000000   0.00000000   0.00000000 *
**********************************************************
 
 
***********************************************************
********** Summary of Forces (values in Eh/a) *************
*                                                         *
* ---------------------- Minimum ------------------------ *
* Atom:         1, |F|min =    0.00003301                 *
* Components:     Fx|min       Fy|min       Fz|min        *
*               0.00001287   0.00000215   0.00003032      *
*                                                         *
* ---------------------- Maximum ------------------------ *
* Atom:        17, |F|max =    0.00944478                 *
* Components:     Fx|max       Fy|max       Fz|max        *
*               0.00145760  -0.00933125  -0.00008393      *
*                                                         *
* ---------------- Root Mean Square Force --------------- *
*                  |F|rms =    0.00790951                 *
* Components:     Fx|rms       Fy|rms       Fz|rms        *
*               0.00454181   0.00462361   0.00453370      *
***********************************************************
 

------------------------------ TIMING INFORMATION ------------------------------
AVERAGE TIME:    1295.848s on      6 proc(s)                                    
TOTAL TIME:      1295.848s on      6 proc(s)                                    
==================== AVERAGE TIMINGS FROM ALL PROCS (CUMULATIVE) =====================
|| TAG                                         #calls     cpu time   %total  Gflops ||
|| onetep.F90 main loop imbalance             :     1        0.00s   0.000%  ------ ||
|| hash_table_free                            :    27        0.00s   0.000%  ------ ||
|| sparse_spam3toblacs_real_fast_imbal        :     6        0.00s   0.000%  ------ ||
|| sparse_spam3toblacs_real_fast_B2           :    36        0.00s   0.000%  ------ ||
|| sparse_blacstospam3_real_fast_imbal        :    24        0.00s   0.000%  ------ ||
|| ewald_calculate_forces_realspace           :     1        0.00s   0.000%  ------ ||
|| density_fftbox_interp_mult_imbal           :  3796        0.00s   0.000%  ------ ||
|| sparse_spam3toblacs_real_fast_B1           :    36        0.00s   0.000%  ------ ||
|| sparse_spam3toblacs_real_fast              :     6        0.00s   0.000%  ------ ||
|| onetep.F90 final imbalance                 :     1        0.00s   0.000%  ------ ||
|| sparse_set_to_garbage                      :   237        0.00s   0.000%  ------ ||
|| ewald_calculate_energy                     :     1        0.00s   0.000%  ------ ||
|| sw_bessel_init_cpu                         :     1        0.01s   0.001%  ------ || (1 procs only)
|| ewald_calculate_forces_recipspace          :     1        0.00s   0.000%  ------ ||
|| ewald_calculate_forces                     :     1        0.00s   0.000%  ------ ||
|| sparse_blacstospam3_real_fast              :    24        0.00s   0.000%  ------ ||
|| paw_dij_hartree                            :   158        0.01s   0.001%  ------ ||
|| sparse_embed_array_hotelling_invert        :    27        0.03s   0.002%  ------ ||
|| basis_extract_function_from_box            :   457        0.03s   0.002%  ------ ||
|| restart_kernel_write                       :    15        0.03s   0.003%  ------ ||
|| sparse_init                                :     1        0.04s   0.003%  ------ ||
|| linalg_dgemv                               :    65        0.04s   0.003%  ------ ||
|| augmentation_density_forces                :     1        0.05s   0.004%  ------ ||
|| palser_mano_kernel_optimise_spam3_embed    :     2        0.06s   0.004%  ------ ||
|| pseudo_make_structure_factor               :     1        0.07s   0.005%  ------ ||
|| sw_init                                    :   297        0.07s   0.006%  ------ ||
|| ngwfs_initialise_from_radial               :     1        0.09s   0.007%  ------ ||
|| paw_tcore_density                          :     1        0.11s   0.008%  ------ ||
|| dense_eigensolve                           :     2        0.12s   0.009%  ------ ||
|| integrals_grad_spam3                       :     1        0.19s   0.014%  ------ ||
|| nonsc_forces_ngwfs_calc                    :     1        0.19s   0.014%  ------ ||
|| lnv_gradient_norm                          :    70        0.22s   0.017%  ------ ||
|| paw_sphere_density_on_grid                 :     1        0.25s   0.019%  ------ ||
|| paw_tcore_hartree_on_grid                  :     1        0.25s   0.019%  ------ ||
|| kernel_purify                              :   223        0.26s   0.020%  ------ ||
|| kernel_fix                                 :    70        0.28s   0.022%  ------ ||
|| function_ops_brappd_ketppd_spam3           :    27        0.28s   0.022%  ------ ||
|| paw_tcore_hartree_calc_forces              :     1        0.31s   0.024%  ------ ||
|| sparse_trace                               :  5480        0.49s   0.038%  ------ ||
|| projectors_func_grad_ovlp_box_spam3        :     3        1.16s   0.089%  ------ ||
|| paw_dataset_init                           :     3        1.26s   0.097%  ------ ||
|| aug_nl_calculate_forces                    :     1        1.28s   0.098%  ------ ||
|| restart_ngwfs_tightbox_output              :    13        1.32s   0.102%  ------ ||
|| paw_species_calc_proj_prec_mat             :     1        1.56s   0.120%  ------ ||
|| ngwf_gradient_coeffs                       :    14        1.57s   0.121%  ------ ||
|| fourier_apply_box_pair                     :   583        1.95s   0.150% 132.267 ||
|| basis_copy_function_to_box                 :  4189        2.10s   0.162%  ------ ||
|| basis_dot_function_with_box                : 98890        2.30s   0.178%  ------ ||
|| paw_nlcc_calculate_forces                  :     1        2.45s   0.189%  ------ ||
|| integrals_kinetic_spam3                    :    27        2.65s   0.204%  ------ ||
|| sparse_product                             :  8015        3.28s   0.253%  ------ ||
|| eigenstates_calculate                      :     1        3.52s   0.271%  ------ ||
|| cell_grid_extract_box_real                 :  3790        3.70s   0.285%  ------ ||
|| basis_add_function_to_box                  : 161.7k       4.18s   0.322%  ------ ||
|| density_batch_row_sums                     :   292        5.64s   0.435%  ------ ||
|| augmentation_screen_dij_spam3              :   150        6.21s   0.479%  ------ ||
|| density_fftbox_deposit_to_cell             :  3796        7.32s   0.565%  ------ ||
|| energy_and_force_init_cell                 :     1        7.72s   0.595%  ------ ||
|| cell_grid_deposit_box_real                 :  5304        8.59s   0.663%  ------ ||
|| projectors_func_ovlp_box_spam3             :    27        9.34s   0.720%  ------ ||
|| forces_calculate                           :     1       11.42s   0.882%  ------ ||
|| projectors_init_fftbox_recip               :    87       12.65s   0.976%  ------ ||
|| density_init_guess_real                    :     2       12.86s   0.992%  ------ ||
|| aug_nonlocal_mat_spam3_embed_array         :   143       15.38s   1.187%  ------ ||
|| paw_dij_xc                                 :   158       16.78s   1.295%  ------ ||
|| fourier_filter                             :   930       20.33s   1.569%  ------ ||
|| aug_density_on_grid_spam3                  :   146       24.20s   1.867%  ------ ||
|| integrals_locpot_mat_els_batch             :   156       26.24s   2.025%  ------ ||
|| fourier_filter_cell                        :   184       28.25s   2.180%  22.348 ||
|| hamiltonian_energy_components              :     3       29.69s   2.291%  ------ ||
|| fourier_interpolate                        :   930       32.10s   2.477%  ------ ||
|| hartree_on_grid_single                     :   145       38.54s   2.974%  ------ ||
|| fourier_interpolate_cell                   :   292       44.09s   3.403%  22.719 ||
|| fourier_interpolate_product                :  2384       70.49s   5.440%  ------ ||
|| projectors_gradient_batch                  :    28       71.12s   5.488%  ------ ||
|| properties_calculate                       :     1       74.04s   5.713%  ------ ||
|| projectors_grad_precond_batch              :    28       75.87s   5.855%  ------ ||
|| density_fftbox_interpolate_multiply        :  3796       77.01s   5.943%  ------ ||
|| fourier_apply_box                          : 15082       79.43s   6.129% 253.256 ||
|| potential_apply_to_ngwf_batch              :   156      106.98s   8.255%  ------ ||
|| integrals_locpot_dbl_grid                  :   156      133.26s  10.284%  ------ ||
|| fourier_apply_cell_forward                 :  1306      152.35s  11.757%  26.477 ||
|| fourier_apply_cell_backward                :  1306      166.63s  12.859%  24.208 ||
|| density_batch_interp_deposit               :   292      174.10s  13.435%  ------ ||
|| ngwf_gradient_build_batch                  :    28      180.96s  13.965%  ------ ||
|| density_on_dbl_grid                        :   292      183.78s  14.182%  ------ ||
|| ngwf_gradient_batch                        :    28      223.81s  17.271%  ------ ||
|| ngwf_gradient_lnv                          :    14      231.86s  17.892%  ------ ||
|| xc_energy_potential                        :   145      349.60s  26.978%  ------ ||
|| hamiltonian_lhxc_calculate                 :   140      716.37s  55.282%  ------ ||
|| lnv_denskernel_optimise_cg                 :    14      800.95s  61.809%  ------ ||
|| ngwf_cg_optimise                           :     1     1177.75s  90.887%  ------ ||
|| energy_and_forces                          :     1     1287.68s  99.370%  ------ ||
|| total_time                                 :     1     1295.85s 100.000%  ------ ||
======================================================================================
Overhead of generating timer report: 
- 0 ms averaging over threads,
- 0 ms ensuring consistency across MPI ranks,
- 0 ms printing in order.

Job completed: 24-10-2025 11:24 (+0100)

onetep_launcher: ONETEP seems to have finished correctly (zero exit code).
                 Brought to you by PID 191525 on nid006729.
