==================================================================================
It's Fri 24 Oct 2025 11:02:44 AM BST.
*** Starting onetep_launcher (node nid006230, PIDs 221916 221917 221918 221919 221920 221921)...
    - ONETEP arguments: Fe_H2O_6_HighSpin_NGWFSP.dat
    - Current directory: /mnt/lustre/a2fs-work3/work/e89/e89/phsmea/onetep_ali_PBE/Fe_H2O_6/HS/sp
    - Launcher executable directory: /mnt/lustre/a2fs-work3/work/e89/e89/phsmea/onetep_ali
    - (-e) ONETEP executable specified through command-line: /work/e89/e89/phsmea/onetep.archer2_2024_cray_2
      ... trying /work/e89/e89/phsmea/onetep.archer2_2024_cray_2
          -> looks OK
*** Setting up environment...
    - (-s) Process stack size: unlimited
    - (-t) OMP_NUM_THREADS: 8
    - (-o) OMP_STACKSIZE: 64M
    - (-c) Maximum core file size: 2048000
    - (-d) decfort_dump_flag: n
    - (-m) I_MPI_OFA_TRANSLATION_CACHE: 0
    - (-m) I_MPI_DAPL_TRANSLATION_CACHE: 0
    - (-m) I_MPI_DAPL_UD_TRANSLATION_CACHE: 0
*** Starting ONETEP...
    - /work/e89/e89/phsmea/onetep.archer2_2024_cray_2 Fe_H2O_6_HighSpin_NGWFSP.dat
=================================================================================
_________________________________________________________________________________
 +---------------------------------------------------------------+
 |                                                               |
 |        ####### #     # ####### ####### ####### ######         |
 |        #     # ##    # #          #    #       #     #        |
 |        #     # # #   # #          #    #       #     #        |
 |        #     # #  #  # #####      #    #####   ######         |
 |        #     # #   # # #          #    #       #              |
 |        #     # #    ## #          #    #       #              |
 |        ####### #     # #######    #    ####### #              |
 |                                                               |
 |        Linear-Scaling Ab Initio Total Energy Program          |
 |                                                               |
 |          Release for academic collaborators of ODG            |
 |                                             Version 7.3.0     |
 | Remote: git@github.com:Miesaz/onetep_mea.git                  |
 | Local branch: master                                          |
 | Commit ID: 4af45e89288c8df5499704252eec3e032ee3d0c8           |
 | Date: Tue Aug 6 11:28:44 2024 +0100                           |
 | Locally modified files:                                       |
 |   src/hubbard_build_mod.F90                                   |
 |   src/services_mod.F90                                        |
 |                                                               |
 +---------------------------------------------------------------+
 |                                                               |
 |  Authors:                                                     |
 |  Jacek Dziedzic, Peter D. Haynes, Nicholas D. M. Hine,        |
 |  Arash A. Mostofi, Mike C. Payne and Chris-Kriton Skylaris    |
 |                                                               |
 |  Contributors:                                                |
 |  J. Aarons, L. Andrinopoulos, P. W. Avraam, R. A. Bell,       |
 |  A. Bhandari, G. A. Bramley, R. J. Charlton, S. J. Clark,     |
 |  R. J. Clements, G. C. Constantinescu, F. Corsetti,           |
 |  N. Corsini, O. Dieguez, S. M. M. Dubois, K. K. B. Duff,      |
 |  J. M. Escartin, M. Escobar Azor, A. Greco,                   |
 |  H. Helal, Q. O. Hill, L. P. Lee, J.-H. Li,                   |
 |  T. Li, E. B. Linscott, G. Moynihan, D. D. O`Regan,           |
 |  O. K. Okan, E. Parkinson, M. J. S. Phipps,                   |
 |  C. J. Pickard, J. C. A. Prentice, M. I. J. Probert,          |
 |  L. E. Ratcliff, M. Robinson, A. Ruiz Serrano,                |
 |  M. dos Santos Dias, J. S. Spencer, E. W. Tait,               |
 |  G. Teobaldi, D. Turban, V. Vitale, K. A. Wilkinson,          |
 |  C. Weber, J. C. Womack, Chengcheng Xiao, N. Yeung,           |
 |  and T. J. Zuehlsdorff.                                       |
 |                                                               |
 |                                   Copyright (c) 2004-2025     |
 |                                                               |
 |  Please cite:                                                 |
 |  "The ONETEP linear-scaling density functional theory program"|
 |   J. Chem. Phys. 152(17) 174111 (2020)                        |
 |                                                               |
 |          in all publications arising from your use of ONETEP. |
 |                                                               |
 +---------------------------------------------------------------+
 |                                                               |
 |   ONETEP is based on developments described in the following  |
 |   publications:                                               |
 |                                                               |
 |  "Nonorthogonal generalized Wannier function pseudopotential  |
 |   plane-wave method".                                         |
 |   C.-K. Skylaris, A. A. Mostofi, P. D. Haynes, O. Dieguez,    |
 |   M. C. Payne.                                                |
 |   Phys. Rev. B 66 035119 (2002).                              |
 |                                                               |
 |  "Preconditioned iterative minimization for linear-scaling    |
 |   electronic structure calculations".                         |
 |   A. A. Mostofi, P. D. Haynes, C.-K. Skylaris, M. C. Payne.   |
 |   J. Chem. Phys. 119(17), pp.8842-8848 (2003).                |
 |                                                               |
 |  "Total-energy calculations on a real space grid with         |
 |   localized functions and a plane-wave basis".                |
 |   A. A. Mostofi, C.-K. Skylaris, P. D. Haynes, M. C. Payne.   |
 |   Comput. Phys. Commun. 147, pp.788-802 (2002).               |
 |                                                               |
 |  "Accurate kinetic energy evaluation in electronic structure  |
 |   calculations with localized functions on real space grids"  |
 |   C.-K. Skylaris, A. A. Mostofi, P. D. Haynes, C. J. Pickard, |
 |   M. C. Payne.                                                |
 |   Comput. Phys. Commun. 140, pp.315-322 (2001).               |
 |                                                               |
 |  "Accurate ionic forces and geometry optimization in linear-  |
 |   scaling density-functional theory with local orbitals"      |
 |   N. D. M. Hine, M. Robinson, P. D. Haynes, C.-K. Skylaris,   |
 |   M. C. Payne, and A. A. Mostofi.                             |
 |   Phys. Rev. B 83 195102 (2011).                              |
 |                                                               |
 +---------------------------------------------------------------+

Job started: 24-10-2025 11:03 (+0100)
 
Reading parameters from file "Fe_H2O_6_HighSpin_NGWFSP.dat" ...... done

If your calculation crashes here, before "Checking processes and threads..."
is displayed, then your stack size is insufficient.
If so, use "ulimit -s unlimited" at runtime.
You can disable this check with "check_stack_size F".

Checking processes and threads...
   Determining the default number of threads...
      No default threads set at compilation time: defaulting to 1.
      OpenMP library call suggests 8 threads.
      Hybrid MPI-OpenMP compilation detected.
      Number of MPI processes > 1.
      OMP_NUM_THREADS environment variable present and
      its value matches the one obtained from the OpenMP library call.
      Using this value as default.
      Default threads: 8
      Default applies to threads_max and threads_num_fftboxes.
      Settings in the input file override this default.
   ... done

   Running with 6 MPI processes.
   There are 6 MPI processes running on the same node as the root process.
   Each MPI process is using: 
               1 threads for simulation cell FFTs.
               1 threads for threaded FFT box operations.
               8 threads for loops over batched FFT box operations.
               8 threads in other parallel regions.
   MPI Interface: S1 (use mpi_f08) (-DMPI -DUSE_MPI_F08).
   MPI_ASYNC_PROTECTS_NONBLOCKING: Yes. MPI_SUBARRAYS_SUPPORTED: Yes.
   FFTW Interface: OMP-capable and MODERN. (-DUSE_MODERN_FFTW specified).
   GPU Interface: None.
   GPU FFT Backend: None.
... done

Basic input checks...... done

Reading geometry and species blocks from file "Fe_H2O_6_HighSpin_NGWFSP.dat" ...   
  Number of PPD points along a3 set to 1.  This is 
  the default value, it may have been provided also in the input file.
... done


--------------------------------------------------------------------------------
---------------------------------- INPUT FILE ----------------------------------
--------------------------------------------------------------------------------

charge : 3                                                                      
cutoff_energy : 800 eV                                                          
do_properties : T                                                               
edft : F                                                                        
fine_grid_scale : 4                                                             
forces_output_detail : VERBOSE                                                  
output_detail : VERBOSE                                                         
paw : T                                                                         
pseudo_path : ../../..                                                          
spin : 5                                                                        
task : SINGLEPOINT                                                              
write_denskern : T                                                              
write_forces : T                                                                
write_tightbox_ngwfs : T                                                        
xc_functional : pbe                                                             
ngwfs_spin_polarized : T                                                        
%BLOCK LATTICE_CART                                                             
ang                                                                             
24.26273295       0.00000000       0.00000000                                   
0.00000000      24.37834389       0.00000000                                    
0.00000000       0.00000000      24.49207180                                    
%ENDBLOCK LATTICE_CART                                                          
%BLOCK POSITIONS_ABS                                                            
ang                                                                             
Fe    12.250834    12.347183    12.383732                                       
O    10.917918    12.146968    10.856178                                        
O    13.583304    12.546579    13.912161                                        
O    12.887136    14.120729    11.605769                                        
O    11.615952    10.572827    13.160958                                        
O    10.850840    13.339989    13.478875                                        
O    13.651816    11.355466    11.289061                                        
H    10.696459    14.301039    13.481892                                        
H    12.560868    14.548886    10.794767                                        
H    10.000000    12.470494    10.843615                                        
H    10.918955    10.000000    12.795645                                        
H    13.422087    12.984112    14.766573                                        
H    14.297832    11.752416    10.678656                                        
H    11.941917    10.145878    13.972648                                        
H    10.207412    12.944405    14.092914                                        
H    11.081036    11.713610    10.000000                                        
H    13.803190    10.393971    11.281531                                        
H    13.581663    14.695076    11.973417                                        
H    14.500246    12.220359    13.925451                                        
%ENDBLOCK POSITIONS_ABS                                                         
%BLOCK SPECIES                                                                  
Fe Fe 26 -1 10.0                                                                
H H 1 -1 10.0                                                                   
O O 8 -1 10.0                                                                   
%ENDBLOCK SPECIES                                                               
%BLOCK SPECIES_ATOMIC_SET                                                       
Fe "SOLVE INIT SPIN=5"                                                          
H  "SOLVE"                                                                      
O  "SOLVE"                                                                      
%ENDBLOCK SPECIES_ATOMIC_SET                                                    
%BLOCK SPECIES_POT                                                              
Fe Fe.PBE-paw.abinit                                                            
H H.PBE-paw.abinit                                                              
O O.PBE-paw.abinit                                                              
%ENDBLOCK SPECIES_POT                                                           

--------------------------------------------------------------------------------
-------------------------------- END INPUT FILE --------------------------------
--------------------------------------------------------------------------------


 
 ESDF WARNING(1): "charge" (esdf_physical) has no units. Assume "e".
<<<<<<<<<<<<<<<<<<<<<<<<<<<<<<<<< Full system >>>>>>>>>>>>>>>>>>>>>>>>>>>>>>>>>>
<<<<<<<<<<<<<<<<<<<<<<<<<<< PAW Dataset information >>>>>>>>>>>>>>>>>>>>>>>>>>>
File: Fe.PBE-paw.abinit; rc = 2.12 bohr; shape type =  2; rshape = 1.81 bohr;
  Atomic number: 26;  ionic charge: 16.000000
    Partial Wave 1: l = 0
    Partial Wave 2: l = 0
    Partial Wave 3: l = 1
    Partial Wave 4: l = 1
    Partial Wave 5: l = 2
    Partial Wave 6: l = 2
  Core charge supplied for Nonlinear Core Corrections
File: O.PBE-paw.abinit; rc = 1.41 bohr; shape type =  2; rshape = 1.20 bohr;
  Atomic number:  8;  ionic charge:  6.000000
    Partial Wave 1: l = 0
    Partial Wave 2: l = 0
    Partial Wave 3: l = 1
    Partial Wave 4: l = 1
  Core charge supplied for Nonlinear Core Corrections
File: H.PBE-paw.abinit; rc = 0.90 bohr; shape type =  2; rshape = 0.80 bohr;
  Atomic number:  1;  ionic charge:  1.000000
    Partial Wave 1: l = 0
    Partial Wave 2: l = 0
    Partial Wave 3: l = 1
<<<<<<<<<<<<<<<<<<<<<<<<<<<<<<<<<<<<<<< >>>>>>>>>>>>>>>>>>>>>>>>>>>>>>>>>>>>>>>

-------------------------- Atom counting information ---------------------------
Symbol    Natoms    Nngwfs    Nprojs
  Fe         1        13        18
  O          6        24        48
  H         12        12        60
.......   ......    ......    ......
Totals:     19        49       126
--------------------------------------------------------------------------------

=============================== PSINC grid sizes ===============================
                      Simulation cell:   91 x  91 x  91
                              FFT-box:   91 x  91 x  91
                                  PPD:    7 x   7 x   1
Grid space d1=  0.503845280792a0 (KE cutoff=  29.92331Eh = 814.25466eV)
Grid space d2=  0.506246083152a0 (KE cutoff=  29.64017Eh = 806.54999eV)
Grid space d3=  0.508607782094a0 (KE cutoff=  29.36554Eh = 799.07702eV)
================================================================================

********************* Fourier parallelisation information **********************
       Coarse grid (whole simulation cell) dimensions:     91    91    91
          Real-space ('12') slabs/proc (min max mean):     15    16    15
         Recip-space ('23') slabs/proc (min max mean):      7     8     7
********************************************************************************

********************* Fourier parallelisation information **********************
       Double grid (whole simulation cell) dimensions:    182   182   182
          Real-space ('12') slabs/proc (min max mean):     30    31    30
         Recip-space ('23') slabs/proc (min max mean):     15    16    15
********************************************************************************

********************* Fourier parallelisation information **********************
         Fine grid (whole simulation cell) dimensions:    364   364   364
          Real-space ('12') slabs/proc (min max mean):     60    61    60
         Recip-space ('23') slabs/proc (min max mean):     30    31    30
********************************************************************************

Atom SCF Calculation for Fe : Z (AE atom) =  26 : Z (PS atom) =  16
Config String: 3s2.0 3p6.0 3d6.0 4s2.0 4p0.0 INIT SPIN=5
Orbitals (num,occ):  5     2.00 6.00 6.00 2.00 0.00
Orbitals   (num,l):  5        0    1    2    0    1
Real-space Grid (nr,dr,rmax): 1503    0.0066577896   10.0000000000
Spherical Bessel Basis (nsws,lmax,cutoff):   37    4  176.3967570603
Confining potential (l,width,scale):  0    3.0000000000  100.0000000000
Confining potential (l,width,scale):  1    3.0000000000  100.0000000000
Confining potential (l,width,scale):  2    3.0000000000  100.0000000000
  1       -111.4005172118  -52.5575611559   72.2164000725   -4.0901868950
  2       -116.6635475262  -20.5601904919   91.7007084249   -2.2962490369
  3       -121.6156136875  -23.2753453277   92.4544705195   -2.7706732816
  4       -123.0066153699  -21.4164712440   94.7136519632   -2.9394413820
  5       -123.8168122141  -22.6370400734   94.1384349420   -3.0798102909
  6       -123.9055073486  -21.7222843370   94.9342614757   -3.0846520419
  7       -124.0956886241  -22.4138747628   94.4617720360   -3.1224050559
  8       -124.0492758687  -21.8887017510   94.8692044073   -3.1096545890
  9       -124.1222324005  -22.2877514631   94.5777385101   -3.1254730624
 10       -124.0894611846  -22.0431086758   94.7620026738   -3.1177312036
 11       -124.1066906466  -22.1417456915   94.6895757605   -3.1215019185
 12       -124.1027421480  -22.1090398813   94.7144439268   -3.1205307857
 13       -124.1039552528  -22.1131641559   94.7116547863   -3.1207645739
 14       -124.1041718268  -22.1127261003   94.7121170471   -3.1207931979
 15       -124.1043563153  -22.1126782042   94.7122440208   -3.1208211382
 16       -124.1044853288  -22.1126702816   94.7123114748   -3.1208409484
 17       -124.1045734258  -22.1126674103   94.7123551926   -3.1208545095
 18       -124.1046334193  -22.1126657134   94.7123845864   -3.1208637603
 19       -124.1046742816  -22.1126645462   94.7124045128   -3.1208700757
 20       -124.1047021281  -22.1126636961   94.7124180731   -3.1208743926
 21       -124.1047211147  -22.1126630559   94.7124273290   -3.1208773473
 22       -124.1047340666  -22.1126625637   94.7124336643   -3.1208793718
 23       -124.1047429056  -22.1126621807   94.7124380116   -3.1208807606
 24       -124.1047489402  -22.1126618812   94.7124410017   -3.1208817142
 25       -124.1047530616  -22.1126616468   94.7124430628   -3.1208823696
 26       -124.1047558771  -22.1126614637   94.7124444863   -3.1208828204
 27       -124.1047578011  -22.1126613212   94.7124454714   -3.1208831306
 28       -124.1047591161  -22.1126612109   94.7124461541   -3.1208833444
 29       -124.1047600152  -22.1126611259   94.7124466281   -3.1208834917
 30       -124.1047606300  -22.1126610607   94.7124469575   -3.1208835933
 31       -124.1047610504  -22.1126610110   94.7124471869   -3.1208836634
 32       -124.1047613380  -22.1126609733   94.7124473467   -3.1208837118
 33       -124.1047615347  -22.1126609447   94.7124474583   -3.1208837453
 34       -124.1047616693  -22.1126609232   94.7124475361   -3.1208837684
 35       -124.1047617614  -22.1126609071   94.7124475906   -3.1208837843
Atom SCF converged after  35 iterations to a total energy of   -124.10476176
Adjusting orbital occupancies:
Orbitals (num,spin,occ):  5  1     1.00 3.00 5.00 1.00 0.50
Orbitals   (num,spin,l):  5  1        0    1    2    0    1
Orbitals (num,spin,occ):  5  2     1.00 3.00 1.50 0.00 0.00
Orbitals   (num,spin,l):  5  2        0    1    2    0    1

Atom SCF Calculation for H  : Z (AE atom) =   1 : Z (PS atom) =   1
Config String: 1s1.0
Orbitals (num,occ):  1     1.00
Orbitals   (num,l):  1        0
Real-space Grid (nr,dr,rmax): 1503    0.0066577896   10.0000000000
Spherical Bessel Basis (nsws,lmax,cutoff):   37    2  176.3967570603
Confining potential (l,width,scale):  0    3.0000000000  100.0000000000
  1         -0.3348525927   -0.2401819449    0.2820953128   -0.2388448411
  2         -0.4038948821   -0.2405504229    0.2866889240   -0.2416217444
  3         -0.4360732773   -0.2390089543    0.2890729861   -0.2443653791
  4         -0.4497314704   -0.2383264046    0.2899315599   -0.2456060208
  5         -0.4551901081   -0.2381357631    0.2901452306   -0.2460489407
  6         -0.4573594294   -0.2381000300    0.2901742710   -0.2461947705
  7         -0.4582326910   -0.2381004501    0.2901659451   -0.2462415077
  8         -0.4585900702   -0.2381055523    0.2901559649   -0.2462564278
  9         -0.4587384807   -0.2381092319    0.2901497571   -0.2462612174
 10         -0.4588008132   -0.2381112609    0.2901465144   -0.2462627659
 11         -0.4588272086   -0.2381122698    0.2901449456   -0.2462632682
 12         -0.4588384507   -0.2381127465    0.2901442163   -0.2462634302
 13         -0.4588432580   -0.2381129655    0.2901438848   -0.2462634814
 14         -0.4588453195   -0.2381130645    0.2901437362   -0.2462634968
 15         -0.4588462053   -0.2381131088    0.2901436700   -0.2462635011
 16         -0.4588465865   -0.2381131284    0.2901436407   -0.2462635020
 17         -0.4588467508   -0.2381131372    0.2901436278   -0.2462635020
 18         -0.4588468216   -0.2381131410    0.2901436222   -0.2462635019
Atom SCF converged after  18 iterations to a total energy of     -0.45884682

Atom SCF Calculation for O  : Z (AE atom) =   8 : Z (PS atom) =   6
Config String: 2s2.0 2p4.0
Orbitals (num,occ):  2     2.00 4.00
Orbitals   (num,l):  2        0    1
Real-space Grid (nr,dr,rmax): 1503    0.0066577896   10.0000000000
Spherical Bessel Basis (nsws,lmax,cutoff):   37    2  176.3967570603
Confining potential (l,width,scale):  0    3.0000000000  100.0000000000
Confining potential (l,width,scale):  1    3.0000000000  100.0000000000
  1         -8.3209332552   -7.4828484739   10.1554312602   -2.1270270195
  2        -15.1405599232   -3.0474882742   13.6590820486   -2.5134754209
  3        -15.5174094640   -3.1101891961   13.6243211040   -2.6472956001
  4        -15.7606118231   -3.0805775314   13.6668776248   -2.7100307789
  5        -15.8308896490   -3.0881936416   13.6633910567   -2.7338682066
  6        -15.8678540393   -3.0862312957   13.6673103078   -2.7443897972
  7        -15.8801393942   -3.0873360689   13.6669183555   -2.7485230919
  8        -15.8859601688   -3.0872977830   13.6672813272   -2.7502957173
  9        -15.8880580832   -3.0874730763   13.6672320183   -2.7510066526
 10        -15.8889924584   -3.0874981416   13.6672623218   -2.7513066537
 11        -15.8893459980   -3.0875277929   13.6672548500   -2.7514284384
 12        -15.8894977936   -3.0875355600   13.6672566096   -2.7514793465
 13        -15.8895569380   -3.0875407304   13.6672553199   -2.7515001537
 14        -15.8895817884   -3.0875424467   13.6672552475   -2.7515088021
 15        -15.8895916441   -3.0875433561   13.6672550136   -2.7515123499
 16        -15.8895957327   -3.0875436929   13.6672549605   -2.7515138192
 17        -15.8895973717   -3.0875438525   13.6672549179   -2.7515144231
 18        -15.8895980466   -3.0875439149   13.6672549044   -2.7515146726
 19        -15.8895983189   -3.0875439428   13.6672548968   -2.7515147752
 20        -15.8895984306   -3.0875439540   13.6672548940   -2.7515148175
 21        -15.8895984758   -3.0875439588   13.6672548927   -2.7515148349
Atom SCF converged after  21 iterations to a total energy of    -15.88959848

BC: Task: SINGLEPOINT
BC: +++++++++++++++ Summary of boundary conditions ++++++++++++++
BC: |       Component       |     Keyword     |   Periodicity   |
BC: |                       |                 |     X  Y  Z [1] |
BC: |-----------------------------------------------------------|
BC: | Ion-ion               | ion_ion_bc [2]  |     P  P  P     |
BC: | Local pseudopotential | pspot_bc [3]    |     P  P  P     |
BC: +++++++++++++++++++++++++++++++++++++++++++++++++++++++++++++
BC: P: Periodic, O: Open.
BC: [1] Not strictly along X, Y, Z but rather along lattice vectors A1, A2, A3.
BC: [2] Also affected by: pbc_correction_cutoff, cutoff_coulomb_type,
BC:     is_smeared_ion_rep, is_implicit_solvent, openbc_ion_ion.
BC: [3] Also affected by: is_smeared_ion_rep, is_implicit_solvent, openbc_pspot.

Determining parallel strategy ...
... using space-filling curve
... NGWF load balancing: max     13;  min      6;  average      8
... Projector load balancing: max     23;  min     18;  average     21
... done
Calculating Ewald energy ...
              Ewald: real-space energy =          259.628137
        Ewald: reciprocal-space energy =           32.055934
         Ewald: (sum_charge)**2 energy =           16.660578
         Ewald: (sum_charge**2) energy =           17.162568
                          Ewald energy =          257.860925
Basis initialisation ...
... NGWF spheres initialised
... Projector spheres initialised
... NGWF tight boxes initialised
... Projector tight boxes initialised
... Tight-boxes gathered
... NGWF basis size (local,global):        108823       418827
... PAW projector initialisation
... done

============================= Charge Augmentation ==============================
                           Aug box size:   35 x  35 x  35
================================================================================

========================== Sparse matrix information ===========================
                        Overlap matrix filling: 100.00%
                        Density kernel filling: 100.00% (known to be dense)
              NGWF-Proj overlap matrix filling: 100.00%
                    Aug Overlap matrix filling: 100.00%
                    Hamiltonian matrix filling: 100.00%
                  NGWF diagonal matrix filling:  11.54%
                             KS matrix filling: 100.00% 
                           KSKS matrix filling: 100.00% 
================================================================================

Sparse matrix initialisation ...
 done
NGWF initialisation ... done
============ Calculation of NGWF S^-1 using Hotelling algorithm ================ 
     Iteration  |  Spin  |  Frobenius norm and Maximum abs value (of I-S*S_n^-1)
         1           1      0.67929082E+01     0.97887379E+00
         1           2      0.67929082E+01     0.97887379E+00
         2           1      0.66125599E+01     0.95821068E+00
         2           2      0.66125599E+01     0.95821068E+00
         3           1      0.63112652E+01     0.91822820E+00
         3           2      0.63112652E+01     0.91822820E+00
         4           1      0.58572169E+01     0.84334238E+00
         4           2      0.58572169E+01     0.84334238E+00
         5           1      0.52353975E+01     0.71179717E+00
         5           2      0.52353975E+01     0.71179717E+00
         6           1      0.44792031E+01     0.64186715E+00
         6           2      0.44792031E+01     0.64186715E+00
         7           1      0.37487175E+01     0.58815717E+00
         7           2      0.37487175E+01     0.58815717E+00
         8           1      0.31436456E+01     0.52993175E+00
         8           2      0.31436456E+01     0.52993175E+00
         9           1      0.24895651E+01     0.45168604E+00
         9           2      0.24895651E+01     0.45168604E+00
        10           1      0.16912875E+01     0.34234515E+00
        10           2      0.16912875E+01     0.34234515E+00
        11           1      0.90771347E+00     0.21061481E+00
        11           2      0.90771347E+00     0.21061481E+00
        12           1      0.33277018E+00     0.86298535E-01
        12           2      0.33277018E+00     0.86298535E-01
        13           1      0.54347222E-01     0.14983737E-01
        13           2      0.54347222E-01     0.14983737E-01
        14           1      0.15602979E-02     0.45347610E-03
        14           2      0.15602979E-02     0.45347610E-03
        15           1      0.13617747E-05     0.41601780E-06
        15           2      0.13617747E-05     0.41601780E-06
        16           1      0.10844505E-11     0.35260683E-12
        16           2      0.10844505E-11     0.35260683E-12
================================================================================
Calculating core density ...
================================= Core Density =================================
               Core den box size:   39 x  39 x  39
================================================================================
 ... done
Density renormalisation, spin  1 ...
Target Charge:    33.000000000000 ; Input Charge:    34.500486880477
Density renormalisation, spin  2 ...
Target Charge:    28.000000000000 ; Input Charge:    29.500436689809
Density kernel initialisation
 
======= Optimisation of K by Palser-Manolopoulos canonical purification ======== 
         Iteration  |  Band structure energy |    c_n   
               1         -40.16754848603873    0.6572932
               2         -40.71829487273287    0.6519305
               3         -41.35259819377967    0.6445153
               4         -42.07866990159049    0.6346136
               5         -42.91977102973576    0.6213457
               6         -43.90839177105597    0.6035863
               7         -45.05839226153855    0.5817799
               8         -46.31640627429597    0.5613732
               9         -47.49674853261890    0.5556869
              10         -48.29575943210833    0.5796105
              11         -48.61784407612329    0.6095251
              12         -48.71515794887296    0.5797650
              13         -48.75560670580133    0.5256636
              14         -48.77040844955436    0.5026914
              15         -48.77210463764183    0.5000308
              16         -48.77212423430602    0.5000488
              17         -48.77212423689086    0.5000488
Termination criterion satisfied: band energy change below threshold.
Final occupancy bounds: [   -0.00000000000000:    0.99999999999998]
Closest occupancy to 0.5:     0.99999999999998
================================================================================
 
======= Optimisation of K by Palser-Manolopoulos canonical purification ======== 
         Iteration  |  Band structure energy |    c_n   
               1         -34.65067626645179    0.5541605
               2         -35.62514307333978    0.5465116
               3         -36.75719926407523    0.5363120
               4         -38.00513697758950    0.5272967
               5         -39.36864973545791    0.5258334
               6         -40.74883944567446    0.5524133
               7         -41.81154210848315    0.6372968
               8         -42.29577080639096    0.7186226
               9         -42.42377386731852    0.7247928
              10         -42.49136043924960    0.7014475
              11         -42.56183242709103    0.6707023
              12         -42.63530849788434    0.6407162
              13         -42.70244479293905    0.6215194
              14         -42.75274035553198    0.6037491
              15         -42.78664449343782    0.5651189
              16         -42.81063610170979    0.5252269
              17         -42.82309929708293    0.5042340
              18         -42.82575810456646    0.5001271
              19         -42.82585977288453    0.5000002
              20         -42.82585991903803    0.5426883
              21         -42.82585991903834    0.5426883
Termination criterion satisfied: band energy change below threshold.
Final occupancy bounds: [   -0.00000000000000:    0.99999999999995]
Closest occupancy to 0.5:     0.99999999999998
================================================================================

Writing density kernel to file "Fe_H2O_6_HighSpin_NGWFSP.dkn" ... done

>>> Optimising kernel for current NGWFs:
   Initial electron number for spin 1:      33.00000000
   Initial electron number for spin 2:      28.00000000
     Final electron number for spin 1:      33.00000000
     Final electron number for spin 2:      28.00000000

=================== Penalty functional idempotency correction ==================
 RMS occupancy error at iteration   1:  0.000000 (step -0.5000 Ne1=     33.0000)
                                                               Ne2=     28.0000
            Final RMS occupancy error   :  0.000000 (Ne1=     33.0000)
                                                     Ne2=     28.0000
            Final occupancy bounds spin 1: [  0.000,  1.000]
            Final occupancy bounds spin 2: [  0.000,  1.000]
================================================================================

................................................................................
<<<<<<<<<<<<<< LNV (Original version) density kernel optimisation >>>>>>>>>>>>>>
~~~~~~~~~~~~~~~~~~~~~~~~~~~~~~~~~~~~~~~~~~~~~~~~~~~~~~~~~~~~~~~~~~~~~~~~~~~~~~~~
   iter  |      energy (Eh)       | rms gradient |  commutator  |   dE (Eh)
      ideal mu1:      -0.847077111358
      ideal mu2:      -0.881596485473
             Q0:        -225.580474484365
             G0:      -6.361744186619
   RMS gradient:       0.072795916574
    Initial Ne1:      33.00000000
    Initial Ne2:      28.00000000
      Final Ne1:      33.00000000
      Final Ne2:      28.00000000

=================== Penalty functional idempotency correction ==================
 RMS occupancy error at iteration   1:  0.001683 (step -0.4965 Ne1=     33.0000)
                                                               Ne2=     28.0000
 RMS occupancy error at iteration   2:  0.000003 (step -0.5000 Ne1=     33.0000)
                                                               Ne2=     28.0000
            Final RMS occupancy error   :  0.000000 (Ne1=     33.0000)
                                                     Ne2=     28.0000
            Final occupancy bounds spin 1: [  0.000,  1.000]
            Final occupancy bounds spin 2: [  0.000,  1.000]
================================================================================

    1        -2.255804744844E+02     7.2796E-02     4.1847E-02
      ideal mu1:      -0.922152962517
      ideal mu2:      -0.965197449708
             Q0:        -226.125882988200
             G0:      -5.589675623235
   RMS gradient:       0.052159279851
    Initial Ne1:      33.00000000
    Initial Ne2:      28.00000000
      Final Ne1:      33.00000000
      Final Ne2:      28.00000000

=================== Penalty functional idempotency correction ==================
 RMS occupancy error at iteration   1:  0.004295 (step -0.4909 Ne1=     33.0000)
                                                               Ne2=     28.0000
 RMS occupancy error at iteration   2:  0.000018 (step -0.5000 Ne1=     33.0000)
                                                               Ne2=     28.0000
            Final RMS occupancy error   :  0.000000 (Ne1=     33.0000)
                                                     Ne2=     28.0000
            Final occupancy bounds spin 1: [  0.000,  1.000]
            Final occupancy bounds spin 2: [  0.000,  1.000]
================================================================================

    2        -2.261258829882E+02     5.2159E-02     2.9980E-02    -5.4541E-01
      ideal mu1:      -1.016302446105
      ideal mu2:      -1.067490569978
             Q0:        -226.534217645648
             G0:      -1.362504284054
   RMS gradient:       0.025184323401
     Trial step:       0.500000000000
             Q1:        -226.195919440903
 Quadratic coef:       1.019550346772
 Linear coef   :      -0.681252142027
           Qmin:        -226.648018911688
Quadratic minimum step length (  0.167047204727) accepted
    Initial Ne1:      32.99999995
    Initial Ne2:      27.99999994
      Final Ne1:      33.00000000
      Final Ne2:      28.00000000

=================== Penalty functional idempotency correction ==================
 RMS occupancy error at iteration   1:  0.004588 (step -0.4899 Ne1=     33.0000)
                                                               Ne2=     28.0000
 RMS occupancy error at iteration   2:  0.000022 (step -0.5000 Ne1=     33.0000)
                                                               Ne2=     28.0000
            Final RMS occupancy error   :  0.000000 (Ne1=     33.0000)
                                                     Ne2=     28.0000
            Final occupancy bounds spin 1: [  0.000,  1.000]
            Final occupancy bounds spin 2: [  0.000,  1.000]
================================================================================

    3        -2.265342176456E+02     2.5184E-02     1.4484E-02    -4.0833E-01
      ideal mu1:      -1.101703042730
      ideal mu2:      -1.156158244848
             Q0:        -226.651430788906
             G0:      -0.085726533737
   RMS gradient:       0.008206484643
     Trial step:       0.289004502324
             Q1:        -226.666291975023
 Quadratic coef:       0.009914168101
 Linear coef   :      -0.024775354219
           Qmin:        -226.666909096576
Quadratic minimum step length (  0.361108912144) accepted
    Initial Ne1:      32.99999986
    Initial Ne2:      27.99999983
      Final Ne1:      33.00000000
      Final Ne2:      28.00000000

=================== Penalty functional idempotency correction ==================
 RMS occupancy error at iteration   1:  0.001823 (step -0.4960 Ne1=     33.0000)
                                                               Ne2=     28.0000
 RMS occupancy error at iteration   2:  0.000004 (step -0.5000 Ne1=     33.0000)
                                                               Ne2=     28.0000
            Final RMS occupancy error   :  0.000000 (Ne1=     33.0000)
                                                     Ne2=     28.0000
            Final occupancy bounds spin 1: [  0.000,  1.000]
            Final occupancy bounds spin 2: [  0.000,  1.000]
================================================================================

    4        -2.266514307889E+02     8.2065E-03     4.7653E-03    -1.1721E-01
      ideal mu1:      -1.139306426330
      ideal mu2:      -1.188068318537
    5        -2.266672623037E+02     5.1607E-03     2.9582E-03    -1.5832E-02
Finished density kernel iterations (   5)

Writing density kernel to file "Fe_H2O_6_HighSpin_NGWFSP.dkn" ... done


>>> Density kernel optimised for the current NGWF basis:
     ~~~~~~~~~~~~~~~~~~~~~~~~~~~~~~~~~~~~~~~~~~~~~~~~~~~~~~~~~~~
     Total energy                =  -2.26667262303704E+02  Eh
     Estimated bandgap (UP spin) =   2.8732E-01  Eh
     Estimated bandgap (DN spin) =   9.0134E-02  Eh
     RMS occupancy error         =   5.1159E-11
     [H,K] commutator            =   2.9582E-03
     UP spin occupancy bounds    = [  0.000:  1.000]
     DN spin occupancy bounds    = [  0.000:  1.000]
     ~~~~~~~~~~~~~~~~~~~~~~~~~~~~~~~~~~~~~~~~~~~~~~~~~~~~~~~~~~~




################################################################################
########################### NGWF CG iteration  001 #############################
################################################################################
****** Reciprocal space K.E. preconditioning with k_zero =  3.0000 a0^-1 *******

>>> Checking for convergence of NGWFs:   NOT CONVERGED
  ========================================================================
         NGWF RMS gradient =  9.7822E-04 >  2.0000E-06  | above tolerance
  ========================================================================

>>> Improving NGWFs using line search:
============ Calculation of NGWF S^-1 using Hotelling algorithm ================ 
     Iteration  |  Spin  |  Frobenius norm and Maximum abs value (of I-S*S_n^-1)
         1           1      0.11136046E-01     0.15853113E-02
         1           2      0.11024068E-01     0.15967358E-02
         2           1      0.13593967E-04     0.25358264E-05
         2           2      0.13469280E-04     0.24981910E-05
         3           1      0.43578822E-10     0.80895290E-11
         3           2      0.43549279E-10     0.80561113E-11
         4           1      0.38822358E-14     0.15543122E-14
         4           2      0.36294041E-14     0.11102230E-14
================================================================================
============ Calculation of NGWF S^-1 using Hotelling algorithm ================ 
     Iteration  |  Spin  |  Frobenius norm and Maximum abs value (of I-S*S_n^-1)
         1           1      0.10312577E+00     0.17764017E-01
         1           2      0.10248216E+00     0.17690023E-01
         2           1      0.17079549E-02     0.30133209E-03
         2           2      0.17109304E-02     0.30915478E-03
         3           1      0.69320982E-06     0.12163838E-06
         3           2      0.69416152E-06     0.12652837E-06
         4           1      0.12732294E-12     0.23203661E-13
         4           2      0.12708520E-12     0.24646951E-13
================================================================================
------------------------------- NGWF line search -------------------------------
RMS gradient                =       0.00097821729019
Trial step length           =               0.122474
Gradient along search dir.  =         -1.51395645570
Functional at step 0        =    -226.66726230370389
Functional at step 1        =    -226.84079996068778
Functional predicted        =    -227.39056140253280
Selected quadratic step     =               0.955508
Conjugate gradients coeff.  =               0.000000
--------------------------- NGWF line search finished --------------------------
                                               
Writing NGWFs to file "Fe_H2O_6_HighSpin_NGWFSP.tightbox_ngwfs".... done

>>> Optimising kernel for current NGWFs:
   Initial electron number for spin 1:      33.18303231
   Initial electron number for spin 2:      28.17726506
     Final electron number for spin 1:      33.00000000
     Final electron number for spin 2:      28.00000000

=================== Penalty functional idempotency correction ==================
 RMS occupancy error at iteration   1:  0.004680 (step -0.4906 Ne1=     33.0000)
                                                               Ne2=     28.0000
 RMS occupancy error at iteration   2:  0.000047 (step -0.5000 Ne1=     33.0000)
                                                               Ne2=     28.0000
            Final RMS occupancy error   :  0.000000 (Ne1=     33.0000)
                                                     Ne2=     28.0000
            Final occupancy bounds spin 1: [  0.000,  1.000]
            Final occupancy bounds spin 2: [  0.000,  1.000]
================================================================================

................................................................................
<<<<<<<<<<<<<< LNV (Original version) density kernel optimisation >>>>>>>>>>>>>>
~~~~~~~~~~~~~~~~~~~~~~~~~~~~~~~~~~~~~~~~~~~~~~~~~~~~~~~~~~~~~~~~~~~~~~~~~~~~~~~~
   iter  |      energy (Eh)       | rms gradient |  commutator  |   dE (Eh)
      ideal mu1:      -1.119791347196
      ideal mu2:      -1.171443820576
             Q0:        -227.381312636872
             G0:      -0.137091948304
   RMS gradient:       0.010686239222
     Trial step:       0.323051236554
             Q1:        -227.401418359257
 Quadratic coef:       0.024182001037
 Linear coef   :      -0.044287723421
           Qmin:        -227.401590140405
Quadratic minimum step length (  0.295823405877) accepted
    Initial Ne1:      32.99999952
    Initial Ne2:      27.99999977
      Final Ne1:      33.00000000
      Final Ne2:      28.00000000

=================== Penalty functional idempotency correction ==================
 RMS occupancy error at iteration   1:  0.000329 (step -0.4992 Ne1=     33.0000)
                                                               Ne2=     28.0000
            Final RMS occupancy error   :  0.000000 (Ne1=     33.0000)
                                                     Ne2=     28.0000
            Final occupancy bounds spin 1: [ -0.000,  1.000]
            Final occupancy bounds spin 2: [ -0.000,  1.000]
================================================================================

    1        -2.273813126369E+02     1.0686E-02     6.1851E-03
      ideal mu1:      -1.102867476220
      ideal mu2:      -1.149213906439
             Q0:        -227.401575913995
             G0:      -0.011726061413
   RMS gradient:       0.003106959804
     Trial step:       0.309137699205
             Q1:        -227.403020351925
 Quadratic coef:       0.002180529715
 Linear coef   :      -0.003624967646
           Qmin:        -227.403082473426
Quadratic minimum step length (  0.256959157672) accepted
    Initial Ne1:      33.00000209
    Initial Ne2:      28.00000473
      Final Ne1:      33.00000000
      Final Ne2:      28.00000000

=================== Penalty functional idempotency correction ==================
 RMS occupancy error at iteration   1:  0.000069 (step -0.4998 Ne1=     33.0000)
                                                               Ne2=     28.0000
            Final RMS occupancy error   :  0.000000 (Ne1=     33.0000)
                                                     Ne2=     28.0000
            Final occupancy bounds spin 1: [ -0.000,  1.000]
            Final occupancy bounds spin 2: [ -0.000,  1.000]
================================================================================

    2        -2.274015759140E+02     3.1070E-03     1.7838E-03    -2.0263E-02
      ideal mu1:      -1.099919306026
      ideal mu2:      -1.146595043345
             Q0:        -227.403080421808
             G0:      -0.005403569824
   RMS gradient:       0.002110937553
     Trial step:       0.281843507629
             Q1:        -227.404000661396
 Quadratic coef:       0.000602721484
 Linear coef   :      -0.001522961073
           Qmin:        -227.404042479113
Quadratic minimum step length (  0.356082122366) accepted
    Initial Ne1:      33.00000162
    Initial Ne2:      28.00000349
      Final Ne1:      33.00000000
      Final Ne2:      28.00000000

=================== Penalty functional idempotency correction ==================
 RMS occupancy error at iteration   1:  0.000085 (step -0.4998 Ne1=     33.0000)
                                                               Ne2=     28.0000
            Final RMS occupancy error   :  0.000000 (Ne1=     33.0000)
                                                     Ne2=     28.0000
            Final occupancy bounds spin 1: [ -0.000,  1.000]
            Final occupancy bounds spin 2: [ -0.000,  1.000]
================================================================================

    3        -2.274030804218E+02     2.1109E-03     1.2081E-03    -1.5045E-03
      ideal mu1:      -1.102374578967
      ideal mu2:      -1.148705904417
             Q0:        -227.404043726396
             G0:      -0.001192288071
   RMS gradient:       0.000996055177
     Trial step:       0.316795571894
             Q1:        -227.404224560473
 Quadratic coef:       0.000196877504
 Linear coef   :      -0.000377711581
           Qmin:        -227.404224887315
Quadratic minimum step length (  0.303887833011) accepted
    Initial Ne1:      33.00000103
    Initial Ne2:      28.00000151
      Final Ne1:      33.00000000
      Final Ne2:      28.00000000

=================== Penalty functional idempotency correction ==================
 RMS occupancy error at iteration   1:  0.000025 (step -0.4999 Ne1=     33.0000)
                                                               Ne2=     28.0000
            Final RMS occupancy error   :  0.000000 (Ne1=     33.0000)
                                                     Ne2=     28.0000
            Final occupancy bounds spin 1: [ -0.000,  1.000]
            Final occupancy bounds spin 2: [ -0.000,  1.000]
================================================================================

    4        -2.274040437264E+02     9.9606E-04     5.6810E-04    -9.6330E-04
      ideal mu1:      -1.104336405534
      ideal mu2:      -1.150340654373
    5        -2.274042251066E+02     5.8752E-04     3.3339E-04    -1.8138E-04
Finished density kernel iterations (   5)

Writing density kernel to file "Fe_H2O_6_HighSpin_NGWFSP.dkn" ... done


>>> Density kernel optimised for the current NGWF basis:
     ~~~~~~~~~~~~~~~~~~~~~~~~~~~~~~~~~~~~~~~~~~~~~~~~~~~~~~~~~~~
     Total energy                =  -2.27404225106611E+02  Eh
     Estimated bandgap (UP spin) =   2.9423E-01  Eh
     Estimated bandgap (DN spin) =   9.0065E-02  Eh
     RMS occupancy error         =   1.2702E-09
     [H,K] commutator            =   3.3339E-04
     UP spin occupancy bounds    = [ -0.000:  1.000]
     DN spin occupancy bounds    = [ -0.000:  1.000]
     ~~~~~~~~~~~~~~~~~~~~~~~~~~~~~~~~~~~~~~~~~~~~~~~~~~~~~~~~~~~




################################################################################
########################### NGWF CG iteration  002 #############################
################################################################################
****** Reciprocal space K.E. preconditioning with k_zero =  3.0000 a0^-1 *******

>>> Checking for convergence of NGWFs:   NOT CONVERGED
  ========================================================================
         NGWF RMS gradient =  3.7430E-04 >  2.0000E-06  | above tolerance
  ========================================================================

>>> Improving NGWFs using line search:
============ Calculation of NGWF S^-1 using Hotelling algorithm ================ 
     Iteration  |  Spin  |  Frobenius norm and Maximum abs value (of I-S*S_n^-1)
         1           1      0.12856673E-01     0.25412305E-02
         1           2      0.12774426E-01     0.25469197E-02
         2           1      0.33214297E-04     0.67889311E-05
         2           2      0.33263169E-04     0.68208946E-05
         3           1      0.25045609E-09     0.50582427E-10
         3           2      0.25017330E-09     0.51167182E-10
         4           1      0.36322188E-14     0.11102230E-14
         4           2      0.32061359E-14     0.88817842E-15
================================================================================
============ Calculation of NGWF S^-1 using Hotelling algorithm ================ 
     Iteration  |  Spin  |  Frobenius norm and Maximum abs value (of I-S*S_n^-1)
         1           1      0.28620289E-01     0.60272846E-02
         1           2      0.28500730E-01     0.60225694E-02
         2           1      0.17223649E-03     0.37276528E-04
         2           2      0.17225184E-03     0.37304119E-04
         3           1      0.67931622E-08     0.14548277E-08
         3           2      0.67514928E-08     0.14646589E-08
         4           1      0.37927467E-14     0.13322676E-14
         4           2      0.36809956E-14     0.88817842E-15
================================================================================
------------------------------- NGWF line search -------------------------------
RMS gradient                =       0.00037429834529
Trial step length           =               0.342090
Gradient along search dir.  =         -0.22216148538
Functional at step 0        =    -227.40422510661125
Functional at step 1        =    -227.46668528446747
Functional predicted        =    -227.51087768464930
Selected quadratic step     =               0.960136
Conjugate gradients coeff.  =               0.146408
--------------------------- NGWF line search finished --------------------------
                                               
Writing NGWFs to file "Fe_H2O_6_HighSpin_NGWFSP.tightbox_ngwfs".... done

>>> Optimising kernel for current NGWFs:
   Initial electron number for spin 1:      33.10189244
   Initial electron number for spin 2:      28.09725968
     Final electron number for spin 1:      33.00000000
     Final electron number for spin 2:      28.00000000

=================== Penalty functional idempotency correction ==================
 RMS occupancy error at iteration   1:  0.002448 (step -0.4955 Ne1=     33.0000)
                                                               Ne2=     28.0000
 RMS occupancy error at iteration   2:  0.000010 (step -0.5000 Ne1=     33.0000)
                                                               Ne2=     28.0000
            Final RMS occupancy error   :  0.000000 (Ne1=     33.0000)
                                                     Ne2=     28.0000
            Final occupancy bounds spin 1: [  0.000,  1.000]
            Final occupancy bounds spin 2: [  0.000,  1.000]
================================================================================

................................................................................
<<<<<<<<<<<<<< LNV (Original version) density kernel optimisation >>>>>>>>>>>>>>
~~~~~~~~~~~~~~~~~~~~~~~~~~~~~~~~~~~~~~~~~~~~~~~~~~~~~~~~~~~~~~~~~~~~~~~~~~~~~~~~
   iter  |      energy (Eh)       | rms gradient |  commutator  |   dE (Eh)
      ideal mu1:      -1.113911206242
      ideal mu2:      -1.159225482126
             Q0:        -227.509561173751
             G0:      -0.016600891798
   RMS gradient:       0.003718644202
     Trial step:       0.310274587826
             Q1:        -227.512043062433
 Quadratic coef:       0.002668946178
 Linear coef   :      -0.005150834860
           Qmin:        -227.512046339991
Quadratic minimum step length (  0.299401534678) accepted
    Initial Ne1:      32.99999997
    Initial Ne2:      28.00000000
      Final Ne1:      33.00000000
      Final Ne2:      28.00000000

=================== Penalty functional idempotency correction ==================
 RMS occupancy error at iteration   1:  0.000041 (step -0.4999 Ne1=     33.0000)
                                                               Ne2=     28.0000
            Final RMS occupancy error   :  0.000000 (Ne1=     33.0000)
                                                     Ne2=     28.0000
            Final occupancy bounds spin 1: [ -0.000,  1.000]
            Final occupancy bounds spin 2: [ -0.000,  1.000]
================================================================================

    1        -2.275095611738E+02     3.7186E-03     2.1352E-03
      ideal mu1:      -1.103187234112
      ideal mu2:      -1.148047706831
             Q0:        -227.512043963213
             G0:      -0.000642461418
   RMS gradient:       0.000721590485
     Trial step:       0.304789579492
             Q1:        -227.512119049635
 Quadratic coef:       0.000120729123
 Linear coef   :      -0.000195815546
           Qmin:        -227.512123363541
Quadratic minimum step length (  0.247175397267) accepted
    Initial Ne1:      33.00000001
    Initial Ne2:      28.00000001
      Final Ne1:      33.00000000
      Final Ne2:      28.00000000

=================== Penalty functional idempotency correction ==================
 RMS occupancy error at iteration   1:  0.000003 (step -0.5000 Ne1=     33.0000)
                                                               Ne2=     28.0000
            Final RMS occupancy error   :  0.000000 (Ne1=     33.0000)
                                                     Ne2=     28.0000
            Final occupancy bounds spin 1: [  0.000,  1.000]
            Final occupancy bounds spin 2: [  0.000,  1.000]
================================================================================

    2        -2.275120439632E+02     7.2159E-04     4.1338E-04    -2.4828E-03
      ideal mu1:      -1.102326054742
      ideal mu2:      -1.147233927266
             Q0:        -227.512122500474
             G0:      -0.000288187124
   RMS gradient:       0.000478612268
     Trial step:       0.274474926712
             Q1:        -227.512165993637
 Quadratic coef:       0.000035606977
 Linear coef   :      -0.000079100140
           Qmin:        -227.512166430292
Quadratic minimum step length (  0.304870093796) accepted
    Initial Ne1:      33.00000000
    Initial Ne2:      28.00000000
      Final Ne1:      33.00000000
      Final Ne2:      28.00000000

=================== Penalty functional idempotency correction ==================
 RMS occupancy error at iteration   1:  0.000003 (step -0.5000 Ne1=     33.0000)
                                                               Ne2=     28.0000
            Final RMS occupancy error   :  0.000000 (Ne1=     33.0000)
                                                     Ne2=     28.0000
            Final occupancy bounds spin 1: [  0.000,  1.000]
            Final occupancy bounds spin 2: [  0.000,  1.000]
================================================================================

    3        -2.275121225005E+02     4.7861E-04     2.7378E-04    -7.8537E-05
      ideal mu1:      -1.101190741973
      ideal mu2:      -1.146391754814
             Q0:        -227.512166603696
             G0:      -0.000033650420
   RMS gradient:       0.000163767306
     Trial step:       0.289273567150
             Q1:        -227.512173087732
 Quadratic coef:       0.000003250140
 Linear coef   :      -0.000009734177
           Qmin:        -227.512173892165
Quadratic minimum step length (  0.433187440711) accepted
    Initial Ne1:      33.00000000
    Initial Ne2:      28.00000000
      Final Ne1:      33.00000000
      Final Ne2:      28.00000000

=================== Penalty functional idempotency correction ==================
 RMS occupancy error at iteration   1:  0.000001 (step -0.5000 Ne1=     33.0000)
                                                               Ne2=     28.0000
            Final RMS occupancy error   :  0.000000 (Ne1=     33.0000)
                                                     Ne2=     28.0000
            Final occupancy bounds spin 1: [  0.000,  1.000]
            Final occupancy bounds spin 2: [  0.000,  1.000]
================================================================================

    4        -2.275121666037E+02     1.6377E-04     9.3476E-05    -4.4103E-05
      ideal mu1:      -1.101152491968
      ideal mu2:      -1.146457229486
    5        -2.275121732506E+02     1.5008E-04     8.4524E-05    -6.6469E-06
Finished density kernel iterations (   5)

Writing density kernel to file "Fe_H2O_6_HighSpin_NGWFSP.dkn" ... done


>>> Density kernel optimised for the current NGWF basis:
     ~~~~~~~~~~~~~~~~~~~~~~~~~~~~~~~~~~~~~~~~~~~~~~~~~~~~~~~~~~~
     Total energy                =  -2.27512173250607E+02  Eh
     Estimated bandgap (UP spin) =   2.9788E-01  Eh
     Estimated bandgap (DN spin) =   8.7916E-02  Eh
     RMS occupancy error         =   3.7606E-12
     [H,K] commutator            =   8.4524E-05
     UP spin occupancy bounds    = [  0.000:  1.000]
     DN spin occupancy bounds    = [  0.000:  1.000]
     ~~~~~~~~~~~~~~~~~~~~~~~~~~~~~~~~~~~~~~~~~~~~~~~~~~~~~~~~~~~




################################################################################
########################### NGWF CG iteration  003 #############################
################################################################################
****** Reciprocal space K.E. preconditioning with k_zero =  3.0000 a0^-1 *******

>>> Checking for convergence of NGWFs:   NOT CONVERGED
  ========================================================================
         NGWF RMS gradient =  1.8269E-04 >  2.0000E-06  | above tolerance
  ========================================================================

>>> Improving NGWFs using line search:
============ Calculation of NGWF S^-1 using Hotelling algorithm ================ 
     Iteration  |  Spin  |  Frobenius norm and Maximum abs value (of I-S*S_n^-1)
         1           1      0.13507774E-01     0.24569780E-02
         1           2      0.13539926E-01     0.24466775E-02
         2           1      0.44250410E-04     0.78154418E-05
         2           2      0.44616702E-04     0.78205663E-05
         3           1      0.55240538E-09     0.95305430E-10
         3           2      0.55891904E-09     0.96547548E-10
         4           1      0.31983375E-14     0.11102230E-14
         4           2      0.32990942E-14     0.66613381E-15
================================================================================
============ Calculation of NGWF S^-1 using Hotelling algorithm ================ 
     Iteration  |  Spin  |  Frobenius norm and Maximum abs value (of I-S*S_n^-1)
         1           1      0.40017727E-02     0.73848778E-03
         1           2      0.40086067E-02     0.73585523E-03
         2           1      0.38688116E-05     0.69481312E-06
         2           2      0.39095166E-05     0.69700288E-06
         3           1      0.41865144E-11     0.73896445E-12
         3           2      0.42595404E-11     0.75250917E-12
================================================================================
------------------------------- NGWF line search -------------------------------
RMS gradient                =       0.00018269413585
Trial step length           =               0.573108
Gradient along search dir.  =         -0.05326881027
Functional at step 0        =    -227.51217325060719
Functional at step 1        =    -227.53061738703894
Functional predicted        =    -227.53145405392073
Selected quadratic step     =               0.723906
Conjugate gradients coeff.  =               0.238239
--------------------------- NGWF line search finished --------------------------
                                               
Writing NGWFs to file "Fe_H2O_6_HighSpin_NGWFSP.tightbox_ngwfs".... done

>>> Optimising kernel for current NGWFs:
   Initial electron number for spin 1:      33.02941757
   Initial electron number for spin 2:      28.02638828
     Final electron number for spin 1:      33.00000000
     Final electron number for spin 2:      28.00000000

=================== Penalty functional idempotency correction ==================
 RMS occupancy error at iteration   1:  0.000713 (step -0.4986 Ne1=     33.0000)
                                                               Ne2=     28.0000
 RMS occupancy error at iteration   2:  0.000001 (step -0.5000 Ne1=     33.0000)
                                                               Ne2=     28.0000
            Final RMS occupancy error   :  0.000000 (Ne1=     33.0000)
                                                     Ne2=     28.0000
            Final occupancy bounds spin 1: [  0.000,  1.000]
            Final occupancy bounds spin 2: [  0.000,  1.000]
================================================================================

................................................................................
<<<<<<<<<<<<<< LNV (Original version) density kernel optimisation >>>>>>>>>>>>>>
~~~~~~~~~~~~~~~~~~~~~~~~~~~~~~~~~~~~~~~~~~~~~~~~~~~~~~~~~~~~~~~~~~~~~~~~~~~~~~~~
   iter  |      energy (Eh)       | rms gradient |  commutator  |   dE (Eh)
      ideal mu1:      -1.092197638534
      ideal mu2:      -1.141449984250
             Q0:        -227.531421352453
             G0:      -0.005913317618
   RMS gradient:       0.002219394580
     Trial step:       0.353991067993
             Q1:        -227.532070795562
 Quadratic coef:       0.001443818510
 Linear coef   :      -0.002093261619
           Qmin:        -227.532180060035
Quadratic minimum step length (  0.256609785440) accepted
    Initial Ne1:      33.00000000
    Initial Ne2:      28.00000000
      Final Ne1:      33.00000000
      Final Ne2:      28.00000000

=================== Penalty functional idempotency correction ==================
 RMS occupancy error at iteration   1:  0.000015 (step -0.4999 Ne1=     33.0000)
                                                               Ne2=     28.0000
            Final RMS occupancy error   :  0.000000 (Ne1=     33.0000)
                                                     Ne2=     28.0000
            Final occupancy bounds spin 1: [ -0.000,  1.000]
            Final occupancy bounds spin 2: [ -0.000,  1.000]
================================================================================

    1        -2.275314213525E+02     2.2194E-03     1.3281E-03
      ideal mu1:      -1.095375000766
      ideal mu2:      -1.142608857308
             Q0:        -227.532177518484
             G0:      -0.001583784648
   RMS gradient:       0.001143633776
     Trial step:       0.301392720558
             Q1:        -227.532403074827
 Quadratic coef:       0.000251784821
 Linear coef   :      -0.000477341164
           Qmin:        -227.532403757883
Quadratic minimum step length (  0.285694649114) accepted
    Initial Ne1:      33.00000000
    Initial Ne2:      27.99999999
      Final Ne1:      33.00000000
      Final Ne2:      28.00000000

=================== Penalty functional idempotency correction ==================
 RMS occupancy error at iteration   1:  0.000016 (step -0.4999 Ne1=     33.0000)
                                                               Ne2=     28.0000
            Final RMS occupancy error   :  0.000000 (Ne1=     33.0000)
                                                     Ne2=     28.0000
            Final occupancy bounds spin 1: [ -0.000,  1.000]
            Final occupancy bounds spin 2: [ -0.000,  1.000]
================================================================================

    2        -2.275321775185E+02     1.1436E-03     6.7311E-04    -7.5617E-04
      ideal mu1:      -1.096757371560
      ideal mu2:      -1.143140590447
             Q0:        -227.532403577056
             G0:      -0.000507413348
   RMS gradient:       0.000644823410
     Trial step:       0.293438728775
             Q1:        -227.532484668705
 Quadratic coef:       0.000067803079
 Linear coef   :      -0.000148894728
           Qmin:        -227.532485319804
Quadratic minimum step length (  0.322193921541) accepted
    Initial Ne1:      33.00000000
    Initial Ne2:      27.99999999
      Final Ne1:      33.00000000
      Final Ne2:      28.00000000

=================== Penalty functional idempotency correction ==================
 RMS occupancy error at iteration   1:  0.000011 (step -0.5000 Ne1=     33.0000)
                                                               Ne2=     28.0000
            Final RMS occupancy error   :  0.000000 (Ne1=     33.0000)
                                                     Ne2=     28.0000
            Final occupancy bounds spin 1: [  0.000,  1.000]
            Final occupancy bounds spin 2: [  0.000,  1.000]
================================================================================

    3        -2.275324035771E+02     6.4482E-04     3.7229E-04    -2.2606E-04
      ideal mu1:      -1.098290943199
      ideal mu2:      -1.144300250713
             Q0:        -227.532485059401
             G0:      -0.000172061376
   RMS gradient:       0.000385974872
     Trial step:       0.307480364830
             Q1:        -227.532519217011
 Quadratic coef:       0.000018747885
 Linear coef   :      -0.000052905495
           Qmin:        -227.532522383496
Quadratic minimum step length (  0.433846291603) accepted
    Initial Ne1:      33.00000001
    Initial Ne2:      27.99999991
      Final Ne1:      33.00000000
      Final Ne2:      28.00000000

=================== Penalty functional idempotency correction ==================
 RMS occupancy error at iteration   1:  0.000008 (step -0.5000 Ne1=     33.0000)
                                                               Ne2=     28.0000
            Final RMS occupancy error   :  0.000000 (Ne1=     33.0000)
                                                     Ne2=     28.0000
            Final occupancy bounds spin 1: [  0.000,  1.000]
            Final occupancy bounds spin 2: [  0.000,  1.000]
================================================================================

    4        -2.275324850594E+02     3.8597E-04     2.1886E-04    -8.1482E-05
      ideal mu1:      -1.099348159945
      ideal mu2:      -1.145229136379
    5        -2.275325211763E+02     2.4881E-04     1.4186E-04    -3.6117E-05
Finished density kernel iterations (   5)

Writing density kernel to file "Fe_H2O_6_HighSpin_NGWFSP.dkn" ... done


>>> Density kernel optimised for the current NGWF basis:
     ~~~~~~~~~~~~~~~~~~~~~~~~~~~~~~~~~~~~~~~~~~~~~~~~~~~~~~~~~~~
     Total energy                =  -2.27532521176267E+02  Eh
     Estimated bandgap (UP spin) =   2.9094E-01  Eh
     Estimated bandgap (DN spin) =   9.4750E-02  Eh
     RMS occupancy error         =   5.7165E-10
     [H,K] commutator            =   1.4186E-04
     UP spin occupancy bounds    = [  0.000:  1.000]
     DN spin occupancy bounds    = [  0.000:  1.000]
     ~~~~~~~~~~~~~~~~~~~~~~~~~~~~~~~~~~~~~~~~~~~~~~~~~~~~~~~~~~~




################################################################################
########################### NGWF CG iteration  004 #############################
################################################################################
****** Reciprocal space K.E. preconditioning with k_zero =  3.0000 a0^-1 *******

>>> Checking for convergence of NGWFs:   NOT CONVERGED
  ========================================================================
         NGWF RMS gradient =  1.0888E-04 >  2.0000E-06  | above tolerance
  ========================================================================

>>> Improving NGWFs using line search:
============ Calculation of NGWF S^-1 using Hotelling algorithm ================ 
     Iteration  |  Spin  |  Frobenius norm and Maximum abs value (of I-S*S_n^-1)
         1           1      0.13916630E-01     0.21086510E-02
         1           2      0.13945212E-01     0.20991684E-02
         2           1      0.52450361E-04     0.80316790E-05
         2           2      0.52049861E-04     0.81086023E-05
         3           1      0.83760440E-09     0.12895618E-09
         3           2      0.81754574E-09     0.13024870E-09
         4           1      0.37189354E-14     0.88817842E-15
         4           2      0.33930189E-14     0.88817842E-15
================================================================================
============ Calculation of NGWF S^-1 using Hotelling algorithm ================ 
     Iteration  |  Spin  |  Frobenius norm and Maximum abs value (of I-S*S_n^-1)
         1           1      0.18218967E-02     0.27287685E-03
         1           2      0.18299400E-02     0.27210844E-03
         2           1      0.89098761E-06     0.13531558E-06
         2           2      0.89025044E-06     0.13707741E-06
         3           1      0.23832892E-12     0.37525538E-13
         3           2      0.23515819E-12     0.37747583E-13
================================================================================
------------------------------- NGWF line search -------------------------------
RMS gradient                =       0.00010887618535
Trial step length           =               0.644109
Gradient along search dir.  =         -0.01979818111
Functional at step 0        =    -227.53252117626695
Functional at step 1        =    -227.53956311619652
Functional predicted        =    -227.53964075815887
Selected quadratic step     =               0.719216
Conjugate gradients coeff.  =               0.355154
--------------------------- NGWF line search finished --------------------------
                                               
Writing NGWFs to file "Fe_H2O_6_HighSpin_NGWFSP.tightbox_ngwfs".... done

>>> Optimising kernel for current NGWFs:
   Initial electron number for spin 1:      33.01378540
   Initial electron number for spin 2:      28.01218451
     Final electron number for spin 1:      33.00000000
     Final electron number for spin 2:      28.00000000

=================== Penalty functional idempotency correction ==================
 RMS occupancy error at iteration   1:  0.000359 (step -0.4992 Ne1=     33.0000)
                                                               Ne2=     28.0000
 RMS occupancy error at iteration   2:  0.000000 (step -0.5000 Ne1=     33.0000)
                                                               Ne2=     28.0000
            Final RMS occupancy error   :  0.000000 (Ne1=     33.0000)
                                                     Ne2=     28.0000
            Final occupancy bounds spin 1: [  0.000,  1.000]
            Final occupancy bounds spin 2: [  0.000,  1.000]
================================================================================

................................................................................
<<<<<<<<<<<<<< LNV (Original version) density kernel optimisation >>>>>>>>>>>>>>
~~~~~~~~~~~~~~~~~~~~~~~~~~~~~~~~~~~~~~~~~~~~~~~~~~~~~~~~~~~~~~~~~~~~~~~~~~~~~~~~
   iter  |      energy (Eh)       | rms gradient |  commutator  |   dE (Eh)
      ideal mu1:      -1.103413452401
      ideal mu2:      -1.147937335808
             Q0:        -227.539633961851
             G0:      -0.000622839285
   RMS gradient:       0.000720289222
     Trial step:       0.365238574116
             Q1:        -227.539694533360
 Quadratic coef:       0.000166913423
 Linear coef   :      -0.000227484932
           Qmin:        -227.539711471187
Quadratic minimum step length (  0.248890325814) accepted
    Initial Ne1:      33.00000000
    Initial Ne2:      28.00000000
      Final Ne1:      33.00000000
      Final Ne2:      28.00000000

=================== Penalty functional idempotency correction ==================
 RMS occupancy error at iteration   1:  0.000001 (step -0.5000 Ne1=     33.0000)
                                                               Ne2=     28.0000
            Final RMS occupancy error   :  0.000000 (Ne1=     33.0000)
                                                     Ne2=     28.0000
            Final occupancy bounds spin 1: [  0.000,  1.000]
            Final occupancy bounds spin 2: [  0.000,  1.000]
================================================================================

    1        -2.275396339619E+02     7.2029E-04     4.2091E-04
      ideal mu1:      -1.101284134755
      ideal mu2:      -1.146257670436
             Q0:        -227.539710001996
             G0:      -0.000199207648
   RMS gradient:       0.000399431648
     Trial step:       0.301503478772
             Q1:        -227.539737971039
 Quadratic coef:       0.000032092756
 Linear coef   :      -0.000060061799
           Qmin:        -227.539738103507
Quadratic minimum step length (  0.282132849648) accepted
    Initial Ne1:      33.00000000
    Initial Ne2:      28.00000000
      Final Ne1:      33.00000000
      Final Ne2:      28.00000000

=================== Penalty functional idempotency correction ==================
 RMS occupancy error at iteration   1:  0.000002 (step -0.5000 Ne1=     33.0000)
                                                               Ne2=     28.0000
            Final RMS occupancy error   :  0.000000 (Ne1=     33.0000)
                                                     Ne2=     28.0000
            Final occupancy bounds spin 1: [  0.000,  1.000]
            Final occupancy bounds spin 2: [  0.000,  1.000]
================================================================================

    2        -2.275397100020E+02     3.9943E-04     2.3232E-04    -7.6040E-05
      ideal mu1:      -1.100048819960
      ideal mu2:      -1.145238217474
             Q0:        -227.539737890552
             G0:      -0.000055545053
   RMS gradient:       0.000203696153
     Trial step:       0.291657394291
             Q1:        -227.539746021815
 Quadratic coef:       0.000008068862
 Linear coef   :      -0.000016200125
           Qmin:        -227.539746021936
Quadratic minimum step length (  0.292785168984) accepted
    Initial Ne1:      33.00000000
    Initial Ne2:      28.00000000
      Final Ne1:      33.00000000
      Final Ne2:      28.00000000

=================== Penalty functional idempotency correction ==================
 RMS occupancy error at iteration   1:  0.000001 (step -0.5000 Ne1=     33.0000)
                                                               Ne2=     28.0000
            Final RMS occupancy error   :  0.000000 (Ne1=     33.0000)
                                                     Ne2=     28.0000
            Final occupancy bounds spin 1: [  0.000,  1.000]
            Final occupancy bounds spin 2: [  0.000,  1.000]
================================================================================

    3        -2.275397378906E+02     2.0370E-04     1.1809E-04    -2.7889E-05
      ideal mu1:      -1.099737845302
      ideal mu2:      -1.145032895817
             Q0:        -227.539746021577
             G0:      -0.000012398218
   RMS gradient:       0.000102482031
     Trial step:       0.292220737582
             Q1:        -227.539749182964
 Quadratic coef:       0.000000461630
 Linear coef   :      -0.000003623017
           Qmin:        -227.539753130226
Quadratic minimum step length (  1.146721027928) accepted
    Initial Ne1:      33.00000000
    Initial Ne2:      28.00000000
      Final Ne1:      33.00000000
      Final Ne2:      28.00000000

=================== Penalty functional idempotency correction ==================
 RMS occupancy error at iteration   1:  0.000002 (step -0.5000 Ne1=     33.0000)
                                                               Ne2=     28.0000
            Final RMS occupancy error   :  0.000000 (Ne1=     33.0000)
                                                     Ne2=     28.0000
            Final occupancy bounds spin 1: [  0.000,  1.000]
            Final occupancy bounds spin 2: [  0.000,  1.000]
================================================================================

    4        -2.275397460216E+02     1.0248E-04     5.8548E-05    -8.1310E-06
      ideal mu1:      -1.099722641974
      ideal mu2:      -1.145202973118
    5        -2.275397434581E+02     2.4795E-04     1.3921E-04     2.5635E-06
Finished density kernel iterations (   5)

Writing density kernel to file "Fe_H2O_6_HighSpin_NGWFSP.dkn" ... done


>>> Density kernel optimised for the current NGWF basis:
     ~~~~~~~~~~~~~~~~~~~~~~~~~~~~~~~~~~~~~~~~~~~~~~~~~~~~~~~~~~~
     Total energy                =  -2.27539743458085E+02  Eh
     Estimated bandgap (UP spin) =   2.9057E-01  Eh
     Estimated bandgap (DN spin) =   9.3536E-02  Eh
     RMS occupancy error         =   6.8299E-11
     [H,K] commutator            =   1.3921E-04
     UP spin occupancy bounds    = [  0.000:  1.000]
     DN spin occupancy bounds    = [  0.000:  1.000]
     ~~~~~~~~~~~~~~~~~~~~~~~~~~~~~~~~~~~~~~~~~~~~~~~~~~~~~~~~~~~




################################################################################
########################### NGWF CG iteration  005 #############################
################################################################################
****** Reciprocal space K.E. preconditioning with k_zero =  3.0000 a0^-1 *******

>>> Checking for convergence of NGWFs:   NOT CONVERGED
  ========================================================================
         NGWF RMS gradient =  5.7333E-05 >  2.0000E-06  | above tolerance
  ========================================================================

>>> Improving NGWFs using line search:
============ Calculation of NGWF S^-1 using Hotelling algorithm ================ 
     Iteration  |  Spin  |  Frobenius norm and Maximum abs value (of I-S*S_n^-1)
         1           1      0.67930575E-02     0.99623145E-03
         1           2      0.64871910E-02     0.10007812E-02
         2           1      0.12559825E-04     0.16597095E-05
         2           2      0.11729900E-04     0.16720231E-05
         3           1      0.52131686E-10     0.61047452E-11
         3           2      0.44944824E-10     0.60091931E-11
         4           1      0.36351047E-14     0.11102230E-14
         4           2      0.34967295E-14     0.77715612E-15
================================================================================
============ Calculation of NGWF S^-1 using Hotelling algorithm ================ 
     Iteration  |  Spin  |  Frobenius norm and Maximum abs value (of I-S*S_n^-1)
         1           1      0.28882268E-03     0.41778598E-04
         1           2      0.27812611E-03     0.42004079E-04
         2           1      0.23015922E-07     0.30489049E-08
         2           2      0.21683972E-07     0.30806360E-08
         3           1      0.36397134E-14     0.88817842E-15
         3           2      0.30526076E-14     0.66613381E-15
================================================================================
------------------------------- NGWF line search -------------------------------
RMS gradient                =       0.00005733297732
Trial step length           =               0.680627
Gradient along search dir.  =         -0.00520057909
Functional at step 0        =    -227.53974345808456
Functional at step 1        =    -227.54143949602275
Functional predicted        =    -227.54144244939550
Selected quadratic step     =               0.653385
Conjugate gradients coeff.  =               0.000000
--------------------------- NGWF line search finished --------------------------
                                               
Writing NGWFs to file "Fe_H2O_6_HighSpin_NGWFSP.tightbox_ngwfs".... done

>>> Optimising kernel for current NGWFs:
   Initial electron number for spin 1:      33.00092589
   Initial electron number for spin 2:      28.00130605
     Final electron number for spin 1:      33.00000000
     Final electron number for spin 2:      28.00000000

=================== Penalty functional idempotency correction ==================
 RMS occupancy error at iteration   1:  0.000136 (step -0.5000 Ne1=     33.0000)
                                                               Ne2=     28.0000
            Final RMS occupancy error   :  0.000000 (Ne1=     33.0000)
                                                     Ne2=     28.0000
            Final occupancy bounds spin 1: [  0.000,  1.000]
            Final occupancy bounds spin 2: [  0.000,  1.000]
================================================================================

................................................................................
<<<<<<<<<<<<<< LNV (Original version) density kernel optimisation >>>>>>>>>>>>>>
~~~~~~~~~~~~~~~~~~~~~~~~~~~~~~~~~~~~~~~~~~~~~~~~~~~~~~~~~~~~~~~~~~~~~~~~~~~~~~~~
   iter  |      energy (Eh)       | rms gradient |  commutator  |   dE (Eh)
      ideal mu1:      -1.097921735142
      ideal mu2:      -1.144014716080
             Q0:        -227.541442947488
             G0:      -0.000201644005
   RMS gradient:       0.000409837388
     Trial step:       0.578874480852
             Q1:        -227.541430373777
 Quadratic coef:       0.000129300279
 Linear coef   :      -0.000116726568
           Qmin:        -227.541469291383
Quadratic minimum step length (  0.261291128308) accepted
    Initial Ne1:      32.99999593
    Initial Ne2:      27.99999836
      Final Ne1:      33.00000000
      Final Ne2:      28.00000000

=================== Penalty functional idempotency correction ==================
 RMS occupancy error at iteration   1:  0.000001 (step -0.5000 Ne1=     33.0000)
                                                               Ne2=     28.0000
            Final RMS occupancy error   :  0.000000 (Ne1=     33.0000)
                                                     Ne2=     28.0000
            Final occupancy bounds spin 1: [  0.000,  1.000]
            Final occupancy bounds spin 2: [  0.000,  1.000]
================================================================================

    1        -2.275414429475E+02     4.0984E-04     2.4401E-04
      ideal mu1:      -1.098688952686
      ideal mu2:      -1.144410471106
             Q0:        -227.541468636030
             G0:      -0.000066105550
   RMS gradient:       0.000232286295
     Trial step:       0.388914857328
             Q1:        -227.541479611630
 Quadratic coef:       0.000014733830
 Linear coef   :      -0.000025709430
           Qmin:        -227.541479851288
Quadratic minimum step length (  0.339313656964) accepted
    Initial Ne1:      32.99999830
    Initial Ne2:      27.99999931
      Final Ne1:      33.00000000
      Final Ne2:      28.00000000

=================== Penalty functional idempotency correction ==================
 RMS occupancy error at iteration   1:  0.000001 (step -0.5000 Ne1=     33.0000)
                                                               Ne2=     28.0000
            Final RMS occupancy error   :  0.000000 (Ne1=     33.0000)
                                                     Ne2=     28.0000
            Final occupancy bounds spin 1: [  0.000,  1.000]
            Final occupancy bounds spin 2: [  0.000,  1.000]
================================================================================

    2        -2.275414686360E+02     2.3229E-04     1.3609E-04    -2.5689E-05
      ideal mu1:      -1.099172100349
      ideal mu2:      -1.144764967052
             Q0:        -227.541479790400
             G0:      -0.000025576264
   RMS gradient:       0.000143982118
     Trial step:       0.363268664335
             Q1:        -227.541483177898
 Quadratic coef:       0.000005903557
 Linear coef   :      -0.000009291055
           Qmin:        -227.541483445981
Quadratic minimum step length (  0.285857255859) accepted
    Initial Ne1:      32.99999945
    Initial Ne2:      27.99999978
      Final Ne1:      33.00000000
      Final Ne2:      28.00000000

=================== Penalty functional idempotency correction ==================
 RMS occupancy error at iteration   1:  0.000001 (step -0.5000 Ne1=     33.0000)
                                                               Ne2=     28.0000
            Final RMS occupancy error   :  0.000000 (Ne1=     33.0000)
                                                     Ne2=     28.0000
            Final occupancy bounds spin 1: [  0.000,  1.000]
            Final occupancy bounds spin 2: [  0.000,  1.000]
================================================================================

    3        -2.275414797904E+02     1.4398E-04     8.2493E-05    -1.1154E-05
      ideal mu1:      -1.099446308330
      ideal mu2:      -1.144974983431
             Q0:        -227.541483522469
             G0:      -0.000006749018
   RMS gradient:       0.000078146014
     Trial step:       0.322246774268
             Q1:        -227.541485162117
 Quadratic coef:       0.000000535201
 Linear coef   :      -0.000002174849
           Qmin:        -227.541485731904
Quadratic minimum step length (  0.654742806982) accepted
    Initial Ne1:      32.99999963
    Initial Ne2:      27.99999985
      Final Ne1:      33.00000000
      Final Ne2:      28.00000000

=================== Penalty functional idempotency correction ==================
 RMS occupancy error at iteration   1:  0.000001 (step -0.5000 Ne1=     33.0000)
                                                               Ne2=     28.0000
            Final RMS occupancy error   :  0.000000 (Ne1=     33.0000)
                                                     Ne2=     28.0000
            Final occupancy bounds spin 1: [  0.000,  1.000]
            Final occupancy bounds spin 2: [  0.000,  1.000]
================================================================================

    4        -2.275414835225E+02     7.8146E-05     4.4332E-05    -3.7321E-06
      ideal mu1:      -1.099631956779
      ideal mu2:      -1.145161020804
    5        -2.275414850918E+02     8.5287E-05     4.7334E-05    -1.5693E-06
Finished density kernel iterations (   5)

Writing density kernel to file "Fe_H2O_6_HighSpin_NGWFSP.dkn" ... done


>>> Density kernel optimised for the current NGWF basis:
     ~~~~~~~~~~~~~~~~~~~~~~~~~~~~~~~~~~~~~~~~~~~~~~~~~~~~~~~~~~~
     Total energy                =  -2.27541485091775E+02  Eh
     Estimated bandgap (UP spin) =   2.8924E-01  Eh
     Estimated bandgap (DN spin) =   9.3405E-02  Eh
     RMS occupancy error         =   2.7340E-12
     [H,K] commutator            =   4.7334E-05
     UP spin occupancy bounds    = [  0.000:  1.000]
     DN spin occupancy bounds    = [  0.000:  1.000]
     ~~~~~~~~~~~~~~~~~~~~~~~~~~~~~~~~~~~~~~~~~~~~~~~~~~~~~~~~~~~


================================================================================
           ---------------- ENERGY COMPONENTS (Eh) ----------------
           | Kinetic                    :       63.25091122387450 |
           | Core Hartree               :     -936.32415549762732 |
           | CoreHart (non-coul chg cor):        0.00182615377240
           | Hartree                    :      416.52523654719079 |
           | Exchange-correlation       :      -24.20947867788867 |
           | Ewald                      :      257.86092542490553 |
           | Dij0                       :        2.48001880165053 |
           | Dijhartree                 :       11.00658192611354 |
           | Exc [AE core]              :     -107.72102730042781 |
           | Exc DC [AE core]           :      -49.55814435880688 |
           | Exc [PS core]              :      -21.26962563402962 |
           | Exc DC [PS core]           :      -28.14070743032935 |
           | Exc [Core]                 :      -68.31987682640438 |
           | Total [Sphere]             :       -4.64492411222973 |
           | Total                      :     -227.54148509177492 |
           --------------------------------------------------------
           ------ LOCAL ENERGY COMPONENTS FROM MATRIX TRACES ------
           | Core Hartree               :     -936.32415549762743 |
           | Hartree (Valence)          :      416.52523654719437 |
           --------------------------------------------------------
           Integrated compensation chrg.:       12.45821285914325
           Integrated density           :       60.99999874658304
           Integrated spin density      :        4.99999995592048
           Integrated |spin density|    :        5.03470477222936
           Local density approx. <S^2>  :        8.76735240815510
           Integrated density tr(KS)    :       61.00000000000000
           Integrated spin tr(KS)       :        5.00000000000000
================================================================================




################################################################################
########################### NGWF CG iteration  006 #############################
################################################################################
****** Reciprocal space K.E. preconditioning with k_zero =  3.0000 a0^-1 *******

>>> Checking for convergence of NGWFs:   NOT CONVERGED
  ========================================================================
         NGWF RMS gradient =  3.5890E-05 >  2.0000E-06  | above tolerance
  ========================================================================

>>> Improving NGWFs using line search:
============ Calculation of NGWF S^-1 using Hotelling algorithm ================ 
     Iteration  |  Spin  |  Frobenius norm and Maximum abs value (of I-S*S_n^-1)
         1           1      0.88236338E-02     0.12564366E-02
         1           2      0.86613447E-02     0.12691983E-02
         2           1      0.22454950E-04     0.29633538E-05
         2           2      0.21630558E-04     0.29153610E-05
         3           1      0.16740339E-09     0.20857427E-10
         3           2      0.15368530E-09     0.19190707E-10
         4           1      0.32543270E-14     0.88817842E-15
         4           2      0.35330045E-14     0.88817842E-15
================================================================================
============ Calculation of NGWF S^-1 using Hotelling algorithm ================ 
     Iteration  |  Spin  |  Frobenius norm and Maximum abs value (of I-S*S_n^-1)
         1           1      0.29010439E-02     0.40207677E-03
         1           2      0.28736084E-02     0.40651407E-03
         2           1      0.24278051E-05     0.33835412E-06
         2           2      0.23647609E-05     0.33063597E-06
         3           1      0.19232512E-11     0.25301983E-12
         3           2      0.18029300E-11     0.23636648E-12
================================================================================
------------------------------- NGWF line search -------------------------------
RMS gradient                =       0.00003588976177
Trial step length           =               0.666867
Gradient along search dir.  =         -0.00206170217
Functional at step 0        =    -227.54148509177523
Functional at step 1        =    -227.54232817445984
Functional predicted        =    -227.54237372630749
Selected quadratic step     =               0.862040
Conjugate gradients coeff.  =               0.391861
--------------------------- NGWF line search finished --------------------------
                                               
Writing NGWFs to file "Fe_H2O_6_HighSpin_NGWFSP.tightbox_ngwfs".... done

>>> Optimising kernel for current NGWFs:
   Initial electron number for spin 1:      33.00135992
   Initial electron number for spin 2:      28.00147253
     Final electron number for spin 1:      33.00000000
     Final electron number for spin 2:      28.00000000

=================== Penalty functional idempotency correction ==================
 RMS occupancy error at iteration   1:  0.000211 (step -0.5000 Ne1=     33.0000)
                                                               Ne2=     28.0000
 RMS occupancy error at iteration   2:  0.000000 (step -0.5000 Ne1=     33.0000)
                                                               Ne2=     28.0000
            Final RMS occupancy error   :  0.000000 (Ne1=     33.0000)
                                                     Ne2=     28.0000
            Final occupancy bounds spin 1: [  0.000,  1.000]
            Final occupancy bounds spin 2: [  0.000,  1.000]
================================================================================

................................................................................
<<<<<<<<<<<<<< LNV (Original version) density kernel optimisation >>>>>>>>>>>>>>
~~~~~~~~~~~~~~~~~~~~~~~~~~~~~~~~~~~~~~~~~~~~~~~~~~~~~~~~~~~~~~~~~~~~~~~~~~~~~~~~
   iter  |      energy (Eh)       | rms gradient |  commutator  |   dE (Eh)
      ideal mu1:      -1.100984733836
      ideal mu2:      -1.145986616725
             Q0:        -227.542371537691
             G0:      -0.000091433015
   RMS gradient:       0.000275975442
     Trial step:       0.459335125508
             Q1:        -227.542375797300
 Quadratic coef:       0.000037738786
 Linear coef   :      -0.000041998395
           Qmin:        -227.542383222389
Quadratic minimum step length (  0.255590340607) accepted
    Initial Ne1:      33.00000000
    Initial Ne2:      28.00000000
      Final Ne1:      33.00000000
      Final Ne2:      28.00000000

=================== Penalty functional idempotency correction ==================
 RMS occupancy error at iteration   1:  0.000000 (step -0.5000 Ne1=     33.0000)
                                                               Ne2=     28.0000
            Final RMS occupancy error   :  0.000000 (Ne1=     33.0000)
                                                     Ne2=     28.0000
            Final occupancy bounds spin 1: [  0.000,  1.000]
            Final occupancy bounds spin 2: [  0.000,  1.000]
================================================================================

    1        -2.275423715377E+02     2.7598E-04     1.6112E-04
      ideal mu1:      -1.100357886445
      ideal mu2:      -1.145545485190
             Q0:        -227.542382931696
             G0:      -0.000031065347
   RMS gradient:       0.000158436035
     Trial step:       0.342639199715
             Q1:        -227.542388116915
 Quadratic coef:       0.000005458987
 Linear coef   :      -0.000010644206
           Qmin:        -227.542388120348
Quadratic minimum step length (  0.334047541378) accepted
    Initial Ne1:      33.00000000
    Initial Ne2:      28.00000000
      Final Ne1:      33.00000000
      Final Ne2:      28.00000000

=================== Penalty functional idempotency correction ==================
 RMS occupancy error at iteration   1:  0.000000 (step -0.5000 Ne1=     33.0000)
                                                               Ne2=     28.0000
            Final RMS occupancy error   :  0.000000 (Ne1=     33.0000)
                                                     Ne2=     28.0000
            Final occupancy bounds spin 1: [  0.000,  1.000]
            Final occupancy bounds spin 2: [  0.000,  1.000]
================================================================================

    2        -2.275423829317E+02     1.5844E-04     9.2637E-05    -1.1394E-05
      ideal mu1:      -1.099950997743
      ideal mu2:      -1.145240696583
             Q0:        -227.542388104491
             G0:      -0.000009236001
   RMS gradient:       0.000082780746
     Trial step:       0.338316098116
             Q1:        -227.542389063237
 Quadratic coef:       0.000002165941
 Linear coef   :      -0.000003124688
           Qmin:        -227.542389231446
Quadratic minimum step length (  0.244035278716) accepted
    Initial Ne1:      33.00000000
    Initial Ne2:      28.00000000
      Final Ne1:      33.00000000
      Final Ne2:      28.00000000

=================== Penalty functional idempotency correction ==================
 RMS occupancy error at iteration   1:  0.000000 (step -0.5000 Ne1=     33.0000)
                                                               Ne2=     28.0000
            Final RMS occupancy error   :  0.000000 (Ne1=     33.0000)
                                                     Ne2=     28.0000
            Final occupancy bounds spin 1: [  0.000,  1.000]
            Final occupancy bounds spin 2: [  0.000,  1.000]
================================================================================

    3        -2.275423881045E+02     8.2781E-05     4.7907E-05    -5.1728E-06
      ideal mu1:      -1.099879045043
      ideal mu2:      -1.145190848321
             Q0:        -227.542389230899
             G0:      -0.000001198654
   RMS gradient:       0.000031577123
     Trial step:       0.287334410222
             Q1:        -227.542389624160
 Quadratic coef:      -0.000000048847
 Linear coef   :      -0.000000344415
         Quadratic fit unsuccessful: proceeding to cubic fit
             Q2:        -227.542389794696
  Cubic LS coeff:       0.531140282529
Predicted energy:    -227.542389802210
Cubic minimum step length accepted
    Initial Ne1:      33.00000000
    Initial Ne2:      28.00000000
      Final Ne1:      33.00000000
      Final Ne2:      28.00000000

=================== Penalty functional idempotency correction ==================
 RMS occupancy error at iteration   1:  0.000000 (step -0.5000 Ne1=     33.0000)
                                                               Ne2=     28.0000
            Final RMS occupancy error   :  0.000000 (Ne1=     33.0000)
                                                     Ne2=     28.0000
            Final occupancy bounds spin 1: [  0.000,  1.000]
            Final occupancy bounds spin 2: [  0.000,  1.000]
================================================================================

    4        -2.275423892309E+02     3.1577E-05     1.7832E-05    -1.1264E-06
      ideal mu1:      -1.099892506341
      ideal mu2:      -1.145212038425
    5        -2.275423897832E+02     2.2239E-05     1.2507E-05    -5.5228E-07
Finished density kernel iterations (   5)

Writing density kernel to file "Fe_H2O_6_HighSpin_NGWFSP.dkn" ... done


>>> Density kernel optimised for the current NGWF basis:
     ~~~~~~~~~~~~~~~~~~~~~~~~~~~~~~~~~~~~~~~~~~~~~~~~~~~~~~~~~~~
     Total energy                =  -2.27542389783175E+02  Eh
     Estimated bandgap (UP spin) =   2.8837E-01  Eh
     Estimated bandgap (DN spin) =   9.2382E-02  Eh
     RMS occupancy error         =   2.7542E-14
     [H,K] commutator            =   1.2507E-05
     UP spin occupancy bounds    = [  0.000:  1.000]
     DN spin occupancy bounds    = [  0.000:  1.000]
     ~~~~~~~~~~~~~~~~~~~~~~~~~~~~~~~~~~~~~~~~~~~~~~~~~~~~~~~~~~~




################################################################################
########################### NGWF CG iteration  007 #############################
################################################################################
****** Reciprocal space K.E. preconditioning with k_zero =  3.0000 a0^-1 *******

>>> Checking for convergence of NGWFs:   NOT CONVERGED
  ========================================================================
         NGWF RMS gradient =  2.4790E-05 >  2.0000E-06  | above tolerance
  ========================================================================

>>> Improving NGWFs using line search:
============ Calculation of NGWF S^-1 using Hotelling algorithm ================ 
     Iteration  |  Spin  |  Frobenius norm and Maximum abs value (of I-S*S_n^-1)
         1           1      0.11839103E-01     0.16039948E-02
         1           2      0.11744499E-01     0.16219386E-02
         2           1      0.40838548E-04     0.57406785E-05
         2           2      0.40027397E-04     0.56211879E-05
         3           1      0.55000303E-09     0.72947648E-10
         3           2      0.52391523E-09     0.69360739E-10
         4           1      0.33799791E-14     0.88817842E-15
         4           2      0.32901811E-14     0.66613381E-15
================================================================================
============ Calculation of NGWF S^-1 using Hotelling algorithm ================ 
     Iteration  |  Spin  |  Frobenius norm and Maximum abs value (of I-S*S_n^-1)
         1           1      0.12088380E-02     0.17805626E-03
         1           2      0.12079522E-02     0.17972419E-03
         2           1      0.42181796E-06     0.62318080E-07
         2           2      0.41734648E-06     0.61720027E-07
         3           1      0.57721713E-13     0.87707619E-14
         3           2      0.55767506E-13     0.84376950E-14
================================================================================
------------------------------- NGWF line search -------------------------------
RMS gradient                =       0.00002479016504
Trial step length           =               0.758199
Gradient along search dir.  =         -0.00099068619
Functional at step 0        =    -227.54238978317454
Functional at step 1        =    -227.54279649820108
Functional predicted        =    -227.54279931478030
Selected quadratic step     =               0.826764
Conjugate gradients coeff.  =               0.477109
--------------------------- NGWF line search finished --------------------------
                                               
Writing NGWFs to file "Fe_H2O_6_HighSpin_NGWFSP.tightbox_ngwfs".... done

>>> Optimising kernel for current NGWFs:
   Initial electron number for spin 1:      33.00150378
   Initial electron number for spin 2:      28.00155371
     Final electron number for spin 1:      33.00000000
     Final electron number for spin 2:      28.00000000

=================== Penalty functional idempotency correction ==================
 RMS occupancy error at iteration   1:  0.000223 (step -0.4999 Ne1=     33.0000)
                                                               Ne2=     28.0000
 RMS occupancy error at iteration   2:  0.000000 (step -0.5000 Ne1=     33.0000)
                                                               Ne2=     28.0000
            Final RMS occupancy error   :  0.000000 (Ne1=     33.0000)
                                                     Ne2=     28.0000
            Final occupancy bounds spin 1: [  0.000,  1.000]
            Final occupancy bounds spin 2: [  0.000,  1.000]
================================================================================

................................................................................
<<<<<<<<<<<<<< LNV (Original version) density kernel optimisation >>>>>>>>>>>>>>
~~~~~~~~~~~~~~~~~~~~~~~~~~~~~~~~~~~~~~~~~~~~~~~~~~~~~~~~~~~~~~~~~~~~~~~~~~~~~~~~
   iter  |      energy (Eh)       | rms gradient |  commutator  |   dE (Eh)
      ideal mu1:      -1.099317878518
      ideal mu2:      -1.144970989780
             Q0:        -227.542796810950
             G0:      -0.000057548160
   RMS gradient:       0.000218944801
     Trial step:       0.390659544650
             Q1:        -227.542805257512
 Quadratic coef:       0.000014035176
 Linear coef   :      -0.000022481738
           Qmin:        -227.542805813839
Quadratic minimum step length (  0.312881912069) accepted
    Initial Ne1:      33.00000000
    Initial Ne2:      28.00000000
      Final Ne1:      33.00000000
      Final Ne2:      28.00000000

=================== Penalty functional idempotency correction ==================
 RMS occupancy error at iteration   1:  0.000000 (step -0.5000 Ne1=     33.0000)
                                                               Ne2=     28.0000
            Final RMS occupancy error   :  0.000000 (Ne1=     33.0000)
                                                     Ne2=     28.0000
            Final occupancy bounds spin 1: [  0.000,  1.000]
            Final occupancy bounds spin 2: [  0.000,  1.000]
================================================================================

    1        -2.275427968109E+02     2.1894E-04     1.2931E-04
      ideal mu1:      -1.099621620191
      ideal mu2:      -1.145064353885
             Q0:        -227.542805578928
             G0:      -0.000020744112
   RMS gradient:       0.000125053838
     Trial step:       0.349614509565
             Q1:        -227.542808298324
 Quadratic coef:       0.000004533046
 Linear coef   :      -0.000007252443
           Qmin:        -227.542808479732
Quadratic minimum step length (  0.279674992042) accepted
    Initial Ne1:      33.00000000
    Initial Ne2:      28.00000000
      Final Ne1:      33.00000000
      Final Ne2:      28.00000000

=================== Penalty functional idempotency correction ==================
 RMS occupancy error at iteration   1:  0.000000 (step -0.5000 Ne1=     33.0000)
                                                               Ne2=     28.0000
            Final RMS occupancy error   :  0.000000 (Ne1=     33.0000)
                                                     Ne2=     28.0000
            Final occupancy bounds spin 1: [  0.000,  1.000]
            Final occupancy bounds spin 2: [  0.000,  1.000]
================================================================================

    2        -2.275428055789E+02     1.2505E-04     7.1790E-05    -8.7680E-06
      ideal mu1:      -1.099728648691
      ideal mu2:      -1.145106653563
             Q0:        -227.542808426826
             G0:      -0.000006138999
   RMS gradient:       0.000068791834
     Trial step:       0.312695435177
             Q1:        -227.542809602513
 Quadratic coef:       0.000000743950
 Linear coef   :      -0.000001919637
           Qmin:        -227.542809665151
Quadratic minimum step length (  0.403429040378) accepted
    Initial Ne1:      33.00000000
    Initial Ne2:      28.00000000
      Final Ne1:      33.00000000
      Final Ne2:      28.00000000

=================== Penalty functional idempotency correction ==================
 RMS occupancy error at iteration   1:  0.000000 (step -0.5000 Ne1=     33.0000)
                                                               Ne2=     28.0000
            Final RMS occupancy error   :  0.000000 (Ne1=     33.0000)
                                                     Ne2=     28.0000
            Final occupancy bounds spin 1: [  0.000,  1.000]
            Final occupancy bounds spin 2: [  0.000,  1.000]
================================================================================

    3        -2.275428084268E+02     6.8792E-05     3.9125E-05    -2.8479E-06
      ideal mu1:      -1.099900383218
      ideal mu2:      -1.145245353896
             Q0:        -227.542809587858
             G0:      -0.000002835569
   RMS gradient:       0.000058087101
     Trial step:       0.355176603036
             Q1:        -227.542810095703
 Quadratic coef:       0.000000499283
 Linear coef   :      -0.000001007128
           Qmin:        -227.542810095740
Quadratic minimum step length (  0.358221741236) accepted
    Initial Ne1:      33.00000000
    Initial Ne2:      28.00000000
      Final Ne1:      33.00000000
      Final Ne2:      28.00000000

=================== Penalty functional idempotency correction ==================
 RMS occupancy error at iteration   1:  0.000000 (step -0.5000 Ne1=     33.0000)
                                                               Ne2=     28.0000
            Final RMS occupancy error   :  0.000000 (Ne1=     33.0000)
                                                     Ne2=     28.0000
            Final occupancy bounds spin 1: [  0.000,  1.000]
            Final occupancy bounds spin 2: [  0.000,  1.000]
================================================================================

    4        -2.275428095879E+02     5.8087E-05     3.2696E-05    -1.1610E-06
      ideal mu1:      -1.099994210992
      ideal mu2:      -1.145327981203
    5        -2.275428100939E+02     3.4413E-05     1.9732E-05    -5.0606E-07
Finished density kernel iterations (   5)

Writing density kernel to file "Fe_H2O_6_HighSpin_NGWFSP.dkn" ... done


>>> Density kernel optimised for the current NGWF basis:
     ~~~~~~~~~~~~~~~~~~~~~~~~~~~~~~~~~~~~~~~~~~~~~~~~~~~~~~~~~~~
     Total energy                =  -2.27542810093916E+02  Eh
     Estimated bandgap (UP spin) =   2.8641E-01  Eh
     Estimated bandgap (DN spin) =   9.2722E-02  Eh
     RMS occupancy error         =   1.4285E-13
     [H,K] commutator            =   1.9732E-05
     UP spin occupancy bounds    = [  0.000:  1.000]
     DN spin occupancy bounds    = [  0.000:  1.000]
     ~~~~~~~~~~~~~~~~~~~~~~~~~~~~~~~~~~~~~~~~~~~~~~~~~~~~~~~~~~~




################################################################################
########################### NGWF CG iteration  008 #############################
################################################################################
****** Reciprocal space K.E. preconditioning with k_zero =  3.0000 a0^-1 *******

>>> Checking for convergence of NGWFs:   NOT CONVERGED
  ========================================================================
         NGWF RMS gradient =  1.2997E-05 >  2.0000E-06  | above tolerance
  ========================================================================

>>> Improving NGWFs using line search:
============ Calculation of NGWF S^-1 using Hotelling algorithm ================ 
     Iteration  |  Spin  |  Frobenius norm and Maximum abs value (of I-S*S_n^-1)
         1           1      0.90613115E-02     0.12233091E-02
         1           2      0.90357670E-02     0.12392512E-02
         2           1      0.23998453E-04     0.33076200E-05
         2           2      0.23796658E-04     0.32488810E-05
         3           1      0.19176880E-09     0.25033198E-10
         3           2      0.18781940E-09     0.24298674E-10
         4           1      0.40058213E-14     0.12212453E-14
         4           2      0.34846526E-14     0.88817842E-15
================================================================================
============ Calculation of NGWF S^-1 using Hotelling algorithm ================ 
     Iteration  |  Spin  |  Frobenius norm and Maximum abs value (of I-S*S_n^-1)
         1           1      0.84092763E-03     0.11765785E-03
         1           2      0.84351628E-03     0.11852379E-03
         2           1      0.20575335E-06     0.29505092E-07
         2           2      0.20536769E-06     0.29236049E-07
         3           1      0.14118173E-13     0.29976022E-14
         3           2      0.14372475E-13     0.24424907E-14
================================================================================
------------------------------- NGWF line search -------------------------------
RMS gradient                =       0.00001299687771
Trial step length           =               0.791739
Gradient along search dir.  =         -0.00027704885
Functional at step 0        =    -227.54281009391579
Functional at step 1        =    -227.54292824629249
Functional predicted        =    -227.54292895640040
Selected quadratic step     =               0.858062
Conjugate gradients coeff.  =               0.274865
--------------------------- NGWF line search finished --------------------------
                                               
Writing NGWFs to file "Fe_H2O_6_HighSpin_NGWFSP.tightbox_ngwfs".... done

>>> Optimising kernel for current NGWFs:
   Initial electron number for spin 1:      33.00148697
   Initial electron number for spin 2:      28.00165149
     Final electron number for spin 1:      33.00000000
     Final electron number for spin 2:      28.00000000

=================== Penalty functional idempotency correction ==================
 RMS occupancy error at iteration   1:  0.000182 (step -0.4999 Ne1=     33.0000)
                                                               Ne2=     28.0000
 RMS occupancy error at iteration   2:  0.000000 (step -0.5000 Ne1=     33.0000)
                                                               Ne2=     28.0000
            Final RMS occupancy error   :  0.000000 (Ne1=     33.0000)
                                                     Ne2=     28.0000
            Final occupancy bounds spin 1: [  0.000,  1.000]
            Final occupancy bounds spin 2: [  0.000,  1.000]
================================================================================

................................................................................
<<<<<<<<<<<<<< LNV (Original version) density kernel optimisation >>>>>>>>>>>>>>
~~~~~~~~~~~~~~~~~~~~~~~~~~~~~~~~~~~~~~~~~~~~~~~~~~~~~~~~~~~~~~~~~~~~~~~~~~~~~~~~
   iter  |      energy (Eh)       | rms gradient |  commutator  |   dE (Eh)
      ideal mu1:      -1.100244088264
      ideal mu2:      -1.145673794140
             Q0:        -227.542927674245
             G0:      -0.000026511993
   RMS gradient:       0.000148607287
     Trial step:       0.356695922581
             Q1:        -227.542930774495
 Quadratic coef:       0.000006356470
 Linear coef   :      -0.000009456720
           Qmin:        -227.542931191509
Quadratic minimum step length (  0.265333858980) accepted
    Initial Ne1:      33.00000000
    Initial Ne2:      28.00000000
      Final Ne1:      33.00000000
      Final Ne2:      28.00000000

=================== Penalty functional idempotency correction ==================
 RMS occupancy error at iteration   1:  0.000000 (step -0.5000 Ne1=     33.0000)
                                                               Ne2=     28.0000
            Final RMS occupancy error   :  0.000000 (Ne1=     33.0000)
                                                     Ne2=     28.0000
            Final occupancy bounds spin 1: [  0.000,  1.000]
            Final occupancy bounds spin 2: [  0.000,  1.000]
================================================================================

    1        -2.275429276742E+02     1.4861E-04     8.5685E-05
      ideal mu1:      -1.100088488658
      ideal mu2:      -1.145458395988
             Q0:        -227.542930819463
             G0:      -0.000005154014
   RMS gradient:       0.000057307737
     Trial step:       0.307641846342
             Q1:        -227.542931213861
 Quadratic coef:       0.000001191192
 Linear coef   :      -0.000001585590
           Qmin:        -227.542931347106
Quadratic minimum step length (  0.204750300391) accepted
    Initial Ne1:      33.00000000
    Initial Ne2:      28.00000000
      Final Ne1:      33.00000000
      Final Ne2:      28.00000000

=================== Penalty functional idempotency correction ==================
 RMS occupancy error at iteration   1:  0.000000 (step -0.5000 Ne1=     33.0000)
                                                               Ne2=     28.0000
            Final RMS occupancy error   :  0.000000 (Ne1=     33.0000)
                                                     Ne2=     28.0000
            Final occupancy bounds spin 1: [  0.000,  1.000]
            Final occupancy bounds spin 2: [  0.000,  1.000]
================================================================================

    2        -2.275429308195E+02     5.7308E-05     3.2928E-05    -3.1452E-06
      ideal mu1:      -1.100043060644
      ideal mu2:      -1.145399100140
             Q0:        -227.542931220427
             G0:      -0.000002440798
   RMS gradient:       0.000035375597
     Trial step:       0.250977609463
             Q1:        -227.542931488755
 Quadratic coef:       0.000000344258
 Linear coef   :      -0.000000612586
           Qmin:        -227.542931492941
Quadratic minimum step length (  0.223299757661) accepted
    Initial Ne1:      33.00000000
    Initial Ne2:      28.00000000
      Final Ne1:      33.00000000
      Final Ne2:      28.00000000

=================== Penalty functional idempotency correction ==================
 RMS occupancy error at iteration   1:  0.000000 (step -0.5000 Ne1=     33.0000)
                                                               Ne2=     28.0000
            Final RMS occupancy error   :  0.000000 (Ne1=     33.0000)
                                                     Ne2=     28.0000
            Final occupancy bounds spin 1: [  0.000,  1.000]
            Final occupancy bounds spin 2: [  0.000,  1.000]
================================================================================

    3        -2.275429312204E+02     3.5376E-05     2.0371E-05    -4.0096E-07
      ideal mu1:      -1.100033716288
      ideal mu2:      -1.145382453941
             Q0:        -227.542931477107
             G0:      -0.000001178702
   RMS gradient:       0.000023607905
     Trial step:       0.236734533542
             Q1:        -227.542931715965
 Quadratic coef:       0.000000040182
 Linear coef   :      -0.000000279039
           Qmin:        -227.542931961544
Quadratic minimum step length (  0.821983925567) accepted
    Initial Ne1:      33.00000000
    Initial Ne2:      28.00000000
      Final Ne1:      33.00000000
      Final Ne2:      28.00000000

=================== Penalty functional idempotency correction ==================
 RMS occupancy error at iteration   1:  0.000000 (step -0.5000 Ne1=     33.0000)
                                                               Ne2=     28.0000
            Final RMS occupancy error   :  0.000000 (Ne1=     33.0000)
                                                     Ne2=     28.0000
            Final occupancy bounds spin 1: [  0.000,  1.000]
            Final occupancy bounds spin 2: [  0.000,  1.000]
================================================================================

    4        -2.275429314771E+02     2.3608E-05     1.3662E-05    -2.5668E-07
      ideal mu1:      -1.100097085129
      ideal mu2:      -1.145438133850
    5        -2.275429315942E+02     3.2584E-05     1.8464E-05    -1.1704E-07
Finished density kernel iterations (   5)

Writing density kernel to file "Fe_H2O_6_HighSpin_NGWFSP.dkn" ... done


>>> Density kernel optimised for the current NGWF basis:
     ~~~~~~~~~~~~~~~~~~~~~~~~~~~~~~~~~~~~~~~~~~~~~~~~~~~~~~~~~~~
     Total energy                =  -2.27542931594151E+02  Eh
     Estimated bandgap (UP spin) =   2.8517E-01  Eh
     Estimated bandgap (DN spin) =   9.3030E-02  Eh
     RMS occupancy error         =   7.0696E-14
     [H,K] commutator            =   1.8464E-05
     UP spin occupancy bounds    = [  0.000:  1.000]
     DN spin occupancy bounds    = [  0.000:  1.000]
     ~~~~~~~~~~~~~~~~~~~~~~~~~~~~~~~~~~~~~~~~~~~~~~~~~~~~~~~~~~~




################################################################################
########################### NGWF CG iteration  009 #############################
################################################################################
****** Reciprocal space K.E. preconditioning with k_zero =  3.0000 a0^-1 *******

>>> Checking for convergence of NGWFs:   NOT CONVERGED
  ========================================================================
         NGWF RMS gradient =  7.6004E-06 >  2.0000E-06  | above tolerance
  ========================================================================

>>> Improving NGWFs using line search:
============ Calculation of NGWF S^-1 using Hotelling algorithm ================ 
     Iteration  |  Spin  |  Frobenius norm and Maximum abs value (of I-S*S_n^-1)
         1           1      0.43567520E-02     0.57801939E-03
         1           2      0.43020385E-02     0.58389357E-03
         2           1      0.52301258E-05     0.70164957E-06
         2           2      0.51923068E-05     0.67531378E-06
         3           1      0.95821160E-11     0.11504131E-11
         3           2      0.94585888E-11     0.11167733E-11
         4           1      0.36608530E-14     0.13322676E-14
         4           2      0.33550085E-14     0.11102230E-14
================================================================================
============ Calculation of NGWF S^-1 using Hotelling algorithm ================ 
     Iteration  |  Spin  |  Frobenius norm and Maximum abs value (of I-S*S_n^-1)
         1           1      0.13334500E-02     0.17747337E-03
         1           2      0.13220194E-02     0.17931096E-03
         2           1      0.49838155E-06     0.67129164E-07
         2           2      0.49641034E-06     0.65016598E-07
         3           1      0.85867373E-13     0.10991208E-13
         3           2      0.85296176E-13     0.10769163E-13
================================================================================
------------------------------- NGWF line search -------------------------------
RMS gradient                =       0.00000760039758
Trial step length           =               0.824234
Gradient along search dir.  =         -0.00009139351
Functional at step 0        =    -227.54293159415062
Functional at step 1        =    -227.54295361729112
Functional predicted        =    -227.54295820700906
Selected quadratic step     =               0.582380
Conjugate gradients coeff.  =               0.000000
--------------------------- NGWF line search finished --------------------------
                                               
Writing NGWFs to file "Fe_H2O_6_HighSpin_NGWFSP.tightbox_ngwfs".... done

>>> Optimising kernel for current NGWFs:
   Initial electron number for spin 1:      33.00045718
   Initial electron number for spin 2:      28.00053742
     Final electron number for spin 1:      33.00000000
     Final electron number for spin 2:      28.00000000

=================== Penalty functional idempotency correction ==================
 RMS occupancy error at iteration   1:  0.000073 (step -0.5000 Ne1=     33.0000)
                                                               Ne2=     28.0000
            Final RMS occupancy error   :  0.000000 (Ne1=     33.0000)
                                                     Ne2=     28.0000
            Final occupancy bounds spin 1: [  0.000,  1.000]
            Final occupancy bounds spin 2: [  0.000,  1.000]
================================================================================

................................................................................
<<<<<<<<<<<<<< LNV (Original version) density kernel optimisation >>>>>>>>>>>>>>
~~~~~~~~~~~~~~~~~~~~~~~~~~~~~~~~~~~~~~~~~~~~~~~~~~~~~~~~~~~~~~~~~~~~~~~~~~~~~~~~
   iter  |      energy (Eh)       | rms gradient |  commutator  |   dE (Eh)
      ideal mu1:      -1.100296032522
      ideal mu2:      -1.145615945373
             Q0:        -227.542959210131
             G0:      -0.000002352682
   RMS gradient:       0.000044269082
     Trial step:       0.441125811077
             Q1:        -227.542958763538
 Quadratic coef:       0.000001484422
 Linear coef   :      -0.000001037829
           Qmin:        -227.542959391530
Quadratic minimum step length (  0.154205786246) accepted
    Initial Ne1:      32.99999910
    Initial Ne2:      27.99999940
      Final Ne1:      33.00000000
      Final Ne2:      28.00000000

=================== Penalty functional idempotency correction ==================
 RMS occupancy error at iteration   1:  0.000000 (step -0.5000 Ne1=     33.0000)
                                                               Ne2=     28.0000
            Final RMS occupancy error   :  0.000000 (Ne1=     33.0000)
                                                     Ne2=     28.0000
            Final occupancy bounds spin 1: [  0.000,  1.000]
            Final occupancy bounds spin 2: [  0.000,  1.000]
================================================================================

    1        -2.275429592101E+02     4.4269E-05     2.5422E-05
      ideal mu1:      -1.100234652945
      ideal mu2:      -1.145554526432
             Q0:        -227.542959204665
             G0:      -0.000001236593
   RMS gradient:       0.000025748860
     Trial step:       0.260814402459
             Q1:        -227.542958921391
 Quadratic coef:       0.000000605795
 Linear coef   :      -0.000000322521
           Qmin:        -227.542959247592
Quadratic minimum step length (  0.069427889189) accepted
    Initial Ne1:      32.99999986
    Initial Ne2:      27.99999991
      Final Ne1:      33.00000000
      Final Ne2:      28.00000000

=================== Penalty functional idempotency correction ==================
 RMS occupancy error at iteration   1:  0.000000 (step -0.5000 Ne1=     33.0000)
                                                               Ne2=     28.0000
            Final RMS occupancy error   :  0.000000 (Ne1=     33.0000)
                                                     Ne2=     28.0000
            Final occupancy bounds spin 1: [  0.000,  1.000]
            Final occupancy bounds spin 2: [  0.000,  1.000]
================================================================================

    2        -2.275429592047E+02     2.5749E-05     1.4845E-05     5.4663E-09
      ideal mu1:      -1.100210503427
      ideal mu2:      -1.145530326595
             Q0:        -227.542959162033
             G0:      -0.000000935080
   RMS gradient:       0.000019153175
     Trial step:       0.134565201419
             Q1:        -227.542959023291
 Quadratic coef:       0.000000264571
 Linear coef   :      -0.000000125829
           Qmin:        -227.542959176994
Quadratic minimum step length (  0.031999391775) accepted
    Initial Ne1:      32.99999996
    Initial Ne2:      27.99999998
      Final Ne1:      33.00000000
      Final Ne2:      28.00000000

=================== Penalty functional idempotency correction ==================
 RMS occupancy error at iteration   1:  0.000000 (step -0.5000 Ne1=     33.0000)
                                                               Ne2=     28.0000
            Final RMS occupancy error   :  0.000000 (Ne1=     33.0000)
                                                     Ne2=     28.0000
            Final occupancy bounds spin 1: [ -0.000,  1.000]
            Final occupancy bounds spin 2: [  0.000,  1.000]
================================================================================

    3        -2.275429591620E+02     1.9153E-05     1.1069E-05     4.2632E-08
      ideal mu1:      -1.100199599773
      ideal mu2:      -1.145519465287
             Q0:        -227.542959136899
             G0:      -0.000000881157
   RMS gradient:       0.000016262090
     Trial step:       0.065620153912
             Q1:        -227.542959067881
 Quadratic coef:       0.000000126839
 Linear coef   :      -0.000000057822
           Qmin:        -227.542959143488
Quadratic minimum step length (  0.014957006959) accepted
    Initial Ne1:      32.99999999
    Initial Ne2:      27.99999999
      Final Ne1:      33.00000000
      Final Ne2:      28.00000000

=================== Penalty functional idempotency correction ==================
 RMS occupancy error at iteration   1:  0.000000 (step -0.5000 Ne1=     33.0000)
                                                               Ne2=     28.0000
            Final RMS occupancy error   :  0.000000 (Ne1=     33.0000)
                                                     Ne2=     28.0000
            Final occupancy bounds spin 1: [  0.000,  1.000]
            Final occupancy bounds spin 2: [  0.000,  1.000]
================================================================================

    4        -2.275429591369E+02     1.6262E-05     9.4185E-06     2.5135E-08
      ideal mu1:      -1.100194143036
      ideal mu2:      -1.145514043786
    5        -2.275429591233E+02     1.4838E-05     8.6064E-06     1.3606E-08
Finished density kernel iterations (   5)

Writing density kernel to file "Fe_H2O_6_HighSpin_NGWFSP.dkn" ... done


>>> Density kernel optimised for the current NGWF basis:
     ~~~~~~~~~~~~~~~~~~~~~~~~~~~~~~~~~~~~~~~~~~~~~~~~~~~~~~~~~~~
     Total energy                =  -2.27542959123293E+02  Eh
     Estimated bandgap (UP spin) =   2.8503E-01  Eh
     Estimated bandgap (DN spin) =   9.2937E-02  Eh
     RMS occupancy error         =   2.6476E-16
     [H,K] commutator            =   8.6064E-06
     UP spin occupancy bounds    = [  0.000:  1.000]
     DN spin occupancy bounds    = [  0.000:  1.000]
     ~~~~~~~~~~~~~~~~~~~~~~~~~~~~~~~~~~~~~~~~~~~~~~~~~~~~~~~~~~~




################################################################################
########################### NGWF CG iteration  010 #############################
################################################################################
****** Reciprocal space K.E. preconditioning with k_zero =  3.0000 a0^-1 *******

>>> Checking for convergence of NGWFs:   NOT CONVERGED
  ========================================================================
         NGWF RMS gradient =  5.0043E-06 >  2.0000E-06  | above tolerance
  ========================================================================

>>> Improving NGWFs using line search:
============ Calculation of NGWF S^-1 using Hotelling algorithm ================ 
     Iteration  |  Spin  |  Frobenius norm and Maximum abs value (of I-S*S_n^-1)
         1           1      0.52489169E-02     0.70412680E-03
         1           2      0.52096232E-02     0.71115193E-03
         2           1      0.76224959E-05     0.10373649E-05
         2           2      0.75977106E-05     0.10040126E-05
         3           1      0.19922882E-10     0.24819036E-11
         3           2      0.19817422E-10     0.24242830E-11
         4           1      0.34376171E-14     0.99920072E-15
         4           2      0.34259776E-14     0.88817842E-15
================================================================================
============ Calculation of NGWF S^-1 using Hotelling algorithm ================ 
     Iteration  |  Spin  |  Frobenius norm and Maximum abs value (of I-S*S_n^-1)
         1           1      0.19514056E-02     0.26095390E-03
         1           2      0.19520076E-02     0.26367004E-03
         2           1      0.10820524E-05     0.15008410E-06
         2           2      0.10852656E-05     0.14688435E-06
         3           1      0.39101174E-12     0.51514348E-13
         3           2      0.39311931E-12     0.50404125E-13
================================================================================
------------------------------- NGWF line search -------------------------------
RMS gradient                =       0.00000500429987
Trial step length           =               0.692833
Gradient along search dir.  =         -0.00003543227
Functional at step 0        =    -227.54295912329263
Functional at step 1        =    -227.54297449292909
Functional predicted        =    -227.54297553672791
Selected quadratic step     =               0.926468
Conjugate gradients coeff.  =               0.433525
--------------------------- NGWF line search finished --------------------------
                                               
Writing NGWFs to file "Fe_H2O_6_HighSpin_NGWFSP.tightbox_ngwfs".... done

>>> Optimising kernel for current NGWFs:
   Initial electron number for spin 1:      33.00095345
   Initial electron number for spin 2:      28.00116190
     Final electron number for spin 1:      33.00000000
     Final electron number for spin 2:      28.00000000

=================== Penalty functional idempotency correction ==================
 RMS occupancy error at iteration   1:  0.000167 (step -0.4999 Ne1=     33.0000)
                                                               Ne2=     28.0000
 RMS occupancy error at iteration   2:  0.000000 (step -0.5000 Ne1=     33.0000)
                                                               Ne2=     28.0000
            Final RMS occupancy error   :  0.000000 (Ne1=     33.0000)
                                                     Ne2=     28.0000
            Final occupancy bounds spin 1: [  0.000,  1.000]
            Final occupancy bounds spin 2: [  0.000,  1.000]
================================================================================

................................................................................
<<<<<<<<<<<<<< LNV (Original version) density kernel optimisation >>>>>>>>>>>>>>
~~~~~~~~~~~~~~~~~~~~~~~~~~~~~~~~~~~~~~~~~~~~~~~~~~~~~~~~~~~~~~~~~~~~~~~~~~~~~~~~
   iter  |      energy (Eh)       | rms gradient |  commutator  |   dE (Eh)
      ideal mu1:      -1.100227522317
      ideal mu2:      -1.145610435333
             Q0:        -227.542972791453
             G0:      -0.000017049034
   RMS gradient:       0.000119170514
     Trial step:       0.031328598735
             Q1:        -227.542973209358
 Quadratic coef:       0.000000116218
 Linear coef   :      -0.000000534122
           Qmin:        -227.542973405144
Quadratic minimum step length (  0.071991221328) accepted
    Initial Ne1:      33.00000000
    Initial Ne2:      28.00000000
      Final Ne1:      33.00000000
      Final Ne2:      28.00000000

=================== Penalty functional idempotency correction ==================
 RMS occupancy error at iteration   1:  0.000000 (step -0.5000 Ne1=     33.0000)
                                                               Ne2=     28.0000
            Final RMS occupancy error   :  0.000000 (Ne1=     33.0000)
                                                     Ne2=     28.0000
            Final occupancy bounds spin 1: [  0.000,  1.000]
            Final occupancy bounds spin 2: [  0.000,  1.000]
================================================================================

    1        -2.275429727915E+02     1.1917E-04     6.8497E-05
      ideal mu1:      -1.100214492243
      ideal mu2:      -1.145585142726
             Q0:        -227.542973696647
             G0:      -0.000022471868
   RMS gradient:       0.000100837000
     Trial step:       0.047490884235
             Q1:        -227.542974444758
 Quadratic coef:       0.000000319098
 Linear coef   :      -0.000001067209
           Qmin:        -227.542974588955
Quadratic minimum step length (  0.079415586215) accepted
    Initial Ne1:      33.00000000
    Initial Ne2:      28.00000000
      Final Ne1:      33.00000000
      Final Ne2:      28.00000000

=================== Penalty functional idempotency correction ==================
 RMS occupancy error at iteration   1:  0.000000 (step -0.5000 Ne1=     33.0000)
                                                               Ne2=     28.0000
            Final RMS occupancy error   :  0.000000 (Ne1=     33.0000)
                                                     Ne2=     28.0000
            Final occupancy bounds spin 1: [  0.000,  1.000]
            Final occupancy bounds spin 2: [  0.000,  1.000]
================================================================================

    2        -2.275429736966E+02     1.0084E-04     5.7965E-05    -9.0519E-07
      ideal mu1:      -1.100191334710
      ideal mu2:      -1.145542246725
             Q0:        -227.542974839202
             G0:      -0.000014857378
   RMS gradient:       0.000073604624
     Trial step:       0.061412673052
             Q1:        -227.542975394836
 Quadratic coef:       0.000000356797
 Linear coef   :      -0.000000912431
           Qmin:        -227.542975422538
Quadratic minimum step length (  0.078524848626) accepted
    Initial Ne1:      33.00000000
    Initial Ne2:      28.00000000
      Final Ne1:      33.00000000
      Final Ne2:      28.00000000

=================== Penalty functional idempotency correction ==================
 RMS occupancy error at iteration   1:  0.000000 (step -0.5000 Ne1=     33.0000)
                                                               Ne2=     28.0000
            Final RMS occupancy error   :  0.000000 (Ne1=     33.0000)
                                                     Ne2=     28.0000
            Final occupancy bounds spin 1: [  0.000,  1.000]
            Final occupancy bounds spin 2: [ -0.000,  1.000]
================================================================================

    3        -2.275429748392E+02     7.3605E-05     4.2237E-05    -1.1426E-06
      ideal mu1:      -1.100169906307
      ideal mu2:      -1.145505915177
             Q0:        -227.542975507004
             G0:      -0.000008695023
   RMS gradient:       0.000053631778
     Trial step:       0.069443652375
             Q1:        -227.542975842110
 Quadratic coef:       0.000000268708
 Linear coef   :      -0.000000603814
           Qmin:        -227.542975846212
Quadratic minimum step length (  0.078023457710) accepted
    Initial Ne1:      33.00000000
    Initial Ne2:      28.00000000
      Final Ne1:      33.00000000
      Final Ne2:      28.00000000

=================== Penalty functional idempotency correction ==================
 RMS occupancy error at iteration   1:  0.000000 (step -0.5000 Ne1=     33.0000)
                                                               Ne2=     28.0000
            Final RMS occupancy error   :  0.000000 (Ne1=     33.0000)
                                                     Ne2=     28.0000
            Final occupancy bounds spin 1: [  0.000,  1.000]
            Final occupancy bounds spin 2: [  0.000,  1.000]
================================================================================

    4        -2.275429755070E+02     5.3632E-05     3.0681E-05    -6.6780E-07
      ideal mu1:      -1.100154228449
      ideal mu2:      -1.145481433206
    5        -2.275429758708E+02     3.9701E-05     2.2692E-05    -3.6375E-07
Finished density kernel iterations (   5)

Writing density kernel to file "Fe_H2O_6_HighSpin_NGWFSP.dkn" ... done


>>> Density kernel optimised for the current NGWF basis:
     ~~~~~~~~~~~~~~~~~~~~~~~~~~~~~~~~~~~~~~~~~~~~~~~~~~~~~~~~~~~
     Total energy                =  -2.27542975870751E+02  Eh
     Estimated bandgap (UP spin) =   2.8407E-01  Eh
     Estimated bandgap (DN spin) =   9.2975E-02  Eh
     RMS occupancy error         =   3.7975E-15
     [H,K] commutator            =   2.2692E-05
     UP spin occupancy bounds    = [  0.000:  1.000]
     DN spin occupancy bounds    = [  0.000:  1.000]
     ~~~~~~~~~~~~~~~~~~~~~~~~~~~~~~~~~~~~~~~~~~~~~~~~~~~~~~~~~~~


================================================================================
           ---------------- ENERGY COMPONENTS (Eh) ----------------
           | Kinetic                    :       63.26624099166051 |
           | Core Hartree               :     -936.31499122469870 |
           | CoreHart (non-coul chg cor):        0.00182615377240
           | Hartree                    :      416.52195772432094 |
           | Exchange-correlation       :      -24.21803724899771 |
           | Ewald                      :      257.86092542490553 |
           | Dij0                       :        2.47304990694707 |
           | Dijhartree                 :       10.98092271094251 |
           | Exc [AE core]              :     -107.72432013896604 |
           | Exc DC [AE core]           :      -49.56422884595071 |
           | Exc [PS core]              :      -21.29139915673152 |
           | Exc DC [PS core]           :      -28.17187672799818 |
           | Exc [Core]                 :      -68.31987682640438 |
           | Total [Sphere]             :       -4.65907153794056 |
           | Total                      :     -227.54297587074996 |
           --------------------------------------------------------
           ------ LOCAL ENERGY COMPONENTS FROM MATRIX TRACES ------
           | Core Hartree               :     -936.31499122469836 |
           | Hartree (Valence)          :      416.52195772431969 |
           --------------------------------------------------------
           Integrated compensation chrg.:       12.44477230145507
           Integrated density           :       60.99999874832556
           Integrated spin density      :        4.99999995632243
           Integrated |spin density|    :        5.03671296133615
           Local density approx. <S^2>  :        8.76835650250672
           Integrated density tr(KS)    :       61.00000000000000
           Integrated spin tr(KS)       :        5.00000000000000
================================================================================




################################################################################
########################### NGWF CG iteration  011 #############################
################################################################################
****** Reciprocal space K.E. preconditioning with k_zero =  3.0000 a0^-1 *******

>>> Checking for convergence of NGWFs:   NOT CONVERGED
  ========================================================================
         NGWF RMS gradient =  2.2729E-06 >  2.0000E-06  | above tolerance
  ========================================================================

>>> Improving NGWFs using line search:
============ Calculation of NGWF S^-1 using Hotelling algorithm ================ 
     Iteration  |  Spin  |  Frobenius norm and Maximum abs value (of I-S*S_n^-1)
         1           1      0.50586676E-02     0.66003971E-03
         1           2      0.50416755E-02     0.66725317E-03
         2           1      0.70522401E-05     0.10012458E-05
         2           2      0.70661625E-05     0.97243386E-06
         3           1      0.16746843E-10     0.21985747E-11
         3           2      0.16843645E-10     0.21666002E-11
         4           1      0.37938355E-14     0.11102230E-14
         4           2      0.33309988E-14     0.88817842E-15
================================================================================
============ Calculation of NGWF S^-1 using Hotelling algorithm ================ 
     Iteration  |  Spin  |  Frobenius norm and Maximum abs value (of I-S*S_n^-1)
         1           1      0.39805709E-02     0.51937488E-03
         1           2      0.39724261E-02     0.52507675E-03
         2           1      0.43900834E-05     0.62464552E-06
         2           2      0.44033528E-05     0.60765164E-06
         3           1      0.64541612E-11     0.85464968E-12
         3           2      0.65029263E-11     0.84454665E-12
================================================================================
------------------------------- NGWF line search -------------------------------
RMS gradient                =       0.00000227289692
Trial step length           =               0.801179
Gradient along search dir.  =         -0.00000573762
Functional at step 0        =    -227.54297587075052
Functional at step 1        =    -227.54297025565481
Functional predicted        =    -227.54297638806347
Selected quadratic step     =               0.180323
Conjugate gradients coeff.  =               0.206287
--------------------------- NGWF line search finished --------------------------
                                               
Writing NGWFs to file "Fe_H2O_6_HighSpin_NGWFSP.tightbox_ngwfs".... done

>>> Optimising kernel for current NGWFs:
   Initial electron number for spin 1:      33.00014754
   Initial electron number for spin 2:      28.00018834
     Final electron number for spin 1:      33.00000000
     Final electron number for spin 2:      28.00000000

=================== Penalty functional idempotency correction ==================
 RMS occupancy error at iteration   1:  0.000029 (step -0.5000 Ne1=     33.0000)
                                                               Ne2=     28.0000
            Final RMS occupancy error   :  0.000000 (Ne1=     33.0000)
                                                     Ne2=     28.0000
            Final occupancy bounds spin 1: [  0.000,  1.000]
            Final occupancy bounds spin 2: [  0.000,  1.000]
================================================================================

................................................................................
<<<<<<<<<<<<<< LNV (Original version) density kernel optimisation >>>>>>>>>>>>>>
~~~~~~~~~~~~~~~~~~~~~~~~~~~~~~~~~~~~~~~~~~~~~~~~~~~~~~~~~~~~~~~~~~~~~~~~~~~~~~~~
   iter  |      energy (Eh)       | rms gradient |  commutator  |   dE (Eh)
      ideal mu1:      -1.100162237408
      ideal mu2:      -1.145492926366
             Q0:        -227.542976272902
             G0:      -0.000003051262
   RMS gradient:       0.000050414871
     Trial step:       0.073608653528
             Q1:        -227.542976474137
 Quadratic coef:       0.000000023365
 Linear coef   :      -0.000000224599
           Qmin:        -227.542976812656
Quadratic minimum step length (  0.353790469330) accepted
    Initial Ne1:      32.99999971
    Initial Ne2:      27.99999980
      Final Ne1:      33.00000000
      Final Ne2:      28.00000000

=================== Penalty functional idempotency correction ==================
 RMS occupancy error at iteration   1:  0.000000 (step -0.5000 Ne1=     33.0000)
                                                               Ne2=     28.0000
            Final RMS occupancy error   :  0.000000 (Ne1=     33.0000)
                                                     Ne2=     28.0000
            Final occupancy bounds spin 1: [  0.000,  1.000]
            Final occupancy bounds spin 2: [  0.000,  1.000]
================================================================================

    1        -2.275429762729E+02     5.0415E-05     2.8847E-05
      ideal mu1:      -1.100163662961
      ideal mu2:      -1.145492869362
             Q0:        -227.542977037044
             G0:      -0.000001522516
   RMS gradient:       0.000028839023
     Trial step:       0.161375463062
             Q1:        -227.542977221592
 Quadratic coef:       0.000000061149
 Linear coef   :      -0.000000245697
           Qmin:        -227.542977283845
Quadratic minimum step length (  0.324201236349) accepted
    Initial Ne1:      32.99999991
    Initial Ne2:      27.99999994
      Final Ne1:      33.00000000
      Final Ne2:      28.00000000

=================== Penalty functional idempotency correction ==================
 RMS occupancy error at iteration   1:  0.000000 (step -0.5000 Ne1=     33.0000)
                                                               Ne2=     28.0000
            Final RMS occupancy error   :  0.000000 (Ne1=     33.0000)
                                                     Ne2=     28.0000
            Final occupancy bounds spin 1: [  0.000,  1.000]
            Final occupancy bounds spin 2: [  0.000,  1.000]
================================================================================

    2        -2.275429770370E+02     2.8839E-05     1.6463E-05    -7.6414E-07
      ideal mu1:      -1.100179728038
      ideal mu2:      -1.145503273675
             Q0:        -227.542977326141
             G0:      -0.000000338684
   RMS gradient:       0.000013621891
     Trial step:       0.228731555849
             Q1:        -227.542977382955
 Quadratic coef:       0.000000020654
 Linear coef   :      -0.000000077468
           Qmin:        -227.542977398781
Quadratic minimum step length (  0.428956581928) accepted
    Initial Ne1:      32.99999997
    Initial Ne2:      27.99999998
      Final Ne1:      33.00000000
      Final Ne2:      28.00000000

=================== Penalty functional idempotency correction ==================
 RMS occupancy error at iteration   1:  0.000000 (step -0.5000 Ne1=     33.0000)
                                                               Ne2=     28.0000
            Final RMS occupancy error   :  0.000000 (Ne1=     33.0000)
                                                     Ne2=     28.0000
            Final occupancy bounds spin 1: [  0.000,  1.000]
            Final occupancy bounds spin 2: [  0.000,  1.000]
================================================================================

    3        -2.275429773261E+02     1.3622E-05     7.7305E-06    -2.8910E-07
      ideal mu1:      -1.100181900002
      ideal mu2:      -1.145506030365
             Q0:        -227.542977397519
             G0:      -0.000000149860
   RMS gradient:       0.000011500953
     Trial step:       0.313234586813
             Q1:        -227.542977404347
 Quadratic coef:       0.000000040112
 Linear coef   :      -0.000000046941
           Qmin:        -227.542977411252
Quadratic minimum step length (  0.183280343011) accepted
    Initial Ne1:      32.99999999
    Initial Ne2:      27.99999999
      Final Ne1:      33.00000000
      Final Ne2:      28.00000000

=================== Penalty functional idempotency correction ==================
 RMS occupancy error at iteration   1:  0.000000 (step -0.5000 Ne1=     33.0000)
                                                               Ne2=     28.0000
            Final RMS occupancy error   :  0.000000 (Ne1=     33.0000)
                                                     Ne2=     28.0000
            Final occupancy bounds spin 1: [  0.000,  1.000]
            Final occupancy bounds spin 2: [ -0.000,  1.000]
================================================================================

    4        -2.275429773975E+02     1.1501E-05     6.3983E-06    -7.1377E-08
      ideal mu1:      -1.100187791782
      ideal mu2:      -1.145510495958
    5        -2.275429774106E+02     4.9948E-06     2.9017E-06    -1.3036E-08
Finished density kernel iterations (   5)

Writing density kernel to file "Fe_H2O_6_HighSpin_NGWFSP.dkn" ... done


>>> Density kernel optimised for the current NGWF basis:
     ~~~~~~~~~~~~~~~~~~~~~~~~~~~~~~~~~~~~~~~~~~~~~~~~~~~~~~~~~~~
     Total energy                =  -2.27542977410554E+02  Eh
     Estimated bandgap (UP spin) =   2.8392E-01  Eh
     Estimated bandgap (DN spin) =   9.3013E-02  Eh
     RMS occupancy error         =   2.9975E-16
     [H,K] commutator            =   2.9017E-06
     UP spin occupancy bounds    = [  0.000:  1.000]
     DN spin occupancy bounds    = [  0.000:  1.000]
     ~~~~~~~~~~~~~~~~~~~~~~~~~~~~~~~~~~~~~~~~~~~~~~~~~~~~~~~~~~~




################################################################################
########################### NGWF CG iteration  012 #############################
################################################################################
****** Reciprocal space K.E. preconditioning with k_zero =  3.0000 a0^-1 *******

>>> Checking for convergence of NGWFs: 
           ........................................................
           |         *** NGWF optimisation converged ***          |
           | RMS NGWF gradient =    0.00000156570015              |
           | Criteria satisfied:                                  |
           | -> RMS NGWF gradient lower than set threshold.       |
           ========================================================

================================================================================
           ---------------- ENERGY COMPONENTS (Eh) ----------------
           | Kinetic                    :       63.26565194977434 |
           | Core Hartree               :     -936.31266786213462 |
           | CoreHart (non-coul chg cor):        0.00182615377240
           | Hartree                    :      416.51999756162536 |
           | Exchange-correlation       :      -24.21782219036077 |
           | Ewald                      :      257.86092542490553 |
           | Dij0                       :        2.47312334655178 |
           | Dijhartree                 :       10.98090520518711 |
           | Exc [AE core]              :     -107.72404860847337 |
           | Exc DC [AE core]           :      -49.56386333828102 |
           | Exc [PS core]              :      -21.29108093596660 |
           | Exc DC [PS core]           :      -28.17145491736373 |
           | Exc [Core]                 :      -68.31987682640438 |
           | Total [Sphere]             :       -4.65906229436348 |
           | Total                      :     -227.54297741055365 |
           --------------------------------------------------------
           ------ LOCAL ENERGY COMPONENTS FROM MATRIX TRACES ------
           | Core Hartree               :     -936.31266786213450 |
           | Hartree (Valence)          :      416.51999756162468 |
           --------------------------------------------------------
           Integrated compensation chrg.:       12.44481635725943
           Integrated density           :       60.99999874830340
           Integrated spin density      :        4.99999995634797
           Integrated |spin density|    :        5.03672746798841
           Local density approx. <S^2>  :        8.76836375582015
           Integrated density tr(KS)    :       61.00000000000000
           Integrated spin tr(KS)       :        5.00000000000000
================================================================================

Calculating NGWF non self-consistent forces...done.

                        <<<<< CALCULATION SUMMARY >>>>>                         
|ITER|    RMS GRADIENT   |     TOTAL ENERGY    |   step   |     Epredicted              
   0     0.00097821729019   -226.66726230370389   0.955508   -227.39056140253280        
   1     0.00037429834529   -227.40422510661125   0.960136   -227.51087768464930        
   2     0.00018269413585   -227.51217325060719   0.723906   -227.53145405392073        
   3     0.00010887618535   -227.53252117626695   0.719216   -227.53964075815887        
   4     0.00005733297732   -227.53974345808456   0.653385   -227.54144244939550        
   5     0.00003588976177   -227.54148509177523   0.862040   -227.54237372630749        
   6     0.00002479016504   -227.54238978317454   0.826764   -227.54279931478030        
   7     0.00001299687771   -227.54281009391579   0.858062   -227.54292895640040        
   8     0.00000760039758   -227.54293159415062   0.582380   -227.54295820700906        
   9     0.00000500429987   -227.54295912329263   0.926468   -227.54297553672791        
  10     0.00000227289692   -227.54297587075052   0.180323   -227.54297638806347        
  11     0.00000156570015   -227.54297741055439  <-- CG                                 

======================== Writing density and potential =========================
Writing "Fe_H2O_6_HighSpin_NGWFSP_ps_density.cube" ... done
Writing "Fe_H2O_6_HighSpin_NGWFSP_ps_spindensity.cube" ... done
Writing "Fe_H2O_6_HighSpin_NGWFSP_ae_density.cube" ... done
Writing "Fe_H2O_6_HighSpin_NGWFSP_ae_spindensity.cube" ... done
Writing "Fe_H2O_6_HighSpin_NGWFSP_potential.cube" ... done
Writing "Fe_H2O_6_HighSpin_NGWFSP_electrostatic_potential.cube" ... done
================================================================================

    Mulliken Atomic Populations
    ---------------------------
Species  Ion    Total   Charge (e)    Spin (hbar)
=================================================
  Fe     1      14.455      1.545      2.07
  O      2       6.922     -0.922      0.07
  O      3       6.922     -0.922      0.07
  O      4       6.922     -0.922      0.07
  O      5       6.922     -0.922      0.07
  O      6       6.922     -0.922      0.07
  O      7       6.922     -0.922      0.07
  H      8       0.418      0.582      0.00
  H      9       0.418      0.582      0.00
  H     10       0.418      0.582      0.00
  H     11       0.418      0.582      0.00
  H     12       0.418      0.582      0.00
  H     13       0.417      0.583      0.00
  H     14       0.417      0.583      0.00
  H     15       0.417      0.583      0.00
  H     16       0.418      0.582      0.00
  H     17       0.418      0.582      0.00
  H     18       0.418      0.582      0.00
  H     19       0.418      0.582      0.00
=================================================

        Bond         Population      Spin       Length (bohr)
=============================================================
 O     3 -- H    19        0.52     -0.00      1.83933
 O     5 -- H    14        0.52     -0.00      1.83933
 O     5 -- H    11        0.52     -0.00      1.83934
 O     2 -- H    10        0.52     -0.00      1.83936
 O     4 -- H    18        0.52     -0.00      1.83936
 O     7 -- H    17        0.52     -0.00      1.83940
 O     3 -- H    12        0.52     -0.00      1.83940
 O     2 -- H    16        0.52     -0.00      1.83940
 O     6 -- H     8        0.52     -0.00      1.83941
 O     4 -- H     9        0.52     -0.00      1.83945
 O     7 -- H    13        0.52     -0.00      1.83945
 O     6 -- H    15        0.52     -0.00      1.83948
 H     9 -- H    18       -0.10      0.00      2.95946
 H     8 -- H    15       -0.10      0.00      2.95968
 H    11 -- H    14       -0.10      0.00      2.95974
 H    10 -- H    16       -0.10      0.00      2.95982
 H    12 -- H    19       -0.10      0.00      2.95984
 H    13 -- H    17       -0.10      0.00      2.96000
 Fe    1 -- O     7        0.17     -0.05      3.84714
 Fe    1 -- O     6        0.17     -0.05      3.84734
 Fe    1 -- O     2        0.17     -0.05      3.84974
 Fe    1 -- O     3        0.17     -0.05      3.85028
 Fe    1 -- O     5        0.17     -0.05      3.85221
 Fe    1 -- O     4        0.17     -0.05      3.85225
 Fe    1 -- H     8       -0.06     -0.00      5.15434
 Fe    1 -- H    17       -0.06     -0.00      5.15438
 Fe    1 -- H    13       -0.06     -0.00      5.15838
 Fe    1 -- H    16       -0.06     -0.00      5.15865
 Fe    1 -- H    18       -0.06     -0.00      5.15866
 Fe    1 -- H    19       -0.06     -0.00      5.15893
 Fe    1 -- H    11       -0.06     -0.00      5.15893
 Fe    1 -- H    10       -0.06     -0.00      5.15913
 Fe    1 -- H    15       -0.06     -0.00      5.15918
 Fe    1 -- H    12       -0.06     -0.00      5.15983
 Fe    1 -- H    14       -0.06     -0.00      5.16342
 Fe    1 -- H     9       -0.06     -0.00      5.16432
 O     5 -- O     7       -0.02     -0.00      5.43153
 O     4 -- O     6       -0.02     -0.00      5.43262
 O     2 -- O     5       -0.02     -0.00      5.43676
 O     3 -- O     4       -0.02     -0.00      5.43836
 O     3 -- O     6       -0.02     -0.00      5.43887
 O     2 -- O     7       -0.02     -0.00      5.44033
 O     3 -- O     7       -0.02     -0.00      5.44559
 O     2 -- O     6       -0.02     -0.00      5.44633
 O     3 -- O     5       -0.02     -0.00      5.45423
 O     4 -- O     7       -0.02     -0.00      5.45464
 O     2 -- O     4       -0.02     -0.00      5.45586
 O     5 -- O     6       -0.02     -0.00      5.45855
 O     5 -- H    17       -0.01      0.00      5.46005
 O     4 -- H     8       -0.01      0.00      5.46108
 O     2 -- H    11       -0.01      0.00      5.46749
 O     3 -- H    18       -0.01      0.00      5.46872
 O     6 -- H    12       -0.01      0.00      5.47568
 O     7 -- H    16       -0.01      0.00      5.47657
 O     7 -- H    19       -0.01      0.00      5.48295
 O     6 -- H    10       -0.01      0.00      5.48494
 O     4 -- H    13       -0.01      0.00      5.49599
 O     3 -- H    14       -0.01      0.00      5.49685
 O     2 -- H     9       -0.01      0.00      5.50046
 O     5 -- H    15       -0.01      0.00      5.50196
=============================================================


============== Orbital energy and occupancy information for spin 1 =============

      Total number of orbitals:      49
   Number of occupied orbitals:      33.000000000
   Occupancy sum (eigenvalues):      33.000000000
                 HOMO-LUMO gap:       0.283723577 Eh
                 Mid-gap level:      -0.461233375 Eh

                        Orbital | Energy (Eh) | Occupancy
                            1    -3.900683182   1.0000000
                        .......   ...........   .........
                           24    -0.710844974   1.0000000
                           25    -0.710741344   1.0000000
                           26    -0.631224263   1.0000000
                           27    -0.631066348   1.0000000
                           28    -0.630796113   1.0000000
                           29    -0.619442727   1.0000000
                           30    -0.619315734   1.0000000
                           31    -0.619245656   1.0000000
                           32    -0.603348849   1.0000000
                           33    -0.603095163   1.0000000
                        .......   --- gap ---   .........
                           34    -0.319371586   0.0000000
                           35    -0.258414432   0.0000000
                           36    -0.258316656   0.0000000
                           37    -0.258268681   0.0000000
                           38    -0.216731122   0.0000000
                           39    -0.216656421   0.0000000
                           40    -0.162992042   0.0000000
                           41    -0.162807310   0.0000000
                           42    -0.162696811   0.0000000
                           43    -0.162226876   0.0000000
                        .......   ...........   .........
                           49    -0.076106181   0.0000000

================================================================================

============== Orbital energy and occupancy information for spin 2 =============

      Total number of orbitals:      49
   Number of occupied orbitals:      28.000000000
   Occupancy sum (eigenvalues):      28.000000000
                 HOMO-LUMO gap:       0.092605782 Eh
                 Mid-gap level:      -0.575445742 Eh

                        Orbital | Energy (Eh) | Occupancy
                            1    -3.717106524   1.0000000
                        .......   ...........   .........
                           19    -0.750812240   1.0000000
                           20    -0.736412722   1.0000000
                           21    -0.736016212   1.0000000
                           22    -0.735719597   1.0000000
                           23    -0.633545319   1.0000000
                           24    -0.633264760   1.0000000
                           25    -0.633063179   1.0000000
                           26    -0.622171534   1.0000000
                           27    -0.622019957   1.0000000
                           28    -0.621748633   1.0000000
                        .......   --- gap ---   .........
                           29    -0.529142851   0.0000000
                           30    -0.529090453   0.0000000
                           31    -0.529003884   0.0000000
                           32    -0.477069838   0.0000000
                           33    -0.476803934   0.0000000
                           34    -0.310194803   0.0000000
                           35    -0.254167965   0.0000000
                           36    -0.254097522   0.0000000
                           37    -0.254005200   0.0000000
                           38    -0.212969087   0.0000000
                        .......   ...........   .........
                           49    -0.064333924   0.0000000

================================================================================

===================== Writing canonical molecular orbitals =====================
    Spin 1
| Orbital  Energy (eV)  Norm     |
| HOMO-5  -17.16483563  1.000000 | Writing "Fe_H2O_6_HighSpin_NGWFSP_HOMO-5_UP.cube" ... done
| HOMO-4  -16.85589428  1.000000 | Writing "Fe_H2O_6_HighSpin_NGWFSP_HOMO-4_UP.cube" ... done
| HOMO-3  -16.85243862  1.000000 | Writing "Fe_H2O_6_HighSpin_NGWFSP_HOMO-3_UP.cube" ... done
| HOMO-2  -16.85053170  1.000000 | Writing "Fe_H2O_6_HighSpin_NGWFSP_HOMO-2_UP.cube" ... done
| HOMO-1  -16.41795757  1.000000 | Writing "Fe_H2O_6_HighSpin_NGWFSP_HOMO-1_UP.cube" ... done
| HOMO    -16.41105444  1.000000 | Writing "Fe_H2O_6_HighSpin_NGWFSP_HOMO_UP.cube" ... done
| LUMO     -8.69054306  1.000000 | Writing "Fe_H2O_6_HighSpin_NGWFSP_LUMO_UP.cube" ... done
| LUMO+1   -7.03181450  1.000000 | Writing "Fe_H2O_6_HighSpin_NGWFSP_LUMO+1_UP.cube" ... done
| LUMO+2   -7.02915387  1.000000 | Writing "Fe_H2O_6_HighSpin_NGWFSP_LUMO+2_UP.cube" ... done
| LUMO+3   -7.02784840  1.000000 | Writing "Fe_H2O_6_HighSpin_NGWFSP_LUMO+3_UP.cube" ... done
| LUMO+4   -5.89755392  1.000000 | Writing "Fe_H2O_6_HighSpin_NGWFSP_LUMO+4_UP.cube" ... done
| LUMO+5   -5.89552121  1.000000 | Writing "Fe_H2O_6_HighSpin_NGWFSP_LUMO+5_UP.cube" ... done
================================================================================

===================== Writing canonical molecular orbitals =====================
    Spin 2
| Orbital  Energy (eV)  Norm     |
| HOMO-5  -17.23964534  1.000000 | Writing "Fe_H2O_6_HighSpin_NGWFSP_HOMO-5_DN.cube" ... done
| HOMO-4  -17.23201095  1.000000 | Writing "Fe_H2O_6_HighSpin_NGWFSP_HOMO-4_DN.cube" ... done
| HOMO-3  -17.22652563  1.000000 | Writing "Fe_H2O_6_HighSpin_NGWFSP_HOMO-3_DN.cube" ... done
| HOMO-2  -16.93014889  1.000000 | Writing "Fe_H2O_6_HighSpin_NGWFSP_HOMO-2_DN.cube" ... done
| HOMO-1  -16.92602428  1.000000 | Writing "Fe_H2O_6_HighSpin_NGWFSP_HOMO-1_DN.cube" ... done
| HOMO    -16.91864118  1.000000 | Writing "Fe_H2O_6_HighSpin_NGWFSP_HOMO_DN.cube" ... done
| LUMO    -14.39870962  1.000000 | Writing "Fe_H2O_6_HighSpin_NGWFSP_LUMO_DN.cube" ... done
| LUMO+1  -14.39728382  1.000000 | Writing "Fe_H2O_6_HighSpin_NGWFSP_LUMO+1_DN.cube" ... done
| LUMO+2  -14.39492814  1.000000 | Writing "Fe_H2O_6_HighSpin_NGWFSP_LUMO+2_DN.cube" ... done
| LUMO+3  -12.98173084  1.000000 | Writing "Fe_H2O_6_HighSpin_NGWFSP_LUMO+3_DN.cube" ... done
| LUMO+4  -12.97449522  1.000000 | Writing "Fe_H2O_6_HighSpin_NGWFSP_LUMO+4_DN.cube" ... done
| LUMO+5   -8.44083009  1.000000 | Writing "Fe_H2O_6_HighSpin_NGWFSP_LUMO+5_DN.cube" ... done
================================================================================
 
=============== Density of States (DOS) calculation for UP spin ================
Writing "Fe_H2O_6_HighSpin_NGWFSP_UP_DOS.txt" ... done
================================================================================
 
============== Density of States (DOS) calculation for DOWN spin ===============
Writing "Fe_H2O_6_HighSpin_NGWFSP_DN_DOS.txt" ... done
================================================================================
 
Writing bands to file "Fe_H2O_6_HighSpin_NGWFSP.val_bands" ... done

================================= Core Density =================================
               Core den box size:   39 x  39 x  39
================================================================================
 
********************* Unconstrained **********************
********************** Ewald forces **********************
*                                                        *
* Element  Atom         Cartesian components (Eh/a)      *
* ------------------------------------------------------ *
*                       x            y            z      *
*                                                        *
*    Fe      1     -0.00553619   0.00204920   0.00037884 *
*    O       2     -6.01032872  -0.89752203  -6.88730164 *
*    O       3      6.00405377   0.89145058   6.89168750 *
*    O       4      2.85390668   7.98111345  -3.51472144 *
*    O       5     -2.84439731  -7.98917719   3.50568050 *
*    O       6     -6.32330429   4.46798054   4.95617331 *
*    O       7      6.32889191  -4.46564130  -4.95440452 *
*    H       8     -1.02517204   2.68265143   0.53117114 *
*    H       9     -0.44761230   1.82558203  -2.23454058 *
*    H      10     -2.74456370   0.64875463  -0.75707368 *
*    H      11     -1.90476122  -2.16231099  -0.46743324 *
*    H      12      0.26446541   1.09939263   2.69241366 *
*    H      13      2.15207332   0.44069358  -1.92538297 *
*    H      14      0.44741604  -1.82397974   2.23605133 *
*    H      15     -2.14524521  -0.43751540   1.93349716 *
*    H      16     -0.26064105  -1.09032381  -2.69647713 *
*    H      17      1.01865854  -2.68329565  -0.54150824 *
*    H      18      1.89983151   2.16548419   0.47230440 *
*    H      19      2.74226485  -0.65538616   0.75948559 *
*                                                        *
**********************************************************
TOTAL:             -0.00000000  -0.00000000   0.00000000
 
********************* Unconstrained **********************
***************** Local potential forces *****************
*                                                        *
* Element  Atom         Cartesian components (Eh/a)      *
* ------------------------------------------------------ *
*                       x            y            z      *
*                                                        *
*    Fe      1      0.00555879  -0.00211020  -0.00035453 *
*    O       2      6.44330189   0.95913040   7.38673276 *
*    O       3     -6.43806273  -0.95472021  -7.39020697 *
*    O       4     -3.06770442  -8.55574735   3.77071600 *
*    O       5      3.06122315   8.56121783  -3.76476667 *
*    O       6      6.78227785  -4.79206258  -5.30856723 *
*    O       7     -6.78730248   4.78919656   5.30775335 *
*    H       8      1.02009664  -2.65068142  -0.53112988 *
*    H       9      0.43672391  -1.81168229   2.20782939 *
*    H      10      2.71419783  -0.63792127   0.75670361 *
*    H      11      1.88191593   2.14355783   0.45535024 *
*    H      12     -0.26996579  -1.08496465  -2.66426253 *
*    H      13     -2.13093141  -0.42753506   1.90541109 *
*    H      14     -0.43650863   1.81004360  -2.20929750 *
*    H      15      2.12417740   0.42438030  -1.91342034 *
*    H      16      0.26616652   1.07602033   2.66827620 *
*    H      17     -1.01365542   2.65128527   0.54133045 *
*    H      18     -1.87701666  -2.14670804  -0.46015779 *
*    H      19     -2.71194403   0.64450062  -0.75908042 *
*                                                        *
**********************************************************
TOTAL:              0.00254834  -0.00480032  -0.00114077
 
********************* Unconstrained **********************
************** Compensation density forces ***************
*                                                        *
* Element  Atom         Cartesian components (Eh/a)      *
* ------------------------------------------------------ *
*                       x            y            z      *
*                                                        *
*    Fe      1     -0.00002341   0.00004713  -0.00001654 *
*    O       2     -0.06747694  -0.00957915  -0.07785705 *
*    O       3      0.06764050   0.00984595   0.07770985 *
*    O       4      0.03336078   0.08953685  -0.03993674 *
*    O       5     -0.03384914  -0.08911837   0.04042687 *
*    O       6     -0.07158941   0.05051001   0.05494553 *
*    O       7      0.07149948  -0.05043672  -0.05509806 *
*    H       8     -0.00189058   0.01186059  -0.00000948 *
*    H       9     -0.00379966   0.00484866  -0.00946753 *
*    H      10     -0.01089101   0.00387299  -0.00017465 *
*    H      11     -0.00804516  -0.00658331  -0.00419410 *
*    H      12     -0.00194183   0.00506012   0.01002261 *
*    H      13      0.00745656   0.00460909  -0.00697397 *
*    H      14      0.00380974  -0.00484934   0.00947229 *
*    H      15     -0.00744070  -0.00459463   0.00702134 *
*    H      16      0.00194346  -0.00498498  -0.01004594 *
*    H      17      0.00184727  -0.01188546  -0.00004655 *
*    H      18      0.00804140   0.00660870   0.00422927 *
*    H      19      0.01085436  -0.00385801   0.00018454 *
*                                                        *
**********************************************************
TOTAL:             -0.00049430   0.00091014   0.00019169
 
********************* Unconstrained **********************
*************** Non-local potential forces ***************
*                                                        *
* Element  Atom         Cartesian components (Eh/a)      *
* ------------------------------------------------------ *
*                       x            y            z      *
*                                                        *
*    Fe      1     -0.00001929   0.00005679   0.00002956 *
*    O       2     -0.36221657  -0.05146413  -0.41789365 *
*    O       3      0.36307477   0.05287449   0.41708739 *
*    O       4      0.17898533   0.48079583  -0.21427346 *
*    O       5     -0.18153623  -0.47853177   0.21686433 *
*    O       6     -0.38437550   0.27081587   0.29505829 *
*    O       7      0.38386383  -0.27037703  -0.29585203 *
*    H       8      0.00549367  -0.03455565   0.00003051 *
*    H       9      0.01156284  -0.01480491   0.02853591 *
*    H      10      0.03250737  -0.01160000   0.00033273 *
*    H      11      0.02441950   0.01994596   0.01288939 *
*    H      12      0.00587545  -0.01539463  -0.03008661 *
*    H      13     -0.02255885  -0.01405872   0.02127383 *
*    H      14     -0.01157036   0.01478265  -0.02856153 *
*    H      15      0.02248324   0.01401100  -0.02140791 *
*    H      16     -0.00592281   0.01522521   0.03014745 *
*    H      17     -0.00537839   0.03459235   0.00013366 *
*    H      18     -0.02435981  -0.02000704  -0.01297650 *
*    H      19     -0.03244633   0.01165127  -0.00036042 *
*                                                        *
**********************************************************
TOTAL:             -0.00211816   0.00395754   0.00097093
 
********************* Unconstrained **********************
************ NGWF non self-consistent forces *************
*                                                        *
* Element  Atom         Cartesian components (Eh/a)      *
* ------------------------------------------------------ *
*                       x            y            z      *
*                                                        *
*    Fe      1      0.00002948  -0.00003664  -0.00000507 *
*    O       2      0.00002342  -0.00003071   0.00006530 *
*    O       3     -0.00000360   0.00000992  -0.00006426 *
*    O       4     -0.00001871  -0.00006803   0.00002371 *
*    O       5      0.00000287   0.00006349  -0.00002052 *
*    O       6      0.00005612   0.00003955  -0.00000199 *
*    O       7     -0.00005306  -0.00001283   0.00000663 *
*    H       8      0.00001980   0.00004098  -0.00000967 *
*    H       9     -0.00001996   0.00000407  -0.00001759 *
*    H      10     -0.00002585   0.00001249   0.00002571 *
*    H      11     -0.00002423   0.00000146  -0.00002678 *
*    H      12     -0.00001834   0.00001688   0.00001165 *
*    H      13      0.00000746   0.00002759  -0.00001940 *
*    H      14      0.00001791  -0.00000221   0.00001908 *
*    H      15     -0.00000564  -0.00002555   0.00001792 *
*    H      16      0.00002181  -0.00002235  -0.00001144 *
*    H      17     -0.00001933  -0.00004066   0.00001160 *
*    H      18      0.00001947  -0.00000299   0.00002577 *
*    H      19      0.00002991  -0.00001907  -0.00002511 *
*                                                        *
**********************************************************
TOTAL:              0.00003954  -0.00004460   0.00000552
 
********************* Unconstrained **********************
********************** NLCC forces ***********************
*                                                        *
* Element  Atom         Cartesian components (Eh/a)      *
* ------------------------------------------------------ *
*                       x            y            z      *
*                                                        *
*    Fe      1     -0.00000000   0.00000000  -0.00000000 *
*    O       2     -0.00000032  -0.00000007  -0.00000037 *
*    O       3      0.00000031   0.00000006   0.00000037 *
*    O       4      0.00000015   0.00000049  -0.00000016 *
*    O       5     -0.00000014  -0.00000050   0.00000015 *
*    O       6     -0.00000034   0.00000021   0.00000029 *
*    O       7      0.00000034  -0.00000021  -0.00000029 *
*    H       8      0.00000000   0.00000000   0.00000000 *
*    H       9      0.00000000   0.00000000   0.00000000 *
*    H      10      0.00000000   0.00000000   0.00000000 *
*    H      11      0.00000000   0.00000000   0.00000000 *
*    H      12      0.00000000   0.00000000   0.00000000 *
*    H      13      0.00000000   0.00000000   0.00000000 *
*    H      14      0.00000000   0.00000000   0.00000000 *
*    H      15      0.00000000   0.00000000   0.00000000 *
*    H      16      0.00000000   0.00000000   0.00000000 *
*    H      17      0.00000000   0.00000000   0.00000000 *
*    H      18      0.00000000   0.00000000   0.00000000 *
*    H      19      0.00000000   0.00000000   0.00000000 *
*                                                        *
**********************************************************
TOTAL:              0.00000002  -0.00000002  -0.00000000
 
********************* Unconstrained **********************
****** Correction to ensure the total force is zero ******
*                                                        *
* Element  Atom         Cartesian components (Eh/a)      *
* ------------------------------------------------------ *
*                       x            y            z      *
*                                                        *
*    Fe      1      0.00000129  -0.00000120  -0.00000144 *
*    O       2      0.00000129  -0.00000120  -0.00000144 *
*    O       3      0.00000129  -0.00000120  -0.00000144 *
*    O       4      0.00000129  -0.00000120  -0.00000144 *
*    O       5      0.00000129  -0.00000120  -0.00000144 *
*    O       6      0.00000129  -0.00000120  -0.00000144 *
*    O       7      0.00000129  -0.00000120  -0.00000144 *
*    H       8      0.00000129  -0.00000120  -0.00000144 *
*    H       9      0.00000129  -0.00000120  -0.00000144 *
*    H      10      0.00000129  -0.00000120  -0.00000144 *
*    H      11      0.00000129  -0.00000120  -0.00000144 *
*    H      12      0.00000129  -0.00000120  -0.00000144 *
*    H      13      0.00000129  -0.00000120  -0.00000144 *
*    H      14      0.00000129  -0.00000120  -0.00000144 *
*    H      15      0.00000129  -0.00000120  -0.00000144 *
*    H      16      0.00000129  -0.00000120  -0.00000144 *
*    H      17      0.00000129  -0.00000120  -0.00000144 *
*    H      18      0.00000129  -0.00000120  -0.00000144 *
*    H      19      0.00000129  -0.00000120  -0.00000144 *
*                                                        *
**********************************************************
TOTAL:              0.00002456  -0.00002273  -0.00002737

********************* Unconstrained **********************
************************* Forces *************************
*                                                        *
* Element  Atom         Cartesian components (Eh/a)      *
* ------------------------------------------------------ *
*                       x            y            z      *
*                                                        *
*    Fe      1      0.00001067   0.00000510   0.00003081 *
*    O       2      0.00330405   0.00053312   0.00374391 *
*    O       3     -0.00329569  -0.00054041  -0.00378756 *
*    O       4     -0.00146890  -0.00436995   0.00180648 *
*    O       5      0.00144449   0.00445229  -0.00181678 *
*    O       6      0.00306573  -0.00271760  -0.00239325 *
*    O       7     -0.00309869   0.00272728   0.00240364 *
*    H       8     -0.00145122   0.00931474   0.00005118 *
*    H       9     -0.00314387   0.00394637  -0.00766184 *
*    H      10     -0.00877407   0.00311766  -0.00018772 *
*    H      11     -0.00649389  -0.00539024  -0.00341593 *
*    H      12     -0.00158382   0.00410915   0.00809734 *
*    H      13      0.00604837   0.00373528  -0.00569287 *
*    H      14      0.00316600  -0.00400622   0.00768223 *
*    H      15     -0.00602961  -0.00374547   0.00570673 *
*    H      16      0.00156922  -0.00408680  -0.00811230 *
*    H      17      0.00145397  -0.00934536  -0.00008052 *
*    H      18      0.00651719   0.00537362   0.00342371 *
*    H      19      0.00876005  -0.00311255   0.00020273 *
*                                                        *
**********************************************************
* TOTAL:           -0.00000000   0.00000000   0.00000000 *
**********************************************************
 
 
***********************************************************
********** Summary of Forces (values in Eh/a) *************
*                                                         *
* ---------------------- Minimum ------------------------ *
* Atom:         1, |F|min =    0.00003300                 *
* Components:     Fx|min       Fy|min       Fz|min        *
*               0.00001067   0.00000510   0.00003081      *
*                                                         *
* ---------------------- Maximum ------------------------ *
* Atom:        17, |F|max =    0.00945813                 *
* Components:     Fx|max       Fy|max       Fz|max        *
*               0.00145397  -0.00934536  -0.00008052      *
*                                                         *
* ---------------- Root Mean Square Force --------------- *
*                  |F|rms =    0.00784172                 *
* Components:     Fx|rms       Fy|rms       Fz|rms        *
*               0.00450396   0.00458228   0.00449550      *
***********************************************************
 

------------------------------ TIMING INFORMATION ------------------------------
AVERAGE TIME:    1146.381s on      6 proc(s)                                    
TOTAL TIME:      1146.381s on      6 proc(s)                                    
==================== AVERAGE TIMINGS FROM ALL PROCS (CUMULATIVE) =====================
|| TAG                                         #calls     cpu time   %total  Gflops ||
|| onetep.F90 main loop imbalance             :     1        0.00s   0.000%  ------ ||
|| hash_table_free                            :    23        0.00s   0.000%  ------ ||
|| sparse_spam3toblacs_real_fast_imbal        :     6        0.00s   0.000%  ------ ||
|| sparse_spam3toblacs_real_fast_B2           :    36        0.00s   0.000%  ------ ||
|| sparse_blacstospam3_real_fast_imbal        :    24        0.00s   0.000%  ------ ||
|| density_fftbox_interp_mult_imbal           :  3276        0.00s   0.000%  ------ ||
|| ewald_calculate_forces_realspace           :     1        0.00s   0.000%  ------ ||
|| sparse_spam3toblacs_real_fast_B1           :    36        0.00s   0.000%  ------ ||
|| sparse_spam3toblacs_real_fast              :     6        0.00s   0.000%  ------ ||
|| onetep.F90 final imbalance                 :     1        0.00s   0.000%  ------ ||
|| sparse_set_to_garbage                      :   270        0.00s   0.000%  ------ ||
|| sw_bessel_init_cpu                         :     1        0.01s   0.001%  ------ || (1 procs only)
|| ewald_calculate_energy                     :     1        0.00s   0.000%  ------ ||
|| ewald_calculate_forces_recipspace          :     1        0.00s   0.000%  ------ ||
|| ewald_calculate_forces                     :     1        0.00s   0.000%  ------ ||
|| sparse_blacstospam3_real_fast              :    24        0.00s   0.000%  ------ ||
|| paw_dij_hartree                            :   136        0.01s   0.001%  ------ ||
|| basis_extract_function_from_box            :   392        0.02s   0.002%  ------ ||
|| sparse_init                                :     1        0.04s   0.003%  ------ ||
|| linalg_dgemv                               :    65        0.04s   0.004%  ------ ||
|| sparse_embed_array_hotelling_invert        :    23        0.05s   0.004%  ------ ||
|| augmentation_density_forces                :     1        0.05s   0.004%  ------ ||
|| palser_mano_kernel_optimise_spam3_embed    :     2        0.06s   0.005%  ------ ||
|| pseudo_make_structure_factor               :     1        0.07s   0.006%  ------ ||
|| sw_init                                    :   257        0.07s   0.006%  ------ ||
|| paw_tcore_density                          :     1        0.10s   0.009%  ------ ||
|| dense_eigensolve                           :     2        0.12s   0.010%  ------ ||
|| ngwfs_initialise_from_radial               :     2        0.18s   0.016%  ------ ||
|| lnv_gradient_norm                          :    60        0.19s   0.017%  ------ ||
|| kernel_purify                              :   191        0.23s   0.020%  ------ ||
|| paw_sphere_density_on_grid                 :     1        0.25s   0.021%  ------ ||
|| paw_tcore_hartree_on_grid                  :     1        0.25s   0.022%  ------ ||
|| kernel_fix                                 :    60        0.25s   0.022%  ------ ||
|| paw_tcore_hartree_calc_forces              :     1        0.32s   0.028%  ------ ||
|| integrals_grad_spam3                       :     2        0.37s   0.032%  ------ ||
|| nonsc_forces_ngwfs_calc                    :     1        0.37s   0.032%  ------ ||
|| function_ops_brappd_ketppd_spam3           :    46        0.48s   0.042%  ------ ||
|| sparse_trace                               :  4872        0.48s   0.042%  ------ ||
|| sparse_product                             :  7178        0.95s   0.083%  ------ ||
|| paw_dataset_init                           :     3        1.28s   0.112%  ------ ||
|| ngwf_gradient_coeffs                       :    12        1.35s   0.118%  ------ ||
|| restart_ngwfs_tightbox_output              :    11        1.49s   0.130%  ------ ||
|| paw_species_calc_proj_prec_mat             :     1        1.55s   0.135%  ------ ||
|| restart_kernel_write                       :    13        1.56s   0.136%  ------ ||
|| basis_copy_function_to_box                 :  3936        1.94s   0.169%  ------ ||
|| fourier_apply_box_pair                     :   608        1.96s   0.171% 137.235 ||
|| projectors_func_grad_ovlp_box_spam3        :     6        2.32s   0.202%  ------ ||
|| aug_nl_calculate_forces                    :     1        2.44s   0.213%  ------ ||
|| paw_nlcc_calculate_forces                  :     1        2.45s   0.214%  ------ ||
|| basis_dot_function_with_box                : 117.5k       2.73s   0.238%  ------ ||
|| cell_grid_extract_box_real                 :  3298        3.30s   0.287%  ------ ||
|| basis_add_function_to_box                  : 139.3k       3.57s   0.312%  ------ ||
|| eigenstates_calculate                      :     1        3.60s   0.314%  ------ ||
|| integrals_kinetic_spam3                    :    46        4.47s   0.390%  ------ ||
|| density_batch_row_sums                     :   252        4.88s   0.426%  ------ ||
|| augmentation_screen_dij_spam3              :   130        5.34s   0.466%  ------ ||
|| density_fftbox_deposit_to_cell             :  3276        6.39s   0.557%  ------ ||
|| energy_and_force_init_cell                 :     1        6.51s   0.568%  ------ ||
|| cell_grid_deposit_box_real                 :  4624        7.61s   0.664%  ------ ||
|| forces_calculate                           :     1       12.58s   1.097%  ------ ||
|| density_init_guess_real                    :     2       12.75s   1.112%  ------ ||
|| aug_nonlocal_mat_spam3_embed_array         :   123       13.22s   1.153%  ------ ||
|| paw_dij_xc                                 :   136       14.42s   1.258%  ------ ||
|| projectors_init_fftbox_recip               :   101       14.63s   1.276%  ------ ||
|| projectors_func_ovlp_box_spam3             :    46       15.93s   1.389%  ------ ||
|| fourier_filter                             :   808       17.71s   1.545%  ------ ||
|| aug_density_on_grid_spam3                  :   126       20.88s   1.822%  ------ ||
|| integrals_locpot_mat_els_batch             :   136       22.99s   2.006%  ------ ||
|| fourier_filter_cell                        :   160       25.09s   2.189%  21.877 ||
|| fourier_interpolate                        :   808       27.77s   2.423%  ------ ||
|| hamiltonian_energy_components              :     3       29.47s   2.571%  ------ ||
|| hartree_on_grid_single                     :   125       33.46s   2.919%  ------ ||
|| fourier_interpolate_cell                   :   252       38.84s   3.388%  22.260 ||
|| fourier_interpolate_product                :  2058       60.81s   5.304%  ------ ||
|| projectors_gradient_batch                  :    24       61.05s   5.325%  ------ ||
|| projectors_grad_precond_batch              :    24       65.48s   5.712%  ------ ||
|| density_fftbox_interpolate_multiply        :  3276       66.46s   5.798%  ------ ||
|| fourier_apply_box                          : 13699       70.67s   6.164% 250.392 ||
|| properties_calculate                       :     1       74.07s   6.461%  ------ ||
|| potential_apply_to_ngwf_batch              :   136       93.28s   8.137%  ------ ||
|| integrals_locpot_dbl_grid                  :   136      116.31s  10.146%  ------ ||
|| fourier_apply_cell_forward                 :  1126      132.35s  11.545%  26.278 ||
|| fourier_apply_cell_backward                :  1126      144.10s  12.570%  24.135 ||
|| density_batch_interp_deposit               :   252      150.38s  13.118%  ------ ||
|| ngwf_gradient_build_batch                  :    24      155.53s  13.567%  ------ ||
|| density_on_dbl_grid                        :   252      158.79s  13.851%  ------ ||
|| ngwf_gradient_batch                        :    24      192.91s  16.828%  ------ ||
|| ngwf_gradient_lnv                          :    12      200.09s  17.454%  ------ ||
|| xc_energy_potential                        :   125      300.60s  26.222%  ------ ||
|| hamiltonian_lhxc_calculate                 :   120      616.14s  53.746%  ------ ||
|| lnv_denskernel_optimise_cg                 :    12      690.73s  60.253%  ------ ||
|| ngwf_cg_optimise                           :     1     1030.08s  89.855%  ------ ||
|| energy_and_forces                          :     1     1139.45s  99.396%  ------ ||
|| total_time                                 :     1     1146.38s 100.000%  ------ ||
======================================================================================
Overhead of generating timer report: 
- 0 ms averaging over threads,
- 0 ms ensuring consistency across MPI ranks,
- 0 ms printing in order.

Job completed: 24-10-2025 11:22 (+0100)

onetep_launcher: ONETEP seems to have finished correctly (zero exit code).
                 Brought to you by PID 221916 on nid006230.
