==================================================================================
It's Fri 24 Oct 2025 12:10:03 PM BST.
*** Starting onetep_launcher (node nid002978, PIDs 58985 58986 58987 58988 58989 58990)...
    - ONETEP arguments: Fe_H2O_6_LowSpin.dat
    - Current directory: /mnt/lustre/a2fs-work3/work/e89/e89/phsmea/onetep_ali_PBE/Fe_H2O_6/LS/nsp
    - Launcher executable directory: /mnt/lustre/a2fs-work3/work/e89/e89/phsmea/onetep_ali
    - (-e) ONETEP executable specified through command-line: /work/e89/e89/phsmea/onetep.archer2_2024_cray_2
      ... trying /work/e89/e89/phsmea/onetep.archer2_2024_cray_2
          -> looks OK
*** Setting up environment...
    - (-s) Process stack size: unlimited
    - (-t) OMP_NUM_THREADS: 8
    - (-o) OMP_STACKSIZE: 64M
    - (-c) Maximum core file size: 2048000
    - (-d) decfort_dump_flag: n
    - (-m) I_MPI_OFA_TRANSLATION_CACHE: 0
    - (-m) I_MPI_DAPL_TRANSLATION_CACHE: 0
    - (-m) I_MPI_DAPL_UD_TRANSLATION_CACHE: 0
*** Starting ONETEP...
    - /work/e89/e89/phsmea/onetep.archer2_2024_cray_2 Fe_H2O_6_LowSpin.dat
=================================================================================
_________________________________________________________________________________
 +---------------------------------------------------------------+
 |                                                               |
 |        ####### #     # ####### ####### ####### ######         |
 |        #     # ##    # #          #    #       #     #        |
 |        #     # # #   # #          #    #       #     #        |
 |        #     # #  #  # #####      #    #####   ######         |
 |        #     # #   # # #          #    #       #              |
 |        #     # #    ## #          #    #       #              |
 |        ####### #     # #######    #    ####### #              |
 |                                                               |
 |        Linear-Scaling Ab Initio Total Energy Program          |
 |                                                               |
 |          Release for academic collaborators of ODG            |
 |                                             Version 7.3.0     |
 | Remote: git@github.com:Miesaz/onetep_mea.git                  |
 | Local branch: master                                          |
 | Commit ID: 4af45e89288c8df5499704252eec3e032ee3d0c8           |
 | Date: Tue Aug 6 11:28:44 2024 +0100                           |
 | Locally modified files:                                       |
 |   src/hubbard_build_mod.F90                                   |
 |   src/services_mod.F90                                        |
 |                                                               |
 +---------------------------------------------------------------+
 |                                                               |
 |  Authors:                                                     |
 |  Jacek Dziedzic, Peter D. Haynes, Nicholas D. M. Hine,        |
 |  Arash A. Mostofi, Mike C. Payne and Chris-Kriton Skylaris    |
 |                                                               |
 |  Contributors:                                                |
 |  J. Aarons, L. Andrinopoulos, P. W. Avraam, R. A. Bell,       |
 |  A. Bhandari, G. A. Bramley, R. J. Charlton, S. J. Clark,     |
 |  R. J. Clements, G. C. Constantinescu, F. Corsetti,           |
 |  N. Corsini, O. Dieguez, S. M. M. Dubois, K. K. B. Duff,      |
 |  J. M. Escartin, M. Escobar Azor, A. Greco,                   |
 |  H. Helal, Q. O. Hill, L. P. Lee, J.-H. Li,                   |
 |  T. Li, E. B. Linscott, G. Moynihan, D. D. O`Regan,           |
 |  O. K. Okan, E. Parkinson, M. J. S. Phipps,                   |
 |  C. J. Pickard, J. C. A. Prentice, M. I. J. Probert,          |
 |  L. E. Ratcliff, M. Robinson, A. Ruiz Serrano,                |
 |  M. dos Santos Dias, J. S. Spencer, E. W. Tait,               |
 |  G. Teobaldi, D. Turban, V. Vitale, K. A. Wilkinson,          |
 |  C. Weber, J. C. Womack, Chengcheng Xiao, N. Yeung,           |
 |  and T. J. Zuehlsdorff.                                       |
 |                                                               |
 |                                   Copyright (c) 2004-2025     |
 |                                                               |
 |  Please cite:                                                 |
 |  "The ONETEP linear-scaling density functional theory program"|
 |   J. Chem. Phys. 152(17) 174111 (2020)                        |
 |                                                               |
 |          in all publications arising from your use of ONETEP. |
 |                                                               |
 +---------------------------------------------------------------+
 |                                                               |
 |   ONETEP is based on developments described in the following  |
 |   publications:                                               |
 |                                                               |
 |  "Nonorthogonal generalized Wannier function pseudopotential  |
 |   plane-wave method".                                         |
 |   C.-K. Skylaris, A. A. Mostofi, P. D. Haynes, O. Dieguez,    |
 |   M. C. Payne.                                                |
 |   Phys. Rev. B 66 035119 (2002).                              |
 |                                                               |
 |  "Preconditioned iterative minimization for linear-scaling    |
 |   electronic structure calculations".                         |
 |   A. A. Mostofi, P. D. Haynes, C.-K. Skylaris, M. C. Payne.   |
 |   J. Chem. Phys. 119(17), pp.8842-8848 (2003).                |
 |                                                               |
 |  "Total-energy calculations on a real space grid with         |
 |   localized functions and a plane-wave basis".                |
 |   A. A. Mostofi, C.-K. Skylaris, P. D. Haynes, M. C. Payne.   |
 |   Comput. Phys. Commun. 147, pp.788-802 (2002).               |
 |                                                               |
 |  "Accurate kinetic energy evaluation in electronic structure  |
 |   calculations with localized functions on real space grids"  |
 |   C.-K. Skylaris, A. A. Mostofi, P. D. Haynes, C. J. Pickard, |
 |   M. C. Payne.                                                |
 |   Comput. Phys. Commun. 140, pp.315-322 (2001).               |
 |                                                               |
 |  "Accurate ionic forces and geometry optimization in linear-  |
 |   scaling density-functional theory with local orbitals"      |
 |   N. D. M. Hine, M. Robinson, P. D. Haynes, C.-K. Skylaris,   |
 |   M. C. Payne, and A. A. Mostofi.                             |
 |   Phys. Rev. B 83 195102 (2011).                              |
 |                                                               |
 +---------------------------------------------------------------+

Job started: 24-10-2025 12:10 (+0100)
 
Reading parameters from file "Fe_H2O_6_LowSpin.dat" ...... done

If your calculation crashes here, before "Checking processes and threads..."
is displayed, then your stack size is insufficient.
If so, use "ulimit -s unlimited" at runtime.
You can disable this check with "check_stack_size F".

Checking processes and threads...
   Determining the default number of threads...
      No default threads set at compilation time: defaulting to 1.
      OpenMP library call suggests 8 threads.
      Hybrid MPI-OpenMP compilation detected.
      Number of MPI processes > 1.
      OMP_NUM_THREADS environment variable present and
      its value matches the one obtained from the OpenMP library call.
      Using this value as default.
      Default threads: 8
      Default applies to threads_max and threads_num_fftboxes.
      Settings in the input file override this default.
   ... done

   Running with 6 MPI processes.
   There are 6 MPI processes running on the same node as the root process.
   Each MPI process is using: 
               1 threads for simulation cell FFTs.
               1 threads for threaded FFT box operations.
               8 threads for loops over batched FFT box operations.
               8 threads in other parallel regions.
   MPI Interface: S1 (use mpi_f08) (-DMPI -DUSE_MPI_F08).
   MPI_ASYNC_PROTECTS_NONBLOCKING: Yes. MPI_SUBARRAYS_SUPPORTED: Yes.
   FFTW Interface: OMP-capable and MODERN. (-DUSE_MODERN_FFTW specified).
   GPU Interface: None.
   GPU FFT Backend: None.
... done

Basic input checks...... done

Reading geometry and species blocks from file "Fe_H2O_6_LowSpin.dat" ...   
  Number of PPD points along a3 set to 1.  This is 
  the default value, it may have been provided also in the input file.
... done


--------------------------------------------------------------------------------
---------------------------------- INPUT FILE ----------------------------------
--------------------------------------------------------------------------------

charge : 3                                                                      
cutoff_energy : 800 eV                                                          
do_properties : T                                                               
edft : F                                                                        
fine_grid_scale : 4                                                             
forces_output_detail : VERBOSE                                                  
output_detail : VERBOSE                                                         
paw : T                                                                         
pseudo_path : ../../..                                                          
spin : 1                                                                        
task : SINGLEPOINT                                                              
write_denskern : T                                                              
write_forces : T                                                                
write_tightbox_ngwfs : T                                                        
xc_functional : pbe                                                             
%BLOCK LATTICE_CART                                                             
ang                                                                             
24.26273295       0.00000000       0.00000000                                   
0.00000000      24.37834389       0.00000000                                    
0.00000000       0.00000000      24.49207180                                    
%ENDBLOCK LATTICE_CART                                                          
%BLOCK POSITIONS_ABS                                                            
ang                                                                             
Fe    12.131409    12.189430    12.246010                                       
O    10.852025    11.974546    10.809567                                        
O    13.409684    12.402138    13.683725                                        
O    12.703018    13.906702    11.545482                                        
O    11.558212    10.474108    12.948319                                        
O    10.764765    13.123292    13.250511                                        
O    13.495125    11.254929    11.237207                                        
H    10.736446    14.086048    13.386765                                        
H    12.308696    14.358703    10.779612                                        
H    10.000000    12.439837    10.746818                                        
H    10.752702    10.000000    12.679156                                        
H    13.274587    12.926097    14.492072                                        
H    14.170631    11.672698    10.675578                                        
H    11.953005    10.019251    13.712311                                        
H    10.093469    12.702583    13.815024                                        
H    10.990876    11.453445    10.000000                                        
H    13.527032    10.291203    11.108929                                        
H    13.511670    14.378344    11.809422                                        
H    14.262733    11.938399    13.743870                                        
%ENDBLOCK POSITIONS_ABS                                                         
%BLOCK SPECIES                                                                  
Fe Fe 26 -1 10.0                                                                
H H 1 -1 10.0                                                                   
O O 8 -1 10.0                                                                   
%ENDBLOCK SPECIES                                                               
%BLOCK SPECIES_ATOMIC_SET                                                       
Fe "SOLVE INIT SPIN=1"                                                          
H  "SOLVE"                                                                      
O  "SOLVE"                                                                      
%ENDBLOCK SPECIES_ATOMIC_SET                                                    
%BLOCK SPECIES_POT                                                              
Fe Fe.PBE-paw.abinit                                                            
H H.PBE-paw.abinit                                                              
O O.PBE-paw.abinit                                                              
%ENDBLOCK SPECIES_POT                                                           

--------------------------------------------------------------------------------
-------------------------------- END INPUT FILE --------------------------------
--------------------------------------------------------------------------------


 
 ESDF WARNING(1): "charge" (esdf_physical) has no units. Assume "e".
<<<<<<<<<<<<<<<<<<<<<<<<<<<<<<<<< Full system >>>>>>>>>>>>>>>>>>>>>>>>>>>>>>>>>>
<<<<<<<<<<<<<<<<<<<<<<<<<<< PAW Dataset information >>>>>>>>>>>>>>>>>>>>>>>>>>>
File: Fe.PBE-paw.abinit; rc = 2.12 bohr; shape type =  2; rshape = 1.81 bohr;
  Atomic number: 26;  ionic charge: 16.000000
    Partial Wave 1: l = 0
    Partial Wave 2: l = 0
    Partial Wave 3: l = 1
    Partial Wave 4: l = 1
    Partial Wave 5: l = 2
    Partial Wave 6: l = 2
  Core charge supplied for Nonlinear Core Corrections
File: O.PBE-paw.abinit; rc = 1.41 bohr; shape type =  2; rshape = 1.20 bohr;
  Atomic number:  8;  ionic charge:  6.000000
    Partial Wave 1: l = 0
    Partial Wave 2: l = 0
    Partial Wave 3: l = 1
    Partial Wave 4: l = 1
  Core charge supplied for Nonlinear Core Corrections
File: H.PBE-paw.abinit; rc = 0.90 bohr; shape type =  2; rshape = 0.80 bohr;
  Atomic number:  1;  ionic charge:  1.000000
    Partial Wave 1: l = 0
    Partial Wave 2: l = 0
    Partial Wave 3: l = 1
<<<<<<<<<<<<<<<<<<<<<<<<<<<<<<<<<<<<<<< >>>>>>>>>>>>>>>>>>>>>>>>>>>>>>>>>>>>>>>

-------------------------- Atom counting information ---------------------------
Symbol    Natoms    Nngwfs    Nprojs
  Fe         1        13        18
  O          6        24        48
  H         12        12        60
.......   ......    ......    ......
Totals:     19        49       126
--------------------------------------------------------------------------------

=============================== PSINC grid sizes ===============================
                      Simulation cell:   91 x  91 x  91
                              FFT-box:   91 x  91 x  91
                                  PPD:    7 x   7 x   1
Grid space d1=  0.503845280792a0 (KE cutoff=  29.92331Eh = 814.25466eV)
Grid space d2=  0.506246083152a0 (KE cutoff=  29.64017Eh = 806.54999eV)
Grid space d3=  0.508607782094a0 (KE cutoff=  29.36554Eh = 799.07702eV)
================================================================================

********************* Fourier parallelisation information **********************
       Coarse grid (whole simulation cell) dimensions:     91    91    91
          Real-space ('12') slabs/proc (min max mean):     15    16    15
         Recip-space ('23') slabs/proc (min max mean):      7     8     7
********************************************************************************

********************* Fourier parallelisation information **********************
       Double grid (whole simulation cell) dimensions:    182   182   182
          Real-space ('12') slabs/proc (min max mean):     30    31    30
         Recip-space ('23') slabs/proc (min max mean):     15    16    15
********************************************************************************

********************* Fourier parallelisation information **********************
         Fine grid (whole simulation cell) dimensions:    364   364   364
          Real-space ('12') slabs/proc (min max mean):     60    61    60
         Recip-space ('23') slabs/proc (min max mean):     30    31    30
********************************************************************************

Atom SCF Calculation for Fe : Z (AE atom) =  26 : Z (PS atom) =  16
Config String: 3s2.0 3p6.0 3d6.0 4s2.0 4p0.0 INIT SPIN=1
Orbitals (num,occ):  5     2.00 6.00 6.00 2.00 0.00
Orbitals   (num,l):  5        0    1    2    0    1
Real-space Grid (nr,dr,rmax): 1503    0.0066577896   10.0000000000
Spherical Bessel Basis (nsws,lmax,cutoff):   37    4  176.3967570603
Confining potential (l,width,scale):  0    3.0000000000  100.0000000000
Confining potential (l,width,scale):  1    3.0000000000  100.0000000000
Confining potential (l,width,scale):  2    3.0000000000  100.0000000000
  1       -111.4005172118  -52.5575611559   72.2164000725   -4.0901868950
  2       -116.6635475262  -20.5601904919   91.7007084249   -2.2962490369
  3       -121.6156136875  -23.2753453277   92.4544705195   -2.7706732816
  4       -123.0066153699  -21.4164712440   94.7136519632   -2.9394413820
  5       -123.8168122141  -22.6370400734   94.1384349420   -3.0798102909
  6       -123.9055073486  -21.7222843370   94.9342614757   -3.0846520419
  7       -124.0956886241  -22.4138747628   94.4617720360   -3.1224050559
  8       -124.0492758687  -21.8887017510   94.8692044073   -3.1096545890
  9       -124.1222324005  -22.2877514631   94.5777385101   -3.1254730624
 10       -124.0894611846  -22.0431086758   94.7620026738   -3.1177312036
 11       -124.1066906466  -22.1417456915   94.6895757605   -3.1215019185
 12       -124.1027421480  -22.1090398813   94.7144439268   -3.1205307857
 13       -124.1039552528  -22.1131641559   94.7116547863   -3.1207645739
 14       -124.1041718268  -22.1127261003   94.7121170471   -3.1207931979
 15       -124.1043563153  -22.1126782042   94.7122440208   -3.1208211382
 16       -124.1044853288  -22.1126702816   94.7123114748   -3.1208409484
 17       -124.1045734258  -22.1126674103   94.7123551926   -3.1208545095
 18       -124.1046334193  -22.1126657134   94.7123845864   -3.1208637603
 19       -124.1046742816  -22.1126645462   94.7124045128   -3.1208700757
 20       -124.1047021281  -22.1126636961   94.7124180731   -3.1208743926
 21       -124.1047211147  -22.1126630559   94.7124273290   -3.1208773473
 22       -124.1047340666  -22.1126625637   94.7124336643   -3.1208793718
 23       -124.1047429056  -22.1126621807   94.7124380116   -3.1208807606
 24       -124.1047489402  -22.1126618812   94.7124410017   -3.1208817142
 25       -124.1047530616  -22.1126616468   94.7124430628   -3.1208823696
 26       -124.1047558771  -22.1126614637   94.7124444863   -3.1208828204
 27       -124.1047578011  -22.1126613212   94.7124454714   -3.1208831306
 28       -124.1047591161  -22.1126612109   94.7124461541   -3.1208833444
 29       -124.1047600152  -22.1126611259   94.7124466281   -3.1208834917
 30       -124.1047606300  -22.1126610607   94.7124469575   -3.1208835933
 31       -124.1047610504  -22.1126610110   94.7124471869   -3.1208836634
 32       -124.1047613380  -22.1126609733   94.7124473467   -3.1208837118
 33       -124.1047615347  -22.1126609447   94.7124474583   -3.1208837453
 34       -124.1047616693  -22.1126609232   94.7124475361   -3.1208837684
 35       -124.1047617614  -22.1126609071   94.7124475906   -3.1208837843
Atom SCF converged after  35 iterations to a total energy of   -124.10476176
Adjusting orbital occupancies:
Orbitals (num,spin,occ):  5  1     1.00 3.00 3.50 1.00 0.00
Orbitals   (num,spin,l):  5  1        0    1    2    0    1
Orbitals (num,spin,occ):  5  2     1.00 3.00 3.00 0.50 0.00
Orbitals   (num,spin,l):  5  2        0    1    2    0    1

Atom SCF Calculation for H  : Z (AE atom) =   1 : Z (PS atom) =   1
Config String: 1s1.0
Orbitals (num,occ):  1     1.00
Orbitals   (num,l):  1        0
Real-space Grid (nr,dr,rmax): 1503    0.0066577896   10.0000000000
Spherical Bessel Basis (nsws,lmax,cutoff):   37    2  176.3967570603
Confining potential (l,width,scale):  0    3.0000000000  100.0000000000
  1         -0.3348525927   -0.2401819449    0.2820953128   -0.2388448411
  2         -0.4038948821   -0.2405504229    0.2866889240   -0.2416217444
  3         -0.4360732773   -0.2390089543    0.2890729861   -0.2443653791
  4         -0.4497314704   -0.2383264046    0.2899315599   -0.2456060208
  5         -0.4551901081   -0.2381357631    0.2901452306   -0.2460489407
  6         -0.4573594294   -0.2381000300    0.2901742710   -0.2461947705
  7         -0.4582326910   -0.2381004501    0.2901659451   -0.2462415077
  8         -0.4585900702   -0.2381055523    0.2901559649   -0.2462564278
  9         -0.4587384807   -0.2381092319    0.2901497571   -0.2462612174
 10         -0.4588008132   -0.2381112609    0.2901465144   -0.2462627659
 11         -0.4588272086   -0.2381122698    0.2901449456   -0.2462632682
 12         -0.4588384507   -0.2381127465    0.2901442163   -0.2462634302
 13         -0.4588432580   -0.2381129655    0.2901438848   -0.2462634814
 14         -0.4588453195   -0.2381130645    0.2901437362   -0.2462634968
 15         -0.4588462053   -0.2381131088    0.2901436700   -0.2462635011
 16         -0.4588465865   -0.2381131284    0.2901436407   -0.2462635020
 17         -0.4588467508   -0.2381131372    0.2901436278   -0.2462635020
 18         -0.4588468216   -0.2381131410    0.2901436222   -0.2462635019
Atom SCF converged after  18 iterations to a total energy of     -0.45884682

Atom SCF Calculation for O  : Z (AE atom) =   8 : Z (PS atom) =   6
Config String: 2s2.0 2p4.0
Orbitals (num,occ):  2     2.00 4.00
Orbitals   (num,l):  2        0    1
Real-space Grid (nr,dr,rmax): 1503    0.0066577896   10.0000000000
Spherical Bessel Basis (nsws,lmax,cutoff):   37    2  176.3967570603
Confining potential (l,width,scale):  0    3.0000000000  100.0000000000
Confining potential (l,width,scale):  1    3.0000000000  100.0000000000
  1         -8.3209332552   -7.4828484739   10.1554312602   -2.1270270195
  2        -15.1405599232   -3.0474882742   13.6590820486   -2.5134754209
  3        -15.5174094640   -3.1101891961   13.6243211040   -2.6472956001
  4        -15.7606118231   -3.0805775314   13.6668776248   -2.7100307789
  5        -15.8308896490   -3.0881936416   13.6633910567   -2.7338682066
  6        -15.8678540393   -3.0862312957   13.6673103078   -2.7443897972
  7        -15.8801393942   -3.0873360689   13.6669183555   -2.7485230919
  8        -15.8859601688   -3.0872977830   13.6672813272   -2.7502957173
  9        -15.8880580832   -3.0874730763   13.6672320183   -2.7510066526
 10        -15.8889924584   -3.0874981416   13.6672623218   -2.7513066537
 11        -15.8893459980   -3.0875277929   13.6672548500   -2.7514284384
 12        -15.8894977936   -3.0875355600   13.6672566096   -2.7514793465
 13        -15.8895569380   -3.0875407304   13.6672553199   -2.7515001537
 14        -15.8895817884   -3.0875424467   13.6672552475   -2.7515088021
 15        -15.8895916441   -3.0875433561   13.6672550136   -2.7515123499
 16        -15.8895957327   -3.0875436929   13.6672549605   -2.7515138192
 17        -15.8895973717   -3.0875438525   13.6672549179   -2.7515144231
 18        -15.8895980466   -3.0875439149   13.6672549044   -2.7515146726
 19        -15.8895983189   -3.0875439428   13.6672548968   -2.7515147752
 20        -15.8895984306   -3.0875439540   13.6672548940   -2.7515148175
 21        -15.8895984758   -3.0875439588   13.6672548927   -2.7515148349
Atom SCF converged after  21 iterations to a total energy of    -15.88959848

BC: Task: SINGLEPOINT
BC: +++++++++++++++ Summary of boundary conditions ++++++++++++++
BC: |       Component       |     Keyword     |   Periodicity   |
BC: |                       |                 |     X  Y  Z [1] |
BC: |-----------------------------------------------------------|
BC: | Ion-ion               | ion_ion_bc [2]  |     P  P  P     |
BC: | Local pseudopotential | pspot_bc [3]    |     P  P  P     |
BC: +++++++++++++++++++++++++++++++++++++++++++++++++++++++++++++
BC: P: Periodic, O: Open.
BC: [1] Not strictly along X, Y, Z but rather along lattice vectors A1, A2, A3.
BC: [2] Also affected by: pbc_correction_cutoff, cutoff_coulomb_type,
BC:     is_smeared_ion_rep, is_implicit_solvent, openbc_ion_ion.
BC: [3] Also affected by: is_smeared_ion_rep, is_implicit_solvent, openbc_pspot.

Determining parallel strategy ...
... using space-filling curve
... NGWF load balancing: max     13;  min      6;  average      8
... Projector load balancing: max     23;  min     18;  average     21
... done
Calculating Ewald energy ...
              Ewald: real-space energy =          276.146724
        Ewald: reciprocal-space energy =           32.367774
         Ewald: (sum_charge)**2 energy =           16.660578
         Ewald: (sum_charge**2) energy =           17.162568
                          Ewald energy =          274.691352
Basis initialisation ...
... NGWF spheres initialised
... Projector spheres initialised
... NGWF tight boxes initialised
... Projector tight boxes initialised
... Tight-boxes gathered
... NGWF basis size (local,global):        109551       419067
... PAW projector initialisation
... done

============================= Charge Augmentation ==============================
                           Aug box size:   35 x  35 x  35
================================================================================

========================== Sparse matrix information ===========================
                        Overlap matrix filling: 100.00%
                        Density kernel filling: 100.00% (known to be dense)
              NGWF-Proj overlap matrix filling: 100.00%
                    Aug Overlap matrix filling: 100.00%
                    Hamiltonian matrix filling: 100.00%
                  NGWF diagonal matrix filling:  11.54%
                             KS matrix filling: 100.00% 
                           KSKS matrix filling: 100.00% 
================================================================================

Sparse matrix initialisation ...
 done
NGWF initialisation ... done
============ Calculation of NGWF S^-1 using Hotelling algorithm ================ 
     Iteration  |  Spin  |  Frobenius norm and Maximum abs value (of I-S*S_n^-1)
         1           1      0.68132136E+01     0.98124401E+00
         2           1      0.66497200E+01     0.96285851E+00
         3           1      0.63748858E+01     0.92716444E+00
         4           1      0.59569173E+01     0.85986097E+00
         5           1      0.53761926E+01     0.74023155E+00
         6           1      0.46478690E+01     0.66817405E+00
         7           1      0.39088938E+01     0.62343020E+00
         8           1      0.32971805E+01     0.57754967E+00
         9           1      0.26921963E+01     0.52050613E+00
        10           1      0.19617738E+01     0.43484804E+00
        11           1      0.12227459E+01     0.31141641E+00
        12           1      0.61454834E+00     0.17511602E+00
        13           1      0.18586882E+00     0.57000746E-01
        14           1      0.18119223E-01     0.60724371E-02
        15           1      0.18979171E-03     0.69335732E-04
        16           1      0.23967825E-07     0.91554007E-08
        17           1      0.35415419E-14     0.88817842E-15
================================================================================
Calculating core density ...
================================= Core Density =================================
               Core den box size:   39 x  39 x  39
================================================================================
 ... done
Density renormalisation, spin  1 ...
Target Charge:    31.000000000000 ; Input Charge:    32.500469241757
Density renormalisation, spin  2 ...
Target Charge:    30.000000000000 ; Input Charge:    31.500461367459
Density kernel initialisation
 
======= Optimisation of K by Palser-Manolopoulos canonical purification ======== 
         Iteration  |  Band structure energy |    c_n   
               1         -38.35266903749088    0.6155706
               2         -39.07407999410817    0.6090646
               3         -39.91535084385853    0.5999841
               4         -40.87851524182086    0.5885335
               5         -41.98724717969344    0.5751122
               6         -43.25772855456383    0.5629187
               7         -44.61463551573522    0.5668473
               8         -45.81272177852200    0.6237867
               9         -46.51358516461590    0.7602706
              10         -46.71711206027327    0.8583910
              11         -46.75234953201914    0.8716086
              12         -46.76638204767205    0.8630467
              13         -46.78072572780606    0.8505730
              14         -46.79673596530264    0.8342888
              15         -46.81472198079274    0.8127542
              16         -46.83499105744156    0.7840543
              17         -46.85774110863864    0.7459505
              18         -46.88278614975749    0.6966420
              19         -46.90899003461607    0.6368995
              20         -46.93340687160827    0.5740894
              21         -46.95108124915708    0.5247598
              22         -46.95857370846894    0.5031753
              23         -46.95967003971857    0.5000607
              24         -46.95969199742886    0.5000000
              25         -46.95969200724664    0.4345737
              26         -46.95969200724662    0.4345737
Termination criterion satisfied: band energy change below threshold.
Final occupancy bounds: [    0.00000000000000:    1.00000000000000]
Closest occupancy to 0.5:     1.00000000000000
================================================================================
 
======= Optimisation of K by Palser-Manolopoulos canonical purification ======== 
         Iteration  |  Band structure energy |    c_n   
               1         -37.26694516336816    0.5949345
               2         -38.07554464890697    0.5879691
               3         -39.01993815126470    0.5783265
               4         -40.09357650259263    0.5669829
               5         -41.31581035733475    0.5558174
               6         -42.67818544608583    0.5527318
               7         -44.02318971840205    0.5846885
               8         -45.01305624220593    0.6883983
               9         -45.42030863899660    0.7981717
              10         -45.50464317996664    0.8177221
              11         -45.53584726084150    0.8037794
              12         -45.56735880669501    0.7828752
              13         -45.60273020915989    0.7567825
              14         -45.64170142384411    0.7277357
              15         -45.68239533851008    0.7062746
              16         -45.71963962828378    0.7199285
              17         -45.74494170823908    0.7848485
              18         -45.75543420858947    0.8183340
              19         -45.76002067723371    0.8024550
              20         -45.76404050623883    0.7793277
              21         -45.76778679230918    0.7540146
              22         -45.77110482857496    0.7276415
              23         -45.77386092637794    0.7015707
              24         -45.77599682121487    0.6766178
              25         -45.77756527995537    0.6520459
              26         -45.77871142014361    0.6253201
              27         -45.77960048634714    0.5935169
              28         -45.78033263708723    0.5567755
              29         -45.78088496290850    0.5227443
              30         -45.78116243321406    0.5039144
              31         -45.78121700762351    0.5001201
              32         -45.78121877516442    0.5000001
              33         -45.78121877696893    0.5000001
Termination criterion satisfied: band energy change below threshold.
Final occupancy bounds: [    0.00000000000001:    1.00000000000000]
Closest occupancy to 0.5:     1.00000000000000
================================================================================

Writing density kernel to file "Fe_H2O_6_LowSpin.dkn" ... done

>>> Optimising kernel for current NGWFs:
   Initial electron number for spin 1:      31.00000000
   Initial electron number for spin 2:      30.00000000
     Final electron number for spin 1:      31.00000000
     Final electron number for spin 2:      30.00000000

=================== Penalty functional idempotency correction ==================
 RMS occupancy error at iteration   1:  0.000000 (step -0.5000 Ne1=     31.0000)
                                                               Ne2=     30.0000
            Final RMS occupancy error   :  0.000000 (Ne1=     31.0000)
                                                     Ne2=     30.0000
            Final occupancy bounds spin 1: [  0.000,  1.000]
            Final occupancy bounds spin 2: [  0.000,  1.000]
================================================================================

................................................................................
<<<<<<<<<<<<<< LNV (Original version) density kernel optimisation >>>>>>>>>>>>>>
~~~~~~~~~~~~~~~~~~~~~~~~~~~~~~~~~~~~~~~~~~~~~~~~~~~~~~~~~~~~~~~~~~~~~~~~~~~~~~~~
   iter  |      energy (Eh)       | rms gradient |  commutator  |   dE (Eh)
      ideal mu1:      -0.780106659311
      ideal mu2:      -0.792769888537
             Q0:        -225.567781206036
             G0:      -5.994236265634
   RMS gradient:       0.070661987114
    Initial Ne1:      31.00000000
    Initial Ne2:      30.00000000
      Final Ne1:      31.00000000
      Final Ne2:      30.00000000

=================== Penalty functional idempotency correction ==================
 RMS occupancy error at iteration   1:  0.001639 (step -0.4964 Ne1=     31.0000)
                                                               Ne2=     30.0000
 RMS occupancy error at iteration   2:  0.000002 (step -0.5000 Ne1=     31.0000)
                                                               Ne2=     30.0000
            Final RMS occupancy error   :  0.000000 (Ne1=     31.0000)
                                                     Ne2=     30.0000
            Final occupancy bounds spin 1: [  0.000,  1.000]
            Final occupancy bounds spin 2: [  0.000,  1.000]
================================================================================

    1        -2.255677812060E+02     7.0662E-02     4.0159E-02
      ideal mu1:      -0.876805824166
      ideal mu2:      -0.889562342311
             Q0:        -226.086097492399
             G0:      -5.546824938919
   RMS gradient:       0.051730688762
    Initial Ne1:      31.00000000
    Initial Ne2:      30.00000000
      Final Ne1:      31.00000000
      Final Ne2:      30.00000000

=================== Penalty functional idempotency correction ==================
 RMS occupancy error at iteration   1:  0.004398 (step -0.4905 Ne1=     31.0000)
                                                               Ne2=     30.0000
 RMS occupancy error at iteration   2:  0.000017 (step -0.5000 Ne1=     31.0000)
                                                               Ne2=     30.0000
            Final RMS occupancy error   :  0.000000 (Ne1=     31.0000)
                                                     Ne2=     30.0000
            Final occupancy bounds spin 1: [  0.000,  1.000]
            Final occupancy bounds spin 2: [  0.000,  1.000]
================================================================================

    2        -2.260860974924E+02     5.1731E-02     2.9401E-02    -5.1832E-01
      ideal mu1:      -0.999746098116
      ideal mu2:      -1.012328904446
             Q0:        -226.497927083004
             G0:      -1.536984919480
   RMS gradient:       0.026387025091
     Trial step:       0.500000000000
             Q1:        -226.150505928088
 Quadratic coef:       1.115913614656
 Linear coef   :      -0.768492459740
           Qmin:        -226.630235859624
Quadratic minimum step length (  0.172166655565) accepted
    Initial Ne1:      30.99999996
    Initial Ne2:      29.99999995
      Final Ne1:      31.00000000
      Final Ne2:      30.00000000

=================== Penalty functional idempotency correction ==================
 RMS occupancy error at iteration   1:  0.005523 (step -0.4879 Ne1=     31.0000)
                                                               Ne2=     30.0000
 RMS occupancy error at iteration   2:  0.000028 (step -0.5000 Ne1=     31.0000)
                                                               Ne2=     30.0000
            Final RMS occupancy error   :  0.000000 (Ne1=     31.0000)
                                                     Ne2=     30.0000
            Final occupancy bounds spin 1: [  0.000,  1.000]
            Final occupancy bounds spin 2: [  0.000,  1.000]
================================================================================

    3        -2.264979270830E+02     2.6387E-02     1.5002E-02    -4.1183E-01
      ideal mu1:      -1.116792270522
      ideal mu2:      -1.128547688806
             Q0:        -226.634384781620
             G0:      -0.107512080645
   RMS gradient:       0.009157479048
     Trial step:       0.293399604265
             Q1:        -226.651336208976
 Quadratic coef:       0.014592574559
 Linear coef   :      -0.031544001915
           Qmin:        -226.651431534624
Quadratic minimum step length (  0.317113256517) accepted
    Initial Ne1:      30.99999981
    Initial Ne2:      29.99999979
      Final Ne1:      31.00000000
      Final Ne2:      30.00000000

=================== Penalty functional idempotency correction ==================
 RMS occupancy error at iteration   1:  0.002069 (step -0.4955 Ne1=     31.0000)
                                                               Ne2=     30.0000
 RMS occupancy error at iteration   2:  0.000004 (step -0.5000 Ne1=     31.0000)
                                                               Ne2=     30.0000
            Final RMS occupancy error   :  0.000000 (Ne1=     31.0000)
                                                     Ne2=     30.0000
            Final occupancy bounds spin 1: [  0.000,  1.000]
            Final occupancy bounds spin 2: [  0.000,  1.000]
================================================================================

    4        -2.266343847816E+02     9.1575E-03     5.2136E-03    -1.3646E-01
      ideal mu1:      -1.153886706476
      ideal mu2:      -1.164211403812
    5        -2.266518928903E+02     5.2505E-03     2.9859E-03    -1.7508E-02
Finished density kernel iterations (   5)

Writing density kernel to file "Fe_H2O_6_LowSpin.dkn" ... done


>>> Density kernel optimised for the current NGWF basis:
     ~~~~~~~~~~~~~~~~~~~~~~~~~~~~~~~~~~~~~~~~~~~~~~~~~~~~~~~~~~~
     Total energy                =  -2.26651892890314E+02  Eh
     Estimated bandgap (UP spin) =   5.6481E-02  Eh
     Estimated bandgap (DN spin) =   5.3759E-04  Eh
     RMS occupancy error         =   6.1201E-11
     [H,K] commutator            =   2.9859E-03
     UP spin occupancy bounds    = [  0.000:  1.000]
     DN spin occupancy bounds    = [  0.000:  1.000]
     ~~~~~~~~~~~~~~~~~~~~~~~~~~~~~~~~~~~~~~~~~~~~~~~~~~~~~~~~~~~




################################################################################
########################### NGWF CG iteration  001 #############################
################################################################################
****** Reciprocal space K.E. preconditioning with k_zero =  3.0000 a0^-1 *******

>>> Checking for convergence of NGWFs:   NOT CONVERGED
  ========================================================================
         NGWF RMS gradient =  9.6225E-04 >  2.0000E-06  | above tolerance
  ========================================================================

>>> Improving NGWFs using line search:
============ Calculation of NGWF S^-1 using Hotelling algorithm ================ 
     Iteration  |  Spin  |  Frobenius norm and Maximum abs value (of I-S*S_n^-1)
         1           1      0.11202448E-01     0.16268215E-02
         2           1      0.13895093E-04     0.26073354E-05
         3           1      0.46471583E-10     0.86697316E-11
         4           1      0.36510178E-14     0.77715612E-15
================================================================================
============ Calculation of NGWF S^-1 using Hotelling algorithm ================ 
     Iteration  |  Spin  |  Frobenius norm and Maximum abs value (of I-S*S_n^-1)
         1           1      0.10298495E+00     0.17960766E-01
         2           1      0.16990722E-02     0.31129765E-03
         3           1      0.66400198E-06     0.12460110E-06
         4           1      0.10942603E-12     0.21982416E-13
================================================================================
------------------------------- NGWF line search -------------------------------
RMS gradient                =       0.00096224741939
Trial step length           =               0.122474
Gradient along search dir.  =         -1.46492781352
Functional at step 0        =    -226.65189289031395
Functional at step 1        =    -226.81980541604418
Functional predicted        =    -227.35145136257901
Selected quadratic step     =               0.955076
Conjugate gradients coeff.  =               0.000000
--------------------------- NGWF line search finished --------------------------
                                               
Writing NGWFs to file "Fe_H2O_6_LowSpin.tightbox_ngwfs".... done

>>> Optimising kernel for current NGWFs:
   Initial electron number for spin 1:      31.17589833
   Initial electron number for spin 2:      30.17473522
     Final electron number for spin 1:      31.00000000
     Final electron number for spin 2:      30.00000000

=================== Penalty functional idempotency correction ==================
 RMS occupancy error at iteration   1:  0.004534 (step -0.4915 Ne1=     31.0000)
                                                               Ne2=     30.0000
 RMS occupancy error at iteration   2:  0.000044 (step -0.5001 Ne1=     31.0000)
                                                               Ne2=     30.0000
            Final RMS occupancy error   :  0.000000 (Ne1=     31.0000)
                                                     Ne2=     30.0000
            Final occupancy bounds spin 1: [  0.000,  1.000]
            Final occupancy bounds spin 2: [  0.000,  1.000]
================================================================================

................................................................................
<<<<<<<<<<<<<< LNV (Original version) density kernel optimisation >>>>>>>>>>>>>>
~~~~~~~~~~~~~~~~~~~~~~~~~~~~~~~~~~~~~~~~~~~~~~~~~~~~~~~~~~~~~~~~~~~~~~~~~~~~~~~~
   iter  |      energy (Eh)       | rms gradient |  commutator  |   dE (Eh)
      ideal mu1:      -1.152104335482
      ideal mu2:      -1.161832067392
             Q0:        -227.342493274512
             G0:      -0.106573937948
   RMS gradient:       0.009422028737
     Trial step:       0.305026070966
             Q1:        -227.359614678293
 Quadratic coef:       0.015386425779
 Linear coef   :      -0.032507829560
           Qmin:        -227.359663587453
Quadratic minimum step length (  0.322223486744) accepted
    Initial Ne1:      30.99999926
    Initial Ne2:      29.99999958
      Final Ne1:      31.00000000
      Final Ne2:      30.00000000

=================== Penalty functional idempotency correction ==================
 RMS occupancy error at iteration   1:  0.000340 (step -0.4991 Ne1=     31.0000)
                                                               Ne2=     30.0000
            Final RMS occupancy error   :  0.000000 (Ne1=     31.0000)
                                                     Ne2=     30.0000
            Final occupancy bounds spin 1: [ -0.000,  1.000]
            Final occupancy bounds spin 2: [ -0.000,  1.000]
================================================================================

    1        -2.273424932745E+02     9.4220E-03     5.3542E-03
      ideal mu1:      -1.118377748440
      ideal mu2:      -1.128160451031
             Q0:        -227.359691641655
             G0:      -0.007874459336
   RMS gradient:       0.002540772536
     Trial step:       0.313506880522
             Q1:        -227.361345275178
 Quadratic coef:       0.000815063659
 Linear coef   :      -0.002468697182
           Qmin:        -227.361560963674
Quadratic minimum step length (  0.474781045638) accepted
    Initial Ne1:      31.00000653
    Initial Ne2:      30.00000730
      Final Ne1:      31.00000000
      Final Ne2:      30.00000000

=================== Penalty functional idempotency correction ==================
 RMS occupancy error at iteration   1:  0.000111 (step -0.4998 Ne1=     31.0000)
                                                               Ne2=     30.0000
            Final RMS occupancy error   :  0.000000 (Ne1=     31.0000)
                                                     Ne2=     30.0000
            Final occupancy bounds spin 1: [ -0.000,  1.000]
            Final occupancy bounds spin 2: [ -0.000,  1.000]
================================================================================

    2        -2.273596916417E+02     2.5408E-03     1.4441E-03    -1.7198E-02
      ideal mu1:      -1.114362558170
      ideal mu2:      -1.124461638376
             Q0:        -227.361569490083
             G0:      -0.005250168229
   RMS gradient:       0.002078419978
     Trial step:       0.385807107955
             Q1:        -227.362076493012
 Quadratic coef:       0.001518549292
 Linear coef   :      -0.002025552221
           Qmin:        -227.362244947545
Quadratic minimum step length (  0.257308882954) accepted
    Initial Ne1:      31.00000260
    Initial Ne2:      30.00000296
      Final Ne1:      31.00000000
      Final Ne2:      30.00000000

=================== Penalty functional idempotency correction ==================
 RMS occupancy error at iteration   1:  0.000076 (step -0.4998 Ne1=     31.0000)
                                                               Ne2=     30.0000
            Final RMS occupancy error   :  0.000000 (Ne1=     31.0000)
                                                     Ne2=     30.0000
            Final occupancy bounds spin 1: [ -0.000,  1.000]
            Final occupancy bounds spin 2: [ -0.000,  1.000]
================================================================================

    3        -2.273615694901E+02     2.0784E-03     1.1820E-03    -1.8778E-03
      ideal mu1:      -1.113991915844
      ideal mu2:      -1.124182061383
             Q0:        -227.362241796766
             G0:      -0.002563100723
   RMS gradient:       0.001451849977
     Trial step:       0.315073953198
             Q1:        -227.362873248338
 Quadratic coef:       0.000176114705
 Linear coef   :      -0.000807566277
           Qmin:        -227.363167561728
Quadratic minimum step length (  0.722378916775) accepted
    Initial Ne1:      31.00000443
    Initial Ne2:      30.00000486
      Final Ne1:      31.00000000
      Final Ne2:      30.00000000

=================== Penalty functional idempotency correction ==================
 RMS occupancy error at iteration   1:  0.000255 (step -0.4987 Ne1=     31.0000)
                                                               Ne2=     30.0000
 RMS occupancy error at iteration   2:  0.000000 (step -0.5000 Ne1=     31.0000)
                                                               Ne2=     30.0000
            Final RMS occupancy error   :  0.000000 (Ne1=     31.0000)
                                                     Ne2=     30.0000
            Final occupancy bounds spin 1: [  0.000,  1.000]
            Final occupancy bounds spin 2: [  0.000,  1.000]
================================================================================

    4        -2.273622417968E+02     1.4518E-03     8.2906E-04    -6.7231E-04
      ideal mu1:      -1.120331778413
      ideal mu2:      -1.130199376386
    5        -2.273632204132E+02     8.6833E-04     4.9446E-04    -9.7862E-04
Finished density kernel iterations (   5)

Writing density kernel to file "Fe_H2O_6_LowSpin.dkn" ... done


>>> Density kernel optimised for the current NGWF basis:
     ~~~~~~~~~~~~~~~~~~~~~~~~~~~~~~~~~~~~~~~~~~~~~~~~~~~~~~~~~~~
     Total energy                =  -2.27363220413176E+02  Eh
     Estimated bandgap (UP spin) =   5.9379E-02  Eh
     Estimated bandgap (DN spin) =   1.0487E-02  Eh
     RMS occupancy error         =   1.3556E-12
     [H,K] commutator            =   4.9446E-04
     UP spin occupancy bounds    = [  0.000:  1.000]
     DN spin occupancy bounds    = [  0.000:  1.000]
     ~~~~~~~~~~~~~~~~~~~~~~~~~~~~~~~~~~~~~~~~~~~~~~~~~~~~~~~~~~~




################################################################################
########################### NGWF CG iteration  002 #############################
################################################################################
****** Reciprocal space K.E. preconditioning with k_zero =  3.0000 a0^-1 *******

>>> Checking for convergence of NGWFs:   NOT CONVERGED
  ========================================================================
         NGWF RMS gradient =  3.6318E-04 >  2.0000E-06  | above tolerance
  ========================================================================

>>> Improving NGWFs using line search:
============ Calculation of NGWF S^-1 using Hotelling algorithm ================ 
     Iteration  |  Spin  |  Frobenius norm and Maximum abs value (of I-S*S_n^-1)
         1           1      0.12691403E-01     0.24607374E-02
         2           1      0.32653565E-04     0.66241028E-05
         3           1      0.23840114E-09     0.49804605E-10
         4           1      0.37956893E-14     0.11102230E-14
================================================================================
============ Calculation of NGWF S^-1 using Hotelling algorithm ================ 
     Iteration  |  Spin  |  Frobenius norm and Maximum abs value (of I-S*S_n^-1)
         1           1      0.28907210E-01     0.60110979E-02
         2           1      0.17690621E-03     0.38247379E-04
         3           1      0.70547745E-08     0.15736834E-08
         4           1      0.40081439E-14     0.12212453E-14
================================================================================
------------------------------- NGWF line search -------------------------------
RMS gradient                =       0.00036317983550
Trial step length           =               0.342012
Gradient along search dir.  =         -0.20792204195
Functional at step 0        =    -227.36322041317575
Functional at step 1        =    -227.42186389358343
Functional predicted        =    -227.46461466009211
Selected quadratic step     =               0.975310
Conjugate gradients coeff.  =               0.142452
--------------------------- NGWF line search finished --------------------------
                                               
Writing NGWFs to file "Fe_H2O_6_LowSpin.tightbox_ngwfs".... done

>>> Optimising kernel for current NGWFs:
   Initial electron number for spin 1:      31.09286931
   Initial electron number for spin 2:      30.09215276
     Final electron number for spin 1:      31.00000000
     Final electron number for spin 2:      30.00000000

=================== Penalty functional idempotency correction ==================
 RMS occupancy error at iteration   1:  0.002386 (step -0.4958 Ne1=     31.0000)
                                                               Ne2=     30.0000
 RMS occupancy error at iteration   2:  0.000009 (step -0.5000 Ne1=     31.0000)
                                                               Ne2=     30.0000
            Final RMS occupancy error   :  0.000000 (Ne1=     31.0000)
                                                     Ne2=     30.0000
            Final occupancy bounds spin 1: [  0.000,  1.000]
            Final occupancy bounds spin 2: [  0.000,  1.000]
================================================================================

................................................................................
<<<<<<<<<<<<<< LNV (Original version) density kernel optimisation >>>>>>>>>>>>>>
~~~~~~~~~~~~~~~~~~~~~~~~~~~~~~~~~~~~~~~~~~~~~~~~~~~~~~~~~~~~~~~~~~~~~~~~~~~~~~~~
   iter  |      energy (Eh)       | rms gradient |  commutator  |   dE (Eh)
      ideal mu1:      -1.123440611257
      ideal mu2:      -1.133473943601
             Q0:        -227.463551595277
             G0:      -0.013595900358
   RMS gradient:       0.003365293172
     Trial step:       0.477077332321
             Q1:        -227.465057494597
 Quadratic coef:       0.004980396553
 Linear coef   :      -0.006486295873
           Qmin:        -227.465663477017
Quadratic minimum step length (  0.310664492148) accepted
    Initial Ne1:      30.99999998
    Initial Ne2:      30.00000000
      Final Ne1:      31.00000000
      Final Ne2:      30.00000000

=================== Penalty functional idempotency correction ==================
 RMS occupancy error at iteration   1:  0.000035 (step -0.4999 Ne1=     31.0000)
                                                               Ne2=     30.0000
            Final RMS occupancy error   :  0.000000 (Ne1=     31.0000)
                                                     Ne2=     30.0000
            Final occupancy bounds spin 1: [ -0.000,  1.000]
            Final occupancy bounds spin 2: [ -0.000,  1.000]
================================================================================

    1        -2.274635515953E+02     3.3653E-03     1.9135E-03
      ideal mu1:      -1.114545886843
      ideal mu2:      -1.124363225593
             Q0:        -227.465638723635
             G0:      -0.000851573606
   RMS gradient:       0.000833950466
     Trial step:       0.384981801078
             Q1:        -227.465844434206
 Quadratic coef:       0.000122129770
 Linear coef   :      -0.000327840340
           Qmin:        -227.465858734057
Quadratic minimum step length (  0.516714986427) accepted
    Initial Ne1:      31.00000004
    Initial Ne2:      30.00000005
      Final Ne1:      31.00000000
      Final Ne2:      30.00000000

=================== Penalty functional idempotency correction ==================
 RMS occupancy error at iteration   1:  0.000013 (step -0.5000 Ne1=     31.0000)
                                                               Ne2=     30.0000
            Final RMS occupancy error   :  0.000000 (Ne1=     31.0000)
                                                     Ne2=     30.0000
            Final occupancy bounds spin 1: [  0.000,  1.000]
            Final occupancy bounds spin 2: [  0.000,  1.000]
================================================================================

    2        -2.274656387236E+02     8.3395E-04     4.7477E-04    -2.0871E-03
      ideal mu1:      -1.111911003077
      ideal mu2:      -1.121848188211
             Q0:        -227.465864287869
             G0:      -0.000721007122
   RMS gradient:       0.000738949832
     Trial step:       0.446011060534
             Q1:        -227.466003460128
 Quadratic coef:       0.000182404893
 Linear coef   :      -0.000321577151
           Qmin:        -227.466006021820
Quadratic minimum step length (  0.393155480121) accepted
    Initial Ne1:      30.99999997
    Initial Ne2:      29.99999996
      Final Ne1:      31.00000000
      Final Ne2:      30.00000000

=================== Penalty functional idempotency correction ==================
 RMS occupancy error at iteration   1:  0.000021 (step -0.4999 Ne1=     31.0000)
                                                               Ne2=     30.0000
            Final RMS occupancy error   :  0.000000 (Ne1=     31.0000)
                                                     Ne2=     30.0000
            Final occupancy bounds spin 1: [ -0.000,  1.000]
            Final occupancy bounds spin 2: [ -0.000,  1.000]
================================================================================

    3        -2.274658642879E+02     7.3895E-04     4.2299E-04    -2.2556E-04
      ideal mu1:      -1.112110249716
      ideal mu2:      -1.122037938763
             Q0:        -227.466005689322
             G0:      -0.000544914374
   RMS gradient:       0.000666925539
     Trial step:       0.418750155395
             Q1:        -227.466141476377
 Quadratic coef:       0.000092395923
 Linear coef   :      -0.000228182979
           Qmin:        -227.466146570732
Quadratic minimum step length (  0.517077241059) accepted
    Initial Ne1:      31.00000012
    Initial Ne2:      30.00000004
      Final Ne1:      31.00000000
      Final Ne2:      30.00000000

=================== Penalty functional idempotency correction ==================
 RMS occupancy error at iteration   1:  0.000056 (step -0.4997 Ne1=     31.0000)
                                                               Ne2=     30.0000
            Final RMS occupancy error   :  0.000000 (Ne1=     31.0000)
                                                     Ne2=     30.0000
            Final occupancy bounds spin 1: [ -0.000,  1.000]
            Final occupancy bounds spin 2: [ -0.000,  1.000]
================================================================================

    4        -2.274660056893E+02     6.6693E-04     3.8195E-04    -1.4140E-04
      ideal mu1:      -1.113265951417
      ideal mu2:      -1.123130715625
    5        -2.274661496102E+02     6.5853E-04     3.7552E-04    -1.4392E-04
Finished density kernel iterations (   5)

Writing density kernel to file "Fe_H2O_6_LowSpin.dkn" ... done


>>> Density kernel optimised for the current NGWF basis:
     ~~~~~~~~~~~~~~~~~~~~~~~~~~~~~~~~~~~~~~~~~~~~~~~~~~~~~~~~~~~
     Total energy                =  -2.27466149610209E+02  Eh
     Estimated bandgap (UP spin) =   5.8099E-02  Eh
     Estimated bandgap (DN spin) =   1.2124E-02  Eh
     RMS occupancy error         =   1.5137E-08
     [H,K] commutator            =   3.7552E-04
     UP spin occupancy bounds    = [ -0.000:  1.000]
     DN spin occupancy bounds    = [ -0.000:  1.000]
     ~~~~~~~~~~~~~~~~~~~~~~~~~~~~~~~~~~~~~~~~~~~~~~~~~~~~~~~~~~~




################################################################################
########################### NGWF CG iteration  003 #############################
################################################################################
****** Reciprocal space K.E. preconditioning with k_zero =  3.0000 a0^-1 *******

>>> Checking for convergence of NGWFs:   NOT CONVERGED
  ========================================================================
         NGWF RMS gradient =  1.6261E-04 >  2.0000E-06  | above tolerance
  ========================================================================

>>> Improving NGWFs using line search:
============ Calculation of NGWF S^-1 using Hotelling algorithm ================ 
     Iteration  |  Spin  |  Frobenius norm and Maximum abs value (of I-S*S_n^-1)
         1           1      0.13449731E-01     0.22052623E-02
         2           1      0.41605061E-04     0.66997848E-05
         3           1      0.46807161E-09     0.78375306E-10
         4           1      0.36171806E-14     0.88817842E-15
================================================================================
============ Calculation of NGWF S^-1 using Hotelling algorithm ================ 
     Iteration  |  Spin  |  Frobenius norm and Maximum abs value (of I-S*S_n^-1)
         1           1      0.91791655E-02     0.15573591E-02
         2           1      0.19817855E-04     0.32704459E-05
         3           1      0.10651420E-09     0.17917889E-10
         4           1      0.43049579E-14     0.15543122E-14
================================================================================
------------------------------- NGWF line search -------------------------------
RMS gradient                =       0.00016260960298
Trial step length           =               0.577554
Gradient along search dir.  =         -0.04213411390
Functional at step 0        =    -227.46614961020904
Functional at step 1        =    -227.48287354187872
Functional predicted        =    -227.48560157006943
Selected quadratic step     =               0.923335
Conjugate gradients coeff.  =               0.200470
--------------------------- NGWF line search finished --------------------------
                                               
Writing NGWFs to file "Fe_H2O_6_LowSpin.tightbox_ngwfs".... done

>>> Optimising kernel for current NGWFs:
   Initial electron number for spin 1:      31.02856796
   Initial electron number for spin 2:      30.02825176
     Final electron number for spin 1:      31.00000000
     Final electron number for spin 2:      30.00000000

=================== Penalty functional idempotency correction ==================
 RMS occupancy error at iteration   1:  0.000817 (step -0.4985 Ne1=     31.0000)
                                                               Ne2=     30.0000
 RMS occupancy error at iteration   2:  0.000001 (step -0.5000 Ne1=     31.0000)
                                                               Ne2=     30.0000
            Final RMS occupancy error   :  0.000000 (Ne1=     31.0000)
                                                     Ne2=     30.0000
            Final occupancy bounds spin 1: [  0.000,  1.000]
            Final occupancy bounds spin 2: [  0.000,  1.000]
================================================================================

................................................................................
<<<<<<<<<<<<<< LNV (Original version) density kernel optimisation >>>>>>>>>>>>>>
~~~~~~~~~~~~~~~~~~~~~~~~~~~~~~~~~~~~~~~~~~~~~~~~~~~~~~~~~~~~~~~~~~~~~~~~~~~~~~~~
   iter  |      energy (Eh)       | rms gradient |  commutator  |   dE (Eh)
      ideal mu1:      -1.118814559952
      ideal mu2:      -1.128465223414
             Q0:        -227.485563303281
             G0:      -0.001660930365
   RMS gradient:       0.001176236441
     Trial step:       0.465323731444
             Q1:        -227.485613652413
 Quadratic coef:       0.000722521183
 Linear coef   :      -0.000772870315
           Qmin:        -227.485769985292
Quadratic minimum step length (  0.248874986318) accepted
    Initial Ne1:      31.00000000
    Initial Ne2:      30.00000000
      Final Ne1:      31.00000000
      Final Ne2:      30.00000000

=================== Penalty functional idempotency correction ==================
 RMS occupancy error at iteration   1:  0.000003 (step -0.5000 Ne1=     31.0000)
                                                               Ne2=     30.0000
            Final RMS occupancy error   :  0.000000 (Ne1=     31.0000)
                                                     Ne2=     30.0000
            Final occupancy bounds spin 1: [  0.000,  1.000]
            Final occupancy bounds spin 2: [  0.000,  1.000]
================================================================================

    1        -2.274855633033E+02     1.1762E-03     6.6777E-04
      ideal mu1:      -1.115160855689
      ideal mu2:      -1.124929131882
             Q0:        -227.485764053898
             G0:      -0.000446616745
   RMS gradient:       0.000600312487
     Trial step:       0.340304918120
             Q1:        -227.485805414170
 Quadratic coef:       0.000110625603
 Linear coef   :      -0.000151985875
           Qmin:        -227.485816256339
Quadratic minimum step length (  0.233768400921) accepted
    Initial Ne1:      31.00000000
    Initial Ne2:      30.00000000
      Final Ne1:      31.00000000
      Final Ne2:      30.00000000

=================== Penalty functional idempotency correction ==================
 RMS occupancy error at iteration   1:  0.000003 (step -0.5000 Ne1=     31.0000)
                                                               Ne2=     30.0000
            Final RMS occupancy error   :  0.000000 (Ne1=     31.0000)
                                                     Ne2=     30.0000
            Final occupancy bounds spin 1: [  0.000,  1.000]
            Final occupancy bounds spin 2: [  0.000,  1.000]
================================================================================

    2        -2.274857640539E+02     6.0031E-04     3.4019E-04    -2.0075E-04
      ideal mu1:      -1.113699033819
      ideal mu2:      -1.123500235116
             Q0:        -227.485814815947
             G0:      -0.000093822419
   RMS gradient:       0.000271185719
     Trial step:       0.282050592154
             Q1:        -227.485832109935
 Quadratic coef:       0.000009168681
 Linear coef   :      -0.000026462669
           Qmin:        -227.485833910102
Quadratic minimum step length (  0.407027565538) accepted
    Initial Ne1:      31.00000000
    Initial Ne2:      30.00000000
      Final Ne1:      31.00000000
      Final Ne2:      30.00000000

=================== Penalty functional idempotency correction ==================
 RMS occupancy error at iteration   1:  0.000002 (step -0.5000 Ne1=     31.0000)
                                                               Ne2=     30.0000
            Final RMS occupancy error   :  0.000000 (Ne1=     31.0000)
                                                     Ne2=     30.0000
            Final occupancy bounds spin 1: [  0.000,  1.000]
            Final occupancy bounds spin 2: [  0.000,  1.000]
================================================================================

    3        -2.274858148159E+02     2.7119E-04     1.5426E-04    -5.0762E-05
      ideal mu1:      -1.113333585833
      ideal mu2:      -1.123159771028
             Q0:        -227.485834170507
             G0:      -0.000064482471
   RMS gradient:       0.000226473372
     Trial step:       0.338824978246
             Q1:        -227.485849179372
 Quadratic coef:       0.000006839408
 Linear coef   :      -0.000021848272
           Qmin:        -227.485851618911
Quadratic minimum step length (  0.541182834576) accepted
    Initial Ne1:      31.00000000
    Initial Ne2:      30.00000000
      Final Ne1:      31.00000000
      Final Ne2:      30.00000000

=================== Penalty functional idempotency correction ==================
 RMS occupancy error at iteration   1:  0.000004 (step -0.5000 Ne1=     31.0000)
                                                               Ne2=     30.0000
            Final RMS occupancy error   :  0.000000 (Ne1=     31.0000)
                                                     Ne2=     30.0000
            Final occupancy bounds spin 1: [  0.000,  1.000]
            Final occupancy bounds spin 2: [  0.000,  1.000]
================================================================================

    4        -2.274858341705E+02     2.2647E-04     1.2936E-04    -1.9355E-05
      ideal mu1:      -1.113446537098
      ideal mu2:      -1.123290047789
    5        -2.274858525847E+02     2.0327E-04     1.1640E-04    -1.8414E-05
Finished density kernel iterations (   5)

Writing density kernel to file "Fe_H2O_6_LowSpin.dkn" ... done


>>> Density kernel optimised for the current NGWF basis:
     ~~~~~~~~~~~~~~~~~~~~~~~~~~~~~~~~~~~~~~~~~~~~~~~~~~~~~~~~~~~
     Total energy                =  -2.27485852584668E+02  Eh
     Estimated bandgap (UP spin) =   5.6651E-02  Eh
     Estimated bandgap (DN spin) =   1.2867E-02  Eh
     RMS occupancy error         =   1.6428E-10
     [H,K] commutator            =   1.1640E-04
     UP spin occupancy bounds    = [  0.000:  1.000]
     DN spin occupancy bounds    = [  0.000:  1.000]
     ~~~~~~~~~~~~~~~~~~~~~~~~~~~~~~~~~~~~~~~~~~~~~~~~~~~~~~~~~~~




################################################################################
########################### NGWF CG iteration  004 #############################
################################################################################
****** Reciprocal space K.E. preconditioning with k_zero =  3.0000 a0^-1 *******

>>> Checking for convergence of NGWFs:   NOT CONVERGED
  ========================================================================
         NGWF RMS gradient =  8.9785E-05 >  2.0000E-06  | above tolerance
  ========================================================================

>>> Improving NGWFs using line search:
============ Calculation of NGWF S^-1 using Hotelling algorithm ================ 
     Iteration  |  Spin  |  Frobenius norm and Maximum abs value (of I-S*S_n^-1)
         1           1      0.14541376E-01     0.20701541E-02
         2           1      0.55232543E-04     0.85392437E-05
         3           1      0.87095339E-09     0.14189361E-09
         4           1      0.38769626E-14     0.99920072E-15
================================================================================
============ Calculation of NGWF S^-1 using Hotelling algorithm ================ 
     Iteration  |  Spin  |  Frobenius norm and Maximum abs value (of I-S*S_n^-1)
         1           1      0.17824281E-03     0.26603439E-04
         2           1      0.83293267E-08     0.12624182E-08
         3           1      0.36572728E-14     0.88817842E-15
================================================================================
------------------------------- NGWF line search -------------------------------
RMS gradient                =       0.00008978526845
Trial step length           =               0.730257
Gradient along search dir.  =         -0.01290428077
Functional at step 0        =    -227.48585258466755
Functional at step 1        =    -227.49061548012406
Functional predicted        =    -227.49061604201083
Selected quadratic step     =               0.738276
Conjugate gradients coeff.  =               0.304872
--------------------------- NGWF line search finished --------------------------
                                               
Writing NGWFs to file "Fe_H2O_6_LowSpin.tightbox_ngwfs".... done

>>> Optimising kernel for current NGWFs:
   Initial electron number for spin 1:      31.00991103
   Initial electron number for spin 2:      30.00979923
     Final electron number for spin 1:      31.00000000
     Final electron number for spin 2:      30.00000000

=================== Penalty functional idempotency correction ==================
 RMS occupancy error at iteration   1:  0.000278 (step -0.4995 Ne1=     31.0000)
                                                               Ne2=     30.0000
 RMS occupancy error at iteration   2:  0.000000 (step -0.5000 Ne1=     31.0000)
                                                               Ne2=     30.0000
            Final RMS occupancy error   :  0.000000 (Ne1=     31.0000)
                                                     Ne2=     30.0000
            Final occupancy bounds spin 1: [  0.000,  1.000]
            Final occupancy bounds spin 2: [  0.000,  1.000]
================================================================================

................................................................................
<<<<<<<<<<<<<< LNV (Original version) density kernel optimisation >>>>>>>>>>>>>>
~~~~~~~~~~~~~~~~~~~~~~~~~~~~~~~~~~~~~~~~~~~~~~~~~~~~~~~~~~~~~~~~~~~~~~~~~~~~~~~~
   iter  |      energy (Eh)       | rms gradient |  commutator  |   dE (Eh)
      ideal mu1:      -1.111687380909
      ideal mu2:      -1.121693397385
             Q0:        -227.490611013983
             G0:      -0.000688164877
   RMS gradient:       0.000757120786
     Trial step:       0.428212870138
             Q1:        -227.490667141817
 Quadratic coef:       0.000238553222
 Linear coef   :      -0.000294681057
           Qmin:        -227.490702017705
Quadratic minimum step length (  0.264482323874) accepted
    Initial Ne1:      31.00000000
    Initial Ne2:      30.00000000
      Final Ne1:      31.00000000
      Final Ne2:      30.00000000

=================== Penalty functional idempotency correction ==================
 RMS occupancy error at iteration   1:  0.000002 (step -0.5000 Ne1=     31.0000)
                                                               Ne2=     30.0000
            Final RMS occupancy error   :  0.000000 (Ne1=     31.0000)
                                                     Ne2=     30.0000
            Final occupancy bounds spin 1: [  0.000,  1.000]
            Final occupancy bounds spin 2: [  0.000,  1.000]
================================================================================

    1        -2.274906110140E+02     7.5712E-04     4.3120E-04
      ideal mu1:      -1.112841708451
      ideal mu2:      -1.122670378529
             Q0:        -227.490700112524
             G0:      -0.000152856155
   RMS gradient:       0.000350689491
     Trial step:       0.336533408456
             Q1:        -227.490720371600
 Quadratic coef:       0.000031182127
 Linear coef   :      -0.000051441203
           Qmin:        -227.490721328182
Quadratic minimum step length (  0.277589843559) accepted
    Initial Ne1:      31.00000000
    Initial Ne2:      30.00000000
      Final Ne1:      31.00000000
      Final Ne2:      30.00000000

=================== Penalty functional idempotency correction ==================
 RMS occupancy error at iteration   1:  0.000002 (step -0.5000 Ne1=     31.0000)
                                                               Ne2=     30.0000
            Final RMS occupancy error   :  0.000000 (Ne1=     31.0000)
                                                     Ne2=     30.0000
            Final occupancy bounds spin 1: [  0.000,  1.000]
            Final occupancy bounds spin 2: [  0.000,  1.000]
================================================================================

    2        -2.274907001125E+02     3.5069E-04     1.9981E-04    -8.9099E-05
      ideal mu1:      -1.113159320119
      ideal mu2:      -1.122944152321
             Q0:        -227.490720631697
             G0:      -0.000060245619
   RMS gradient:       0.000207995992
     Trial step:       0.305644002404
             Q1:        -227.490730328400
 Quadratic coef:       0.000008717010
 Linear coef   :      -0.000018413712
           Qmin:        -227.490730355926
Quadratic minimum step length (  0.322819445777) accepted
    Initial Ne1:      31.00000000
    Initial Ne2:      30.00000000
      Final Ne1:      31.00000000
      Final Ne2:      30.00000000

=================== Penalty functional idempotency correction ==================
 RMS occupancy error at iteration   1:  0.000001 (step -0.5000 Ne1=     31.0000)
                                                               Ne2=     30.0000
            Final RMS occupancy error   :  0.000000 (Ne1=     31.0000)
                                                     Ne2=     30.0000
            Final occupancy bounds spin 1: [  0.000,  1.000]
            Final occupancy bounds spin 2: [  0.000,  1.000]
================================================================================

    3        -2.274907206317E+02     2.0800E-04     1.1862E-04    -2.0519E-05
      ideal mu1:      -1.113408065558
      ideal mu2:      -1.123179035207
             Q0:        -227.490730453412
             G0:      -0.000037827751
   RMS gradient:       0.000160811510
     Trial step:       0.314114354115
             Q1:        -227.490738263820
 Quadratic coef:       0.000004071831
 Linear coef   :      -0.000011882240
           Qmin:        -227.490739121970
Quadratic minimum step length (  0.458317358933) accepted
    Initial Ne1:      31.00000000
    Initial Ne2:      30.00000000
      Final Ne1:      31.00000000
      Final Ne2:      30.00000000

=================== Penalty functional idempotency correction ==================
 RMS occupancy error at iteration   1:  0.000002 (step -0.5000 Ne1=     31.0000)
                                                               Ne2=     30.0000
            Final RMS occupancy error   :  0.000000 (Ne1=     31.0000)
                                                     Ne2=     30.0000
            Final occupancy bounds spin 1: [  0.000,  1.000]
            Final occupancy bounds spin 2: [  0.000,  1.000]
================================================================================

    4        -2.274907304534E+02     1.6081E-04     9.1759E-05    -9.8217E-06
      ideal mu1:      -1.113558069309
      ideal mu2:      -1.123327801213
    5        -2.274907400259E+02     1.2759E-04     7.2942E-05    -9.5724E-06
Finished density kernel iterations (   5)

Writing density kernel to file "Fe_H2O_6_LowSpin.dkn" ... done


>>> Density kernel optimised for the current NGWF basis:
     ~~~~~~~~~~~~~~~~~~~~~~~~~~~~~~~~~~~~~~~~~~~~~~~~~~~~~~~~~~~
     Total energy                =  -2.27490740025852E+02  Eh
     Estimated bandgap (UP spin) =   5.5837E-02  Eh
     Estimated bandgap (DN spin) =   1.3362E-02  Eh
     RMS occupancy error         =   5.8149E-11
     [H,K] commutator            =   7.2942E-05
     UP spin occupancy bounds    = [  0.000:  1.000]
     DN spin occupancy bounds    = [  0.000:  1.000]
     ~~~~~~~~~~~~~~~~~~~~~~~~~~~~~~~~~~~~~~~~~~~~~~~~~~~~~~~~~~~




################################################################################
########################### NGWF CG iteration  005 #############################
################################################################################
****** Reciprocal space K.E. preconditioning with k_zero =  3.0000 a0^-1 *******

>>> Checking for convergence of NGWFs:   NOT CONVERGED
  ========================================================================
         NGWF RMS gradient =  5.1600E-05 >  2.0000E-06  | above tolerance
  ========================================================================

>>> Improving NGWFs using line search:
============ Calculation of NGWF S^-1 using Hotelling algorithm ================ 
     Iteration  |  Spin  |  Frobenius norm and Maximum abs value (of I-S*S_n^-1)
         1           1      0.65991698E-02     0.99119826E-03
         2           1      0.11684420E-04     0.16908613E-05
         3           1      0.42039463E-10     0.58786309E-11
         4           1      0.37570049E-14     0.88817842E-15
================================================================================
============ Calculation of NGWF S^-1 using Hotelling algorithm ================ 
     Iteration  |  Spin  |  Frobenius norm and Maximum abs value (of I-S*S_n^-1)
         1           1      0.16566927E-02     0.24285822E-03
         2           1      0.73811657E-06     0.10560002E-06
         3           1      0.16572199E-12     0.23623031E-13
================================================================================
------------------------------- NGWF line search -------------------------------
RMS gradient                =       0.00005160012128
Trial step length           =               0.734255
Gradient along search dir.  =         -0.00421254118
Functional at step 0        =    -227.49074002585178
Functional at step 1        =    -227.49181200145983
Functional predicted        =    -227.49192343153862
Selected quadratic step     =               0.561849
Conjugate gradients coeff.  =               0.000000
--------------------------- NGWF line search finished --------------------------
                                               
Writing NGWFs to file "Fe_H2O_6_LowSpin.tightbox_ngwfs".... done

>>> Optimising kernel for current NGWFs:
   Initial electron number for spin 1:      31.00022828
   Initial electron number for spin 2:      30.00022240
     Final electron number for spin 1:      31.00000000
     Final electron number for spin 2:      30.00000000

=================== Penalty functional idempotency correction ==================
 RMS occupancy error at iteration   1:  0.000064 (step -0.5000 Ne1=     31.0000)
                                                               Ne2=     30.0000
            Final RMS occupancy error   :  0.000000 (Ne1=     31.0000)
                                                     Ne2=     30.0000
            Final occupancy bounds spin 1: [  0.000,  1.000]
            Final occupancy bounds spin 2: [  0.000,  1.000]
================================================================================

................................................................................
<<<<<<<<<<<<<< LNV (Original version) density kernel optimisation >>>>>>>>>>>>>>
~~~~~~~~~~~~~~~~~~~~~~~~~~~~~~~~~~~~~~~~~~~~~~~~~~~~~~~~~~~~~~~~~~~~~~~~~~~~~~~~
   iter  |      energy (Eh)       | rms gradient |  commutator  |   dE (Eh)
      ideal mu1:      -1.115103578068
      ideal mu2:      -1.124784184116
             Q0:        -227.491925627398
             G0:      -0.000180558869
   RMS gradient:       0.000387818329
     Trial step:       0.379425962714
             Q1:        -227.491943544651
 Quadratic coef:       0.000050591469
 Linear coef   :      -0.000068508723
           Qmin:        -227.491948820266
Quadratic minimum step length (  0.256900903379) accepted
    Initial Ne1:      30.99999918
    Initial Ne2:      29.99999938
      Final Ne1:      31.00000000
      Final Ne2:      30.00000000

=================== Penalty functional idempotency correction ==================
 RMS occupancy error at iteration   1:  0.000001 (step -0.5000 Ne1=     31.0000)
                                                               Ne2=     30.0000
            Final RMS occupancy error   :  0.000000 (Ne1=     31.0000)
                                                     Ne2=     30.0000
            Final occupancy bounds spin 1: [  0.000,  1.000]
            Final occupancy bounds spin 2: [  0.000,  1.000]
================================================================================

    1        -2.274919256274E+02     3.8782E-04     2.2032E-04
      ideal mu1:      -1.114153407820
      ideal mu2:      -1.123906725377
             Q0:        -227.491948712630
             G0:      -0.000062700365
   RMS gradient:       0.000227431594
     Trial step:       0.312209661264
             Q1:        -227.491958309689
 Quadratic coef:       0.000009978600
 Linear coef   :      -0.000019575660
           Qmin:        -227.491958313336
Quadratic minimum step length (  0.306240855119) accepted
    Initial Ne1:      30.99999966
    Initial Ne2:      29.99999974
      Final Ne1:      31.00000000
      Final Ne2:      30.00000000

=================== Penalty functional idempotency correction ==================
 RMS occupancy error at iteration   1:  0.000001 (step -0.5000 Ne1=     31.0000)
                                                               Ne2=     30.0000
            Final RMS occupancy error   :  0.000000 (Ne1=     31.0000)
                                                     Ne2=     30.0000
            Final occupancy bounds spin 1: [  0.000,  1.000]
            Final occupancy bounds spin 2: [  0.000,  1.000]
================================================================================

    2        -2.274919487126E+02     2.2743E-04     1.2928E-04    -2.3085E-05
      ideal mu1:      -1.113632436808
      ideal mu2:      -1.123419594112
             Q0:        -227.491958314389
             G0:      -0.000020935715
   RMS gradient:       0.000132388143
     Trial step:       0.309210856281
             Q1:        -227.491961444822
 Quadratic coef:       0.000003343118
 Linear coef   :      -0.000006473551
           Qmin:        -227.491961448205
Quadratic minimum step length (  0.299375053846) accepted
    Initial Ne1:      30.99999989
    Initial Ne2:      29.99999992
      Final Ne1:      31.00000000
      Final Ne2:      30.00000000

=================== Penalty functional idempotency correction ==================
 RMS occupancy error at iteration   1:  0.000001 (step -0.5000 Ne1=     31.0000)
                                                               Ne2=     30.0000
            Final RMS occupancy error   :  0.000000 (Ne1=     31.0000)
                                                     Ne2=     30.0000
            Final occupancy bounds spin 1: [  0.000,  1.000]
            Final occupancy bounds spin 2: [  0.000,  1.000]
================================================================================

    3        -2.274919583144E+02     1.3239E-04     7.5533E-05    -9.6018E-06
      ideal mu1:      -1.113564651381
      ideal mu2:      -1.123352608092
             Q0:        -227.491961436245
             G0:      -0.000010813390
   RMS gradient:       0.000089826817
     Trial step:       0.304253211567
             Q1:        -227.491963629341
 Quadratic coef:       0.000001096912
 Linear coef   :      -0.000003290009
           Qmin:        -227.491963903206
Quadratic minimum step length (  0.456278855934) accepted
    Initial Ne1:      30.99999992
    Initial Ne2:      29.99999994
      Final Ne1:      31.00000000
      Final Ne2:      30.00000000

=================== Penalty functional idempotency correction ==================
 RMS occupancy error at iteration   1:  0.000001 (step -0.5000 Ne1=     31.0000)
                                                               Ne2=     30.0000
            Final RMS occupancy error   :  0.000000 (Ne1=     31.0000)
                                                     Ne2=     30.0000
            Final occupancy bounds spin 1: [  0.000,  1.000]
            Final occupancy bounds spin 2: [  0.000,  1.000]
================================================================================

    4        -2.274919614362E+02     8.9827E-05     5.1474E-05    -3.1219E-06
      ideal mu1:      -1.113715603897
      ideal mu2:      -1.123491476082
    5        -2.274919643377E+02     7.3373E-05     4.2055E-05    -2.9015E-06
Finished density kernel iterations (   5)

Writing density kernel to file "Fe_H2O_6_LowSpin.dkn" ... done


>>> Density kernel optimised for the current NGWF basis:
     ~~~~~~~~~~~~~~~~~~~~~~~~~~~~~~~~~~~~~~~~~~~~~~~~~~~~~~~~~~~
     Total energy                =  -2.27491964337742E+02  Eh
     Estimated bandgap (UP spin) =   5.5826E-02  Eh
     Estimated bandgap (DN spin) =   1.3409E-02  Eh
     RMS occupancy error         =   3.4845E-12
     [H,K] commutator            =   4.2055E-05
     UP spin occupancy bounds    = [  0.000:  1.000]
     DN spin occupancy bounds    = [  0.000:  1.000]
     ~~~~~~~~~~~~~~~~~~~~~~~~~~~~~~~~~~~~~~~~~~~~~~~~~~~~~~~~~~~


================================================================================
           ---------------- ENERGY COMPONENTS (Eh) ----------------
           | Kinetic                    :       63.66316488097668 |
           | Core Hartree               :     -970.30295502085187 |
           | CoreHart (non-coul chg cor):        0.00182615377240
           | Hartree                    :      433.55216379767342 |
           | Exchange-correlation       :      -24.28347354269933 |
           | Ewald                      :      274.69135151602921 |
           | Dij0                       :        2.30223449722341 |
           | Dijhartree                 :       10.85908877295608 |
           | Exc [AE core]              :     -107.67217297945004 |
           | Exc DC [AE core]           :      -49.49671678794287 |
           | Exc [PS core]              :      -21.37875691399710 |
           | Exc DC [PS core]           :      -28.29238220600980 |
           | Exc [Core]                 :      -68.31987682640438 |
           | Total [Sphere]             :       -4.81221596886907 |
           | Total                      :     -227.49196433774097 |
           --------------------------------------------------------
           ------ LOCAL ENERGY COMPONENTS FROM MATRIX TRACES ------
           | Core Hartree               :     -970.30295502085596 |
           | Hartree (Valence)          :      433.55216379767251 |
           --------------------------------------------------------
           Integrated compensation chrg.:       12.45094669849227
           Integrated density           :       60.99999873827497
           Integrated spin density      :        0.99999999341039
           Integrated |spin density|    :        1.06082579934250
           Local density approx. <S^2>  :        0.78041290296596
           Integrated density tr(KS)    :       61.00000000000000
           Integrated spin tr(KS)       :        1.00000000000000
================================================================================




################################################################################
########################### NGWF CG iteration  006 #############################
################################################################################
****** Reciprocal space K.E. preconditioning with k_zero =  3.0000 a0^-1 *******

>>> Checking for convergence of NGWFs:   NOT CONVERGED
  ========================================================================
         NGWF RMS gradient =  3.0787E-05 >  2.0000E-06  | above tolerance
  ========================================================================

>>> Improving NGWFs using line search:
============ Calculation of NGWF S^-1 using Hotelling algorithm ================ 
     Iteration  |  Spin  |  Frobenius norm and Maximum abs value (of I-S*S_n^-1)
         1           1      0.76290317E-02     0.11083403E-02
         2           1      0.16199404E-04     0.22623199E-05
         3           1      0.81012164E-10     0.10903278E-10
         4           1      0.40842662E-14     0.88817842E-15
================================================================================
============ Calculation of NGWF S^-1 using Hotelling algorithm ================ 
     Iteration  |  Spin  |  Frobenius norm and Maximum abs value (of I-S*S_n^-1)
         1           1      0.43606893E-02     0.64064399E-03
         2           1      0.52405299E-05     0.77056243E-06
         3           1      0.82479066E-11     0.11395329E-11
         4           1      0.35802406E-14     0.77715612E-15
================================================================================
------------------------------- NGWF line search -------------------------------
RMS gradient                =       0.00003078680676
Trial step length           =               0.642293
Gradient along search dir.  =         -0.00152387609
Functional at step 0        =    -227.49196433774190
Functional at step 1        =    -227.49261497344219
Functional predicted        =    -227.49269421088411
Selected quadratic step     =               0.957917
Conjugate gradients coeff.  =               0.355982
--------------------------- NGWF line search finished --------------------------
                                               
Writing NGWFs to file "Fe_H2O_6_LowSpin.tightbox_ngwfs".... done

>>> Optimising kernel for current NGWFs:
   Initial electron number for spin 1:      31.00083372
   Initial electron number for spin 2:      30.00081685
     Final electron number for spin 1:      31.00000000
     Final electron number for spin 2:      30.00000000

=================== Penalty functional idempotency correction ==================
 RMS occupancy error at iteration   1:  0.000132 (step -0.5000 Ne1=     31.0000)
                                                               Ne2=     30.0000
            Final RMS occupancy error   :  0.000000 (Ne1=     31.0000)
                                                     Ne2=     30.0000
            Final occupancy bounds spin 1: [  0.000,  1.000]
            Final occupancy bounds spin 2: [  0.000,  1.000]
================================================================================

................................................................................
<<<<<<<<<<<<<< LNV (Original version) density kernel optimisation >>>>>>>>>>>>>>
~~~~~~~~~~~~~~~~~~~~~~~~~~~~~~~~~~~~~~~~~~~~~~~~~~~~~~~~~~~~~~~~~~~~~~~~~~~~~~~~
   iter  |      energy (Eh)       | rms gradient |  commutator  |   dE (Eh)
      ideal mu1:      -1.112907587798
      ideal mu2:      -1.122771096130
             Q0:        -227.492692155825
             G0:      -0.000103615577
   RMS gradient:       0.000293786234
     Trial step:       0.372591340866
             Q1:        -227.492703753378
 Quadratic coef:       0.000027008713
 Linear coef   :      -0.000038606267
           Qmin:        -227.492705951779
Quadratic minimum step length (  0.266291117237) accepted
    Initial Ne1:      30.99999463
    Initial Ne2:      29.99999564
      Final Ne1:      31.00000000
      Final Ne2:      30.00000000

=================== Penalty functional idempotency correction ==================
 RMS occupancy error at iteration   1:  0.000000 (step -0.5000 Ne1=     31.0000)
                                                               Ne2=     30.0000
            Final RMS occupancy error   :  0.000000 (Ne1=     31.0000)
                                                     Ne2=     30.0000
            Final occupancy bounds spin 1: [  0.000,  1.000]
            Final occupancy bounds spin 2: [  0.000,  1.000]
================================================================================

    1        -2.274926921558E+02     2.9379E-04     1.6737E-04
      ideal mu1:      -1.113479339398
      ideal mu2:      -1.123284049327
             Q0:        -227.492705510697
             G0:      -0.000036184856
   RMS gradient:       0.000167067470
     Trial step:       0.314988514762
             Q1:        -227.492709430843
 Quadratic coef:       0.000007477668
 Linear coef   :      -0.000011397814
           Qmin:        -227.492709853969
Quadratic minimum step length (  0.240060179920) accepted
    Initial Ne1:      30.99999844
    Initial Ne2:      29.99999873
      Final Ne1:      31.00000000
      Final Ne2:      30.00000000

=================== Penalty functional idempotency correction ==================
 RMS occupancy error at iteration   1:  0.000000 (step -0.5000 Ne1=     31.0000)
                                                               Ne2=     30.0000
            Final RMS occupancy error   :  0.000000 (Ne1=     31.0000)
                                                     Ne2=     30.0000
            Final occupancy bounds spin 1: [  0.000,  1.000]
            Final occupancy bounds spin 2: [  0.000,  1.000]
================================================================================

    2        -2.274927055107E+02     1.6707E-04     9.5224E-05    -1.3355E-05
      ideal mu1:      -1.113686462549
      ideal mu2:      -1.123471346474
             Q0:        -227.492709563248
             G0:      -0.000011737266
   RMS gradient:       0.000089096493
     Trial step:       0.274983998674
             Q1:        -227.492711237923
 Quadratic coef:       0.000001552885
 Linear coef   :      -0.000003227560
           Qmin:        -227.492711240311
Quadratic minimum step length (  0.285767200938) accepted
    Initial Ne1:      30.99999947
    Initial Ne2:      29.99999957
      Final Ne1:      31.00000000
      Final Ne2:      30.00000000

=================== Penalty functional idempotency correction ==================
 RMS occupancy error at iteration   1:  0.000000 (step -0.5000 Ne1=     31.0000)
                                                               Ne2=     30.0000
            Final RMS occupancy error   :  0.000000 (Ne1=     31.0000)
                                                     Ne2=     30.0000
            Final occupancy bounds spin 1: [  0.000,  1.000]
            Final occupancy bounds spin 2: [  0.000,  1.000]
================================================================================

    3        -2.274927095632E+02     8.9096E-05     5.0902E-05    -4.0526E-06
      ideal mu1:      -1.113757464966
      ideal mu2:      -1.123539278666
             Q0:        -227.492711266494
             G0:      -0.000008742255
   RMS gradient:       0.000069443089
     Trial step:       0.280323754976
             Q1:        -227.492712644424
 Quadratic coef:       0.000001072732
 Linear coef   :      -0.000002450662
           Qmin:        -227.492712666131
Quadratic minimum step length (  0.320200493176) accepted
    Initial Ne1:      30.99999964
    Initial Ne2:      29.99999971
      Final Ne1:      31.00000000
      Final Ne2:      30.00000000

=================== Penalty functional idempotency correction ==================
 RMS occupancy error at iteration   1:  0.000000 (step -0.5000 Ne1=     31.0000)
                                                               Ne2=     30.0000
            Final RMS occupancy error   :  0.000000 (Ne1=     31.0000)
                                                     Ne2=     30.0000
            Final occupancy bounds spin 1: [  0.000,  1.000]
            Final occupancy bounds spin 2: [  0.000,  1.000]
================================================================================

    4        -2.274927112665E+02     6.9443E-05     3.9765E-05    -1.7032E-06
      ideal mu1:      -1.113797461661
      ideal mu2:      -1.123578423008
    5        -2.274927127628E+02     6.8806E-05     3.9362E-05    -1.4963E-06
Finished density kernel iterations (   5)

Writing density kernel to file "Fe_H2O_6_LowSpin.dkn" ... done


>>> Density kernel optimised for the current NGWF basis:
     ~~~~~~~~~~~~~~~~~~~~~~~~~~~~~~~~~~~~~~~~~~~~~~~~~~~~~~~~~~~
     Total energy                =  -2.27492712762809E+02  Eh
     Estimated bandgap (UP spin) =   5.5276E-02  Eh
     Estimated bandgap (DN spin) =   1.3582E-02  Eh
     RMS occupancy error         =   8.9719E-13
     [H,K] commutator            =   3.9362E-05
     UP spin occupancy bounds    = [  0.000:  1.000]
     DN spin occupancy bounds    = [  0.000:  1.000]
     ~~~~~~~~~~~~~~~~~~~~~~~~~~~~~~~~~~~~~~~~~~~~~~~~~~~~~~~~~~~




################################################################################
########################### NGWF CG iteration  007 #############################
################################################################################
****** Reciprocal space K.E. preconditioning with k_zero =  3.0000 a0^-1 *******

>>> Checking for convergence of NGWFs:   NOT CONVERGED
  ========================================================================
         NGWF RMS gradient =  1.9102E-05 >  2.0000E-06  | above tolerance
  ========================================================================

>>> Improving NGWFs using line search:
============ Calculation of NGWF S^-1 using Hotelling algorithm ================ 
     Iteration  |  Spin  |  Frobenius norm and Maximum abs value (of I-S*S_n^-1)
         1           1      0.10439969E-01     0.14770153E-02
         2           1      0.30603855E-04     0.43038838E-05
         3           1      0.29204184E-09     0.38356096E-10
         4           1      0.37772547E-14     0.88817842E-15
================================================================================
============ Calculation of NGWF S^-1 using Hotelling algorithm ================ 
     Iteration  |  Spin  |  Frobenius norm and Maximum abs value (of I-S*S_n^-1)
         1           1      0.19821797E-02     0.29855020E-03
         2           1      0.10878438E-05     0.16140118E-06
         3           1      0.35804037E-12     0.50293103E-13
================================================================================
------------------------------- NGWF line search -------------------------------
RMS gradient                =       0.00001910215566
Trial step length           =               0.784387
Gradient along search dir.  =         -0.00058969981
Functional at step 0        =    -227.49271276280942
Functional at step 1        =    -227.49297679387405
Functional predicted        =    -227.49298219811823
Selected quadratic step     =               0.913805
Conjugate gradients coeff.  =               0.384978
--------------------------- NGWF line search finished --------------------------
                                               
Writing NGWFs to file "Fe_H2O_6_LowSpin.tightbox_ngwfs".... done

>>> Optimising kernel for current NGWFs:
   Initial electron number for spin 1:      31.00079385
   Initial electron number for spin 2:      30.00077970
     Final electron number for spin 1:      31.00000000
     Final electron number for spin 2:      30.00000000

=================== Penalty functional idempotency correction ==================
 RMS occupancy error at iteration   1:  0.000127 (step -0.4999 Ne1=     31.0000)
                                                               Ne2=     30.0000
            Final RMS occupancy error   :  0.000000 (Ne1=     31.0000)
                                                     Ne2=     30.0000
            Final occupancy bounds spin 1: [  0.000,  1.000]
            Final occupancy bounds spin 2: [  0.000,  1.000]
================================================================================

................................................................................
<<<<<<<<<<<<<< LNV (Original version) density kernel optimisation >>>>>>>>>>>>>>
~~~~~~~~~~~~~~~~~~~~~~~~~~~~~~~~~~~~~~~~~~~~~~~~~~~~~~~~~~~~~~~~~~~~~~~~~~~~~~~~
   iter  |      energy (Eh)       | rms gradient |  commutator  |   dE (Eh)
      ideal mu1:      -1.114158335290
      ideal mu2:      -1.123947382564
             Q0:        -227.492982121029
             G0:      -0.000025115805
   RMS gradient:       0.000144641351
     Trial step:       0.299599406862
             Q1:        -227.492985760808
 Quadratic coef:       0.000003884901
 Linear coef   :      -0.000007524680
           Qmin:        -227.492985764675
Quadratic minimum step length (  0.290147628200) accepted
    Initial Ne1:      30.99999456
    Initial Ne2:      29.99999523
      Final Ne1:      31.00000000
      Final Ne2:      30.00000000

=================== Penalty functional idempotency correction ==================
 RMS occupancy error at iteration   1:  0.000000 (step -0.5000 Ne1=     31.0000)
                                                               Ne2=     30.0000
            Final RMS occupancy error   :  0.000000 (Ne1=     31.0000)
                                                     Ne2=     30.0000
            Final occupancy bounds spin 1: [  0.000,  1.000]
            Final occupancy bounds spin 2: [  0.000,  1.000]
================================================================================

    1        -2.274929821210E+02     1.4464E-04     8.2351E-05
      ideal mu1:      -1.113990077993
      ideal mu2:      -1.123772349965
             Q0:        -227.492985713743
             G0:      -0.000010230789
   RMS gradient:       0.000077214380
     Trial step:       0.294835644574
             Q1:        -227.492987067832
 Quadratic coef:       0.000001662312
 Linear coef   :      -0.000003016401
           Qmin:        -227.492987082120
Quadratic minimum step length (  0.267501745583) accepted
    Initial Ne1:      30.99999857
    Initial Ne2:      29.99999875
      Final Ne1:      31.00000000
      Final Ne2:      30.00000000

=================== Penalty functional idempotency correction ==================
 RMS occupancy error at iteration   1:  0.000000 (step -0.5000 Ne1=     31.0000)
                                                               Ne2=     30.0000
            Final RMS occupancy error   :  0.000000 (Ne1=     31.0000)
                                                     Ne2=     30.0000
            Final occupancy bounds spin 1: [  0.000,  1.000]
            Final occupancy bounds spin 2: [  0.000,  1.000]
================================================================================

    2        -2.274929857137E+02     7.7214E-05     4.4098E-05    -3.5927E-06
      ideal mu1:      -1.113905402866
      ideal mu2:      -1.123686644391
             Q0:        -227.492987008450
             G0:      -0.000007057278
   RMS gradient:       0.000057981115
     Trial step:       0.280836339500
             Q1:        -227.492988096903
 Quadratic coef:       0.000000893487
 Linear coef   :      -0.000001981940
           Qmin:        -227.492988107539
Quadratic minimum step length (  0.311476707951) accepted
    Initial Ne1:      30.99999906
    Initial Ne2:      29.99999918
      Final Ne1:      31.00000000
      Final Ne2:      30.00000000

=================== Penalty functional idempotency correction ==================
 RMS occupancy error at iteration   1:  0.000000 (step -0.5000 Ne1=     31.0000)
                                                               Ne2=     30.0000
            Final RMS occupancy error   :  0.000000 (Ne1=     31.0000)
                                                     Ne2=     30.0000
            Final occupancy bounds spin 1: [  0.000,  1.000]
            Final occupancy bounds spin 2: [  0.000,  1.000]
================================================================================

    3        -2.274929870084E+02     5.7981E-05     3.3215E-05    -1.2947E-06
      ideal mu1:      -1.113878985227
      ideal mu2:      -1.123660886388
             Q0:        -227.492988169377
             G0:      -0.000006588848
   RMS gradient:       0.000052332412
     Trial step:       0.295760001522
             Q1:        -227.492989332975
 Quadratic coef:       0.000000785120
 Linear coef   :      -0.000001948718
           Qmin:        -227.492989378587
Quadratic minimum step length (  0.367047477284) accepted
    Initial Ne1:      30.99999910
    Initial Ne2:      29.99999921
      Final Ne1:      31.00000000
      Final Ne2:      30.00000000

=================== Penalty functional idempotency correction ==================
 RMS occupancy error at iteration   1:  0.000000 (step -0.5000 Ne1=     31.0000)
                                                               Ne2=     30.0000
            Final RMS occupancy error   :  0.000000 (Ne1=     31.0000)
                                                     Ne2=     30.0000
            Final occupancy bounds spin 1: [  0.000,  1.000]
            Final occupancy bounds spin 2: [  0.000,  1.000]
================================================================================

    4        -2.274929881694E+02     5.2332E-05     3.0009E-05    -1.1609E-06
      ideal mu1:      -1.113916363525
      ideal mu2:      -1.123698564578
    5        -2.274929895163E+02     5.3689E-05     3.0720E-05    -1.3469E-06
Finished density kernel iterations (   5)

Writing density kernel to file "Fe_H2O_6_LowSpin.dkn" ... done


>>> Density kernel optimised for the current NGWF basis:
     ~~~~~~~~~~~~~~~~~~~~~~~~~~~~~~~~~~~~~~~~~~~~~~~~~~~~~~~~~~~
     Total energy                =  -2.27492989516306E+02  Eh
     Estimated bandgap (UP spin) =   5.4877E-02  Eh
     Estimated bandgap (DN spin) =   1.3812E-02  Eh
     RMS occupancy error         =   1.7128E-12
     [H,K] commutator            =   3.0720E-05
     UP spin occupancy bounds    = [  0.000:  1.000]
     DN spin occupancy bounds    = [  0.000:  1.000]
     ~~~~~~~~~~~~~~~~~~~~~~~~~~~~~~~~~~~~~~~~~~~~~~~~~~~~~~~~~~~




################################################################################
########################### NGWF CG iteration  008 #############################
################################################################################
****** Reciprocal space K.E. preconditioning with k_zero =  3.0000 a0^-1 *******

>>> Checking for convergence of NGWFs:   NOT CONVERGED
  ========================================================================
         NGWF RMS gradient =  1.1584E-05 >  2.0000E-06  | above tolerance
  ========================================================================

>>> Improving NGWFs using line search:
============ Calculation of NGWF S^-1 using Hotelling algorithm ================ 
     Iteration  |  Spin  |  Frobenius norm and Maximum abs value (of I-S*S_n^-1)
         1           1      0.10516088E-01     0.14462088E-02
         2           1      0.31498864E-04     0.42939019E-05
         3           1      0.31697440E-09     0.40448200E-10
         4           1      0.36303715E-14     0.11102230E-14
================================================================================
============ Calculation of NGWF S^-1 using Hotelling algorithm ================ 
     Iteration  |  Spin  |  Frobenius norm and Maximum abs value (of I-S*S_n^-1)
         1           1      0.19790764E-02     0.29292994E-03
         2           1      0.11030172E-05     0.15597010E-06
         3           1      0.37874977E-12     0.50959237E-13
================================================================================
------------------------------- NGWF line search -------------------------------
RMS gradient                =       0.00001158441154
Trial step length           =               0.846627
Gradient along search dir.  =         -0.00022378486
Functional at step 0        =    -227.49298951630570
Functional at step 1        =    -227.49306478135401
Functional predicted        =    -227.49306809954678
Selected quadratic step     =               0.702311
Conjugate gradients coeff.  =               0.367776
--------------------------- NGWF line search finished --------------------------
                                               
Writing NGWFs to file "Fe_H2O_6_LowSpin.tightbox_ngwfs".... done

>>> Optimising kernel for current NGWFs:
   Initial electron number for spin 1:      31.00064098
   Initial electron number for spin 2:      30.00065258
     Final electron number for spin 1:      31.00000000
     Final electron number for spin 2:      30.00000000

=================== Penalty functional idempotency correction ==================
 RMS occupancy error at iteration   1:  0.000094 (step -0.4999 Ne1=     31.0000)
                                                               Ne2=     30.0000
            Final RMS occupancy error   :  0.000000 (Ne1=     31.0000)
                                                     Ne2=     30.0000
            Final occupancy bounds spin 1: [  0.000,  1.000]
            Final occupancy bounds spin 2: [  0.000,  1.000]
================================================================================

................................................................................
<<<<<<<<<<<<<< LNV (Original version) density kernel optimisation >>>>>>>>>>>>>>
~~~~~~~~~~~~~~~~~~~~~~~~~~~~~~~~~~~~~~~~~~~~~~~~~~~~~~~~~~~~~~~~~~~~~~~~~~~~~~~~
   iter  |      energy (Eh)       | rms gradient |  commutator  |   dE (Eh)
      ideal mu1:      -1.114381881992
      ideal mu2:      -1.124162316180
             Q0:        -227.493067020182
             G0:      -0.000013940965
   RMS gradient:       0.000107761925
     Trial step:       0.329481353706
             Q1:        -227.493068267919
 Quadratic coef:       0.000003345551
 Linear coef   :      -0.000004593288
           Qmin:        -227.493068596776
Quadratic minimum step length (  0.226181407968) accepted
    Initial Ne1:      30.99999771
    Initial Ne2:      29.99999788
      Final Ne1:      31.00000000
      Final Ne2:      30.00000000

=================== Penalty functional idempotency correction ==================
 RMS occupancy error at iteration   1:  0.000000 (step -0.5000 Ne1=     31.0000)
                                                               Ne2=     30.0000
            Final RMS occupancy error   :  0.000000 (Ne1=     31.0000)
                                                     Ne2=     30.0000
            Final occupancy bounds spin 1: [  0.000,  1.000]
            Final occupancy bounds spin 2: [  0.000,  1.000]
================================================================================

    1        -2.274930670202E+02     1.0776E-04     6.1334E-05
      ideal mu1:      -1.114226991260
      ideal mu2:      -1.124004807114
             Q0:        -227.493068243206
             G0:      -0.000006481824
   RMS gradient:       0.000060171423
     Trial step:       0.272988198427
             Q1:        -227.493068520436
 Quadratic coef:       0.000001492231
 Linear coef   :      -0.000001769462
           Qmin:        -227.493068767755
Quadratic minimum step length (  0.161852289835) accepted
    Initial Ne1:      30.99999949
    Initial Ne2:      29.99999953
      Final Ne1:      31.00000000
      Final Ne2:      30.00000000

=================== Penalty functional idempotency correction ==================
 RMS occupancy error at iteration   1:  0.000000 (step -0.5000 Ne1=     31.0000)
                                                               Ne2=     30.0000
            Final RMS occupancy error   :  0.000000 (Ne1=     31.0000)
                                                     Ne2=     30.0000
            Final occupancy bounds spin 1: [  0.000,  1.000]
            Final occupancy bounds spin 2: [  0.000,  1.000]
================================================================================

    2        -2.274930682432E+02     6.0171E-05     3.4330E-05    -1.2230E-06
      ideal mu1:      -1.114153779063
      ideal mu2:      -1.123930616711
             Q0:        -227.493068541628
             G0:      -0.000005040411
   RMS gradient:       0.000046556300
     Trial step:       0.210199345892
             Q1:        -227.493068821125
 Quadratic coef:       0.000000779994
 Linear coef   :      -0.000001059491
           Qmin:        -227.493068901413
Quadratic minimum step length (  0.142760224457) accepted
    Initial Ne1:      30.99999973
    Initial Ne2:      29.99999975
      Final Ne1:      31.00000000
      Final Ne2:      30.00000000

=================== Penalty functional idempotency correction ==================
 RMS occupancy error at iteration   1:  0.000000 (step -0.5000 Ne1=     31.0000)
                                                               Ne2=     30.0000
            Final RMS occupancy error   :  0.000000 (Ne1=     31.0000)
                                                     Ne2=     30.0000
            Final occupancy bounds spin 1: [  0.000,  1.000]
            Final occupancy bounds spin 2: [  0.000,  1.000]
================================================================================

    3        -2.274930685416E+02     4.6556E-05     2.6618E-05    -2.9842E-07
      ideal mu1:      -1.114110052790
      ideal mu2:      -1.123886512089
             Q0:        -227.493068776740
             G0:      -0.000005460770
   RMS gradient:       0.000043326889
     Trial step:       0.173228478606
             Q1:        -227.493069186082
 Quadratic coef:       0.000000536619
 Linear coef   :      -0.000000945961
           Qmin:        -227.493069193629
Quadratic minimum step length (  0.152685110940) accepted
    Initial Ne1:      30.99999975
    Initial Ne2:      29.99999977
      Final Ne1:      31.00000000
      Final Ne2:      30.00000000

=================== Penalty functional idempotency correction ==================
 RMS occupancy error at iteration   1:  0.000000 (step -0.5000 Ne1=     31.0000)
                                                               Ne2=     30.0000
            Final RMS occupancy error   :  0.000000 (Ne1=     31.0000)
                                                     Ne2=     30.0000
            Final occupancy bounds spin 1: [  0.000,  1.000]
            Final occupancy bounds spin 2: [  0.000,  1.000]
================================================================================

    4        -2.274930687767E+02     4.3327E-05     2.4783E-05    -2.3511E-07
      ideal mu1:      -1.114081896246
      ideal mu2:      -1.123858321683
    5        -2.274930691498E+02     4.3524E-05     2.4882E-05    -3.7307E-07
Finished density kernel iterations (   5)

Writing density kernel to file "Fe_H2O_6_LowSpin.dkn" ... done


>>> Density kernel optimised for the current NGWF basis:
     ~~~~~~~~~~~~~~~~~~~~~~~~~~~~~~~~~~~~~~~~~~~~~~~~~~~~~~~~~~~
     Total energy                =  -2.27493069149805E+02  Eh
     Estimated bandgap (UP spin) =   5.4542E-02  Eh
     Estimated bandgap (DN spin) =   1.3664E-02  Eh
     RMS occupancy error         =   3.3710E-14
     [H,K] commutator            =   2.4882E-05
     UP spin occupancy bounds    = [  0.000:  1.000]
     DN spin occupancy bounds    = [  0.000:  1.000]
     ~~~~~~~~~~~~~~~~~~~~~~~~~~~~~~~~~~~~~~~~~~~~~~~~~~~~~~~~~~~




################################################################################
########################### NGWF CG iteration  009 #############################
################################################################################
****** Reciprocal space K.E. preconditioning with k_zero =  3.0000 a0^-1 *******

>>> Checking for convergence of NGWFs:   NOT CONVERGED
  ========================================================================
         NGWF RMS gradient =  6.9934E-06 >  2.0000E-06  | above tolerance
  ========================================================================

>>> Improving NGWFs using line search:
============ Calculation of NGWF S^-1 using Hotelling algorithm ================ 
     Iteration  |  Spin  |  Frobenius norm and Maximum abs value (of I-S*S_n^-1)
         1           1      0.39979362E-02     0.52896706E-03
         2           1      0.46170229E-05     0.57433062E-06
         3           1      0.76366233E-11     0.85376151E-12
================================================================================
============ Calculation of NGWF S^-1 using Hotelling algorithm ================ 
     Iteration  |  Spin  |  Frobenius norm and Maximum abs value (of I-S*S_n^-1)
         1           1      0.10028853E-02     0.13195374E-03
         2           1      0.29124255E-06     0.36661116E-07
         3           1      0.30317521E-13     0.43298698E-14
================================================================================
------------------------------- NGWF line search -------------------------------
RMS gradient                =       0.00000699338926
Trial step length           =               0.771100
Gradient along search dir.  =         -0.00007737811
Functional at step 0        =    -227.49306914980514
Functional at step 1        =    -227.49308966626813
Functional predicted        =    -227.49309188339885
Selected quadratic step     =               0.587598
Conjugate gradients coeff.  =               0.000000
--------------------------- NGWF line search finished --------------------------
                                               
Writing NGWFs to file "Fe_H2O_6_LowSpin.tightbox_ngwfs".... done

>>> Optimising kernel for current NGWFs:
   Initial electron number for spin 1:      31.00026071
   Initial electron number for spin 2:      30.00028224
     Final electron number for spin 1:      31.00000000
     Final electron number for spin 2:      30.00000000

=================== Penalty functional idempotency correction ==================
 RMS occupancy error at iteration   1:  0.000047 (step -0.5000 Ne1=     31.0000)
                                                               Ne2=     30.0000
            Final RMS occupancy error   :  0.000000 (Ne1=     31.0000)
                                                     Ne2=     30.0000
            Final occupancy bounds spin 1: [  0.000,  1.000]
            Final occupancy bounds spin 2: [  0.000,  1.000]
================================================================================

................................................................................
<<<<<<<<<<<<<< LNV (Original version) density kernel optimisation >>>>>>>>>>>>>>
~~~~~~~~~~~~~~~~~~~~~~~~~~~~~~~~~~~~~~~~~~~~~~~~~~~~~~~~~~~~~~~~~~~~~~~~~~~~~~~~
   iter  |      energy (Eh)       | rms gradient |  commutator  |   dE (Eh)
      ideal mu1:      -1.114099439704
      ideal mu2:      -1.123889168278
             Q0:        -227.493092398747
             G0:      -0.000006418124
   RMS gradient:       0.000073117773
     Trial step:       0.162632744163
             Q1:        -227.493092866577
 Quadratic coef:       0.000000575967
 Linear coef   :      -0.000001043797
           Qmin:        -227.493092871653
Quadratic minimum step length (  0.147365710303) accepted
    Initial Ne1:      30.99999962
    Initial Ne2:      29.99999963
      Final Ne1:      31.00000000
      Final Ne2:      30.00000000

=================== Penalty functional idempotency correction ==================
 RMS occupancy error at iteration   1:  0.000000 (step -0.5000 Ne1=     31.0000)
                                                               Ne2=     30.0000
            Final RMS occupancy error   :  0.000000 (Ne1=     31.0000)
                                                     Ne2=     30.0000
            Final occupancy bounds spin 1: [  0.000,  1.000]
            Final occupancy bounds spin 2: [  0.000,  1.000]
================================================================================

    1        -2.274930923987E+02     7.3118E-05     4.1715E-05
      ideal mu1:      -1.114119678910
      ideal mu2:      -1.123903917414
             Q0:        -227.493092838207
             G0:      -0.000005992415
   RMS gradient:       0.000054460746
     Trial step:       0.154811142564
             Q1:        -227.493093133075
 Quadratic coef:       0.000000632825
 Linear coef   :      -0.000000927693
           Qmin:        -227.493093178196
Quadratic minimum step length (  0.113473040559) accepted
    Initial Ne1:      30.99999984
    Initial Ne2:      29.99999984
      Final Ne1:      31.00000000
      Final Ne2:      30.00000000

=================== Penalty functional idempotency correction ==================
 RMS occupancy error at iteration   1:  0.000000 (step -0.5000 Ne1=     31.0000)
                                                               Ne2=     30.0000
            Final RMS occupancy error   :  0.000000 (Ne1=     31.0000)
                                                     Ne2=     30.0000
            Final occupancy bounds spin 1: [  0.000,  1.000]
            Final occupancy bounds spin 2: [  0.000,  1.000]
================================================================================

    2        -2.274930928382E+02     5.4461E-05     3.1126E-05    -4.3946E-07
      ideal mu1:      -1.114133221400
      ideal mu2:      -1.123913219280
             Q0:        -227.493093087381
             G0:      -0.000005719500
   RMS gradient:       0.000046170874
     Trial step:       0.132540148858
             Q1:        -227.493093320915
 Quadratic coef:       0.000000524529
 Linear coef   :      -0.000000758063
           Qmin:        -227.493093361274
Quadratic minimum step length (  0.095775291365) accepted
    Initial Ne1:      30.99999990
    Initial Ne2:      29.99999990
      Final Ne1:      31.00000000
      Final Ne2:      30.00000000

=================== Penalty functional idempotency correction ==================
 RMS occupancy error at iteration   1:  0.000000 (step -0.5000 Ne1=     31.0000)
                                                               Ne2=     30.0000
            Final RMS occupancy error   :  0.000000 (Ne1=     31.0000)
                                                     Ne2=     30.0000
            Final occupancy bounds spin 1: [  0.000,  1.000]
            Final occupancy bounds spin 2: [  0.000,  1.000]
================================================================================

    3        -2.274930930874E+02     4.6171E-05     2.6407E-05    -2.4917E-07
      ideal mu1:      -1.114141247588
      ideal mu2:      -1.123918292873
             Q0:        -227.493093277749
             G0:      -0.000005961107
   RMS gradient:       0.000042282773
     Trial step:       0.112667969603
             Q1:        -227.493093525278
 Quadratic coef:       0.000000424097
 Linear coef   :      -0.000000671626
           Qmin:        -227.493093543656
Quadratic minimum step length (  0.089213904367) accepted
    Initial Ne1:      30.99999992
    Initial Ne2:      29.99999992
      Final Ne1:      31.00000000
      Final Ne2:      30.00000000

=================== Penalty functional idempotency correction ==================
 RMS occupancy error at iteration   1:  0.000000 (step -0.5000 Ne1=     31.0000)
                                                               Ne2=     30.0000
            Final RMS occupancy error   :  0.000000 (Ne1=     31.0000)
                                                     Ne2=     30.0000
            Final occupancy bounds spin 1: [  0.000,  1.000]
            Final occupancy bounds spin 2: [  0.000,  1.000]
================================================================================

    4        -2.274930932777E+02     4.2283E-05     2.4184E-05    -1.9037E-07
      ideal mu1:      -1.114146566378
      ideal mu2:      -1.123921683976
    5        -2.274930934857E+02     4.0530E-05     2.3173E-05    -2.0800E-07
Finished density kernel iterations (   5)

Writing density kernel to file "Fe_H2O_6_LowSpin.dkn" ... done


>>> Density kernel optimised for the current NGWF basis:
     ~~~~~~~~~~~~~~~~~~~~~~~~~~~~~~~~~~~~~~~~~~~~~~~~~~~~~~~~~~~
     Total energy                =  -2.27493093485747E+02  Eh
     Estimated bandgap (UP spin) =   5.4515E-02  Eh
     Estimated bandgap (DN spin) =   1.3646E-02  Eh
     RMS occupancy error         =   9.2387E-15
     [H,K] commutator            =   2.3173E-05
     UP spin occupancy bounds    = [  0.000:  1.000]
     DN spin occupancy bounds    = [  0.000:  1.000]
     ~~~~~~~~~~~~~~~~~~~~~~~~~~~~~~~~~~~~~~~~~~~~~~~~~~~~~~~~~~~




################################################################################
########################### NGWF CG iteration  010 #############################
################################################################################
****** Reciprocal space K.E. preconditioning with k_zero =  3.0000 a0^-1 *******

>>> Checking for convergence of NGWFs:   NOT CONVERGED
  ========================================================================
         NGWF RMS gradient =  4.1057E-06 >  2.0000E-06  | above tolerance
  ========================================================================

>>> Improving NGWFs using line search:
============ Calculation of NGWF S^-1 using Hotelling algorithm ================ 
     Iteration  |  Spin  |  Frobenius norm and Maximum abs value (of I-S*S_n^-1)
         1           1      0.47334447E-02     0.62152466E-03
         2           1      0.64295299E-05     0.80800106E-06
         3           1      0.14611987E-10     0.16656676E-11
         4           1      0.38895457E-14     0.13322676E-14
================================================================================
============ Calculation of NGWF S^-1 using Hotelling algorithm ================ 
     Iteration  |  Spin  |  Frobenius norm and Maximum abs value (of I-S*S_n^-1)
         1           1      0.54324529E-03     0.75496428E-04
         2           1      0.84853270E-07     0.10870305E-07
         3           1      0.40236497E-14     0.88817842E-15
================================================================================
------------------------------- NGWF line search -------------------------------
RMS gradient                =       0.00000410569073
Trial step length           =               0.673124
Gradient along search dir.  =         -0.00002520523
Functional at step 0        =    -227.49309348574690
Functional at step 1        =    -227.49310277675073
Functional predicted        =    -227.49310286178604
Selected quadratic step     =               0.743976
Conjugate gradients coeff.  =               0.344665
--------------------------- NGWF line search finished --------------------------
                                               
Writing NGWFs to file "Fe_H2O_6_LowSpin.tightbox_ngwfs".... done

>>> Optimising kernel for current NGWFs:
   Initial electron number for spin 1:      31.00030121
   Initial electron number for spin 2:      30.00033745
     Final electron number for spin 1:      31.00000000
     Final electron number for spin 2:      30.00000000

=================== Penalty functional idempotency correction ==================
 RMS occupancy error at iteration   1:  0.000079 (step -0.4999 Ne1=     31.0000)
                                                               Ne2=     30.0000
            Final RMS occupancy error   :  0.000000 (Ne1=     31.0000)
                                                     Ne2=     30.0000
            Final occupancy bounds spin 1: [  0.000,  1.000]
            Final occupancy bounds spin 2: [  0.000,  1.000]
================================================================================

................................................................................
<<<<<<<<<<<<<< LNV (Original version) density kernel optimisation >>>>>>>>>>>>>>
~~~~~~~~~~~~~~~~~~~~~~~~~~~~~~~~~~~~~~~~~~~~~~~~~~~~~~~~~~~~~~~~~~~~~~~~~~~~~~~~
   iter  |      energy (Eh)       | rms gradient |  commutator  |   dE (Eh)
      ideal mu1:      -1.114348183029
      ideal mu2:      -1.124125638629
             Q0:        -227.493101934852
             G0:      -0.000010626226
   RMS gradient:       0.000094082411
     Trial step:       0.100257416012
             Q1:        -227.493102600296
 Quadratic coef:       0.000000399915
 Linear coef   :      -0.000001065358
           Qmin:        -227.493102644371
Quadratic minimum step length (  0.133541007685) accepted
    Initial Ne1:      30.99999903
    Initial Ne2:      29.99999904
      Final Ne1:      31.00000000
      Final Ne2:      30.00000000

=================== Penalty functional idempotency correction ==================
 RMS occupancy error at iteration   1:  0.000000 (step -0.5000 Ne1=     31.0000)
                                                               Ne2=     30.0000
            Final RMS occupancy error   :  0.000000 (Ne1=     31.0000)
                                                     Ne2=     30.0000
            Final occupancy bounds spin 1: [  0.000,  1.000]
            Final occupancy bounds spin 2: [  0.000,  1.000]
================================================================================

    1        -2.274931019349E+02     9.4082E-05     5.3523E-05
      ideal mu1:      -1.114296839329
      ideal mu2:      -1.124073410420
             Q0:        -227.493102781552
             G0:      -0.000011687151
   RMS gradient:       0.000074039951
     Trial step:       0.115708583788
             Q1:        -227.493103460911
 Quadratic coef:       0.000000672945
 Linear coef   :      -0.000001352304
           Qmin:        -227.493103460926
Quadratic minimum step length (  0.116259907915) accepted
    Initial Ne1:      30.99999948
    Initial Ne2:      29.99999948
      Final Ne1:      31.00000000
      Final Ne2:      30.00000000

=================== Penalty functional idempotency correction ==================
 RMS occupancy error at iteration   1:  0.000000 (step -0.5000 Ne1=     31.0000)
                                                               Ne2=     30.0000
            Final RMS occupancy error   :  0.000000 (Ne1=     31.0000)
                                                     Ne2=     30.0000
            Final occupancy bounds spin 1: [  0.000,  1.000]
            Final occupancy bounds spin 2: [  0.000,  1.000]
================================================================================

    2        -2.274931027816E+02     7.4040E-05     4.2147E-05    -8.4670E-07
      ideal mu1:      -1.114240384250
      ideal mu2:      -1.124016082514
             Q0:        -227.493103463151
             G0:      -0.000008033204
   RMS gradient:       0.000054840665
     Trial step:       0.115983918265
             Q1:        -227.493103868388
 Quadratic coef:       0.000000526486
 Linear coef   :      -0.000000931722
           Qmin:        -227.493103875369
Quadratic minimum step length (  0.102628428945) accepted
    Initial Ne1:      30.99999975
    Initial Ne2:      29.99999975
      Final Ne1:      31.00000000
      Final Ne2:      30.00000000

=================== Penalty functional idempotency correction ==================
 RMS occupancy error at iteration   1:  0.000000 (step -0.5000 Ne1=     31.0000)
                                                               Ne2=     30.0000
            Final RMS occupancy error   :  0.000000 (Ne1=     31.0000)
                                                     Ne2=     30.0000
            Final occupancy bounds spin 1: [  0.000,  1.000]
            Final occupancy bounds spin 2: [  0.000,  1.000]
================================================================================

    3        -2.274931034632E+02     5.4841E-05     3.1258E-05    -6.8160E-07
      ideal mu1:      -1.114203191873
      ideal mu2:      -1.123978421589
             Q0:        -227.493103836985
             G0:      -0.000006287308
   RMS gradient:       0.000044941611
     Trial step:       0.109102004172
             Q1:        -227.493104143372
 Quadratic coef:       0.000000379571
 Linear coef   :      -0.000000685958
           Qmin:        -227.493104146899
Quadratic minimum step length (  0.098584114833) accepted
    Initial Ne1:      30.99999984
    Initial Ne2:      29.99999984
      Final Ne1:      31.00000000
      Final Ne2:      30.00000000

=================== Penalty functional idempotency correction ==================
 RMS occupancy error at iteration   1:  0.000000 (step -0.5000 Ne1=     31.0000)
                                                               Ne2=     30.0000
            Final RMS occupancy error   :  0.000000 (Ne1=     31.0000)
                                                     Ne2=     30.0000
            Final occupancy bounds spin 1: [  0.000,  1.000]
            Final occupancy bounds spin 2: [  0.000,  1.000]
================================================================================

    4        -2.274931038370E+02     4.4942E-05     2.5651E-05    -3.7383E-07
      ideal mu1:      -1.114179651186
      ideal mu2:      -1.123954739970
    5        -2.274931041222E+02     4.0465E-05     2.3115E-05    -2.8522E-07
Finished density kernel iterations (   5)

Writing density kernel to file "Fe_H2O_6_LowSpin.dkn" ... done


>>> Density kernel optimised for the current NGWF basis:
     ~~~~~~~~~~~~~~~~~~~~~~~~~~~~~~~~~~~~~~~~~~~~~~~~~~~~~~~~~~~
     Total energy                =  -2.27493104122207E+02  Eh
     Estimated bandgap (UP spin) =   5.3801E-02  Eh
     Estimated bandgap (DN spin) =   1.3883E-02  Eh
     RMS occupancy error         =   4.8543E-15
     [H,K] commutator            =   2.3115E-05
     UP spin occupancy bounds    = [  0.000:  1.000]
     DN spin occupancy bounds    = [  0.000:  1.000]
     ~~~~~~~~~~~~~~~~~~~~~~~~~~~~~~~~~~~~~~~~~~~~~~~~~~~~~~~~~~~


================================================================================
           ---------------- ENERGY COMPONENTS (Eh) ----------------
           | Kinetic                    :       63.63054264042368 |
           | Core Hartree               :     -970.24655264412036 |
           | CoreHart (non-coul chg cor):        0.00182615377240
           | Hartree                    :      433.50247493300697 |
           | Exchange-correlation       :      -24.27780343813320 |
           | Ewald                      :      274.69135151602921 |
           | Dij0                       :        2.30768056432588 |
           | Dijhartree                 :       10.88112572144848 |
           | Exc [AE core]              :     -107.68159472262360 |
           | Exc DC [AE core]           :      -49.50754966139880 |
           | Exc [PS core]              :      -21.37979448103138 |
           | Exc DC [PS core]           :      -28.29353959631214 |
           | Exc [Core]                 :      -68.31987682640438 |
           | Total [Sphere]             :       -4.79311712941349 |
           | Total                      :     -227.49310412220723 |
           --------------------------------------------------------
           ------ LOCAL ENERGY COMPONENTS FROM MATRIX TRACES ------
           | Core Hartree               :     -970.24655264411899 |
           | Hartree (Valence)          :      433.50247493300765 |
           --------------------------------------------------------
           Integrated compensation chrg.:       12.45315367596550
           Integrated density           :       60.99999873965267
           Integrated spin density      :        0.99999999398260
           Integrated |spin density|    :        1.06344620159918
           Local density approx. <S^2>  :        0.78172310380826
           Integrated density tr(KS)    :       61.00000000000000
           Integrated spin tr(KS)       :        1.00000000000000
================================================================================




################################################################################
########################### NGWF CG iteration  011 #############################
################################################################################
****** Reciprocal space K.E. preconditioning with k_zero =  3.0000 a0^-1 *******

>>> Checking for convergence of NGWFs: 
           ........................................................
           |         *** NGWF optimisation converged ***          |
           | RMS NGWF gradient =    0.00000000744215              |
           | Criteria satisfied:                                  |
           | -> RMS NGWF gradient lower than set threshold.       |
           ========================================================

================================================================================
           ---------------- ENERGY COMPONENTS (Eh) ----------------
           | Kinetic                    :       63.63054264042368 |
           | Core Hartree               :     -970.24655264412036 |
           | CoreHart (non-coul chg cor):        0.00182615377240
           | Hartree                    :      433.50247493300697 |
           | Exchange-correlation       :      -24.27780343813320 |
           | Ewald                      :      274.69135151602921 |
           | Dij0                       :        2.30768056432588 |
           | Dijhartree                 :       10.88112572144848 |
           | Exc [AE core]              :     -107.68159472262360 |
           | Exc DC [AE core]           :      -49.50754966139880 |
           | Exc [PS core]              :      -21.37979448103138 |
           | Exc DC [PS core]           :      -28.29353959631214 |
           | Exc [Core]                 :      -68.31987682640438 |
           | Total [Sphere]             :       -4.79311712941349 |
           | Total                      :     -227.49310412220723 |
           --------------------------------------------------------
           ------ LOCAL ENERGY COMPONENTS FROM MATRIX TRACES ------
           | Core Hartree               :     -970.24655264411899 |
           | Hartree (Valence)          :      433.50247493300765 |
           --------------------------------------------------------
           Integrated compensation chrg.:       12.45315367596550
           Integrated density           :       60.99999873965267
           Integrated spin density      :        0.99999999398260
           Integrated |spin density|    :        1.06344620159918
           Local density approx. <S^2>  :        0.78172310380826
           Integrated density tr(KS)    :       61.00000000000000
           Integrated spin tr(KS)       :        1.00000000000000
================================================================================

Calculating NGWF non self-consistent forces...done.

                        <<<<< CALCULATION SUMMARY >>>>>                         
|ITER|    RMS GRADIENT   |     TOTAL ENERGY    |   step   |     Epredicted              
   0     0.00096224741939   -226.65189289031395   0.955076   -227.35145136257901        
   1     0.00036317983550   -227.36322041317575   0.975310   -227.46461466009211        
   2     0.00016260960298   -227.46614961020904   0.923335   -227.48560157006943        
   3     0.00008978526845   -227.48585258466755   0.738276   -227.49061604201083        
   4     0.00005160012128   -227.49074002585178   0.561849   -227.49192343153862        
   5     0.00003078680676   -227.49196433774190   0.957917   -227.49269421088411        
   6     0.00001910215566   -227.49271276280942   0.913805   -227.49298219811823        
   7     0.00001158441154   -227.49298951630570   0.702311   -227.49306809954678        
   8     0.00000699338926   -227.49306914980514   0.587598   -227.49309188339885        
   9     0.00000410569073   -227.49309348574690   0.743976   -227.49310286178604        
  10     0.00000000744215   -227.49310412220666  <-- CG                                 

======================== Writing density and potential =========================
Writing "Fe_H2O_6_LowSpin_ps_density.cube" ... done
Writing "Fe_H2O_6_LowSpin_ps_spindensity.cube" ... done
Writing "Fe_H2O_6_LowSpin_ae_density.cube" ... done
Writing "Fe_H2O_6_LowSpin_ae_spindensity.cube" ... done
Writing "Fe_H2O_6_LowSpin_potential.cube" ... done
Writing "Fe_H2O_6_LowSpin_electrostatic_potential.cube" ... done
================================================================================

    Mulliken Atomic Populations
    ---------------------------
Species  Ion    Total   Charge (e)    Spin (hbar)
=================================================
  Fe     1      14.657      1.343      0.45
  O      2       6.876     -0.876      0.01
  O      3       6.876     -0.876      0.01
  O      4       6.877     -0.877      0.01
  O      5       6.877     -0.877      0.01
  O      6       6.876     -0.876      0.01
  O      7       6.877     -0.877      0.01
  H      8       0.425      0.575     -0.00
  H      9       0.423      0.577      0.00
  H     10       0.424      0.576     -0.00
  H     11       0.425      0.575     -0.00
  H     12       0.422      0.578     -0.00
  H     13       0.423      0.577     -0.00
  H     14       0.423      0.577      0.00
  H     15       0.423      0.577     -0.00
  H     16       0.422      0.578     -0.00
  H     17       0.425      0.575     -0.00
  H     18       0.425      0.575     -0.00
  H     19       0.424      0.576     -0.00
=================================================

        Bond         Population      Spin       Length (bohr)
=============================================================
 O     4 -- H    18        0.54      0.00      1.83802
 O     5 -- H    11        0.54      0.00      1.83807
 O     3 -- H    12        0.54      0.00      1.83820
 O     2 -- H    16        0.54      0.00      1.83821
 O     7 -- H    17        0.54      0.00      1.83823
 O     6 -- H     8        0.54      0.00      1.83825
 O     7 -- H    13        0.54      0.00      1.83825
 O     6 -- H    15        0.54      0.00      1.83830
 O     4 -- H     9        0.54      0.00      1.83834
 O     3 -- H    19        0.54      0.00      1.83835
 O     2 -- H    10        0.54      0.00      1.83836
 O     5 -- H    14        0.54      0.00      1.83842
 H     9 -- H    18       -0.10     -0.00      2.99272
 H    11 -- H    14       -0.10     -0.00      2.99300
 H    13 -- H    17       -0.10     -0.00      2.99421
 H     8 -- H    15       -0.10     -0.00      2.99437
 H    12 -- H    19       -0.10     -0.00      2.99495
 H    10 -- H    16       -0.10     -0.00      2.99540
 Fe    1 -- O     3        0.17     -0.01      3.65761
 Fe    1 -- O     2        0.17     -0.01      3.65767
 Fe    1 -- O     6        0.17     -0.01      3.65887
 Fe    1 -- O     7        0.17     -0.01      3.65978
 Fe    1 -- O     5        0.17     -0.01      3.66632
 Fe    1 -- O     4        0.17     -0.01      3.66748
 Fe    1 -- H    17       -0.08     -0.00      4.94371
 Fe    1 -- H     8       -0.08     -0.00      4.94387
 Fe    1 -- H    19       -0.08     -0.00      4.94558
 Fe    1 -- H    10       -0.08     -0.00      4.94704
 Fe    1 -- H    15       -0.08     -0.00      4.95610
 Fe    1 -- H    11       -0.08     -0.00      4.95744
 Fe    1 -- H    16       -0.08     -0.00      4.95924
 Fe    1 -- H    18       -0.08     -0.00      4.95925
 Fe    1 -- H     9       -0.08     -0.00      4.95941
 Fe    1 -- H    14       -0.08     -0.00      4.96086
 Fe    1 -- H    13       -0.08     -0.00      4.96092
 Fe    1 -- H    12       -0.08     -0.00      4.96186
 O     4 -- O     6       -0.03      0.00      5.09795
 O     2 -- O     6       -0.03      0.00      5.10066
 O     5 -- O     7       -0.02      0.00      5.10199
 O     4 -- H     8       -0.01      0.00      5.10222
 O     5 -- H    17       -0.01      0.00      5.10333
 O     3 -- O     7       -0.02      0.00      5.10885
 O     6 -- H    10       -0.01      0.00      5.11291
 O     2 -- O     5       -0.02      0.00      5.11424
 O     3 -- O     4       -0.02      0.00      5.11804
 O     7 -- H    19       -0.01      0.00      5.11963
 O     2 -- H    11       -0.01      0.00      5.14202
 O     3 -- H    18       -0.01      0.00      5.15061
 O     3 -- O     5       -0.02      0.00      5.23903
 O     2 -- O     7       -0.02      0.00      5.23925
 O     2 -- O     4       -0.02      0.00      5.24411
 O     3 -- O     6       -0.02      0.00      5.24491
 O     5 -- O     6       -0.02      0.00      5.25706
 O     4 -- O     7       -0.02      0.00      5.26226
 O     3 -- H    14       -0.01      0.00      5.27802
 O     2 -- H     9       -0.01      0.00      5.28008
 O     7 -- H    16       -0.01      0.00      5.29169
 O     5 -- H    15       -0.01      0.00      5.29890
 O     6 -- H    12       -0.01      0.00      5.30457
 O     4 -- H    13       -0.01      0.00      5.31191
=============================================================


============== Orbital energy and occupancy information for spin 1 =============

      Total number of orbitals:      49
   Number of occupied orbitals:      31.000000000
   Occupancy sum (eigenvalues):      31.000000000
                 HOMO-LUMO gap:       0.053637852 Eh
                 Mid-gap level:      -0.534243180 Eh

                        Orbital | Energy (Eh) | Occupancy
                            1    -3.781419807   1.0000000
                        .......   ...........   .........
                           22    -0.749344725   1.0000000
                           23    -0.679395993   1.0000000
                           24    -0.652823293   0.9999998
                           25    -0.652183019   0.9999998
                           26    -0.643931197   1.0000000
                           27    -0.639134672   1.0000000
                           28    -0.637580475   1.0000000
                           29    -0.589224327   0.9999999
                           30    -0.561762796   0.9999869
                           31    -0.561062106   0.9999785
                        .......   --- gap ---   .........
                           32    -0.507424255   0.0000216
                           33    -0.505838625   0.0000135
                           34    -0.313446122   0.0000000
                           35    -0.259478706   0.0000000
                           36    -0.258886920   0.0000000
                           37    -0.258536552   0.0000000
                           38    -0.220310571   0.0000000
                           39    -0.219684514   0.0000000
                           40    -0.173485566   0.0000000
                           41    -0.172944701   0.0000000
                        .......   ...........   .........
                           49    -0.038811545   0.0000000

================================================================================

============== Orbital energy and occupancy information for spin 2 =============

      Total number of orbitals:      49
   Number of occupied orbitals:      30.000000000
   Occupancy sum (eigenvalues):      30.000000000
                 HOMO-LUMO gap:       0.013297804 Eh
                 Mid-gap level:      -0.537240560 Eh

                        Orbital | Energy (Eh) | Occupancy
                            1    -3.744368893   1.0000000
                        .......   ...........   .........
                           21    -0.752859768   1.0000000
                           22    -0.748907878   1.0000000
                           23    -0.662158952   0.9999992
                           24    -0.648183808   1.0000000
                           25    -0.647352088   1.0000000
                           26    -0.641588699   1.0000000
                           27    -0.636908072   1.0000000
                           28    -0.635642011   1.0000000
                           29    -0.544516424   0.9997971
                           30    -0.543889461   0.9999618
                        .......   --- gap ---   .........
                           31    -0.530591658   0.0001734
                           32    -0.487392314   0.0000383
                           33    -0.485760366   0.0000302
                           34    -0.312291742   0.0000000
                           35    -0.258468234   0.0000000
                           36    -0.258141712   0.0000000
                           37    -0.257971114   0.0000000
                           38    -0.219784275   0.0000000
                           39    -0.219195838   0.0000000
                           40    -0.173238253   0.0000000
                        .......   ...........   .........
                           49    -0.037394578   0.0000000

================================================================================

===================== Writing canonical molecular orbitals =====================
    Spin 1
| Orbital  Energy (eV)  Norm     |
| HOMO-5  -17.52225946  1.000000 | Writing "Fe_H2O_6_LowSpin_HOMO-5_UP.cube" ... done
| HOMO-4  -17.39173936  1.000000 | Writing "Fe_H2O_6_LowSpin_HOMO-4_UP.cube" ... done
| HOMO-3  -17.34944753  1.000000 | Writing "Fe_H2O_6_LowSpin_HOMO-3_UP.cube" ... done
| HOMO-2  -16.03360979  1.000000 | Writing "Fe_H2O_6_LowSpin_HOMO-2_UP.cube" ... done
| HOMO-1  -15.28634349  1.000000 | Writing "Fe_H2O_6_LowSpin_HOMO-1_UP.cube" ... done
| HOMO    -15.26727676  1.000000 | Writing "Fe_H2O_6_LowSpin_HOMO_UP.cube" ... done
| LUMO    -13.80771655  1.000000 | Writing "Fe_H2O_6_LowSpin_LUMO_UP.cube" ... done
| LUMO+1  -13.76456938  1.000000 | Writing "Fe_H2O_6_LowSpin_LUMO+1_UP.cube" ... done
| LUMO+2   -8.52930299  1.000000 | Writing "Fe_H2O_6_LowSpin_LUMO+2_UP.cube" ... done
| LUMO+3   -7.06077486  1.000000 | Writing "Fe_H2O_6_LowSpin_LUMO+3_UP.cube" ... done
| LUMO+4   -7.04467155  1.000000 | Writing "Fe_H2O_6_LowSpin_LUMO+4_UP.cube" ... done
| LUMO+5   -7.03513754  1.000000 | Writing "Fe_H2O_6_LowSpin_LUMO+5_UP.cube" ... done
================================================================================

===================== Writing canonical molecular orbitals =====================
    Spin 2
| Orbital  Energy (eV)  Norm     |
| HOMO-5  -17.61534665  1.000000 | Writing "Fe_H2O_6_LowSpin_HOMO-5_DN.cube" ... done
| HOMO-4  -17.45851686  1.000000 | Writing "Fe_H2O_6_LowSpin_HOMO-4_DN.cube" ... done
| HOMO-3  -17.33115052  1.000000 | Writing "Fe_H2O_6_LowSpin_HOMO-3_DN.cube" ... done
| HOMO-2  -17.29669924  1.000000 | Writing "Fe_H2O_6_LowSpin_HOMO-2_DN.cube" ... done
| HOMO-1  -14.81704584  1.000000 | Writing "Fe_H2O_6_LowSpin_HOMO-1_DN.cube" ... done
| HOMO    -14.79998532  1.000000 | Writing "Fe_H2O_6_LowSpin_HOMO_DN.cube" ... done
| LUMO    -14.43813367  1.000000 | Writing "Fe_H2O_6_LowSpin_LUMO_DN.cube" ... done
| LUMO+1  -13.26261971  1.000000 | Writing "Fe_H2O_6_LowSpin_LUMO+1_DN.cube" ... done
| LUMO+2  -13.21821214  1.000000 | Writing "Fe_H2O_6_LowSpin_LUMO+2_DN.cube" ... done
| LUMO+3   -8.49789071  1.000000 | Writing "Fe_H2O_6_LowSpin_LUMO+3_DN.cube" ... done
| LUMO+4   -7.03327851  1.000000 | Writing "Fe_H2O_6_LowSpin_LUMO+4_DN.cube" ... done
| LUMO+5   -7.02439342  1.000000 | Writing "Fe_H2O_6_LowSpin_LUMO+5_DN.cube" ... done
================================================================================
 
=============== Density of States (DOS) calculation for UP spin ================
Writing "Fe_H2O_6_LowSpin_UP_DOS.txt" ... done
================================================================================
 
============== Density of States (DOS) calculation for DOWN spin ===============
Writing "Fe_H2O_6_LowSpin_DN_DOS.txt" ... done
================================================================================
 
Writing bands to file "Fe_H2O_6_LowSpin.val_bands" ... done

================================= Core Density =================================
               Core den box size:   39 x  39 x  39
================================================================================
 
********************* Unconstrained **********************
********************** Ewald forces **********************
*                                                        *
* Element  Atom         Cartesian components (Eh/a)      *
* ------------------------------------------------------ *
*                       x            y            z      *
*                                                        *
*    Fe      1      0.02682744   0.00838186  -0.00053372 *
*    O       2     -6.86503709  -1.23836295  -7.76696512 *
*    O       3      6.85265779   1.22024941   7.77539250 *
*    O       4      2.94978929   9.26284451  -3.71307387 *
*    O       5     -2.96174383  -9.25275153   3.74044265 *
*    O       6     -7.49159483   4.95972064   5.32975229 *
*    O       7      7.46052701  -4.94890826  -5.36428119 *
*    H       8     -0.83083995   2.77057604   0.88352547 *
*    H       9     -0.61118979   1.99575475  -2.18580580 *
*    H      10     -2.70207711   0.96953341  -0.95168477 *
*    H      11     -2.20150833  -2.05760197  -0.23621063 *
*    H      12      0.37489250   1.34113148   2.68596958 *
*    H      13      2.32702566   0.47537566  -1.87300872 *
*    H      14      0.61170648  -2.00044180   2.18209185 *
*    H      15     -2.32133407  -0.48075420   1.87935395 *
*    H      16     -0.36800457  -1.33592134  -2.68982470 *
*    H      17      0.83778903  -2.77294665  -0.86723305 *
*    H      18      2.20774632   2.05137657   0.22608392 *
*    H      19      2.70436806  -0.96725562   0.94600937 *
*                                                        *
**********************************************************
TOTAL:              0.00000000  -0.00000000   0.00000000
 
********************* Unconstrained **********************
***************** Local potential forces *****************
*                                                        *
* Element  Atom         Cartesian components (Eh/a)      *
* ------------------------------------------------------ *
*                       x            y            z      *
*                                                        *
*    Fe      1     -0.02709199  -0.00807670   0.00057394 *
*    O       2      7.19234612   1.23288177   8.21146725 *
*    O       3     -7.18479364  -1.22056606  -8.21555363 *
*    O       4     -3.19450134  -9.67294254   4.00861266 *
*    O       5      3.20125062   9.66866194  -4.02795459 *
*    O       6      7.78230502  -5.21810122  -5.73384024 *
*    O       7     -7.76114503   5.21045701   5.75570675 *
*    H       8      0.83080340  -2.73846993  -0.87938842 *
*    H       9      0.59750185  -1.98164891   2.16087830 *
*    H      10      2.67436364  -0.95352029   0.95051415 *
*    H      11      2.17470082   2.04300924   0.22673686 *
*    H      12     -0.38025234  -1.32349131  -2.65989629 *
*    H      13     -2.30522165  -0.46080204   1.85526789 *
*    H      14     -0.59799462   1.98632313  -2.15724719 *
*    H      15      2.29965210   0.46614414  -1.86149344 *
*    H      16      0.37344335   1.31840920   2.66369212 *
*    H      17     -0.83761915   2.74083726   0.86331449 *
*    H      18     -2.18082013  -2.03684167  -0.21676442 *
*    H      19     -2.67663079   0.95131548  -0.94487027 *
*                                                        *
**********************************************************
TOTAL:             -0.01970376   0.00357851  -0.00024407
 
********************* Unconstrained **********************
************** Compensation density forces ***************
*                                                        *
* Element  Atom         Cartesian components (Eh/a)      *
* ------------------------------------------------------ *
*                       x            y            z      *
*                                                        *
*    Fe      1      0.00013295  -0.00012930   0.00000673 *
*    O       2     -0.05000198   0.00124064  -0.06854145 *
*    O       3      0.05077990  -0.00029860   0.06783591 *
*    O       4      0.03809932   0.06237777  -0.04606723 *
*    O       5     -0.03725563  -0.06334334   0.04478194 *
*    O       6     -0.04403468   0.03957990   0.06288992 *
*    O       7      0.04564392  -0.04008373  -0.06083672 *
*    H       8     -0.00047911   0.01204640   0.00167284 *
*    H       9     -0.00454400   0.00527031  -0.00893196 *
*    H      10     -0.01001639   0.00533197  -0.00072680 *
*    H      11     -0.00934492  -0.00558057  -0.00317937 *
*    H      12     -0.00147797   0.00600426   0.00955258 *
*    H      13      0.00783842   0.00476536  -0.00642268 *
*    H      14      0.00454530  -0.00530096   0.00891177 *
*    H      15     -0.00779418  -0.00480345   0.00644953 *
*    H      16      0.00152146  -0.00597441  -0.00956374 *
*    H      17      0.00051791  -0.01207985  -0.00158070 *
*    H      18      0.00938190   0.00555776   0.00312607 *
*    H      19      0.01002736  -0.00531872   0.00069897 *
*                                                        *
**********************************************************
TOTAL:              0.00353958  -0.00073856   0.00007561
 
********************* Unconstrained **********************
*************** Non-local potential forces ***************
*                                                        *
* Element  Atom         Cartesian components (Eh/a)      *
* ------------------------------------------------------ *
*                       x            y            z      *
*                                                        *
*    Fe      1      0.00014088  -0.00001941  -0.00009049 *
*    O       2     -0.27273003   0.00418353  -0.36999138 *
*    O       3      0.27685006   0.00053433   0.36630385 *
*    O       4      0.20296197   0.34216076  -0.24605432 *
*    O       5     -0.19872501  -0.34717688   0.23940912 *
*    O       6     -0.24314831   0.21495502   0.33638124 *
*    O       7      0.25132882  -0.21767268  -0.32579082 *
*    H       8      0.00122825  -0.03487142  -0.00478902 *
*    H       9      0.01390140  -0.01594401   0.02691051 *
*    H      10      0.03017456  -0.01625087   0.00210719 *
*    H      11      0.02826720   0.01681830   0.00966826 *
*    H      12      0.00468933  -0.01838788  -0.02860366 *
*    H      13     -0.02377633  -0.01461896   0.01958659 *
*    H      14     -0.01390389   0.01603254  -0.02684762 *
*    H      15      0.02364369   0.01472611  -0.01966743 *
*    H      16     -0.00481942   0.01829823   0.02863891 *
*    H      17     -0.00134390   0.03492609   0.00451894 *
*    H      18     -0.02837712  -0.01674696  -0.00950021 *
*    H      19     -0.03020726   0.01620809  -0.00202278 *
*                                                        *
**********************************************************
TOTAL:              0.01615489  -0.00284606   0.00016689
 
********************* Unconstrained **********************
************ NGWF non self-consistent forces *************
*                                                        *
* Element  Atom         Cartesian components (Eh/a)      *
* ------------------------------------------------------ *
*                       x            y            z      *
*                                                        *
*    Fe      1      0.00000075  -0.00000152  -0.00000064 *
*    O       2     -0.00010145  -0.00000694  -0.00021079 *
*    O       3      0.00010421   0.00000726   0.00020946 *
*    O       4      0.00008858   0.00015014  -0.00016778 *
*    O       5     -0.00008768  -0.00015208   0.00016348 *
*    O       6     -0.00015180   0.00007832   0.00019004 *
*    O       7      0.00015466  -0.00008005  -0.00018742 *
*    H       8      0.00003295   0.00001780  -0.00002500 *
*    H       9     -0.00002539  -0.00002863  -0.00001868 *
*    H      10     -0.00001287   0.00002656   0.00002435 *
*    H      11     -0.00001586   0.00002106  -0.00002242 *
*    H      12     -0.00004792   0.00002459  -0.00000134 *
*    H      13      0.00000338   0.00004105  -0.00001460 *
*    H      14      0.00002537   0.00002861   0.00001879 *
*    H      15     -0.00000305  -0.00004065   0.00001508 *
*    H      16      0.00004833  -0.00002445   0.00000114 *
*    H      17     -0.00003286  -0.00001755   0.00002537 *
*    H      18      0.00001607  -0.00002137   0.00002144 *
*    H      19      0.00001298  -0.00002626  -0.00002453 *
*                                                        *
**********************************************************
TOTAL:              0.00000839  -0.00000412  -0.00000404
 
********************* Unconstrained **********************
********************** NLCC forces ***********************
*                                                        *
* Element  Atom         Cartesian components (Eh/a)      *
* ------------------------------------------------------ *
*                       x            y            z      *
*                                                        *
*    Fe      1     -0.00000000  -0.00000000   0.00000000 *
*    O       2     -0.00000195  -0.00000057  -0.00000175 *
*    O       3      0.00000193   0.00000051   0.00000178 *
*    O       4      0.00000038   0.00000283  -0.00000047 *
*    O       5     -0.00000043  -0.00000278   0.00000051 *
*    O       6     -0.00000236   0.00000132   0.00000075 *
*    O       7      0.00000228  -0.00000133  -0.00000085 *
*    H       8      0.00000000   0.00000000   0.00000000 *
*    H       9      0.00000000   0.00000000   0.00000000 *
*    H      10      0.00000000   0.00000000   0.00000000 *
*    H      11      0.00000000   0.00000000   0.00000000 *
*    H      12      0.00000000   0.00000000   0.00000000 *
*    H      13      0.00000000   0.00000000   0.00000000 *
*    H      14      0.00000000   0.00000000   0.00000000 *
*    H      15      0.00000000   0.00000000   0.00000000 *
*    H      16      0.00000000   0.00000000   0.00000000 *
*    H      17      0.00000000   0.00000000   0.00000000 *
*    H      18      0.00000000   0.00000000   0.00000000 *
*    H      19      0.00000000   0.00000000   0.00000000 *
*                                                        *
**********************************************************
TOTAL:             -0.00000014  -0.00000001  -0.00000002
 
********************* Unconstrained **********************
****** Correction to ensure the total force is zero ******
*                                                        *
* Element  Atom         Cartesian components (Eh/a)      *
* ------------------------------------------------------ *
*                       x            y            z      *
*                                                        *
*    Fe      1      0.00000006   0.00000054   0.00000030 *
*    O       2      0.00000006   0.00000054   0.00000030 *
*    O       3      0.00000006   0.00000054   0.00000030 *
*    O       4      0.00000006   0.00000054   0.00000030 *
*    O       5      0.00000006   0.00000054   0.00000030 *
*    O       6      0.00000006   0.00000054   0.00000030 *
*    O       7      0.00000006   0.00000054   0.00000030 *
*    H       8      0.00000006   0.00000054   0.00000030 *
*    H       9      0.00000006   0.00000054   0.00000030 *
*    H      10      0.00000006   0.00000054   0.00000030 *
*    H      11      0.00000006   0.00000054   0.00000030 *
*    H      12      0.00000006   0.00000054   0.00000030 *
*    H      13      0.00000006   0.00000054   0.00000030 *
*    H      14      0.00000006   0.00000054   0.00000030 *
*    H      15      0.00000006   0.00000054   0.00000030 *
*    H      16      0.00000006   0.00000054   0.00000030 *
*    H      17      0.00000006   0.00000054   0.00000030 *
*    H      18      0.00000006   0.00000054   0.00000030 *
*    H      19      0.00000006   0.00000054   0.00000030 *
*                                                        *
**********************************************************
TOTAL:              0.00000105   0.00001023   0.00000563

********************* Unconstrained **********************
************************* Forces *************************
*                                                        *
* Element  Atom         Cartesian components (Eh/a)      *
* ------------------------------------------------------ *
*                       x            y            z      *
*                                                        *
*    Fe      1      0.00001008   0.00015547  -0.00004388 *
*    O       2      0.00447368  -0.00006398   0.00575705 *
*    O       3     -0.00439971  -0.00007260  -0.00580982 *
*    O       4     -0.00356174  -0.00540600   0.00324929 *
*    O       5      0.00343810   0.00523587  -0.00315659 *
*    O       6      0.00337309  -0.00376548  -0.00462570 *
*    O       7     -0.00348829   0.00371151   0.00461005 *
*    H       8      0.00074559   0.00929943   0.00099617 *
*    H       9     -0.00435588   0.00340405  -0.00696735 *
*    H      10     -0.00756812   0.00512131   0.00023442 *
*    H      11     -0.00790104  -0.00333340  -0.00300700 *
*    H      12     -0.00219635   0.00528168   0.00702117 *
*    H      13      0.00586954   0.00476161  -0.00459123 *
*    H      14      0.00437870  -0.00335793   0.00692789 *
*    H      15     -0.00583545  -0.00472751   0.00465799 *
*    H      16      0.00218922  -0.00521223  -0.00705598 *
*    H      17     -0.00068893  -0.00928017  -0.00095464 *
*    H      18      0.00794710   0.00332487   0.00296710 *
*    H      19      0.00757041  -0.00507649  -0.00020894 *
*                                                        *
**********************************************************
* TOTAL:            0.00000000  -0.00000000   0.00000000 *
**********************************************************
 
 
***********************************************************
********** Summary of Forces (values in Eh/a) *************
*                                                         *
* ---------------------- Minimum ------------------------ *
* Atom:         1, |F|min =    0.00016186                 *
* Components:     Fx|min       Fy|min       Fz|min        *
*               0.00001008   0.00015547  -0.00004388      *
*                                                         *
* ---------------------- Maximum ------------------------ *
* Atom:         8, |F|max =    0.00938230                 *
* Components:     Fx|max       Fy|max       Fz|max        *
*               0.00074559   0.00929943   0.00099617      *
*                                                         *
* ---------------- Root Mean Square Force --------------- *
*                  |F|rms =    0.00823200                 *
* Components:     Fx|rms       Fy|rms       Fz|rms        *
*               0.00483894   0.00489006   0.00452082      *
***********************************************************
 

------------------------------ TIMING INFORMATION ------------------------------
AVERAGE TIME:    1027.611s on      6 proc(s)                                    
TOTAL TIME:      1027.611s on      6 proc(s)                                    
==================== AVERAGE TIMINGS FROM ALL PROCS (CUMULATIVE) =====================
|| TAG                                         #calls     cpu time   %total  Gflops ||
|| onetep.F90 main loop imbalance             :     1        0.00s   0.000%  ------ ||
|| hash_table_free                            :    21        0.00s   0.000%  ------ ||
|| sparse_spam3toblacs_real_fast_imbal        :     6        0.00s   0.000%  ------ ||
|| sparse_spam3toblacs_real_fast_B2           :    36        0.00s   0.000%  ------ ||
|| sparse_blacstospam3_real_fast_imbal        :    24        0.00s   0.000%  ------ ||
|| density_fftbox_interp_mult_imbal           :  2990        0.00s   0.000%  ------ ||
|| ewald_calculate_forces_realspace           :     1        0.00s   0.000%  ------ ||
|| sparse_spam3toblacs_real_fast_B1           :    36        0.00s   0.000%  ------ ||
|| sparse_spam3toblacs_real_fast              :     6        0.00s   0.000%  ------ ||
|| sparse_set_to_garbage                      :   183        0.00s   0.000%  ------ ||
|| onetep.F90 final imbalance                 :     1        0.00s   0.000%  ------ ||
|| ewald_calculate_energy                     :     1        0.00s   0.000%  ------ ||
|| sw_bessel_init_cpu                         :     1        0.01s   0.001%  ------ || (1 procs only)
|| ewald_calculate_forces_recipspace          :     1        0.00s   0.000%  ------ ||
|| ewald_calculate_forces                     :     1        0.00s   0.000%  ------ ||
|| sparse_blacstospam3_real_fast              :    24        0.00s   0.000%  ------ ||
|| paw_dij_hartree                            :   124        0.01s   0.001%  ------ ||
|| basis_extract_function_from_box            :   359        0.02s   0.002%  ------ ||
|| sparse_embed_array_hotelling_invert        :    21        0.02s   0.002%  ------ ||
|| restart_kernel_write                       :    12        0.03s   0.003%  ------ ||
|| sparse_init                                :     1        0.03s   0.003%  ------ ||
|| linalg_dgemv                               :    65        0.04s   0.004%  ------ ||
|| augmentation_density_forces                :     1        0.05s   0.004%  ------ ||
|| sw_init                                    :   235        0.07s   0.006%  ------ ||
|| pseudo_make_structure_factor               :     1        0.07s   0.006%  ------ ||
|| palser_mano_kernel_optimise_spam3_embed    :     2        0.07s   0.007%  ------ ||
|| ngwfs_initialise_from_radial               :     1        0.09s   0.009%  ------ ||
|| paw_tcore_density                          :     1        0.10s   0.010%  ------ ||
|| dense_eigensolve                           :     2        0.11s   0.011%  ------ ||
|| lnv_gradient_norm                          :    55        0.18s   0.017%  ------ ||
|| integrals_grad_spam3                       :     1        0.18s   0.018%  ------ ||
|| nonsc_forces_ngwfs_calc                    :     1        0.18s   0.018%  ------ ||
|| kernel_purify                              :   174        0.21s   0.020%  ------ ||
|| kernel_fix                                 :    55        0.23s   0.022%  ------ ||
|| function_ops_brappd_ketppd_spam3           :    21        0.23s   0.022%  ------ ||
|| paw_sphere_density_on_grid                 :     1        0.24s   0.023%  ------ ||
|| paw_tcore_hartree_on_grid                  :     1        0.25s   0.024%  ------ ||
|| paw_tcore_hartree_calc_forces              :     1        0.32s   0.031%  ------ ||
|| sparse_trace                               :  4442        0.45s   0.044%  ------ ||
|| restart_ngwfs_tightbox_output              :    10        1.07s   0.104%  ------ ||
|| projectors_func_grad_ovlp_box_spam3        :     3        1.14s   0.111%  ------ ||
|| ngwf_gradient_coeffs                       :    11        1.24s   0.120%  ------ ||
|| aug_nl_calculate_forces                    :     1        1.26s   0.122%  ------ ||
|| sparse_product                             :  6446        1.28s   0.124%  ------ ||
|| paw_dataset_init                           :     3        1.29s   0.125%  ------ ||
|| fourier_apply_box_pair                     :   458        1.50s   0.146% 134.766 ||
|| paw_species_calc_proj_prec_mat             :     1        1.56s   0.152%  ------ ||
|| basis_copy_function_to_box                 :  3364        1.68s   0.164%  ------ ||
|| basis_dot_function_with_box                : 79486        1.85s   0.180%  ------ ||
|| integrals_kinetic_spam3                    :    21        2.03s   0.197%  ------ ||
|| paw_nlcc_calculate_forces                  :     1        2.43s   0.237%  ------ ||
|| cell_grid_extract_box_real                 :  3044        3.10s   0.301%  ------ ||
|| basis_add_function_to_box                  : 127.3k       3.26s   0.317%  ------ ||
|| eigenstates_calculate                      :     1        3.57s   0.347%  ------ ||
|| density_batch_row_sums                     :   230        4.44s   0.432%  ------ ||
|| augmentation_screen_dij_spam3              :   119        4.89s   0.476%  ------ ||
|| density_fftbox_deposit_to_cell             :  2990        5.68s   0.553%  ------ ||
|| energy_and_force_init_cell                 :     1        6.41s   0.624%  ------ ||
|| cell_grid_deposit_box_real                 :  4250        6.93s   0.675%  ------ ||
|| projectors_func_ovlp_box_spam3             :    21        7.12s   0.693%  ------ ||
|| projectors_init_fftbox_recip               :    69       10.00s   0.973%  ------ ||
|| forces_calculate                           :     1       11.34s   1.103%  ------ ||
|| aug_nonlocal_mat_spam3_embed_array         :   112       12.02s   1.169%  ------ ||
|| density_init_guess_real                    :     2       12.75s   1.241%  ------ ||
|| paw_dij_xc                                 :   124       13.14s   1.278%  ------ ||
|| fourier_filter                             :   746       15.95s   1.552%  ------ ||
|| aug_density_on_grid_spam3                  :   115       19.04s   1.853%  ------ ||
|| integrals_locpot_mat_els_batch             :   126       20.49s   1.994%  ------ ||
|| fourier_filter_cell                        :   148       23.06s   2.244%  22.021 ||
|| fourier_interpolate                        :   746       25.21s   2.453%  ------ ||
|| hamiltonian_energy_components              :     3       29.12s   2.834%  ------ ||
|| hartree_on_grid_single                     :   114       30.41s   2.959%  ------ ||
|| fourier_interpolate_cell                   :   230       34.88s   3.395%  22.619 ||
|| projectors_gradient_batch                  :    22       54.14s   5.268%  ------ ||
|| fourier_interpolate_product                :  1878       54.16s   5.271%  ------ ||
|| projectors_grad_precond_batch              :    22       58.26s   5.670%  ------ ||
|| density_fftbox_interpolate_multiply        :  2990       59.22s   5.762%  ------ ||
|| fourier_apply_box                          : 11949       62.08s   6.041% 257.252 ||
|| properties_calculate                       :     1       73.61s   7.163%  ------ ||
|| potential_apply_to_ngwf_batch              :   126       84.91s   8.263%  ------ ||
|| integrals_locpot_dbl_grid                  :   126      105.43s  10.260%  ------ ||
|| fourier_apply_cell_forward                 :  1027      120.27s  11.703%  26.375 ||
|| fourier_apply_cell_backward                :  1027      131.83s  12.829%  24.062 ||
|| density_batch_interp_deposit               :   230      134.71s  13.109%  ------ ||
|| ngwf_gradient_build_batch                  :    22      138.43s  13.471%  ------ ||
|| density_on_dbl_grid                        :   230      142.32s  13.850%  ------ ||
|| ngwf_gradient_batch                        :    22      171.48s  16.687%  ------ ||
|| ngwf_gradient_lnv                          :    11      178.05s  17.326%  ------ ||
|| xc_energy_potential                        :   114      274.14s  26.677%  ------ ||
|| hamiltonian_lhxc_calculate                 :   109      553.30s  53.843%  ------ ||
|| lnv_denskernel_optimise_cg                 :    11      617.49s  60.090%  ------ ||
|| ngwf_cg_optimise                           :     1      913.34s  88.879%  ------ ||
|| energy_and_forces                          :     1     1020.76s  99.333%  ------ ||
|| total_time                                 :     1     1027.61s 100.000%  ------ ||
======================================================================================
Overhead of generating timer report: 
- 0 ms averaging over threads,
- 0 ms ensuring consistency across MPI ranks,
- 0 ms printing in order.

Job completed: 24-10-2025 12:27 (+0100)

onetep_launcher: ONETEP seems to have finished correctly (zero exit code).
                 Brought to you by PID 58985 on nid002978.
